iter,dgp,e_ii,sutva_status,tau_hat,se_hat,ci_low,ci_high
1,DGP 1: No investor communication,0,Fulfilled,12.029374999999998,1.3358647626016806,9.411080065300704,14.647669934699293
1,DGP 2: Investor communication,1,Violated,5.615625000000001,1.8048424740030196,2.078133750954083,9.153116249045919
2,DGP 1: No investor communication,0,Fulfilled,9.316874999999994,1.3077609805088697,6.7536634782026095,11.880086521797379
2,DGP 2: Investor communication,1,Violated,5.409999999999995,1.7634637279924246,1.953611093134843,8.866388906865147
3,DGP 1: No investor communication,0,Fulfilled,7.679374999999992,1.3367178607502115,5.059407992929578,10.299342007070408
3,DGP 2: Investor communication,1,Violated,9.375624999999976,1.7281556361514814,5.988439953143073,12.76281004685688
4,DGP 1: No investor communication,0,Fulfilled,6.558750000000012,1.340638963337075,3.931097631859345,9.18640236814068
4,DGP 2: Investor communication,1,Violated,9.253750000000013,1.7342250434545956,5.854668914829006,12.65283108517102
5,DGP 1: No investor communication,0,Fulfilled,8.75312500000001,1.3667968583558383,6.074203157622566,11.432046842377453
5,DGP 2: Investor communication,1,Violated,7.789375000000017,1.779529434268873,4.301497308833026,11.277252691167007
6,DGP 1: No investor communication,0,Fulfilled,9.368124999999997,1.3347688398755724,6.751978073843876,11.984271926156119
6,DGP 2: Investor communication,1,Violated,11.134374999999984,1.6856931674578843,7.830416391782531,14.438333608217437
7,DGP 1: No investor communication,0,Fulfilled,7.431874999999999,1.3026836422482426,4.878615061193443,9.985134938806555
7,DGP 2: Investor communication,1,Violated,8.017500000000005,1.7192773669959898,4.647716360687865,11.387283639312145
8,DGP 1: No investor communication,0,Fulfilled,8.048124999999985,1.3578338700585135,5.3867706146852985,10.70947938531467
8,DGP 2: Investor communication,1,Violated,6.192500000000006,1.7087943611780199,2.8432630520910873,9.541736947908925
9,DGP 1: No investor communication,0,Fulfilled,10.196874999999979,1.35488499182604,7.541300416020941,12.852449583979016
9,DGP 2: Investor communication,1,Violated,7.5306250000000166,1.7031297065348998,4.192490775191613,10.86875922480842
10,DGP 1: No investor communication,0,Fulfilled,8.837499999999991,1.3080537381643278,6.273714673197909,11.401285326802075
10,DGP 2: Investor communication,1,Violated,7.990625000000017,1.7145476138049893,4.630111676942239,11.351138323057796
11,DGP 1: No investor communication,0,Fulfilled,8.08000000000001,1.3603199158280406,5.413772964977051,10.74622703502297
11,DGP 2: Investor communication,1,Violated,8.165000000000001,1.7438779866456535,4.74699914617452,11.583000853825482
12,DGP 1: No investor communication,0,Fulfilled,6.486875000000008,1.3460725550403316,3.8485727921209585,9.125177207879059
12,DGP 2: Investor communication,1,Violated,11.466250000000016,1.6814794777729811,8.170550223564973,14.76194977643506
13,DGP 1: No investor communication,0,Fulfilled,9.57875000000001,1.3585881061274159,6.915917311990275,12.241582688009746
13,DGP 2: Investor communication,1,Violated,7.578125000000007,1.7544807108298563,4.139342806773488,11.016907193226526
14,DGP 1: No investor communication,0,Fulfilled,9.582500000000005,1.3048568853844045,7.024980504646573,12.140019495353437
14,DGP 2: Investor communication,1,Violated,7.565000000000008,1.7437243132819884,4.147300345967311,10.982699654032706
15,DGP 1: No investor communication,0,Fulfilled,8.787499999999966,1.3556671921528618,6.130392303380357,11.444607696619574
15,DGP 2: Investor communication,1,Violated,11.263124999999974,1.7295198767977773,7.873266041476331,14.652983958523617
16,DGP 1: No investor communication,0,Fulfilled,9.039374999999994,1.3246036911508616,6.443151765344306,11.635598234655683
16,DGP 2: Investor communication,1,Violated,8.793750000000024,1.7372970628762447,5.388647756762584,12.198852243237464
17,DGP 1: No investor communication,0,Fulfilled,8.172499999999964,1.351530315156321,5.523500582293575,10.821499417706352
17,DGP 2: Investor communication,1,Violated,7.981874999999958,1.7092229014705076,4.631798113117763,11.331951886882152
18,DGP 1: No investor communication,0,Fulfilled,10.44187500000001,1.3204460885604792,7.853800666421471,13.02994933357855
18,DGP 2: Investor communication,1,Violated,9.213750000000024,1.7537606175437284,5.776379189614317,12.65112081038573
19,DGP 1: No investor communication,0,Fulfilled,5.606250000000022,1.3025103816214791,3.0533296520219233,8.159170347978122
19,DGP 2: Investor communication,1,Violated,6.489375000000019,1.7388722804355257,3.081185330346389,9.89756466965365
20,DGP 1: No investor communication,0,Fulfilled,10.880625000000013,1.3398427835175006,8.25453314430571,13.506716855694314
20,DGP 2: Investor communication,1,Violated,9.924375000000012,1.6414231904088228,6.707185546798719,13.141564453201305
21,DGP 1: No investor communication,0,Fulfilled,10.324374999999998,1.3445821414549197,7.688994002748355,12.95975599725164
21,DGP 2: Investor communication,1,Violated,6.817499999999971,1.7662476739374486,3.3556545590825713,10.27934544091737
22,DGP 1: No investor communication,0,Fulfilled,9.917499999999992,1.344473165104249,7.282332596395664,12.55266740360432
22,DGP 2: Investor communication,1,Violated,6.314375000000021,1.7492773518443445,2.8857913903851062,9.742958609614936
23,DGP 1: No investor communication,0,Fulfilled,8.31375000000001,1.3446606619848902,5.678215102509625,10.949284897490394
23,DGP 2: Investor communication,1,Violated,8.026249999999987,1.797391615358974,4.503362433896398,11.549137566103575
24,DGP 1: No investor communication,0,Fulfilled,8.479375000000001,1.3547057414824035,5.82415174669449,11.134598253305512
24,DGP 2: Investor communication,1,Violated,6.675624999999988,1.7325864821206938,3.279755495043428,10.071494504956547
25,DGP 1: No investor communication,0,Fulfilled,7.461874999999999,1.3322672338787152,4.850631221597718,10.07311877840228
25,DGP 2: Investor communication,1,Violated,8.349999999999994,1.770709786363224,4.879408818728075,11.820591181271913
26,DGP 1: No investor communication,0,Fulfilled,9.073749999999997,1.3253645331882578,6.476035514951011,11.671464485048983
26,DGP 2: Investor communication,1,Violated,11.130000000000013,1.7435162959014863,7.7127080600331,14.547291939966925
27,DGP 1: No investor communication,0,Fulfilled,8.704999999999991,1.3269063735901914,6.104263507763216,11.305736492236766
27,DGP 2: Investor communication,1,Violated,6.571875000000002,1.7501719576024615,3.1415379630991778,10.002212036900826
28,DGP 1: No investor communication,0,Fulfilled,9.006249999999993,1.3435675671141925,6.372857568456175,11.639642431543809
28,DGP 2: Investor communication,1,Violated,6.812499999999982,1.7329904759067,3.4158386672228502,10.209161332777114
29,DGP 1: No investor communication,0,Fulfilled,9.063750000000026,1.3548306220527913,6.408281980776555,11.719218019223497
29,DGP 2: Investor communication,1,Violated,9.319374999999997,1.7558641646847923,5.877881237217805,12.76086876278219
30,DGP 1: No investor communication,0,Fulfilled,6.944374999999995,1.3559570162718475,4.2866992481071735,9.602050751892815
30,DGP 2: Investor communication,1,Violated,9.63000000000001,1.7233802071966884,6.2521747938945005,13.007825206105519
31,DGP 1: No investor communication,0,Fulfilled,9.402500000000009,1.3705011586166302,6.716317729111413,12.088682270888604
31,DGP 2: Investor communication,1,Violated,8.560624999999996,1.7388497553033149,5.1524794796055,11.968770520394493
32,DGP 1: No investor communication,0,Fulfilled,9.571249999999994,1.3262195828064496,6.971859617699353,12.170640382300634
32,DGP 2: Investor communication,1,Violated,8.629374999999996,1.7054450968956494,5.286702610084523,11.972047389915469
33,DGP 1: No investor communication,0,Fulfilled,6.423750000000007,1.3678998792920718,3.7426662365875467,9.104833763412469
33,DGP 2: Investor communication,1,Violated,6.371875000000026,1.6873751468058114,3.064619712260636,9.679130287739415
34,DGP 1: No investor communication,0,Fulfilled,9.980000000000002,1.327940142437487,7.377237320822528,12.582762679177478
34,DGP 2: Investor communication,1,Violated,10.853749999999986,1.714753458194833,7.492833221938113,14.214666778061858
35,DGP 1: No investor communication,0,Fulfilled,10.882499999999999,1.3486519016393919,8.23914227278679,13.525857727213207
35,DGP 2: Investor communication,1,Violated,4.4843750000000036,1.7597921030565948,1.035182478009078,7.933567521990929
36,DGP 1: No investor communication,0,Fulfilled,10.448125,1.3083147950081473,7.88382800178403,13.012421998215968
36,DGP 2: Investor communication,1,Violated,7.903125000000001,1.713106917703431,4.545435441301276,11.260814558698726
37,DGP 1: No investor communication,0,Fulfilled,11.160000000000004,1.387584658655081,8.440334069036044,13.879665930963963
37,DGP 2: Investor communication,1,Violated,10.183749999999982,1.721349924550564,6.809904147880877,13.557595852119087
38,DGP 1: No investor communication,0,Fulfilled,11.285625000000001,1.3664382338057475,8.607406061740736,13.963843938259267
38,DGP 2: Investor communication,1,Violated,10.148749999999996,1.7389851383778434,6.740339128779423,13.55716087122057
39,DGP 1: No investor communication,0,Fulfilled,8.523125000000004,1.3332436500607474,5.909967445880939,11.136282554119068
39,DGP 2: Investor communication,1,Violated,7.437499999999984,1.7133338052911191,4.07936574162939,10.795634258370578
40,DGP 1: No investor communication,0,Fulfilled,11.119375000000007,1.3331547363905343,8.50639171667456,13.732358283325453
40,DGP 2: Investor communication,1,Violated,6.249375000000006,1.6882988607701106,2.940309232890589,9.558440767109422
41,DGP 1: No investor communication,0,Fulfilled,9.66437500000001,1.401370775003323,6.917688280993497,12.411061719006524
41,DGP 2: Investor communication,1,Violated,5.603125000000002,1.6643091461379085,2.3410790735697016,8.865170926430302
42,DGP 1: No investor communication,0,Fulfilled,8.571249999999973,1.374658856920661,5.876918640435477,11.265581359564468
42,DGP 2: Investor communication,1,Violated,9.31437500000001,1.7827984566781558,5.820090024910826,12.808659975089196
43,DGP 1: No investor communication,0,Fulfilled,10.045624999999994,1.3654515117270731,7.369340037014931,12.721909962985057
43,DGP 2: Investor communication,1,Violated,8.29750000000002,1.656587326830423,5.0505888394123915,11.54441116058765
44,DGP 1: No investor communication,0,Fulfilled,9.868125000000013,1.3285540986736248,7.264158966599709,12.472091033400318
44,DGP 2: Investor communication,1,Violated,9.240000000000002,1.7214441903731041,5.865969386868718,12.614030613131286
45,DGP 1: No investor communication,0,Fulfilled,11.195624999999989,1.326225099601002,8.596223804782024,13.795026195217954
45,DGP 2: Investor communication,1,Violated,8.668125000000003,1.7063247222406412,5.323728544408347,12.01252145559166
46,DGP 1: No investor communication,0,Fulfilled,7.270000000000008,1.3641314297686578,4.596302397653439,9.943697602346576
46,DGP 2: Investor communication,1,Violated,7.183749999999986,1.7471224299466597,3.7593900373045326,10.608109962695439
47,DGP 1: No investor communication,0,Fulfilled,7.644999999999996,1.327741989906371,5.042625699783509,10.247374300216483
47,DGP 2: Investor communication,1,Violated,7.414375000000016,1.7007148954969322,4.080973804826028,10.747776195174003
48,DGP 1: No investor communication,0,Fulfilled,9.710000000000004,1.3652056271394142,7.034196970806753,12.385803029193255
48,DGP 2: Investor communication,1,Violated,6.511874999999985,1.6766230341919872,3.22569385298369,9.798056147016279
49,DGP 1: No investor communication,0,Fulfilled,6.782499999999999,1.3136774676891256,4.2076921633293125,9.357307836670685
49,DGP 2: Investor communication,1,Violated,8.81437499999999,1.7748339131884352,5.335700530150657,12.293049469849322
50,DGP 1: No investor communication,0,Fulfilled,10.092499999999998,1.3109596146353861,7.523019155314641,12.661980844685354
50,DGP 2: Investor communication,1,Violated,7.140000000000002,1.7289678265862514,3.7512230598909495,10.528776940109054
51,DGP 1: No investor communication,0,Fulfilled,11.431875000000005,1.3626237561861323,8.761132437875187,14.102617562124824
51,DGP 2: Investor communication,1,Violated,8.069374999999996,1.689291602485373,4.758363459128665,11.380386540871326
52,DGP 1: No investor communication,0,Fulfilled,7.793749999999987,1.3455644060819385,5.156443764079388,10.431056235920586
52,DGP 2: Investor communication,1,Violated,4.457500000000012,1.7850415133700546,0.9588186337947051,7.956181366205319
53,DGP 1: No investor communication,0,Fulfilled,8.963749999999996,1.34744686778329,6.322754139144747,11.604745860855244
53,DGP 2: Investor communication,1,Violated,7.854999999999995,1.7453613268206534,4.434091799431515,11.275908200568475
54,DGP 1: No investor communication,0,Fulfilled,7.613125000000014,1.3459665093172097,4.975030641738283,10.251219358261746
54,DGP 2: Investor communication,1,Violated,10.582500000000033,1.7706880588705676,7.1119514046137216,14.053048595386345
55,DGP 1: No investor communication,0,Fulfilled,10.54000000000002,1.3420941476200818,7.909495470664661,13.17050452933538
55,DGP 2: Investor communication,1,Violated,5.6212499999999785,1.6922459877931324,2.304447863925439,8.938052136074518
56,DGP 1: No investor communication,0,Fulfilled,7.140624999999998,1.306438609067082,4.580005326228518,9.701244673771479
56,DGP 2: Investor communication,1,Violated,2.4387500000000095,1.7825819309439979,-1.055110584650226,5.932610584650245
57,DGP 1: No investor communication,0,Fulfilled,8.54125000000002,1.3212219560485041,5.951654966144951,11.130845033855088
57,DGP 2: Investor communication,1,Violated,7.653750000000029,1.7282857551165642,4.2663099199715635,11.041190080028494
58,DGP 1: No investor communication,0,Fulfilled,10.220000000000002,1.357512608947776,7.559275286462361,12.880724713537644
58,DGP 2: Investor communication,1,Violated,7.692500000000011,1.743205035285593,4.27581813084025,11.109181869159773
59,DGP 1: No investor communication,0,Fulfilled,8.743749999999997,1.3868450030554977,6.0255337940112215,11.461966205988773
59,DGP 2: Investor communication,1,Violated,8.318125,1.6984293496095066,4.989203474765367,11.647046525234632
60,DGP 1: No investor communication,0,Fulfilled,8.518749999999992,1.3558862418869921,5.861212965901487,11.176287034098497
60,DGP 2: Investor communication,1,Violated,7.762500000000003,1.7566194244706042,4.319525928037619,11.205474071962387
61,DGP 1: No investor communication,0,Fulfilled,9.344999999999986,1.3426718598346876,6.713363154723998,11.976636845275975
61,DGP 2: Investor communication,1,Violated,3.5249999999999986,1.7471999261105038,0.1004881448234114,6.949511855176586
62,DGP 1: No investor communication,0,Fulfilled,7.951874999999987,1.3756766397218647,5.255548786145132,10.648201213854842
62,DGP 2: Investor communication,1,Violated,8.807500000000042,1.7120277893923475,5.451925532791041,12.163074467209043
63,DGP 1: No investor communication,0,Fulfilled,6.134375000000016,1.3651372782472588,3.4587059346353892,8.810044065364643
63,DGP 2: Investor communication,1,Violated,7.554375000000022,1.7294411925019895,4.164670262696122,10.944079737303921
64,DGP 1: No investor communication,0,Fulfilled,8.185625000000023,1.3145334501453079,5.6091394377152195,10.762110562284827
64,DGP 2: Investor communication,1,Violated,7.6837499999999945,1.7389519625759875,4.275404153351059,11.092095846648931
65,DGP 1: No investor communication,0,Fulfilled,8.93125000000001,1.343228230520325,6.298522668180173,11.563977331819846
65,DGP 2: Investor communication,1,Violated,7.0306250000000095,1.76504647546316,3.5711339080922158,10.490116091907803
66,DGP 1: No investor communication,0,Fulfilled,9.57749999999999,1.338260014799431,6.9545103709931055,12.200489629006874
66,DGP 2: Investor communication,1,Violated,3.9212499999999846,1.7486241174915247,0.49394672971659626,7.348553270283373
67,DGP 1: No investor communication,0,Fulfilled,12.513749999999998,1.3222834398168837,9.922074457958907,15.10542554204109
67,DGP 2: Investor communication,1,Violated,10.453749999999985,1.7308998367073283,7.061186320053622,13.846313679946348
68,DGP 1: No investor communication,0,Fulfilled,8.212500000000011,1.3706556414769235,5.526014942705241,10.89898505729478
68,DGP 2: Investor communication,1,Violated,9.368125000000006,1.6772102659097201,6.080792878816955,12.655457121183058
69,DGP 1: No investor communication,0,Fulfilled,10.726874999999998,1.361470171248378,8.058393464353177,13.395356535646819
69,DGP 2: Investor communication,1,Violated,5.635000000000007,1.7470390310020498,2.2108034992359893,9.059196500764024
70,DGP 1: No investor communication,0,Fulfilled,11.126875000000014,1.360950689251986,8.459411649066121,13.794338350933907
70,DGP 2: Investor communication,1,Violated,10.024374999999988,1.759199607170045,6.5763437699467,13.472406230053277
71,DGP 1: No investor communication,0,Fulfilled,9.13125,1.3250367597172925,6.534177950954106,11.728322049045893
71,DGP 2: Investor communication,1,Violated,6.186249999999986,1.757025271808725,2.7424804672548855,9.630019532745086
72,DGP 1: No investor communication,0,Fulfilled,7.859374999999999,1.3369197594152697,5.23901227154607,10.479737728453928
72,DGP 2: Investor communication,1,Violated,10.286874999999995,1.7191314435906935,6.917377370562235,13.656372629437755
73,DGP 1: No investor communication,0,Fulfilled,10.563124999999996,1.35317740185009,7.91089729237382,13.215352707626172
73,DGP 2: Investor communication,1,Violated,9.543125000000018,1.6781701916974023,6.2539114242731095,12.832338575726926
74,DGP 1: No investor communication,0,Fulfilled,6.804999999999969,1.3175403908159449,4.2226208340007165,9.38737916599922
74,DGP 2: Investor communication,1,Violated,8.111875000000026,1.7264798578310645,4.72797447865114,11.495775521348913
75,DGP 1: No investor communication,0,Fulfilled,8.436250000000005,1.3168679255418239,5.85518886593803,11.01731113406198
75,DGP 2: Investor communication,1,Violated,6.960624999999997,1.7688983898525648,3.49358415588897,10.427665844111024
76,DGP 1: No investor communication,0,Fulfilled,6.796250000000008,1.3321031730716104,4.185327780779652,9.407172219220364
76,DGP 2: Investor communication,1,Violated,6.426249999999998,1.793303798225909,2.911374555477216,9.941125444522779
77,DGP 1: No investor communication,0,Fulfilled,9.620624999999995,1.3525697923175568,6.969588207057583,12.271661792942407
77,DGP 2: Investor communication,1,Violated,7.179999999999989,1.7572388408558868,3.735811871922451,10.624188128077527
78,DGP 1: No investor communication,0,Fulfilled,9.323125000000008,1.3907558066832593,6.59724361890082,12.049006381099197
78,DGP 2: Investor communication,1,Violated,9.29125,1.6755883353936387,6.007096862628468,12.57540313737153
79,DGP 1: No investor communication,0,Fulfilled,8.18687500000001,1.4126191322272983,5.418141500834505,10.955608499165514
79,DGP 2: Investor communication,1,Violated,9.803749999999992,1.7000020818139947,6.471745919644563,13.135754080355422
80,DGP 1: No investor communication,0,Fulfilled,7.038125000000009,1.368712351531763,4.3554487909977535,9.720801209002264
80,DGP 2: Investor communication,1,Violated,6.361875000000005,1.7052590162815415,3.0195673280881836,9.704182671911827
81,DGP 1: No investor communication,0,Fulfilled,7.095000000000008,1.3454863856921155,4.457846684043462,9.732153315956554
81,DGP 2: Investor communication,1,Violated,12.574374999999975,1.6972502582997882,9.24776449373239,15.90098550626756
82,DGP 1: No investor communication,0,Fulfilled,9.036249999999983,1.3684626276960958,6.354063249715635,11.718436750284331
82,DGP 2: Investor communication,1,Violated,8.428124999999994,1.7514711519513995,4.995241542175251,11.861008457824738
83,DGP 1: No investor communication,0,Fulfilled,8.75312499999998,1.3600566269968357,6.087414011086182,11.418835988913777
83,DGP 2: Investor communication,1,Violated,7.393750000000009,1.684424164054873,4.092278638452457,10.69522136154756
84,DGP 1: No investor communication,0,Fulfilled,8.646250000000002,1.3186395626681808,6.061716457170368,11.230783542829636
84,DGP 2: Investor communication,1,Violated,8.953124999999996,1.7344016489669607,5.553697768024754,12.352552231975238
85,DGP 1: No investor communication,0,Fulfilled,8.039374999999989,1.3092051711972643,5.473332864453351,10.605417135546627
85,DGP 2: Investor communication,1,Violated,5.943124999999995,1.7583662583155877,2.496727133701443,9.389522866298547
86,DGP 1: No investor communication,0,Fulfilled,8.346875000000026,1.3382952943359372,5.723816223101588,10.969933776898463
86,DGP 2: Investor communication,1,Violated,8.513750000000014,1.6999651171033219,5.181818370477503,11.845681629522526
87,DGP 1: No investor communication,0,Fulfilled,8.529374999999979,1.3254980122683666,5.93139889595398,11.127351104045978
87,DGP 2: Investor communication,1,Violated,5.476875000000016,1.6956516542555116,2.153397757659213,8.800352242340818
88,DGP 1: No investor communication,0,Fulfilled,8.23249999999998,1.3341954663339741,5.617476885985392,10.84752311401457
88,DGP 2: Investor communication,1,Violated,7.373750000000012,1.7189149918532807,4.004676615967582,10.742823384032441
89,DGP 1: No investor communication,0,Fulfilled,6.821875000000015,1.3452368870217888,4.185210701437309,9.45853929856272
89,DGP 2: Investor communication,1,Violated,5.185625000000009,1.729081290970053,1.796625669698705,8.574624330301312
90,DGP 1: No investor communication,0,Fulfilled,7.609999999999999,1.3616674913895475,4.941131716876487,10.278868283123511
90,DGP 2: Investor communication,1,Violated,7.795000000000007,1.7155142963612275,4.432591979132001,11.157408020868013
91,DGP 1: No investor communication,0,Fulfilled,9.035625000000012,1.347453011533297,6.39461709739475,11.676632902605274
91,DGP 2: Investor communication,1,Violated,2.5993750000000073,1.731168544224647,-0.7937153466803006,5.992465346680316
92,DGP 1: No investor communication,0,Fulfilled,6.88687500000001,1.3541910420247865,4.232660557631428,9.541089442368591
92,DGP 2: Investor communication,1,Violated,5.589999999999984,1.7114114572629988,2.2356335437645063,8.94436645623546
93,DGP 1: No investor communication,0,Fulfilled,7.397500000000023,1.3762760799884362,4.699998883222689,10.095001116777357
93,DGP 2: Investor communication,1,Violated,8.53562500000001,1.709817715881847,5.18438227687159,11.88686772312843
94,DGP 1: No investor communication,0,Fulfilled,8.662499999999989,1.3523610207079801,6.011872399412348,11.313127600587631
94,DGP 2: Investor communication,1,Violated,10.785000000000021,1.7032545541040178,7.4466210739561465,14.123378926043896
95,DGP 1: No investor communication,0,Fulfilled,8.719375000000012,1.3128137255242225,6.146260097972536,11.292489902027487
95,DGP 2: Investor communication,1,Violated,8.726874999999978,1.75984110557993,5.277586433063316,12.17616356693664
96,DGP 1: No investor communication,0,Fulfilled,8.315625000000011,1.3585467196323455,5.652873429520614,10.978376570479409
96,DGP 2: Investor communication,1,Violated,8.526249999999994,1.7734905602243076,5.050208501960351,12.002291498039636
97,DGP 1: No investor communication,0,Fulfilled,10.337499999999999,1.337674666485505,7.7156576536884085,12.959342346311589
97,DGP 2: Investor communication,1,Violated,9.667500000000036,1.772045750604647,6.194290328814928,13.140709671185144
98,DGP 1: No investor communication,0,Fulfilled,6.64187499999999,1.3478575212655122,4.000074258319586,9.283675741680394
98,DGP 2: Investor communication,1,Violated,8.951875,1.7254694335891958,5.569954910165176,12.333795089834823
99,DGP 1: No investor communication,0,Fulfilled,11.034374999999965,1.3181196698606115,8.450860447073167,13.617889552926764
99,DGP 2: Investor communication,1,Violated,5.175625000000018,1.7454837776143317,1.7544767958759278,8.596773204124109
100,DGP 1: No investor communication,0,Fulfilled,9.559374999999992,1.329165160898681,6.9542112846385775,12.164538715361406
100,DGP 2: Investor communication,1,Violated,10.180000000000028,1.700878466059904,6.846278206522617,13.51372179347744
101,DGP 1: No investor communication,0,Fulfilled,8.166875000000001,1.3493034055493627,5.52224032512325,10.811509674876753
101,DGP 2: Investor communication,1,Violated,10.836250000000007,1.6869056691688982,7.529914888428967,14.142585111571048
102,DGP 1: No investor communication,0,Fulfilled,6.5231250000000145,1.3544147894362784,3.868472012704909,9.17777798729512
102,DGP 2: Investor communication,1,Violated,10.266249999999989,1.7115544339281366,6.911603309500841,13.620896690499137
103,DGP 1: No investor communication,0,Fulfilled,9.189374999999997,1.34743485718837,6.548402679910791,11.830347320089203
103,DGP 2: Investor communication,1,Violated,7.231875000000002,1.7527023655998328,3.79657836342433,10.667171636575674
104,DGP 1: No investor communication,0,Fulfilled,9.667500000000008,1.3201136800492839,7.080077187103411,12.254922812896604
104,DGP 2: Investor communication,1,Violated,9.860624999999985,1.688712316054978,6.550748860532227,13.170501139467742
105,DGP 1: No investor communication,0,Fulfilled,7.333125000000004,1.3433635130755341,4.7001325143719574,9.96611748562805
105,DGP 2: Investor communication,1,Violated,7.379999999999987,1.7524376746202504,3.945222157744296,10.814777842255676
106,DGP 1: No investor communication,0,Fulfilled,9.635625000000001,1.3449136299290156,6.99959428533913,12.271655714660872
106,DGP 2: Investor communication,1,Violated,6.253124999999969,1.7222568858594436,2.877501503715459,9.628748496284478
107,DGP 1: No investor communication,0,Fulfilled,9.404375,1.3721505976010286,6.714959828701984,12.093790171298016
107,DGP 2: Investor communication,1,Violated,3.2275000000000205,1.7233501877051003,-0.15026636790197623,6.605266367902017
108,DGP 1: No investor communication,0,Fulfilled,7.379375000000015,1.3232534618634897,4.785798214747575,9.972951785252455
108,DGP 2: Investor communication,1,Violated,13.380625000000009,1.7207947359272895,10.007867317582521,16.753382682417495
109,DGP 1: No investor communication,0,Fulfilled,8.160624999999994,1.3190305918549163,5.575325039964358,10.74592496003563
109,DGP 2: Investor communication,1,Violated,6.0399999999999885,1.7433263208245482,2.623080411183874,9.456919588816103
110,DGP 1: No investor communication,0,Fulfilled,9.138125000000025,1.3722566486609464,6.448501968624571,11.82774803137548
110,DGP 2: Investor communication,1,Violated,8.125625000000012,1.7338514402880265,4.727276177035479,11.523973822964544
111,DGP 1: No investor communication,0,Fulfilled,8.197500000000016,1.3366589520251708,5.577648454030681,10.81735154596935
111,DGP 2: Investor communication,1,Violated,10.08125000000001,1.6983089344493743,6.752564488479236,13.409935511520782
112,DGP 1: No investor communication,0,Fulfilled,8.612500000000027,1.3452015944942346,5.975904874791327,11.249095125208727
112,DGP 2: Investor communication,1,Violated,10.252499999999966,1.7220830184012685,6.877217283933479,13.627782716066452
113,DGP 1: No investor communication,0,Fulfilled,10.245624999999995,1.3686125341483628,7.563144433069204,12.928105566930785
113,DGP 2: Investor communication,1,Violated,8.85687500000003,1.7527182827826813,5.4215471657459755,12.292202834254086
114,DGP 1: No investor communication,0,Fulfilled,7.336875000000004,1.3345298443468119,4.721196505080252,9.952553494919755
114,DGP 2: Investor communication,1,Violated,6.6812500000000075,1.7432980399302846,3.2643858417366496,10.098114158263366
115,DGP 1: No investor communication,0,Fulfilled,8.540625,1.3476781758871952,5.899175775261098,11.182074224738903
115,DGP 2: Investor communication,1,Violated,10.427500000000022,1.7625215462373673,6.972957769374782,13.882042230625261
116,DGP 1: No investor communication,0,Fulfilled,7.065624999999998,1.3598183584866974,4.400381017366071,9.730868982633925
116,DGP 2: Investor communication,1,Violated,9.889375000000012,1.713252301525678,6.531400489009683,13.24734951099034
117,DGP 1: No investor communication,0,Fulfilled,11.951875000000006,1.3571125158042103,9.291934469023754,14.611815530976259
117,DGP 2: Investor communication,1,Violated,9.687500000000034,1.7641413618938648,6.229782930688058,13.14521706931201
118,DGP 1: No investor communication,0,Fulfilled,10.297500000000008,1.3279754869326068,7.694668045612099,12.900331954387918
118,DGP 2: Investor communication,1,Violated,7.253124999999972,1.7659714642752598,3.7918209300204633,10.71442906997948
119,DGP 1: No investor communication,0,Fulfilled,9.962499999999995,1.3914472469576644,7.235263395962972,12.689736604037018
119,DGP 2: Investor communication,1,Violated,8.540625000000013,1.7059641438625024,5.196935278029509,11.884314721970517
120,DGP 1: No investor communication,0,Fulfilled,9.649374999999994,1.3766626923570906,6.951116122980096,12.347633877019891
120,DGP 2: Investor communication,1,Violated,6.3562499999999655,1.7417149830036824,2.942488633312748,9.770011366687182
121,DGP 1: No investor communication,0,Fulfilled,8.60875000000001,1.3332675888211218,5.995545525910611,11.221954474089408
121,DGP 2: Investor communication,1,Violated,5.550000000000024,1.7095464719523616,2.199288914973395,8.900711085026654
122,DGP 1: No investor communication,0,Fulfilled,8.925625000000004,1.3431984602388278,6.2929560179319015,11.558293982068106
122,DGP 2: Investor communication,1,Violated,7.9568750000000055,1.7348736400942768,4.556522665415223,11.357227334584788
123,DGP 1: No investor communication,0,Fulfilled,8.29937499999998,1.3626210323764822,5.6286377765420745,10.970112223457885
123,DGP 2: Investor communication,1,Violated,11.020625000000008,1.7547234546928878,7.581367028801948,14.459882971198068
124,DGP 1: No investor communication,0,Fulfilled,7.0806249999999995,1.3381509861497698,4.457849067146451,9.703400932853548
124,DGP 2: Investor communication,1,Violated,9.629375000000003,1.7646049023281953,6.17074939143674,13.088000608563267
125,DGP 1: No investor communication,0,Fulfilled,9.11812499999999,1.3454676161665984,6.481008472313457,11.755241527686524
125,DGP 2: Investor communication,1,Violated,5.96875,1.7540729429178756,2.5307670318809636,9.406732968119037
126,DGP 1: No investor communication,0,Fulfilled,8.364999999999995,1.3566293937778529,5.706006388195403,11.023993611804586
126,DGP 2: Investor communication,1,Violated,10.289374999999962,1.7055055235582672,6.946584173825759,13.632165826174166
127,DGP 1: No investor communication,0,Fulfilled,9.97312499999999,1.3462074700010662,7.334558358797901,12.61169164120208
127,DGP 2: Investor communication,1,Violated,11.000000000000007,1.7328846746236546,7.603546037737644,14.39645396226237
128,DGP 1: No investor communication,0,Fulfilled,9.988125000000002,1.3501933211308301,7.341746090583575,12.634503909416429
128,DGP 2: Investor communication,1,Violated,11.273124999999983,1.689473474723315,7.961756989542285,14.584493010457681
129,DGP 1: No investor communication,0,Fulfilled,7.658125000000011,1.3126856056797247,5.085261212867751,10.23098878713227
129,DGP 2: Investor communication,1,Violated,8.296875000000002,1.7002224016873677,4.964439092692761,11.629310907307243
130,DGP 1: No investor communication,0,Fulfilled,7.9762499999999985,1.3399967618582302,5.349856346757868,10.60264365324213
130,DGP 2: Investor communication,1,Violated,7.978750000000007,1.7461245658420081,4.556345850949671,11.401154149050342
131,DGP 1: No investor communication,0,Fulfilled,6.846875000000001,1.3335194870226483,4.23317680543561,9.460573194564391
131,DGP 2: Investor communication,1,Violated,8.82125000000002,1.7516292354308074,5.388056698555638,12.254443301444404
132,DGP 1: No investor communication,0,Fulfilled,8.101249999999997,1.3158897130195144,5.522106162481748,10.680393837518245
132,DGP 2: Investor communication,1,Violated,6.641874999999995,1.7310059633973525,3.2491033117411847,10.034646688258807
133,DGP 1: No investor communication,0,Fulfilled,8.21437500000002,1.3705336755860056,5.528128995851449,10.90062100414859
133,DGP 2: Investor communication,1,Violated,5.164999999999985,1.7982601699580647,1.6404100668821782,8.68958993311779
134,DGP 1: No investor communication,0,Fulfilled,9.235625,1.3629458894870123,6.564251056605457,11.906998943394544
134,DGP 2: Investor communication,1,Violated,5.814374999999984,1.7224348051028557,2.438402781998387,9.19034721800158
135,DGP 1: No investor communication,0,Fulfilled,11.861250000000009,1.337343460184873,9.240056818037658,14.48244318196236
135,DGP 2: Investor communication,1,Violated,7.393125000000012,1.730991942381294,4.000380792932676,10.785869207067348
136,DGP 1: No investor communication,0,Fulfilled,8.453124999999993,1.326222136517774,5.853729612425155,11.05252038757483
136,DGP 2: Investor communication,1,Violated,9.800625000000014,1.7106552688577439,6.447740673038837,13.153509326961192
137,DGP 1: No investor communication,0,Fulfilled,8.35562500000001,1.3524730121088755,5.704777896266615,11.006472103733406
137,DGP 2: Investor communication,1,Violated,7.613750000000016,1.7721441277879821,4.140347509535571,11.08715249046446
138,DGP 1: No investor communication,0,Fulfilled,8.444999999999991,1.3394863466611544,5.819606760544129,11.070393239455854
138,DGP 2: Investor communication,1,Violated,5.678750000000013,1.730701025851848,2.286575989330391,9.070924010669636
139,DGP 1: No investor communication,0,Fulfilled,8.959375000000042,1.3736192441410813,6.267081281483523,11.65166871851656
139,DGP 2: Investor communication,1,Violated,5.953125000000012,1.699468531103203,2.622166679037735,9.28408332096229
140,DGP 1: No investor communication,0,Fulfilled,8.759374999999986,1.3721965897431685,6.0698696841033755,11.448880315896597
140,DGP 2: Investor communication,1,Violated,8.669374999999995,1.757301542104183,5.225063977475797,12.113686022524194
141,DGP 1: No investor communication,0,Fulfilled,5.949374999999987,1.3222311805823788,3.357801886058525,8.54094811394145
141,DGP 2: Investor communication,1,Violated,6.454999999999994,1.7236974062675232,3.0765530837156483,9.83344691628434
142,DGP 1: No investor communication,0,Fulfilled,7.980000000000002,1.336927122314591,5.359622840263404,10.6003771597366
142,DGP 2: Investor communication,1,Violated,7.666874999999985,1.77088521949689,4.19593996978608,11.13781003021389
143,DGP 1: No investor communication,0,Fulfilled,8.150625000000005,1.321739865648428,5.560014863329086,10.741235136670923
143,DGP 2: Investor communication,1,Violated,9.153125000000006,1.7901139046932637,5.644501746801209,12.661748253198803
144,DGP 1: No investor communication,0,Fulfilled,11.933125000000008,1.3605645759250575,9.266418431186896,14.59983156881312
144,DGP 2: Investor communication,1,Violated,6.929999999999984,1.7332222258799488,3.532884437275284,10.327115562724684
145,DGP 1: No investor communication,0,Fulfilled,8.376875000000005,1.3127318052545525,5.803920661701083,10.949829338298928
145,DGP 2: Investor communication,1,Violated,8.998749999999998,1.743128911109129,5.5822173342261046,12.41528266577389
146,DGP 1: No investor communication,0,Fulfilled,11.595624999999991,1.3342525094808435,8.980490081417539,14.210759918582443
146,DGP 2: Investor communication,1,Violated,8.678749999999978,1.724995727153027,5.297758374780045,12.05974162521991
147,DGP 1: No investor communication,0,Fulfilled,11.05312500000001,1.3413201374748587,8.424137530549288,13.682112469450733
147,DGP 2: Investor communication,1,Violated,8.223749999999967,1.7462946378402637,4.8010125098330505,11.646487490166884
148,DGP 1: No investor communication,0,Fulfilled,8.396249999999991,1.305649103135301,5.837177757854802,10.955322242145181
148,DGP 2: Investor communication,1,Violated,6.0443749999999685,1.8329454756896704,2.4518018676482147,9.636948132351723
149,DGP 1: No investor communication,0,Fulfilled,6.104375000000014,1.34921520476837,3.459913198654009,8.74883680134602
149,DGP 2: Investor communication,1,Violated,7.267499999999988,1.689665305273162,3.95575600166459,10.579243998335386
150,DGP 1: No investor communication,0,Fulfilled,9.22124999999999,1.3188984505299526,6.636209036961283,11.806290963038698
150,DGP 2: Investor communication,1,Violated,9.673124999999988,1.729511434364767,6.283282588645045,13.062967411354931
151,DGP 1: No investor communication,0,Fulfilled,8.541250000000002,1.3528311256022136,5.8897009938196625,11.19279900618034
151,DGP 2: Investor communication,1,Violated,8.16687499999999,1.7138337130298857,4.807760922461414,11.525989077538567
152,DGP 1: No investor communication,0,Fulfilled,7.521875000000003,1.2787452113252922,5.015534385802431,10.028215614197576
152,DGP 2: Investor communication,1,Violated,7.566250000000004,1.7418549651613269,4.152214268283803,10.980285731716204
153,DGP 1: No investor communication,0,Fulfilled,7.607499999999993,1.3781714820651785,4.906283895152243,10.308716104847743
153,DGP 2: Investor communication,1,Violated,8.36875,1.7403431431688177,4.957677439389117,11.779822560610883
154,DGP 1: No investor communication,0,Fulfilled,10.654999999999985,1.3552431038707935,7.99872351641323,13.31127648358674
154,DGP 2: Investor communication,1,Violated,10.81999999999999,1.676334640904689,7.534384103826799,14.10561589617318
155,DGP 1: No investor communication,0,Fulfilled,7.866249999999995,1.3006375026817136,5.317000494743835,10.415499505256154
155,DGP 2: Investor communication,1,Violated,6.849374999999979,1.7520358705806227,3.4153846936619585,10.283365306337998
156,DGP 1: No investor communication,0,Fulfilled,9.004375,1.3491953062691942,6.359952199712379,11.648797800287621
156,DGP 2: Investor communication,1,Violated,8.804375000000016,1.7093087336387696,5.4541298820680275,12.154620117932005
157,DGP 1: No investor communication,0,Fulfilled,7.0731250000000205,1.3430938685779463,4.440661017587246,9.705588982412795
157,DGP 2: Investor communication,1,Violated,9.362499999999978,1.741010579113922,5.95011926493669,12.774880735063265
158,DGP 1: No investor communication,0,Fulfilled,7.89875000000001,1.3354795563726327,5.28121006950965,10.51628993049037
158,DGP 2: Investor communication,1,Violated,7.328124999999998,1.719112375007747,3.958664744984814,10.697585255015182
159,DGP 1: No investor communication,0,Fulfilled,7.546250000000003,1.335145811428578,4.92936420959999,10.163135790400016
159,DGP 2: Investor communication,1,Violated,5.05500000000001,1.754634492302194,1.6159163950877105,8.49408360491231
160,DGP 1: No investor communication,0,Fulfilled,8.592500000000015,1.33277878711703,5.980253577250636,11.204746422749395
160,DGP 2: Investor communication,1,Violated,7.913749999999991,1.7544973935782333,4.474935108586655,11.352564891413328
161,DGP 1: No investor communication,0,Fulfilled,11.08937500000001,1.3261596136231815,8.490102157298573,13.688647842701446
161,DGP 2: Investor communication,1,Violated,6.8399999999999945,1.7549289960707686,3.400339167701288,10.2796608322987
162,DGP 1: No investor communication,0,Fulfilled,8.274375000000003,1.3375345737008897,5.652807235546259,10.895942764453746
162,DGP 2: Investor communication,1,Violated,8.413125000000004,1.7047612615864676,5.071792927290528,11.754457072709481
163,DGP 1: No investor communication,0,Fulfilled,7.623749999999994,1.3395961298946526,4.998141585406475,10.249358414593512
163,DGP 2: Investor communication,1,Violated,7.623749999999981,1.7338487470282187,4.225406455824672,11.02209354417529
164,DGP 1: No investor communication,0,Fulfilled,7.991875000000002,1.3264468804143394,5.392039114387897,10.591710885612107
164,DGP 2: Investor communication,1,Violated,8.828125,1.7718510221563746,5.3552969965735056,12.300953003426494
165,DGP 1: No investor communication,0,Fulfilled,10.341874999999987,1.3369258844191068,7.721500266538538,12.962249733461437
165,DGP 2: Investor communication,1,Violated,8.469374999999989,1.7803808878201028,4.9798284598725875,11.95892154012739
166,DGP 1: No investor communication,0,Fulfilled,8.72187500000001,1.349018738139956,6.077798273245696,11.365951726754323
166,DGP 2: Investor communication,1,Violated,10.601249999999991,1.667117383453835,7.333699928430475,13.868800071569508
167,DGP 1: No investor communication,0,Fulfilled,10.89750000000002,1.3485180642912156,8.254404593989237,13.540595406010803
167,DGP 2: Investor communication,1,Violated,8.316249999999979,1.7347580668191582,4.916124189034429,11.716375810965529
168,DGP 1: No investor communication,0,Fulfilled,8.370625000000015,1.3186383449677115,5.7860938438633,10.955156156136729
168,DGP 2: Investor communication,1,Violated,7.380624999999997,1.706372741385047,4.0361344268853045,10.725115573114689
169,DGP 1: No investor communication,0,Fulfilled,7.964375000000014,1.3280393256827612,5.361417921661802,10.567332078338225
169,DGP 2: Investor communication,1,Violated,8.858124999999996,1.728175756159816,5.470900517926757,12.245349482073234
170,DGP 1: No investor communication,0,Fulfilled,9.243125000000012,1.2921110508639124,6.710587340306743,11.77566265969328
170,DGP 2: Investor communication,1,Violated,10.306250000000013,1.7263904932177294,6.922524633293263,13.689975366706761
171,DGP 1: No investor communication,0,Fulfilled,8.607499999999998,1.3240491150951244,6.0123637344135545,11.202636265586442
171,DGP 2: Investor communication,1,Violated,8.203124999999993,1.7414138620775552,4.789953830327985,11.616296169672001
172,DGP 1: No investor communication,0,Fulfilled,8.906249999999986,1.3210262974094016,6.317038457077558,11.495461542922413
172,DGP 2: Investor communication,1,Violated,6.458124999999988,1.7412630162654064,3.045249488119792,9.871000511880185
173,DGP 1: No investor communication,0,Fulfilled,8.100625000000004,1.3088906797775237,5.535199267636058,10.666050732363951
173,DGP 2: Investor communication,1,Violated,10.973125000000014,1.698811728079167,7.643454012964846,14.302795987035182
174,DGP 1: No investor communication,0,Fulfilled,9.180000000000001,1.3545625916932782,6.525057320281176,11.834942679718827
174,DGP 2: Investor communication,1,Violated,4.516875000000013,1.7361033184885193,1.1141124957625155,7.91963750423751
175,DGP 1: No investor communication,0,Fulfilled,11.424374999999998,1.355795461160856,8.76701589612472,14.081734103875275
175,DGP 2: Investor communication,1,Violated,3.3093749999999904,1.710654261748298,-0.043507353026673634,6.6622573530266544
176,DGP 1: No investor communication,0,Fulfilled,7.340000000000008,1.3066099111550766,4.779044574136058,9.900955425863959
176,DGP 2: Investor communication,1,Violated,5.689374999999995,1.7371218247523397,2.284616223485409,9.09413377651458
177,DGP 1: No investor communication,0,Fulfilled,11.016250000000005,1.3708065282459228,8.329469204637997,13.703030795362013
177,DGP 2: Investor communication,1,Violated,6.173125000000002,1.7259058982252964,2.7903494394784216,9.555900560521582
178,DGP 1: No investor communication,0,Fulfilled,9.80437500000001,1.3280836786246948,7.201330989895608,12.40741901010441
178,DGP 2: Investor communication,1,Violated,8.738125000000021,1.7276498873086195,5.3519312208751275,12.124318779124916
179,DGP 1: No investor communication,0,Fulfilled,7.847499999999997,1.3699517780287476,5.162394515063651,10.532605484936342
179,DGP 2: Investor communication,1,Violated,10.946874999999977,1.6983089534440483,7.618189451249643,14.275560548750311
180,DGP 1: No investor communication,0,Fulfilled,6.59437499999998,1.3258382324035105,3.9957320644890992,9.193017935510861
180,DGP 2: Investor communication,1,Violated,8.346250000000024,1.7224074528192443,4.970331392474305,11.722168607525743
181,DGP 1: No investor communication,0,Fulfilled,10.00124999999999,1.3180831318096402,7.417807061653095,12.584692938346885
181,DGP 2: Investor communication,1,Violated,8.5975,1.8191163425854915,5.032031968532436,12.162968031467564
182,DGP 1: No investor communication,0,Fulfilled,9.396875000000003,1.3319173316643063,6.786317029937964,12.007432970062043
182,DGP 2: Investor communication,1,Violated,10.490625000000017,1.667490009540172,7.2223445813012805,13.758905418698754
183,DGP 1: No investor communication,0,Fulfilled,9.210624999999988,1.3445818640235145,6.5752445465139,11.846005453486075
183,DGP 2: Investor communication,1,Violated,10.171249999999983,1.700055616748329,6.839140991173258,13.503359008826708
184,DGP 1: No investor communication,0,Fulfilled,10.301875000000004,1.3132767571089565,7.72785255606645,12.875897443933559
184,DGP 2: Investor communication,1,Violated,8.743125000000012,1.7697690450189043,5.274377671762959,12.211872328237064
185,DGP 1: No investor communication,0,Fulfilled,10.11000000000001,1.4044255604712204,7.357325901476418,12.862674098523602
185,DGP 2: Investor communication,1,Violated,6.031874999999988,1.7210619943432437,2.65859349108723,9.405156508912746
186,DGP 1: No investor communication,0,Fulfilled,8.216249999999999,1.3524344863901812,5.565478406675243,10.867021593324754
186,DGP 2: Investor communication,1,Violated,8.018750000000018,1.7050362670951145,4.676878916493594,11.360621083506443
187,DGP 1: No investor communication,0,Fulfilled,8.462500000000006,1.3591774687348666,5.7985121612796675,11.126487838720344
187,DGP 2: Investor communication,1,Violated,6.988125000000004,1.747868799946433,3.562302152104995,10.413947847895013
188,DGP 1: No investor communication,0,Fulfilled,9.071874999999995,1.320691012660722,6.483320615184979,11.66042938481501
188,DGP 2: Investor communication,1,Violated,7.4012499999999815,1.6974202658730373,4.0743062788888285,10.728193721111134
189,DGP 1: No investor communication,0,Fulfilled,10.41625,1.3741651568555462,7.722886292563129,13.109613707436871
189,DGP 2: Investor communication,1,Violated,8.092499999999989,1.7285186446289236,4.704603456527298,11.48039654347268
190,DGP 1: No investor communication,0,Fulfilled,8.65499999999999,1.3436343788281686,6.021476617496781,11.2885233825032
190,DGP 2: Investor communication,1,Violated,8.75875,1.764291275320755,5.30073910037132,12.216760899628678
191,DGP 1: No investor communication,0,Fulfilled,8.03875000000002,1.383122495940359,5.327829907956916,10.749670092043123
191,DGP 2: Investor communication,1,Violated,2.385625000000015,1.7625924050338835,-1.0690561138663965,5.840306113866427
192,DGP 1: No investor communication,0,Fulfilled,5.78875000000001,1.351528487561478,3.1397541643795135,8.437745835620508
192,DGP 2: Investor communication,1,Violated,6.4275000000000055,1.7572729339560267,2.9832450494461935,9.871754950553818
193,DGP 1: No investor communication,0,Fulfilled,12.052499999999995,1.3685990502098233,9.370045861588741,14.734954138411249
193,DGP 2: Investor communication,1,Violated,8.494999999999985,1.722459658024979,5.118979070271026,11.871020929728944
194,DGP 1: No investor communication,0,Fulfilled,7.885000000000002,1.3255366801636306,5.286948106879286,10.483051893120717
194,DGP 2: Investor communication,1,Violated,7.009375000000004,1.7577577120535302,3.564169884375085,10.454580115624923
195,DGP 1: No investor communication,0,Fulfilled,8.10124999999998,1.3234622095809667,5.507264069221286,10.695235930778676
195,DGP 2: Investor communication,1,Violated,7.4737500000000034,1.6930590852813603,4.155354192848537,10.79214580715147
196,DGP 1: No investor communication,0,Fulfilled,9.554999999999996,1.2983622399873511,7.010210009624788,12.099789990375204
196,DGP 2: Investor communication,1,Violated,9.914374999999968,1.765158955695844,6.454663446836113,13.374086553163822
197,DGP 1: No investor communication,0,Fulfilled,8.805000000000012,1.3310647528745916,6.1961130843658125,11.413886915634212
197,DGP 2: Investor communication,1,Violated,6.2000000000000295,1.7594752278153905,2.751428553481864,9.648571446518195
198,DGP 1: No investor communication,0,Fulfilled,8.333124999999999,1.321919179967232,5.742163407264224,10.924086592735774
198,DGP 2: Investor communication,1,Violated,10.18375,1.7166953530322735,6.819027108056744,13.548472891943256
199,DGP 1: No investor communication,0,Fulfilled,7.850625,1.357275059013534,5.190365884333474,10.510884115666526
199,DGP 2: Investor communication,1,Violated,9.025625000000002,1.769271796385842,5.557852279083751,12.493397720916253
200,DGP 1: No investor communication,0,Fulfilled,11.050624999999997,1.3638064024817909,8.377564451135687,13.723685548864307
200,DGP 2: Investor communication,1,Violated,6.608750000000024,1.7119838381537371,3.253261677218699,9.964238322781348
201,DGP 1: No investor communication,0,Fulfilled,10.102499999999996,1.3350921090657726,7.485719466231082,12.71928053376891
201,DGP 2: Investor communication,1,Violated,11.40125,1.7056806143228658,8.058115995927182,14.744384004072817
202,DGP 1: No investor communication,0,Fulfilled,8.459375000000009,1.3559956502512724,5.801623525507514,11.117126474492503
202,DGP 2: Investor communication,1,Violated,6.6325000000000145,1.7458503568371704,3.2106333005991607,10.054366699400868
203,DGP 1: No investor communication,0,Fulfilled,8.370625000000002,1.350870082308495,5.722919638675352,11.018330361324653
203,DGP 2: Investor communication,1,Violated,9.618124999999985,1.7433766955356806,6.201106676750051,13.035143323249919
204,DGP 1: No investor communication,0,Fulfilled,8.165624999999997,1.3330102107941462,5.55292498684347,10.778325013156524
204,DGP 2: Investor communication,1,Violated,5.958749999999997,1.77274929626587,2.4841613793188917,9.433338620681102
205,DGP 1: No investor communication,0,Fulfilled,9.019375000000004,1.3273747209517304,6.417720546934612,11.621029453065395
205,DGP 2: Investor communication,1,Violated,5.825000000000012,1.7722003994962652,2.351487216987332,9.298512783012692
206,DGP 1: No investor communication,0,Fulfilled,6.206874999999998,1.3140177897334988,3.631400132122341,8.782349867877656
206,DGP 2: Investor communication,1,Violated,6.93499999999999,1.6990188076235835,3.6049231370577663,10.265076862942212
207,DGP 1: No investor communication,0,Fulfilled,8.128125000000015,1.3385097771992687,5.504645836689448,10.751604163310581
207,DGP 2: Investor communication,1,Violated,6.30437499999999,1.7512850225161676,2.8718563558683012,9.736893644131678
208,DGP 1: No investor communication,0,Fulfilled,7.629999999999996,1.3528028140045325,4.978506484551113,10.28149351544888
208,DGP 2: Investor communication,1,Violated,7.668750000000005,1.7645960368855353,4.210141767704355,11.127358232295654
209,DGP 1: No investor communication,0,Fulfilled,10.53999999999999,1.3589749835720768,7.87640903219872,13.203590967801262
209,DGP 2: Investor communication,1,Violated,10.602499999999992,1.7603917906535345,7.152132090319064,14.05286790968092
210,DGP 1: No investor communication,0,Fulfilled,8.035624999999994,1.3580001990841488,5.373944609795062,10.697305390204926
210,DGP 2: Investor communication,1,Violated,11.303749999999983,1.6781336153204263,8.014608113971947,14.592891886028019
211,DGP 1: No investor communication,0,Fulfilled,9.748124999999986,1.370908915620148,7.061143525384496,12.435106474615475
211,DGP 2: Investor communication,1,Violated,9.455625000000019,1.7484515501029565,6.028659961798224,12.882590038201814
212,DGP 1: No investor communication,0,Fulfilled,7.2481249999999875,1.3077766005931333,4.684882862837446,9.811367137162529
212,DGP 2: Investor communication,1,Violated,8.082500000000016,1.7635707946018444,4.625901242580401,11.53909875741963
213,DGP 1: No investor communication,0,Fulfilled,7.2137499999999815,1.2979248031886301,4.6698173857502665,9.757682614249696
213,DGP 2: Investor communication,1,Violated,6.576875000000015,1.7266221490325884,3.192695587896142,9.961054412103888
214,DGP 1: No investor communication,0,Fulfilled,9.311249999999996,1.3267915456065398,6.710738570611178,11.911761429388815
214,DGP 2: Investor communication,1,Violated,6.803749999999971,1.716367996318472,3.4396687272157656,10.167831272784175
215,DGP 1: No investor communication,0,Fulfilled,6.566249999999988,1.360255251715124,3.9001497066383446,9.23235029336163
215,DGP 2: Investor communication,1,Violated,9.53624999999997,1.6879647765298826,6.227839038001401,12.84466096199854
216,DGP 1: No investor communication,0,Fulfilled,10.918125000000002,1.3596150522113135,8.253279497665828,13.582970502334176
216,DGP 2: Investor communication,1,Violated,6.7331250000000065,1.7586090959723877,3.2862511718941265,10.179998828105887
217,DGP 1: No investor communication,0,Fulfilled,9.200000000000003,1.3705808247841562,6.5136615834230565,11.88633841657695
217,DGP 2: Investor communication,1,Violated,5.57062499999998,1.7438869769204244,2.1526065252359485,8.988643474764011
218,DGP 1: No investor communication,0,Fulfilled,7.924999999999997,1.3479869316824806,5.282945613902335,10.56705438609766
218,DGP 2: Investor communication,1,Violated,7.549999999999988,1.7082754595411924,4.201780099299251,10.898219900700726
219,DGP 1: No investor communication,0,Fulfilled,10.284374999999994,1.3481833011307625,7.641935729783699,12.926814270216287
219,DGP 2: Investor communication,1,Violated,8.66750000000001,1.7336144495488885,5.269615678884188,12.06538432111583
220,DGP 1: No investor communication,0,Fulfilled,8.848125000000001,1.3671889324674336,6.168434692363832,11.527815307636171
220,DGP 2: Investor communication,1,Violated,6.591874999999989,1.7599705392515528,3.142332743066946,10.041417256933032
221,DGP 1: No investor communication,0,Fulfilled,10.35625,1.2971615993906385,7.813813265194348,12.89868673480565
221,DGP 2: Investor communication,1,Violated,9.495624999999983,1.7159163969117397,6.132428862052973,12.858821137946993
222,DGP 1: No investor communication,0,Fulfilled,10.023124999999984,1.3758624773359065,7.326434544421607,12.719815455578361
222,DGP 2: Investor communication,1,Violated,5.159999999999995,1.76445545067378,1.7016673166793863,8.618332683320602
223,DGP 1: No investor communication,0,Fulfilled,9.294999999999986,1.3337685285335112,6.6808136840743035,11.909186315925668
223,DGP 2: Investor communication,1,Violated,9.518125000000012,1.7098036610730432,6.166909824296847,12.869340175703176
224,DGP 1: No investor communication,0,Fulfilled,11.702499999999993,1.3562914203968277,9.04416881602221,14.360831183977776
224,DGP 2: Investor communication,1,Violated,9.582499999999984,1.7981037421941768,6.058216665299398,13.10678333470057
225,DGP 1: No investor communication,0,Fulfilled,8.666874999999997,1.3449404972388148,6.03079162541192,11.302958374588075
225,DGP 2: Investor communication,1,Violated,6.613124999999998,1.7378220700150548,3.206993742770491,10.019256257229506
226,DGP 1: No investor communication,0,Fulfilled,7.552499999999997,1.3615117141403863,4.88393704028484,10.221062959715153
226,DGP 2: Investor communication,1,Violated,5.736875000000014,1.7240296332207057,2.3577769188874305,9.115973081112596
227,DGP 1: No investor communication,0,Fulfilled,10.006250000000005,1.335704002586756,7.388270154929963,12.624229845070047
227,DGP 2: Investor communication,1,Violated,9.014375,1.7244081181574569,5.6345350884113845,12.394214911588614
228,DGP 1: No investor communication,0,Fulfilled,6.693749999999994,1.3241278478780951,4.098459418158928,9.28904058184106
228,DGP 2: Investor communication,1,Violated,5.493750000000018,1.7092973946978989,2.143527106392136,8.8439728936079
229,DGP 1: No investor communication,0,Fulfilled,9.379374999999996,1.3414337643557095,6.750164821862805,12.008585178137187
229,DGP 2: Investor communication,1,Violated,7.7037500000000065,1.7104605863933553,4.35124725066903,11.056252749330984
230,DGP 1: No investor communication,0,Fulfilled,10.657499999999999,1.3460228206400093,8.01929527154558,13.295704728454417
230,DGP 2: Investor communication,1,Violated,7.316250000000016,1.783722791434865,3.820153328787681,10.812346671212351
231,DGP 1: No investor communication,0,Fulfilled,8.685624999999977,1.3569664881074737,6.025970683309328,11.345279316690625
231,DGP 2: Investor communication,1,Violated,7.696249999999977,1.72296804194421,4.319232637789325,11.073267362210629
232,DGP 1: No investor communication,0,Fulfilled,8.708749999999988,1.343572250040388,6.075348389920828,11.342151610079148
232,DGP 2: Investor communication,1,Violated,8.214999999999975,1.7249732282290242,4.834052472671088,11.595947527328862
233,DGP 1: No investor communication,0,Fulfilled,7.151875,1.3034281738174816,4.5971557793177364,9.706594220682264
233,DGP 2: Investor communication,1,Violated,7.489374999999989,1.6963846322192944,4.164461120850172,10.814288879149807
234,DGP 1: No investor communication,0,Fulfilled,7.760625000000012,1.3056977658095295,5.201457379013334,10.31979262098669
234,DGP 2: Investor communication,1,Violated,9.969999999999981,1.748249785938144,6.5434304195612185,13.396569580438744
235,DGP 1: No investor communication,0,Fulfilled,9.373125000000002,1.3585493715971246,6.710368231669637,12.035881768330366
235,DGP 2: Investor communication,1,Violated,7.108124999999995,1.7154439027057007,3.7458549506968217,10.470395049303168
236,DGP 1: No investor communication,0,Fulfilled,6.777499999999997,1.3042466644409978,4.221176537695642,9.333823462304352
236,DGP 2: Investor communication,1,Violated,9.630624999999997,1.735741668837218,6.228571329079049,13.032678670920944
237,DGP 1: No investor communication,0,Fulfilled,10.476874999999998,1.3607678460809596,7.809770021681317,13.14397997831868
237,DGP 2: Investor communication,1,Violated,7.690624999999974,1.735293717074691,4.28944931453358,11.091800685466367
238,DGP 1: No investor communication,0,Fulfilled,6.531249999999997,1.3553214797608004,3.874819899668829,9.187680100331166
238,DGP 2: Investor communication,1,Violated,8.603750000000009,1.7174851502061594,5.237479105595936,11.970020894404081
239,DGP 1: No investor communication,0,Fulfilled,7.7937499999999975,1.3696473526383877,5.109241188828758,10.478258811171237
239,DGP 2: Investor communication,1,Violated,7.814999999999969,1.793574454810826,4.299594068570751,11.330405931429187
240,DGP 1: No investor communication,0,Fulfilled,9.348749999999997,1.3481252272497177,6.7064245545905505,11.991075445409443
240,DGP 2: Investor communication,1,Violated,9.156875000000003,1.7353928298286532,5.755505053535843,12.558244946464164
241,DGP 1: No investor communication,0,Fulfilled,8.968750000000012,1.3678499412945107,6.287764115062771,11.649735884937254
241,DGP 2: Investor communication,1,Violated,8.839375000000008,1.7810578974392903,5.348501521018998,12.330248478981016
242,DGP 1: No investor communication,0,Fulfilled,11.262500000000031,1.3222471036186965,8.670895676907387,13.854104323092676
242,DGP 2: Investor communication,1,Violated,10.522499999999983,1.7434072627264952,7.105421765056052,13.939578234943914
243,DGP 1: No investor communication,0,Fulfilled,8.500624999999992,1.2946658545390317,5.96307992510349,11.038170074896495
243,DGP 2: Investor communication,1,Violated,9.162499999999987,1.7045617514065328,5.821558967243183,12.503441032756792
244,DGP 1: No investor communication,0,Fulfilled,7.833124999999999,1.3237973279688275,5.238482237181097,10.4277677628189
244,DGP 2: Investor communication,1,Violated,10.025624999999998,1.7470062054422502,6.601492837333188,13.449757162666808
245,DGP 1: No investor communication,0,Fulfilled,8.571875000000004,1.3188005494334925,5.987025923110359,11.156724076889649
245,DGP 2: Investor communication,1,Violated,11.433125000000008,1.7189312274780535,8.064019794143023,14.802230205856992
246,DGP 1: No investor communication,0,Fulfilled,8.756874999999987,1.330817451916191,6.1484727942442525,11.36527720575572
246,DGP 2: Investor communication,1,Violated,6.867499999999987,1.7378727338729785,3.4612694416089496,10.273730558391025
247,DGP 1: No investor communication,0,Fulfilled,9.26999999999999,1.3411462788637387,6.641353293427063,11.898646706572919
247,DGP 2: Investor communication,1,Violated,10.10437500000001,1.7187525064819313,6.735620087295425,13.473129912704595
248,DGP 1: No investor communication,0,Fulfilled,8.986875000000015,1.2949571208361266,6.448759043161207,11.524990956838824
248,DGP 2: Investor communication,1,Violated,6.985624999999979,1.7392703382039931,3.5766551371201527,10.394594862879806
249,DGP 1: No investor communication,0,Fulfilled,10.055624999999974,1.3322293939877914,7.444455387783903,12.666794612216044
249,DGP 2: Investor communication,1,Violated,8.826874999999992,1.7953748359774417,5.307940321484207,12.345809678515778
250,DGP 1: No investor communication,0,Fulfilled,9.01499999999999,1.3333007312901357,6.401730566671324,11.628269433328656
250,DGP 2: Investor communication,1,Violated,8.92437499999999,1.7142197456702624,5.564504298486277,12.284245701513704
251,DGP 1: No investor communication,0,Fulfilled,8.451249999999991,1.3416889252508881,5.821539706508251,11.080960293491732
251,DGP 2: Investor communication,1,Violated,7.7918749999999974,1.788945609780836,4.285541604829559,11.298208395170436
252,DGP 1: No investor communication,0,Fulfilled,9.0675,1.3377991968401168,6.445413574193372,11.68958642580663
252,DGP 2: Investor communication,1,Violated,6.161875000000002,1.7420959995127676,2.7473668409549776,9.576383159045026
253,DGP 1: No investor communication,0,Fulfilled,8.749999999999998,1.333880187394307,6.135594832707157,11.36440516729284
253,DGP 2: Investor communication,1,Violated,9.53937499999999,1.7478043639675696,6.113678446623554,12.965071553376427
254,DGP 1: No investor communication,0,Fulfilled,9.542499999999986,1.3876243710547709,6.822756232732635,12.262243767267337
254,DGP 2: Investor communication,1,Violated,8.149375000000013,1.7388940097045467,4.741142740979102,11.557607259020925
255,DGP 1: No investor communication,0,Fulfilled,8.748124999999993,1.305157019439524,6.190017241898526,11.306232758101459
255,DGP 2: Investor communication,1,Violated,9.698124999999997,1.757966764974853,6.252510140649285,13.14373985935071
256,DGP 1: No investor communication,0,Fulfilled,9.828749999999992,1.3570169572876047,7.168996763716287,12.488503236283698
256,DGP 2: Investor communication,1,Violated,6.889999999999988,1.7166826009129597,3.5253021022105875,10.254697897789388
257,DGP 1: No investor communication,0,Fulfilled,5.989375000000003,1.327610219083784,3.387258970595786,8.591491029404219
257,DGP 2: Investor communication,1,Violated,6.136874999999996,1.7564251792403922,2.6942816486888277,9.579468351311165
258,DGP 1: No investor communication,0,Fulfilled,8.456250000000011,1.311739063644077,5.885241435257621,11.027258564742402
258,DGP 2: Investor communication,1,Violated,8.316875000000014,1.6755728788108837,5.032752157530682,11.600997842469345
259,DGP 1: No investor communication,0,Fulfilled,10.72562500000001,1.3513409671577683,8.076996704370783,13.374253295629236
259,DGP 2: Investor communication,1,Violated,6.6637499999999665,1.7486172766929622,3.2364601376817608,10.091039862318173
260,DGP 1: No investor communication,0,Fulfilled,7.356250000000002,1.3364010639554404,4.736903914647339,9.975596085352665
260,DGP 2: Investor communication,1,Violated,9.346874999999985,1.723837109815786,5.9681542647610435,12.725595735238926
261,DGP 1: No investor communication,0,Fulfilled,8.814999999999985,1.3379403816813715,6.192636851904497,11.437363148095473
261,DGP 2: Investor communication,1,Violated,8.934374999999982,1.7433092220947826,5.517488924694208,12.351261075305755
262,DGP 1: No investor communication,0,Fulfilled,9.406875000000003,1.3289911286967078,6.802052387754456,12.01169761224555
262,DGP 2: Investor communication,1,Violated,5.064999999999987,1.7560400956249407,1.6231614125751035,8.50683858742487
263,DGP 1: No investor communication,0,Fulfilled,7.671249999999999,1.381279230278766,4.963942708653617,10.37855729134638
263,DGP 2: Investor communication,1,Violated,9.65874999999999,1.7218482340289263,6.283927461303295,13.033572538696685
264,DGP 1: No investor communication,0,Fulfilled,10.452499999999997,1.3636447385836319,7.779756312376079,13.125243687623914
264,DGP 2: Investor communication,1,Violated,9.483125000000019,1.7682273037479075,6.0173994846541206,12.948850515345917
265,DGP 1: No investor communication,0,Fulfilled,7.956249999999998,1.2943694655727764,5.419285847477356,10.49321415252264
265,DGP 2: Investor communication,1,Violated,7.749374999999969,1.75547274520813,4.308648419392034,11.190101580607903
266,DGP 1: No investor communication,0,Fulfilled,6.65562500000001,1.364253558454634,3.9816880254289275,9.329561974571092
266,DGP 2: Investor communication,1,Violated,6.396874999999941,1.7043997582603183,3.0562514738097173,9.737498526190166
267,DGP 1: No investor communication,0,Fulfilled,7.311874999999991,1.3545475346524412,4.6569618320812065,9.966788167918775
267,DGP 2: Investor communication,1,Violated,9.058125000000004,1.719483178206314,5.687937970715629,12.42831202928438
268,DGP 1: No investor communication,0,Fulfilled,8.044999999999968,1.390139504982168,5.3203265702349185,10.769673429765017
268,DGP 2: Investor communication,1,Violated,5.369375000000035,1.7381364052009707,1.962627645806133,8.776122354193937
269,DGP 1: No investor communication,0,Fulfilled,7.47249999999997,1.3612991994820647,4.804353569015124,10.140646430984816
269,DGP 2: Investor communication,1,Violated,7.16625,1.7700395869466112,3.696972409584642,10.635527590415357
270,DGP 1: No investor communication,0,Fulfilled,9.582499999999996,1.336443725650965,6.963070297724105,12.201929702275887
270,DGP 2: Investor communication,1,Violated,8.725625000000004,1.7402145546758554,5.314804472835328,12.136445527164682
271,DGP 1: No investor communication,0,Fulfilled,8.577500000000006,1.3597374979778831,5.912414503963355,11.242585496036657
271,DGP 2: Investor communication,1,Violated,6.5099999999999945,1.7681523186640418,3.0444214554184725,9.975578544581516
272,DGP 1: No investor communication,0,Fulfilled,9.89999999999999,1.341713773117788,7.270241004689126,12.529758995310853
272,DGP 2: Investor communication,1,Violated,7.963125000000012,1.7286820206845415,4.574908239458312,11.351341760541713
273,DGP 1: No investor communication,0,Fulfilled,8.84625,1.3474083462109556,6.205329641426527,11.487170358573472
273,DGP 2: Investor communication,1,Violated,9.1325,1.7248519205257928,5.751790235769446,12.513209764230554
274,DGP 1: No investor communication,0,Fulfilled,9.869999999999992,1.3717498522077658,7.181370289672771,12.558629710327214
274,DGP 2: Investor communication,1,Violated,9.54999999999998,1.6997981720028723,6.21839558287435,12.881604417125608
275,DGP 1: No investor communication,0,Fulfilled,10.789375000000012,1.328406024263544,8.185699192443465,13.393050807556559
275,DGP 2: Investor communication,1,Violated,12.406874999999996,1.694724760395585,9.085214469624649,15.728535530375343
276,DGP 1: No investor communication,0,Fulfilled,9.540000000000001,1.3629664635293495,6.868585731482476,12.211414268517526
276,DGP 2: Investor communication,1,Violated,7.623749999999992,1.7640045061833949,4.166301167880539,11.081198832119446
277,DGP 1: No investor communication,0,Fulfilled,8.334374999999996,1.2852186739127898,5.815346399130928,10.853403600869065
277,DGP 2: Investor communication,1,Violated,9.939374999999993,1.7129622821341977,6.581968927016966,13.29678107298302
278,DGP 1: No investor communication,0,Fulfilled,8.70000000000001,1.3321586111703498,6.088969122106125,11.311030877893895
278,DGP 2: Investor communication,1,Violated,6.065625000000004,1.684297084941439,2.764402713514784,9.366847286485225
279,DGP 1: No investor communication,0,Fulfilled,12.26750000000001,1.3443584443781063,9.632557449018922,14.9024425509811
279,DGP 2: Investor communication,1,Violated,8.0675,1.6995387361014314,4.736404077241195,11.398595922758807
280,DGP 1: No investor communication,0,Fulfilled,6.946875000000009,1.3303791149325908,4.339331934732131,9.554418065267887
280,DGP 2: Investor communication,1,Violated,9.539999999999996,1.73906839180389,6.131425952064371,12.94857404793562
281,DGP 1: No investor communication,0,Fulfilled,8.058749999999986,1.3303785266651404,5.45120808773631,10.666291912263661
281,DGP 2: Investor communication,1,Violated,8.085625000000016,1.7306896865377022,4.69347321438612,11.477776785613912
282,DGP 1: No investor communication,0,Fulfilled,8.336875000000028,1.365922427542075,5.659667042017561,11.014082957982495
282,DGP 2: Investor communication,1,Violated,6.8037499999999875,1.7159543876216223,3.4404794002616077,10.167020599738368
283,DGP 1: No investor communication,0,Fulfilled,8.240625000000009,1.2926745775417723,5.706982828018135,10.774267171981883
283,DGP 2: Investor communication,1,Violated,5.9674999999999905,1.6922391845814349,2.650711198220378,9.284288801779603
284,DGP 1: No investor communication,0,Fulfilled,11.141874999999981,1.3441167549818331,8.507406160235588,13.776343839764374
284,DGP 2: Investor communication,1,Violated,4.863125000000011,1.7887934197932263,1.3570898972052876,8.369160102794734
285,DGP 1: No investor communication,0,Fulfilled,9.87562500000001,1.3315790464910175,7.265730068877616,12.485519931122404
285,DGP 2: Investor communication,1,Violated,7.4956250000000075,1.7523434021892206,4.0610319317091355,10.93021806829088
286,DGP 1: No investor communication,0,Fulfilled,10.934375000000005,1.3578051412476224,8.273076923154665,13.595673076845344
286,DGP 2: Investor communication,1,Violated,6.551250000000019,1.7074967782081882,3.2045563147119704,9.897943685288068
287,DGP 1: No investor communication,0,Fulfilled,8.450624999999997,1.2854564660308179,5.931130326579594,10.970119673420399
287,DGP 2: Investor communication,1,Violated,7.848125000000001,1.7357749503752535,4.446006097264505,11.250243902735498
288,DGP 1: No investor communication,0,Fulfilled,9.7843749999999865,1.3611878179130865,7.116446876890337,12.452303123109637
288,DGP 2: Investor communication,1,Violated,11.831875,1.7048974318085481,8.490276033655245,15.173473966344755
289,DGP 1: No investor communication,0,Fulfilled,7.382499999999988,1.3350685393940929,4.765765662787565,9.99923433721241
289,DGP 2: Investor communication,1,Violated,10.561875000000002,1.7858530118585711,7.061603096757203,14.062146903242802
290,DGP 1: No investor communication,0,Fulfilled,10.387500000000008,1.3766515311393053,7.68926299896697,13.085737001033046
290,DGP 2: Investor communication,1,Violated,11.041249999999984,1.8050256275060033,7.503399770088217,14.57910022991175
291,DGP 1: No investor communication,0,Fulfilled,6.954999999999998,1.3388079655003702,4.330936387619273,9.579063612380724
291,DGP 2: Investor communication,1,Violated,6.381875000000033,1.706493593782296,3.0371475561867327,9.7266024438133325
292,DGP 1: No investor communication,0,Fulfilled,5.993125000000003,1.3222833482937935,3.4014496373441676,8.584800362655837
292,DGP 2: Investor communication,1,Violated,9.927499999999998,1.74500991855803,6.50728055962626,13.347719440373737
293,DGP 1: No investor communication,0,Fulfilled,9.183125000000004,1.3278305340993863,6.580577153165207,11.785672846834801
293,DGP 2: Investor communication,1,Violated,8.42875000000001,1.7905800940384853,4.919213015684578,11.938286984315441
294,DGP 1: No investor communication,0,Fulfilled,12.133749999999992,1.3683451334885668,9.451793538362402,14.815706461637582
294,DGP 2: Investor communication,1,Violated,9.029375000000016,1.752438629937883,5.594595285321765,12.464154714678266
295,DGP 1: No investor communication,0,Fulfilled,8.434999999999997,1.3211052260274294,5.845633756986235,11.024366243013759
295,DGP 2: Investor communication,1,Violated,6.769999999999973,1.7779221686301274,3.2852725494849233,10.254727450515023
296,DGP 1: No investor communication,0,Fulfilled,7.738750000000001,1.3481264094696979,5.096422237439393,10.38107776256061
296,DGP 2: Investor communication,1,Violated,8.823750000000004,1.7391773410901086,5.414962411463391,12.232537588536616
297,DGP 1: No investor communication,0,Fulfilled,11.471874999999995,1.3746793970291704,8.777503381822822,14.16624661817717
297,DGP 2: Investor communication,1,Violated,7.687499999999991,1.7387343977444185,4.279580580420931,11.095419419579052
298,DGP 1: No investor communication,0,Fulfilled,10.64625000000002,1.33206979298041,8.035393205758416,13.257106794241624
298,DGP 2: Investor communication,1,Violated,9.265625,1.7515559291047937,5.832575378954605,12.698674621045395
299,DGP 1: No investor communication,0,Fulfilled,7.130625000000009,1.4077750432399472,4.3713859152497125,9.889864084750306
299,DGP 2: Investor communication,1,Violated,7.925000000000011,1.7235026811585477,4.546934744929258,11.303065255070765
300,DGP 1: No investor communication,0,Fulfilled,11.994374999999982,1.372122711132748,9.305014486179797,14.683735513820167
300,DGP 2: Investor communication,1,Violated,9.180624999999967,1.7590131836102016,5.732959160123972,12.628290839875962
301,DGP 1: No investor communication,0,Fulfilled,8.550000000000004,1.343694621970374,5.916358540938071,11.183641459061938
301,DGP 2: Investor communication,1,Violated,9.67062499999999,1.680154843934462,6.377521505888446,12.963728494111535
302,DGP 1: No investor communication,0,Fulfilled,7.883749999999991,1.2949882081714312,5.345573111983986,10.421926888015996
302,DGP 2: Investor communication,1,Violated,10.280000000000053,1.7535582423969356,6.8430258449020585,13.716974155098047
303,DGP 1: No investor communication,0,Fulfilled,5.796249999999997,1.358122544280442,3.1343298132103303,8.458170186789664
303,DGP 2: Investor communication,1,Violated,8.948125,1.7134692918530796,5.589725187967963,12.306524812032036
304,DGP 1: No investor communication,0,Fulfilled,9.503124999999988,1.374970578644873,6.808182665856037,12.19806733414394
304,DGP 2: Investor communication,1,Violated,8.66187500000001,1.7377325977774123,5.255919108356283,12.06783089164374
305,DGP 1: No investor communication,0,Fulfilled,9.490625000000009,1.3472870224985007,6.849942435902947,12.131307564097071
305,DGP 2: Investor communication,1,Violated,9.765000000000004,1.7355553900371141,6.36331143552726,13.166688564472748
306,DGP 1: No investor communication,0,Fulfilled,9.291250000000023,1.3601882079991432,6.625281112321702,11.957218887678344
306,DGP 2: Investor communication,1,Violated,6.3224999999999945,1.7414453578214946,2.909267098669865,9.735732901330124
307,DGP 1: No investor communication,0,Fulfilled,6.3668749999999905,1.3861229124884271,3.6500740915226735,9.083675908477307
307,DGP 2: Investor communication,1,Violated,9.919374999999985,1.6851563818613982,6.616468491551644,13.222281508448326
308,DGP 1: No investor communication,0,Fulfilled,6.994375000000007,1.3139294790475964,4.419073221066718,9.569676778933296
308,DGP 2: Investor communication,1,Violated,8.901250000000022,1.76665570593729,5.438604816362934,12.36389518363711
309,DGP 1: No investor communication,0,Fulfilled,8.809999999999999,1.3492655590352864,6.165439504290838,11.45456049570916
309,DGP 2: Investor communication,1,Violated,9.623124999999984,1.642804109103633,6.4032289461568634,12.843021053843104
310,DGP 1: No investor communication,0,Fulfilled,8.751875000000005,1.3277428541074932,6.149499005949319,11.354250994050691
310,DGP 2: Investor communication,1,Violated,6.171875000000009,1.7516309055244972,2.7386784251719947,9.605071574828024
311,DGP 1: No investor communication,0,Fulfilled,8.709999999999997,1.2947476112530916,6.172294681943938,11.247705318056056
311,DGP 2: Investor communication,1,Violated,9.251875000000002,1.6797371299730743,5.959590225252777,12.544159774747227
312,DGP 1: No investor communication,0,Fulfilled,9.160000000000014,1.3579827194353529,6.4983538699067225,11.821646130093306
312,DGP 2: Investor communication,1,Violated,9.405624999999997,1.7550572744453266,5.965712742087157,12.845537257912838
313,DGP 1: No investor communication,0,Fulfilled,6.250624999999999,1.367122608033849,3.5710646882536556,8.930185311746342
313,DGP 2: Investor communication,1,Violated,7.462499999999988,1.778604519385948,3.9764351420035298,10.948564857996447
314,DGP 1: No investor communication,0,Fulfilled,8.465625000000001,1.3691967984624431,5.781999275013613,11.14925072498639
314,DGP 2: Investor communication,1,Violated,9.234374999999996,1.7783085800882212,5.748890183027083,12.71985981697291
315,DGP 1: No investor communication,0,Fulfilled,8.998750000000005,1.3701191850597392,6.313316397282916,11.684183602717093
315,DGP 2: Investor communication,1,Violated,9.46499999999999,1.7037540449884572,6.125642071822613,12.804357928177366
316,DGP 1: No investor communication,0,Fulfilled,9.168750000000006,1.3175324451746309,6.58638640745773,11.751113592542282
316,DGP 2: Investor communication,1,Violated,6.205000000000009,1.7289299034695211,2.8162973891997476,9.593702610800271
317,DGP 1: No investor communication,0,Fulfilled,7.643749999999995,1.357549382624352,4.982953210056266,10.304546789943725
317,DGP 2: Investor communication,1,Violated,11.495625000000018,1.7348623216294077,8.095294849606379,14.895955150393657
318,DGP 1: No investor communication,0,Fulfilled,10.05375000000001,1.3784898694795509,7.3519098558200895,12.75559014417993
318,DGP 2: Investor communication,1,Violated,6.090625000000022,1.8079002240214732,2.547140560917935,9.63410943908211
319,DGP 1: No investor communication,0,Fulfilled,7.417499999999995,1.3213973322432768,4.827561228803173,10.007438771196817
319,DGP 2: Investor communication,1,Violated,10.736249999999993,1.7630346688557574,7.280702049042708,14.191797950957277
320,DGP 1: No investor communication,0,Fulfilled,8.52312499999998,1.331823659543369,5.912750627294978,11.133499372704984
320,DGP 2: Investor communication,1,Violated,5.625625000000031,1.732897193226325,2.229146501276434,9.022103498723629
321,DGP 1: No investor communication,0,Fulfilled,8.87937500000001,1.3561396338516818,6.2213413176507135,11.537408682349307
321,DGP 2: Investor communication,1,Violated,8.586249999999957,1.716427243163782,5.222052603398945,11.95044739660097
322,DGP 1: No investor communication,0,Fulfilled,7.279999999999989,1.3405767911058393,4.652469489432544,9.907530510567433
322,DGP 2: Investor communication,1,Violated,8.850000000000009,1.710943100825685,5.496551522381666,12.203448477618352
323,DGP 1: No investor communication,0,Fulfilled,8.754375,1.2964219377579485,6.213388001994421,11.295361998005578
323,DGP 2: Investor communication,1,Violated,8.58249999999999,1.762314505108238,5.128363569987844,12.036636430012138
324,DGP 1: No investor communication,0,Fulfilled,9.853750000000009,1.346696777079717,7.214224316923763,12.493275683076254
324,DGP 2: Investor communication,1,Violated,6.695625000000015,1.730001010199752,3.304823020008501,10.08642697999153
325,DGP 1: No investor communication,0,Fulfilled,9.25875000000002,1.3265402278723692,6.6587311533701765,11.858768846629864
325,DGP 2: Investor communication,1,Violated,11.524999999999984,1.7166452318700307,8.160375345534725,14.889624654465244
326,DGP 1: No investor communication,0,Fulfilled,7.469999999999979,1.322414661438229,4.87806726358105,10.061932736418909
326,DGP 2: Investor communication,1,Violated,11.186250000000015,1.7096873577733678,7.835262778764214,14.537237221235817
327,DGP 1: No investor communication,0,Fulfilled,7.420624999999988,1.338610743885438,4.796947941984529,10.044302058015447
327,DGP 2: Investor communication,1,Violated,7.296874999999979,1.7240481044552847,3.917740715267621,10.676009284732336
328,DGP 1: No investor communication,0,Fulfilled,6.783749999999981,1.318273792459532,4.199933366779298,9.367566633220664
328,DGP 2: Investor communication,1,Violated,10.448750000000006,1.7009593136831793,7.114869745180974,13.782630254819036
329,DGP 1: No investor communication,0,Fulfilled,9.377499999999989,1.3680229733471578,6.696174972239559,12.058825027760419
329,DGP 2: Investor communication,1,Violated,7.125624999999999,1.6989470264646553,3.795688828129275,10.455561171870723
330,DGP 1: No investor communication,0,Fulfilled,10.819375000000015,1.3604747041814464,8.15284457980438,13.48590542019565
330,DGP 2: Investor communication,1,Violated,8.854999999999993,1.737527784532024,5.4494455423172266,12.26055445768276
331,DGP 1: No investor communication,0,Fulfilled,10.909999999999997,1.3426250630867818,8.278454876349905,13.541545123650089
331,DGP 2: Investor communication,1,Violated,6.303749999999985,1.7568898127537502,2.8602459670026343,9.747254032997336
332,DGP 1: No investor communication,0,Fulfilled,7.185625000000016,1.3691830819584727,4.502026159361409,9.869223840638622
332,DGP 2: Investor communication,1,Violated,8.98812500000002,1.7476502500875286,5.562730509828464,12.413519490171575
333,DGP 1: No investor communication,0,Fulfilled,10.76749999999999,1.3472296643087236,8.126929857954892,13.408070142045087
333,DGP 2: Investor communication,1,Violated,4.229374999999996,1.7088592740122708,0.8800108229359451,7.578739177064046
334,DGP 1: No investor communication,0,Fulfilled,7.889375000000007,1.340996785319639,5.261021300773515,10.517728699226499
334,DGP 2: Investor communication,1,Violated,7.660625000000001,1.7305516219801749,4.268743820918859,11.052506179081144
335,DGP 1: No investor communication,0,Fulfilled,9.799375000000026,1.327728117406055,7.197027889884159,12.401722110115895
335,DGP 2: Investor communication,1,Violated,7.219374999999989,1.7349145863648021,3.8189424107249765,10.619807589275002
336,DGP 1: No investor communication,0,Fulfilled,8.82312499999999,1.348793157475793,6.179490411347436,11.466759588652545
336,DGP 2: Investor communication,1,Violated,7.009999999999992,1.6768124221623204,3.723447652561844,10.29655234743814
337,DGP 1: No investor communication,0,Fulfilled,10.93187499999998,1.3283357881953535,8.328336855137088,13.535413144862872
337,DGP 2: Investor communication,1,Violated,10.434999999999997,1.735675174697754,7.0330766575923995,13.836923342407594
338,DGP 1: No investor communication,0,Fulfilled,10.646250000000007,1.3319872116952245,8.035555065077368,13.256944934922647
338,DGP 2: Investor communication,1,Violated,8.529999999999996,1.7517713791141323,5.0965280969362965,11.963471903063695
339,DGP 1: No investor communication,0,Fulfilled,11.146874999999987,1.3536975312049475,8.49362783883829,13.800122161161685
339,DGP 2: Investor communication,1,Violated,8.241250000000006,1.7387993650290934,4.833203244542983,11.64929675545703
340,DGP 1: No investor communication,0,Fulfilled,9.332500000000008,1.3472994143120356,6.6917931479484185,11.973206852051598
340,DGP 2: Investor communication,1,Violated,8.71687499999998,1.698992229552705,5.3868502300766785,12.046899769923282
341,DGP 1: No investor communication,0,Fulfilled,7.713125000000005,1.3207142941581527,5.124524983450026,10.301725016549984
341,DGP 2: Investor communication,1,Violated,10.010625000000005,1.7640198415971449,6.5531461104696005,13.468103889530408
342,DGP 1: No investor communication,0,Fulfilled,7.165625000000031,1.350437621825724,4.518767261221613,9.81248273877845
342,DGP 2: Investor communication,1,Violated,5.787499999999985,1.7358001806402898,2.3853316459450173,9.189668354054954
343,DGP 1: No investor communication,0,Fulfilled,7.502499999999987,1.3372216319454826,4.881545601386842,10.123454398613132
343,DGP 2: Investor communication,1,Violated,9.199374999999986,1.7217413134883208,5.824762025562877,12.573987974437095
344,DGP 1: No investor communication,0,Fulfilled,7.449374999999992,1.3496654236291732,4.804030769686813,10.09471923031317
344,DGP 2: Investor communication,1,Violated,7.466875000000027,1.7185362109962596,4.098544026447358,10.835205973552696
345,DGP 1: No investor communication,0,Fulfilled,10.63812499999999,1.3526120637277488,7.987005355093602,13.289244644906377
345,DGP 2: Investor communication,1,Violated,8.74187499999998,1.7230380546790784,5.364720412828987,12.119029587170974
346,DGP 1: No investor communication,0,Fulfilled,8.524999999999967,1.330949197524607,5.9163395728517365,11.133660427148197
346,DGP 2: Investor communication,1,Violated,10.050000000000018,1.750261603677099,6.619487256792905,13.480512743207132
347,DGP 1: No investor communication,0,Fulfilled,8.24000000000001,1.340512105112802,5.6125962739789195,10.867403726021102
347,DGP 2: Investor communication,1,Violated,7.166874999999992,1.6986865840172183,3.8374492953262442,10.49630070467374
348,DGP 1: No investor communication,0,Fulfilled,6.924375000000008,1.3543966048429428,4.26975765450784,9.578992345492177
348,DGP 2: Investor communication,1,Violated,9.48687499999999,1.7668188871073396,6.023909981269606,12.949840018730375
349,DGP 1: No investor communication,0,Fulfilled,9.072500000000005,1.3035223570691552,6.51759618014446,11.62740381985555
349,DGP 2: Investor communication,1,Violated,10.561874999999997,1.7940575459067438,7.04552221002278,14.078227789977214
350,DGP 1: No investor communication,0,Fulfilled,9.816874999999992,1.3564430530307912,7.158246616059642,12.475503383940342
350,DGP 2: Investor communication,1,Violated,8.673750000000009,1.7686999934568786,5.2070980128245274,12.14040198717549
351,DGP 1: No investor communication,0,Fulfilled,8.200000000000003,1.3671579352945171,5.520370446822749,10.879629553177256
351,DGP 2: Investor communication,1,Violated,7.185000000000013,1.711015418183382,3.831409780360584,10.538590219639442
352,DGP 1: No investor communication,0,Fulfilled,9.043749999999992,1.3486611631639636,6.400374120198624,11.68712587980136
352,DGP 2: Investor communication,1,Violated,8.621250000000007,1.746425374164329,5.198256266637922,12.04424373336209
353,DGP 1: No investor communication,0,Fulfilled,8.080625000000008,1.3262010698370772,5.481270903119337,10.679979096880679
353,DGP 2: Investor communication,1,Violated,7.36437500000002,1.7427215115843442,3.9486408372947057,10.780109162705335
354,DGP 1: No investor communication,0,Fulfilled,8.440625000000022,1.3308987313954819,5.832063486464877,11.049186513535167
354,DGP 2: Investor communication,1,Violated,7.920624999999994,1.731088101184037,4.5276923216792815,11.313557678320706
355,DGP 1: No investor communication,0,Fulfilled,8.51875,1.305062452602439,5.9608275928992205,11.07667240710078
355,DGP 2: Investor communication,1,Violated,10.876874999999988,1.7346542117144252,7.476952745039714,14.276797254960261
356,DGP 1: No investor communication,0,Fulfilled,8.779374999999996,1.3536060185853247,6.12630720357276,11.432442796427232
356,DGP 2: Investor communication,1,Violated,8.402499999999979,1.6851167920883035,5.099671087506904,11.705328912493053
357,DGP 1: No investor communication,0,Fulfilled,9.680625000000001,1.3849568513457238,6.966109571362383,12.39514042863762
357,DGP 2: Investor communication,1,Violated,9.32875,1.725729674687659,5.946319837612188,12.71118016238781
358,DGP 1: No investor communication,0,Fulfilled,8.613750000000007,1.3265720525467495,6.013668777008378,11.213831222991637
358,DGP 2: Investor communication,1,Violated,10.176874999999999,1.7103672763157527,6.824555138421124,13.529194861578874
359,DGP 1: No investor communication,0,Fulfilled,7.6712500000000095,1.30190396272033,5.119518233068163,10.222981766931856
359,DGP 2: Investor communication,1,Violated,5.298750000000011,1.7542246489439963,1.8604696880697782,8.737030311930244
360,DGP 1: No investor communication,0,Fulfilled,8.817500000000006,1.3482384792747155,6.174952580621564,11.460047419378448
360,DGP 2: Investor communication,1,Violated,7.421875000000002,1.703820702835018,4.082386422443367,10.761363577556637
361,DGP 1: No investor communication,0,Fulfilled,9.358124999999998,1.3368372829295272,6.737923925458125,11.97832607454187
361,DGP 2: Investor communication,1,Violated,6.5675000000000034,1.7478743901189326,3.1416661953668954,9.993333804633112
362,DGP 1: No investor communication,0,Fulfilled,9.344999999999997,1.3674886103065242,6.664722323799209,12.025277676200785
362,DGP 2: Investor communication,1,Violated,5.726875000000019,1.7548929495837806,2.2872848188158095,9.166465181184229
363,DGP 1: No investor communication,0,Fulfilled,7.2087500000000135,1.3388061056431062,4.584690032939525,9.832809967060502
363,DGP 2: Investor communication,1,Violated,7.518750000000003,1.738038748022358,4.112194053876182,10.925305946123824
364,DGP 1: No investor communication,0,Fulfilled,9.041874999999992,1.366305487659147,6.363916244188064,11.71983375581192
364,DGP 2: Investor communication,1,Violated,9.202499999999992,1.7305273570583206,5.810666380165683,12.5943336198343
365,DGP 1: No investor communication,0,Fulfilled,10.047500000000005,1.356812891474896,7.388146732709209,12.7068532672908
365,DGP 2: Investor communication,1,Violated,10.88937499999999,1.7148799421389054,7.528210313407736,14.250539686592244
366,DGP 1: No investor communication,0,Fulfilled,8.665625000000006,1.3326695019248902,6.053592776227221,11.27765722377279
366,DGP 2: Investor communication,1,Violated,6.341874999999975,1.7755121169008221,2.861871250874364,9.821878749125586
367,DGP 1: No investor communication,0,Fulfilled,7.366249999999992,1.3075511337271148,4.803449777894847,9.929050222105136
367,DGP 2: Investor communication,1,Violated,8.534999999999998,1.7378414005191485,5.128830854982468,11.941169145017529
368,DGP 1: No investor communication,0,Fulfilled,9.68437500000002,1.3069563299974487,7.122740593205021,12.24600940679502
368,DGP 2: Investor communication,1,Violated,9.36,1.7366690368525375,5.956128687769025,12.763871312230973
369,DGP 1: No investor communication,0,Fulfilled,10.255624999999997,1.3798906697161721,7.5510392873563,12.960210712643693
369,DGP 2: Investor communication,1,Violated,6.193749999999998,1.7474274606042521,2.768792177215664,9.618707822784332
370,DGP 1: No investor communication,0,Fulfilled,9.346874999999997,1.3460444228637845,6.70862793118698,11.985122068813014
370,DGP 2: Investor communication,1,Violated,10.502500000000012,1.6826193768474018,7.2045660213791045,13.80043397862092
371,DGP 1: No investor communication,0,Fulfilled,12.53687499999999,1.2896534712851644,10.009154196281067,15.064595803718912
371,DGP 2: Investor communication,1,Violated,9.363124999999998,1.7038694961562695,6.02354078753371,12.702709212466287
372,DGP 1: No investor communication,0,Fulfilled,6.59187499999998,1.328292761294206,3.9884211878633367,9.195328812136625
372,DGP 2: Investor communication,1,Violated,8.646250000000004,1.793895750680085,5.130214328667037,12.16228567133297
373,DGP 1: No investor communication,0,Fulfilled,9.058124999999999,1.3616909227008345,6.389210791506363,11.727039208493634
373,DGP 2: Investor communication,1,Violated,9.808750000000007,1.7653283604354346,6.348706413546555,13.268793586453459
374,DGP 1: No investor communication,0,Fulfilled,8.959999999999996,1.3382222350825075,6.3370844192382805,11.58291558076171
374,DGP 2: Investor communication,1,Violated,3.843750000000007,1.7318085707633857,0.44940520130377104,7.238094798696244
375,DGP 1: No investor communication,0,Fulfilled,8.955625000000012,1.372181763388563,6.2661487437584285,11.645101256241595
375,DGP 2: Investor communication,1,Violated,6.438124999999994,1.7213396037725655,3.064299376605766,9.811950623394223
376,DGP 1: No investor communication,0,Fulfilled,7.993125000000017,1.3629044194305704,5.321832337916099,10.664417662083935
376,DGP 2: Investor communication,1,Violated,8.259999999999987,1.7135967541141959,4.901350361936164,11.618649638063811
377,DGP 1: No investor communication,0,Fulfilled,7.1875,1.3837986820858514,4.475254583111731,9.899745416888269
377,DGP 2: Investor communication,1,Violated,10.581250000000004,1.738474067759358,7.173840827191663,13.988659172808346
378,DGP 1: No investor communication,0,Fulfilled,10.21562499999999,1.3290282711222938,7.610729588600295,12.820520411399686
378,DGP 2: Investor communication,1,Violated,5.321874999999977,1.7249698149995405,1.940934162600878,8.702815837399076
379,DGP 1: No investor communication,0,Fulfilled,8.653125,1.3012477010792107,6.102679505884746,11.203570494115253
379,DGP 2: Investor communication,1,Violated,7.096250000000008,1.7874022761372128,3.5929415387710715,10.599558461228945
380,DGP 1: No investor communication,0,Fulfilled,11.240624999999996,1.3376406623327115,8.618849301827883,13.86240069817211
380,DGP 2: Investor communication,1,Violated,8.824375000000003,1.7079836270232678,5.476727091034398,12.172022908965609
381,DGP 1: No investor communication,0,Fulfilled,10.224374999999995,1.3751184438873243,7.52914284998084,12.91960715001915
381,DGP 2: Investor communication,1,Violated,3.946875000000004,1.7591528610983835,0.4989353922471724,7.394814607752835
382,DGP 1: No investor communication,0,Fulfilled,8.414374999999986,1.3489248558114681,5.770482282609509,11.058267717390462
382,DGP 2: Investor communication,1,Violated,8.195625000000021,1.7443540617021958,4.776691039063717,11.614558960936325
383,DGP 1: No investor communication,0,Fulfilled,6.3874999999999975,1.373059435460482,3.696303506497453,9.078696493502541
383,DGP 2: Investor communication,1,Violated,8.068750000000009,1.7015208722632431,4.733769090364052,11.403730909635964
384,DGP 1: No investor communication,0,Fulfilled,8.382500000000023,1.3700051751014664,5.697289856801149,11.067710143198898
384,DGP 2: Investor communication,1,Violated,8.370625000000011,1.8120821054221492,4.818944073372599,11.922305926627423
385,DGP 1: No investor communication,0,Fulfilled,11.519375,1.3212349498299012,8.929754498333393,14.108995501666607
385,DGP 2: Investor communication,1,Violated,6.495624999999986,1.6855405423681873,3.1919655369583393,9.799284463041634
386,DGP 1: No investor communication,0,Fulfilled,9.687500000000004,1.3354804089789274,7.069958398401306,12.3050416015987
386,DGP 2: Investor communication,1,Violated,10.041874999999962,1.7260317686896494,6.658852733368249,13.424897266631675
387,DGP 1: No investor communication,0,Fulfilled,9.573124999999997,1.3318172474254566,6.962763195046103,12.183486804953892
387,DGP 2: Investor communication,1,Violated,10.703125,1.7294001437721573,7.313500718206572,14.092749281793427
388,DGP 1: No investor communication,0,Fulfilled,11.148749999999993,1.344451627066311,8.513624810950024,13.783875189049962
388,DGP 2: Investor communication,1,Violated,6.430000000000007,1.7416730830592904,3.0163207572037978,9.843679242796217
389,DGP 1: No investor communication,0,Fulfilled,9.48687499999999,1.3937915722028227,6.755043518482458,12.218706481517522
389,DGP 2: Investor communication,1,Violated,7.260000000000007,1.7128503556107066,3.902813303003022,10.617186696996992
390,DGP 1: No investor communication,0,Fulfilled,9.21812500000001,1.3663260189828519,6.54012600279362,11.896123997206399
390,DGP 2: Investor communication,1,Violated,9.555625,1.7384705440607693,6.148222733640891,12.963027266359108
391,DGP 1: No investor communication,0,Fulfilled,9.290000000000012,1.3467133984640558,6.650441739010462,11.92955826098956
391,DGP 2: Investor communication,1,Violated,7.007500000000029,1.7666408317544815,3.544883969761245,10.470116030238813
392,DGP 1: No investor communication,0,Fulfilled,9.167499999999999,1.3591442486777168,6.503577272591674,11.831422727408324
392,DGP 2: Investor communication,1,Violated,8.342500000000003,1.7143437856043473,4.982386180215482,11.702613819784524
393,DGP 1: No investor communication,0,Fulfilled,9.768125,1.3830881382010347,7.057272249125972,12.478977750874026
393,DGP 2: Investor communication,1,Violated,5.325000000000005,1.746159866830792,1.9025266610116525,8.747473338988357
394,DGP 1: No investor communication,0,Fulfilled,9.706875000000002,1.3402824464765672,7.07992140490593,12.333828595094074
394,DGP 2: Investor communication,1,Violated,10.151875000000002,1.6938980963099772,6.831834731232447,13.471915268767557
395,DGP 1: No investor communication,0,Fulfilled,9.024999999999993,1.311009259942377,6.455421850512934,11.594578149487052
395,DGP 2: Investor communication,1,Violated,9.348749999999999,1.7108289183701795,5.995525319994448,12.70197468000555
396,DGP 1: No investor communication,0,Fulfilled,9.605625000000005,1.3949074114823816,6.871606473494538,12.339643526505473
396,DGP 2: Investor communication,1,Violated,9.685000000000024,1.7315227749986675,6.291215361002635,13.078784638997412
397,DGP 1: No investor communication,0,Fulfilled,8.299375000000024,1.3431625370130085,5.666776427454527,10.931973572545521
397,DGP 2: Investor communication,1,Violated,6.467500000000021,1.688816691254681,3.157419285140846,9.777580714859194
398,DGP 1: No investor communication,0,Fulfilled,9.196874999999991,1.3493162762665278,6.552215098517597,11.841534901482387
398,DGP 2: Investor communication,1,Violated,6.1706250000000065,1.749097969634422,2.7423929795165396,9.598857020483473
399,DGP 1: No investor communication,0,Fulfilled,9.734375000000005,1.3651379272970683,7.058704662497751,12.41004533750226
399,DGP 2: Investor communication,1,Violated,5.653749999999981,1.7268858990523497,2.269053637857376,9.038446362142587
400,DGP 1: No investor communication,0,Fulfilled,9.373125000000025,1.3351531012305675,6.756224921588112,11.990025078411938
400,DGP 2: Investor communication,1,Violated,10.328749999999996,1.680896440156275,7.0341929772936975,13.623307022706294
401,DGP 1: No investor communication,0,Fulfilled,10.484999999999992,1.3435019782398112,7.851736122649962,13.118263877350023
401,DGP 2: Investor communication,1,Violated,6.911874999999996,1.7350283313017683,3.51121947064853,10.312530529351461
402,DGP 1: No investor communication,0,Fulfilled,8.711250000000005,1.328512965327326,6.107364587958446,11.315135412041563
402,DGP 2: Investor communication,1,Violated,6.2881249999999795,1.739145394403458,2.879400026969202,9.696849973030757
403,DGP 1: No investor communication,0,Fulfilled,8.013750000000005,1.3604337007266585,5.347299946575754,10.680200053424256
403,DGP 2: Investor communication,1,Violated,8.746249999999954,1.7086201937704864,5.3973544202098,12.095145579790106
404,DGP 1: No investor communication,0,Fulfilled,5.856875000000011,1.3476477641777076,3.215485382211704,8.498264617788319
404,DGP 2: Investor communication,1,Violated,9.738124999999991,1.7576624548073556,6.293106588577574,13.183143411422408
405,DGP 1: No investor communication,0,Fulfilled,8.04312500000002,1.3764156602128061,5.345350305982919,10.74089969401712
405,DGP 2: Investor communication,1,Violated,6.29374999999998,1.699696869779031,2.9623441352330793,9.62515586476688
406,DGP 1: No investor communication,0,Fulfilled,9.089374999999992,1.3077561056600993,6.526173032906197,11.652576967093786
406,DGP 2: Investor communication,1,Violated,8.673749999999998,1.7202653025474464,5.302030007007003,12.045469992992993
407,DGP 1: No investor communication,0,Fulfilled,9.278750000000013,1.3631981992447706,6.606881529480263,11.950618470519764
407,DGP 2: Investor communication,1,Violated,8.344999999999995,1.7177086339295335,4.97829107749811,11.711708922501881
408,DGP 1: No investor communication,0,Fulfilled,8.368750000000002,1.3580987973195398,5.706876357253704,11.0306236427463
408,DGP 2: Investor communication,1,Violated,7.629999999999984,1.727150099277476,4.2447858054161305,11.015214194583837
409,DGP 1: No investor communication,0,Fulfilled,8.517499999999993,1.3872843126100778,5.79842274728424,11.236577252715746
409,DGP 2: Investor communication,1,Violated,5.0650000000000395,1.7249653091635844,1.684067994039414,8.445932005960664
410,DGP 1: No investor communication,0,Fulfilled,8.838124999999996,1.3068443759998594,6.2767100230402715,11.399539976959721
410,DGP 2: Investor communication,1,Violated,9.636250000000006,1.7379323997824894,6.229902496426327,13.042597503573685
411,DGP 1: No investor communication,0,Fulfilled,8.496250000000005,1.3211594063627512,5.906777563529013,11.085722436470999
411,DGP 2: Investor communication,1,Violated,11.022499999999992,1.724285848991629,7.6428997359764,14.402100264023584
412,DGP 1: No investor communication,0,Fulfilled,8.028750000000002,1.3367149517870593,5.408788694497366,10.648711305502639
412,DGP 2: Investor communication,1,Violated,5.102500000000012,1.7439953557997363,1.6842691026325283,8.520730897367494
413,DGP 1: No investor communication,0,Fulfilled,10.271875000000007,1.313237960319758,7.697928597773281,12.845821402226733
413,DGP 2: Investor communication,1,Violated,10.75875,1.7173913958804345,7.392662864074348,14.12483713592565
414,DGP 1: No investor communication,0,Fulfilled,6.5606249999999875,1.3706518853770864,3.874147304660898,9.247102695339077
414,DGP 2: Investor communication,1,Violated,9.30312500000002,1.6823033695053136,6.005810395769604,12.600439604230434
415,DGP 1: No investor communication,0,Fulfilled,8.785624999999987,1.371592696652283,6.097303314561513,11.473946685438461
415,DGP 2: Investor communication,1,Violated,8.334375000000025,1.7464143324086385,4.9114029084790936,11.757347091520955
416,DGP 1: No investor communication,0,Fulfilled,10.338125000000007,1.3219267830392794,7.74714850524302,12.929101494756994
416,DGP 2: Investor communication,1,Violated,6.004375000000012,1.7560624371067795,2.562492623270724,9.4462573767293
417,DGP 1: No investor communication,0,Fulfilled,10.023124999999999,1.3110824210739878,7.453403454694982,12.592846545305015
417,DGP 2: Investor communication,1,Violated,4.822499999999986,1.7316366183116711,1.4284922281091101,8.21650777189086
418,DGP 1: No investor communication,0,Fulfilled,9.01999999999999,1.371314425094123,6.33222372681551,11.707776273184471
418,DGP 2: Investor communication,1,Violated,7.966249999999993,1.734248440561815,4.567123056498836,11.36537694350115
419,DGP 1: No investor communication,0,Fulfilled,7.219999999999998,1.3582532493571953,4.557823631259895,9.882176368740101
419,DGP 2: Investor communication,1,Violated,7.515624999999995,1.7060437358367935,4.17177927775988,10.85947072224011
420,DGP 1: No investor communication,0,Fulfilled,7.078125,1.322513205927157,4.485999116382772,9.670250883617229
420,DGP 2: Investor communication,1,Violated,10.656249999999996,1.7567706001009,7.212979623802232,14.099520376197761
421,DGP 1: No investor communication,0,Fulfilled,10.701874999999996,1.3614511457518945,8.033430754326282,13.37031924567371
421,DGP 2: Investor communication,1,Violated,10.517500000000016,1.7289887042544259,7.128682139661342,13.90631786033869
422,DGP 1: No investor communication,0,Fulfilled,6.166250000000008,1.2948928502340808,3.6282600135412095,8.704239986458806
422,DGP 2: Investor communication,1,Violated,7.009374999999986,1.7773305405395765,3.5258071405424163,10.492942859457557
423,DGP 1: No investor communication,0,Fulfilled,10.321875000000002,1.3666401021632277,7.643260399760075,13.000489600239929
423,DGP 2: Investor communication,1,Violated,6.226250000000027,1.7635098039271915,2.7697707843027315,9.682729215697321
424,DGP 1: No investor communication,0,Fulfilled,9.263124999999999,1.3381598078259012,6.640331776661233,11.885918223338765
424,DGP 2: Investor communication,1,Violated,8.369374999999986,1.714637257347353,5.008685975599174,11.730064024400797
425,DGP 1: No investor communication,0,Fulfilled,7.4825,1.3168769916377354,4.901421096390038,10.063578903609962
425,DGP 2: Investor communication,1,Violated,7.3493749999999896,1.7219686691638585,3.974316408438827,10.724433591561152
426,DGP 1: No investor communication,0,Fulfilled,10.985624999999985,1.3540593499575908,8.331668674083106,13.639581325916863
426,DGP 2: Investor communication,1,Violated,6.016249999999989,1.743969328532646,2.5980701160760025,9.434429883923976
427,DGP 1: No investor communication,0,Fulfilled,7.456250000000015,1.3363602942993797,4.836983823173231,10.075516176826799
427,DGP 2: Investor communication,1,Violated,8.674374999999984,1.7470126595217879,5.250230187337279,12.098519812662687
428,DGP 1: No investor communication,0,Fulfilled,11.174999999999995,1.3602930832259243,8.508825556877184,13.841174443122807
428,DGP 2: Investor communication,1,Violated,8.263124999999999,1.7340961744599503,4.864296498058496,11.6619535019415
429,DGP 1: No investor communication,0,Fulfilled,9.429374999999984,1.325746704407039,6.830911459362188,12.02783854063778
429,DGP 2: Investor communication,1,Violated,6.948125000000006,1.7662792566109689,3.4862176570425074,10.410032342957505
430,DGP 1: No investor communication,0,Fulfilled,7.44125,1.2842544950458787,4.924111189710078,9.958388810289922
430,DGP 2: Investor communication,1,Violated,8.850000000000012,1.7537813409774619,5.4125885716841875,12.287411428315837
431,DGP 1: No investor communication,0,Fulfilled,11.178124999999996,1.3519178756453238,8.528365963735162,13.82788403626483
431,DGP 2: Investor communication,1,Violated,10.033125000000004,1.786022342151981,6.532521209382121,13.533728790617886
432,DGP 1: No investor communication,0,Fulfilled,9.237499999999999,1.3040984305130008,6.681467076194517,11.793532923805481
432,DGP 2: Investor communication,1,Violated,11.286250000000017,1.7144139209759701,7.925998714887116,14.646501285112919
433,DGP 1: No investor communication,0,Fulfilled,8.625625,1.348857973065865,5.9818633727909045,11.269386627209094
433,DGP 2: Investor communication,1,Violated,8.353750000000028,1.7541995823647154,4.915518818565186,11.79198118143487
434,DGP 1: No investor communication,0,Fulfilled,10.941250000000014,1.3366796731027155,8.321357840718692,13.561142159281337
434,DGP 2: Investor communication,1,Violated,8.233125000000012,1.738697904866963,4.825277106460764,11.64097289353926
435,DGP 1: No investor communication,0,Fulfilled,8.053125000000014,1.3478302862248053,5.4113776389993955,10.694872361000632
435,DGP 2: Investor communication,1,Violated,8.741250000000017,1.705660668196873,5.398155090334146,12.084344909665887
436,DGP 1: No investor communication,0,Fulfilled,6.8931249999999995,1.362603562216335,4.222422018055983,9.563827981944016
436,DGP 2: Investor communication,1,Violated,5.620000000000015,1.741885747954692,2.205903934008819,9.03409606599121
437,DGP 1: No investor communication,0,Fulfilled,8.416875000000026,1.365996726791275,5.739521415489127,11.094228584510924
437,DGP 2: Investor communication,1,Violated,8.023749999999975,1.7216060111786444,4.649402218089832,11.398097781910117
438,DGP 1: No investor communication,0,Fulfilled,7.393749999999985,1.326148450174187,4.7944990376585785,9.993000962341391
438,DGP 2: Investor communication,1,Violated,8.060624999999995,1.7392897158970413,4.651617156841794,11.469632843158195
439,DGP 1: No investor communication,0,Fulfilled,9.548750000000023,1.3515952942826612,6.899623223206007,12.19787677679404
439,DGP 2: Investor communication,1,Violated,4.566875,1.7653160795683724,1.1068554840459894,8.026894515954009
440,DGP 1: No investor communication,0,Fulfilled,9.230000000000004,1.3476097014254993,6.588684985206026,11.871315014793982
440,DGP 2: Investor communication,1,Violated,6.72999999999999,1.7086270896633748,3.381090904259775,10.078909095740205
441,DGP 1: No investor communication,0,Fulfilled,10.270624999999999,1.3309124476003495,7.6620366027033135,12.879213397296684
441,DGP 2: Investor communication,1,Violated,9.26687499999999,1.6800821433579736,5.973913999018362,12.559836000981619
442,DGP 1: No investor communication,0,Fulfilled,9.400000000000013,1.3427317457485823,6.768245778332791,12.031754221667235
442,DGP 2: Investor communication,1,Violated,9.301874999999994,1.7293640715270917,5.912321419806894,12.691428580193094
443,DGP 1: No investor communication,0,Fulfilled,8.6687500000000135,1.3846120925156349,5.954910298669369,11.382589701330659
443,DGP 2: Investor communication,1,Violated,7.647500000000022,1.7635496440959397,4.19094269757198,11.104057302428064
444,DGP 1: No investor communication,0,Fulfilled,10.655625000000008,1.3328704355243164,8.043198946372348,13.268051053627667
444,DGP 2: Investor communication,1,Violated,6.6875,1.767823328394035,3.2225662763476914,10.152433723652308
445,DGP 1: No investor communication,0,Fulfilled,12.088749999999996,1.3659610735089918,9.411466295922372,14.76603370407762
445,DGP 2: Investor communication,1,Violated,8.626249999999992,1.7353891340389023,5.224887297283743,12.02761270271624
446,DGP 1: No investor communication,0,Fulfilled,6.753749999999997,1.3612612798856227,4.085677891424176,9.421822108575817
446,DGP 2: Investor communication,1,Violated,10.086249999999986,1.6953446657606814,6.76337445510905,13.409125544890921
447,DGP 1: No investor communication,0,Fulfilled,9.649374999999985,1.345614402970201,7.011970770178391,12.28677922982158
447,DGP 2: Investor communication,1,Violated,11.591249999999999,1.784400420927421,8.093825174982253,15.088674825017744
448,DGP 1: No investor communication,0,Fulfilled,11.695000000000006,1.310908736751377,9.125618875967307,14.264381124032704
448,DGP 2: Investor communication,1,Violated,8.551875000000003,1.7258940891292447,5.169122585306683,11.934627414693322
449,DGP 1: No investor communication,0,Fulfilled,6.526874999999988,1.322269508274275,3.935226763782409,9.118523236217566
449,DGP 2: Investor communication,1,Violated,9.075000000000017,1.674771965180364,5.7924469482465035,12.35755305175353
450,DGP 1: No investor communication,0,Fulfilled,8.316875000000003,1.3543561473753192,5.662336951144377,10.971413048855629
450,DGP 2: Investor communication,1,Violated,6.950624999999958,1.7755483663640805,3.47055020192636,10.430699798073556
451,DGP 1: No investor communication,0,Fulfilled,10.184375000000006,1.322841413143011,7.591605830239705,12.777144169760309
451,DGP 2: Investor communication,1,Violated,7.286250000000004,1.7751075301125327,3.80703924097944,10.765460759020568
452,DGP 1: No investor communication,0,Fulfilled,7.948124999999996,1.3307868793791524,5.339782716416857,10.556467283583135
452,DGP 2: Investor communication,1,Violated,7.672499999999998,1.773199015126967,4.1970299303511425,11.147970069648853
453,DGP 1: No investor communication,0,Fulfilled,8.758749999999997,1.3513978178166097,6.110010277079443,11.407489722920552
453,DGP 2: Investor communication,1,Violated,7.733750000000006,1.695158286504187,4.411239758451799,11.056260241548213
454,DGP 1: No investor communication,0,Fulfilled,8.618125000000022,1.3502710087354355,5.971593822878569,11.264656177121475
454,DGP 2: Investor communication,1,Violated,9.835625000000018,1.7775670092029099,6.351593661962315,13.31965633803772
455,DGP 1: No investor communication,0,Fulfilled,9.886250000000015,1.3681659375675925,7.204644762367533,12.567855237632497
455,DGP 2: Investor communication,1,Violated,7.473749999999997,1.728217007847599,4.086444664618703,10.861055335381291
456,DGP 1: No investor communication,0,Fulfilled,7.0031249999999945,1.358725334903114,4.340023343589891,9.666226656410098
456,DGP 2: Investor communication,1,Violated,11.244375000000007,1.6654424880802638,7.980107723362689,14.508642276637325
457,DGP 1: No investor communication,0,Fulfilled,10.688125,1.3184985900224762,8.103867763555947,13.272382236444052
457,DGP 2: Investor communication,1,Violated,6.952499999999988,1.7624932716275843,3.498013187609923,10.406986812390054
458,DGP 1: No investor communication,0,Fulfilled,6.173125000000006,1.282499212632221,3.659426543240853,8.686823456759159
458,DGP 2: Investor communication,1,Violated,8.486874999999975,1.7527800516304897,5.051426098804215,11.922323901195735
459,DGP 1: No investor communication,0,Fulfilled,8.661875000000002,1.2899847495274503,6.133504890926199,11.190245109073805
459,DGP 2: Investor communication,1,Violated,8.803749999999983,1.7252855506625766,5.422190320701333,12.185309679298634
460,DGP 1: No investor communication,0,Fulfilled,7.185000000000011,1.347304862349599,4.544282469794798,9.825717530205225
460,DGP 2: Investor communication,1,Violated,6.011874999999982,1.7018067385788436,2.676333792385449,9.347416207614515
461,DGP 1: No investor communication,0,Fulfilled,8.30125,1.3563762148178573,5.642752618956999,10.959747381043
461,DGP 2: Investor communication,1,Violated,7.772500000000006,1.705739843369145,4.429249906996482,11.11575009300353
462,DGP 1: No investor communication,0,Fulfilled,9.288124999999985,1.3678004358564906,6.607236145721263,11.969013854278707
462,DGP 2: Investor communication,1,Violated,7.029375000000005,1.779583019897937,3.5413922810000487,10.517357718999962
463,DGP 1: No investor communication,0,Fulfilled,9.198750000000008,1.3319139284058226,6.588198700324595,11.80930129967542
463,DGP 2: Investor communication,1,Violated,8.548124999999992,1.7219627938155917,5.173077924121432,11.92317207587855
464,DGP 1: No investor communication,0,Fulfilled,8.683125,1.3096426561981789,6.11622539385157,11.25002460614843
464,DGP 2: Investor communication,1,Violated,8.581874999999998,1.7125909661757512,5.225196706295526,11.938553293704471
465,DGP 1: No investor communication,0,Fulfilled,8.103750000000007,1.3092126326173705,5.537693240069961,10.669806759930053
465,DGP 2: Investor communication,1,Violated,8.873749999999998,1.695197173871539,5.551163539211782,12.196336460788213
466,DGP 1: No investor communication,0,Fulfilled,6.388124999999989,1.3210225224430046,3.7989208560117,8.977329143988278
466,DGP 2: Investor communication,1,Violated,5.539374999999991,1.7299918549816005,2.148590964236054,8.930159035763928
467,DGP 1: No investor communication,0,Fulfilled,8.279374999999991,1.372286961216861,5.589692556014944,10.969057443985038
467,DGP 2: Investor communication,1,Violated,8.82374999999999,1.7227433055567465,5.447173121108767,12.200326878891213
468,DGP 1: No investor communication,0,Fulfilled,11.225000000000005,1.3291935945759976,8.619780554631049,13.83021944536896
468,DGP 2: Investor communication,1,Violated,9.240624999999998,1.7029482921157635,5.902846347453101,12.578403652546895
469,DGP 1: No investor communication,0,Fulfilled,7.778124999999994,1.3571696235627666,5.118072537816971,10.438177462183017
469,DGP 2: Investor communication,1,Violated,10.759374999999993,1.7075827384728983,7.412512832593112,14.106237167406874
470,DGP 1: No investor communication,0,Fulfilled,10.583125000000003,1.3601900732599004,7.917152456410598,13.249097543589407
470,DGP 2: Investor communication,1,Violated,6.817499999999997,1.719723070166561,3.446842782473538,10.188157217526456
471,DGP 1: No investor communication,0,Fulfilled,6.4006249999999945,1.3200300846368,3.8133660341118665,8.987883965888123
471,DGP 2: Investor communication,1,Violated,8.084375000000016,1.7579893650039053,4.638715844592362,11.53003415540767
472,DGP 1: No investor communication,0,Fulfilled,7.965625000000015,1.3466842516744877,5.326123866718019,10.605126133282011
472,DGP 2: Investor communication,1,Violated,9.210624999999988,1.7030158777523874,5.872713879605309,12.548536120394667
473,DGP 1: No investor communication,0,Fulfilled,8.143124999999998,1.3734320655516805,5.451198151518704,10.835051848481292
473,DGP 2: Investor communication,1,Violated,6.153750000000041,1.7742238278427651,2.676271297428222,9.63122870257186
474,DGP 1: No investor communication,0,Fulfilled,6.6162499999999955,1.3284915005414064,4.012406658938839,9.220093341061151
474,DGP 2: Investor communication,1,Violated,8.947499999999998,1.700247014932469,5.615015850732359,12.279984149267637
475,DGP 1: No investor communication,0,Fulfilled,7.243124999999989,1.3319398215751665,4.632522949712663,9.853727050287315
475,DGP 2: Investor communication,1,Violated,10.103749999999984,1.7120229344248756,6.748185048527228,13.45931495147274
476,DGP 1: No investor communication,0,Fulfilled,9.229374999999996,1.3579778476448228,6.567738418616143,11.891011581383848
476,DGP 2: Investor communication,1,Violated,9.381250000000016,1.73644852974835,5.97781088169325,12.784689118306781
477,DGP 1: No investor communication,0,Fulfilled,9.765625000000002,1.368283775656609,7.083788799713048,12.447461200286956
477,DGP 2: Investor communication,1,Violated,7.156249999999998,1.7689043810868312,3.689197413069809,10.623302586930187
478,DGP 1: No investor communication,0,Fulfilled,6.106250000000008,1.3291057267841693,3.5012027755030366,8.71129722449698
478,DGP 2: Investor communication,1,Violated,9.516249999999996,1.7040430705307077,6.176325581759809,12.856174418240183
479,DGP 1: No investor communication,0,Fulfilled,9.795625000000006,1.3940763126753353,7.06323542715635,12.528014572843663
479,DGP 2: Investor communication,1,Violated,5.762500000000005,1.799360161485396,2.2357540834886285,9.28924591651138
480,DGP 1: No investor communication,0,Fulfilled,8.188750000000002,1.3272697742536708,5.587301242462807,10.790198757537198
480,DGP 2: Investor communication,1,Violated,8.21374999999998,1.7335059590603095,4.816078320241774,11.611421679758186
481,DGP 1: No investor communication,0,Fulfilled,10.063125000000005,1.3363131877183663,7.443951152072007,12.682298847928003
481,DGP 2: Investor communication,1,Violated,10.098750000000003,1.7393781309353327,6.68956886336675,13.507931136633255
482,DGP 1: No investor communication,0,Fulfilled,7.484375,1.309311514332412,4.918124431908472,10.050625568091528
482,DGP 2: Investor communication,1,Violated,5.770624999999971,1.769778843320157,2.301858467092463,9.239391532907478
483,DGP 1: No investor communication,0,Fulfilled,8.555624999999994,1.309138711983605,5.989713124512128,11.121536875487859
483,DGP 2: Investor communication,1,Violated,8.113125000000021,1.7118877705725606,4.757824969677802,11.46842503032224
484,DGP 1: No investor communication,0,Fulfilled,9.229375000000008,1.3530478363427558,6.577401240768207,11.881348759231809
484,DGP 2: Investor communication,1,Violated,4.5962499999999835,1.7520273698182032,1.1622763551563056,8.030223644843662
485,DGP 1: No investor communication,0,Fulfilled,7.9150000000000205,1.3166470721638504,5.334371738558874,10.495628261441167
485,DGP 2: Investor communication,1,Violated,6.685000000000009,1.7932211881777886,3.1702864711715435,10.199713528828475
486,DGP 1: No investor communication,0,Fulfilled,8.597500000000002,1.3118375619270215,6.026298378623039,11.168701621376965
486,DGP 2: Investor communication,1,Violated,4.295000000000021,1.7525243795953522,0.860052215993131,7.729947784006912
487,DGP 1: No investor communication,0,Fulfilled,8.105624999999998,1.3471739119480477,5.465164132581824,10.746085867418172
487,DGP 2: Investor communication,1,Violated,3.991250000000008,1.7572797319365576,0.546981725404355,7.435518274595661
488,DGP 1: No investor communication,0,Fulfilled,8.343125000000015,1.3254481287620887,5.74524666762632,10.94100333237371
488,DGP 2: Investor communication,1,Violated,4.7574999999999985,1.7065590917918803,1.4126441800879133,8.102355819912084
489,DGP 1: No investor communication,0,Fulfilled,11.002499999999962,1.381344673445719,8.295064440046353,13.709935559953571
489,DGP 2: Investor communication,1,Violated,6.483124999999996,1.7620334428297686,3.0295394520536494,9.936710547946342
490,DGP 1: No investor communication,0,Fulfilled,9.315000000000003,1.337371085673602,6.693752672079743,11.936247327920263
490,DGP 2: Investor communication,1,Violated,9.876874999999975,1.729008752490298,6.488017845118991,13.26573215488096
491,DGP 1: No investor communication,0,Fulfilled,7.5074999999999985,1.3537320358179465,4.854185209796823,10.160814790203174
491,DGP 2: Investor communication,1,Violated,13.253124999999992,1.7348731171989646,9.852773690290022,16.653476309709962
492,DGP 1: No investor communication,0,Fulfilled,8.270000000000001,1.3530446171453459,5.618032550395124,10.921967449604878
492,DGP 2: Investor communication,1,Violated,7.778125000000003,1.7155405819953224,4.415665459289171,11.140584540710835
493,DGP 1: No investor communication,0,Fulfilled,9.518125,1.3386418083968814,6.894387055542111,12.141862944457888
493,DGP 2: Investor communication,1,Violated,7.177499999999995,1.7556287879374652,3.736467575642563,10.618532424357426
494,DGP 1: No investor communication,0,Fulfilled,8.700000000000005,1.3750340677370203,6.004933227235445,11.395066772764565
494,DGP 2: Investor communication,1,Violated,5.256874999999992,1.7309906394397927,1.8641333466979981,8.649616653301987
495,DGP 1: No investor communication,0,Fulfilled,9.31625,1.3271257117704933,6.715083604929833,11.917416395070166
495,DGP 2: Investor communication,1,Violated,7.624375000000011,1.755171537249863,4.18423878699028,11.064511213009743
496,DGP 1: No investor communication,0,Fulfilled,9.219375000000001,1.2970398399165344,6.677176913763594,11.761573086236409
496,DGP 2: Investor communication,1,Violated,7.366249999999992,1.7364353968907331,3.962836622094155,10.769663377905829
497,DGP 1: No investor communication,0,Fulfilled,9.971875000000017,1.3156221574869607,7.393255571325573,12.55049442867446
497,DGP 2: Investor communication,1,Violated,8.414999999999987,1.7380214268526593,5.008478003368775,11.821521996631198
498,DGP 1: No investor communication,0,Fulfilled,8.865000000000007,1.3336006462402494,6.251142733369118,11.478857266630897
498,DGP 2: Investor communication,1,Violated,8.311875,1.7638549812673912,4.854719236715914,11.769030763284087
499,DGP 1: No investor communication,0,Fulfilled,6.04875,1.3103437275303098,3.480476294040593,8.617023705959408
499,DGP 2: Investor communication,1,Violated,7.251250000000008,1.6999652843235957,3.9193180427257603,10.583181957274256
500,DGP 1: No investor communication,0,Fulfilled,7.871249999999992,1.3224867408687009,5.279175987897338,10.463324012102646
500,DGP 2: Investor communication,1,Violated,7.235625000000006,1.721144165947273,3.862182434743351,10.60906756525666
501,DGP 1: No investor communication,0,Fulfilled,8.70000000000001,1.37700094165257,6.0010781543609735,11.398921845639046
501,DGP 2: Investor communication,1,Violated,8.059374999999996,1.738693834350653,4.651535084672716,11.467214915327276
502,DGP 1: No investor communication,0,Fulfilled,10.093750000000005,1.3521682745266503,7.443500181927771,12.74399981807224
502,DGP 2: Investor communication,1,Violated,7.828750000000005,1.731762435996485,4.434495625446894,11.223004374553115
503,DGP 1: No investor communication,0,Fulfilled,9.738749999999989,1.351690396743053,7.089436822383606,12.388063177616372
503,DGP 2: Investor communication,1,Violated,6.217500000000015,1.7470186441171396,2.7933434575304217,9.641656542469608
504,DGP 1: No investor communication,0,Fulfilled,6.789374999999962,1.307528569575876,4.226619003631246,9.352130996368679
504,DGP 2: Investor communication,1,Violated,8.539999999999978,1.7183443704170882,5.172045033982485,11.90795496601747
505,DGP 1: No investor communication,0,Fulfilled,7.672500000000024,1.349821324558637,5.026850203865096,10.318149796134954
505,DGP 2: Investor communication,1,Violated,7.232499999999992,1.6989145322621995,3.902627516766081,10.562372483233903
506,DGP 1: No investor communication,0,Fulfilled,10.212500000000006,1.3749276811789852,7.517641744889195,12.907358255110816
506,DGP 2: Investor communication,1,Violated,7.75749999999999,1.7271313764115166,4.372322502233417,11.142677497766563
507,DGP 1: No investor communication,0,Fulfilled,7.741250000000004,1.3384378120459044,5.117911888390031,10.364588111609978
507,DGP 2: Investor communication,1,Violated,7.197499999999995,1.6973881712642236,3.870619184322117,10.524380815677873
508,DGP 1: No investor communication,0,Fulfilled,8.01874999999997,1.30495677059074,5.461034729642121,10.57646527035782
508,DGP 2: Investor communication,1,Violated,9.096874999999965,1.7282448385627835,5.70951511641691,12.48423488358302
509,DGP 1: No investor communication,0,Fulfilled,9.18562500000003,1.3570864219361563,6.525735613005164,11.845514386994896
509,DGP 2: Investor communication,1,Violated,10.154375000000012,1.7330738689593281,6.7575502168397295,13.551199783160296
510,DGP 1: No investor communication,0,Fulfilled,8.885625000000001,1.3495414113710553,6.240523833712732,11.53072616628727
510,DGP 2: Investor communication,1,Violated,9.117500000000007,1.751792955748425,5.6839858067330935,12.55101419326692
511,DGP 1: No investor communication,0,Fulfilled,10.080000000000005,1.3348463939210775,7.463701067914693,12.696298932085318
511,DGP 2: Investor communication,1,Violated,11.098125000000007,1.709136804182826,7.748216863801668,14.448033136198346
512,DGP 1: No investor communication,0,Fulfilled,9.968125000000004,1.3397367525191042,7.34224096506256,12.594009034937448
512,DGP 2: Investor communication,1,Violated,6.2587500000000045,1.7332431901423768,2.861593347320946,9.655906652679063
513,DGP 1: No investor communication,0,Fulfilled,10.633750000000038,1.3279002098820933,8.031065588631135,13.236434411368942
513,DGP 2: Investor communication,1,Violated,7.968750000000041,1.7965029212844812,4.447604274282458,11.489895725717624
514,DGP 1: No investor communication,0,Fulfilled,10.113750000000007,1.3336482545580162,7.499799421066295,12.727700578933717
514,DGP 2: Investor communication,1,Violated,8.234375,1.7392784999094086,4.82538914017756,11.64336085982244
515,DGP 1: No investor communication,0,Fulfilled,7.9556250000000075,1.3280265161036409,5.352693028436871,10.558556971563144
515,DGP 2: Investor communication,1,Violated,7.474374999999999,1.716925685176207,4.109200657054634,10.839549342945364
516,DGP 1: No investor communication,0,Fulfilled,9.721875000000018,1.334237837059127,7.106768839364129,12.336981160635908
516,DGP 2: Investor communication,1,Violated,8.54125000000001,1.7851468448986472,5.042362183998662,12.040137816001359
517,DGP 1: No investor communication,0,Fulfilled,8.830625000000007,1.310813119911536,6.261431284973396,11.399818715026617
517,DGP 2: Investor communication,1,Violated,7.094999999999992,1.7245539891408017,3.7148741812840202,10.475125818715963
518,DGP 1: No investor communication,0,Fulfilled,10.924375000000012,1.3364779100544197,8.30487829629335,13.543871703706674
518,DGP 2: Investor communication,1,Violated,8.841249999999942,1.7129144854978613,5.483937608424133,12.19856239157575
519,DGP 1: No investor communication,0,Fulfilled,8.633124999999994,1.354616074509192,5.978077493961978,11.288172506038011
519,DGP 2: Investor communication,1,Violated,10.179375,1.704568405306818,6.838420925598637,13.520329074401364
520,DGP 1: No investor communication,0,Fulfilled,6.776249999999996,1.3106975095556213,4.207282881270978,9.345217118729014
520,DGP 2: Investor communication,1,Violated,8.81937500000001,1.7233528465481416,5.441603420765652,12.197146579234367
521,DGP 1: No investor communication,0,Fulfilled,7.270000000000008,1.3437755209183475,4.636199979000047,9.903800020999968
521,DGP 2: Investor communication,1,Violated,8.47687500000003,1.7699384657119512,5.0077956072046055,11.945954392795453
522,DGP 1: No investor communication,0,Fulfilled,9.199999999999996,1.410279387096196,6.435852401291452,11.96414759870854
522,DGP 2: Investor communication,1,Violated,8.087499999999995,1.6850387465730425,4.784824056716832,11.390175943283158
523,DGP 1: No investor communication,0,Fulfilled,9.145624999999994,1.347250279546311,6.505014452089224,11.786235547910763
523,DGP 2: Investor communication,1,Violated,5.886249999999986,1.7164739841917638,2.5219609909841294,9.250539009015842
524,DGP 1: No investor communication,0,Fulfilled,7.993125000000011,1.3650377809341954,5.317650949368987,10.668599050631034
524,DGP 2: Investor communication,1,Violated,9.552499999999995,1.6990668226740335,6.222329027558889,12.882670972441101
525,DGP 1: No investor communication,0,Fulfilled,8.075000000000006,1.3406807108773136,5.4472658066804716,10.702734193319541
525,DGP 2: Investor communication,1,Violated,6.853124999999993,1.735844259709337,3.4508702509696927,10.255379749030293
526,DGP 1: No investor communication,0,Fulfilled,9.11312499999998,1.3134871482900417,6.538690189351499,11.687559810648462
526,DGP 2: Investor communication,1,Violated,5.453750000000019,1.7400353697358197,2.0432806753178125,8.864219324682225
527,DGP 1: No investor communication,0,Fulfilled,8.612500000000017,1.3314494982387088,6.002858983452148,11.222141016547885
527,DGP 2: Investor communication,1,Violated,8.877500000000001,1.7533934539142197,5.440848830328131,12.314151169671872
528,DGP 1: No investor communication,0,Fulfilled,10.928124999999998,1.3255620743140377,8.330023334344483,13.526226665655512
528,DGP 2: Investor communication,1,Violated,9.558749999999979,1.6989096759556737,6.228887035126858,12.888612964873099
529,DGP 1: No investor communication,0,Fulfilled,8.58187499999999,1.3244050107942766,5.986041178843207,11.177708821156772
529,DGP 2: Investor communication,1,Violated,6.202500000000007,1.7522859575910865,2.7680195231214775,9.636980476878536
530,DGP 1: No investor communication,0,Fulfilled,8.266249999999989,1.3259376079694416,5.667412288379883,10.865087711620095
530,DGP 2: Investor communication,1,Violated,12.538125000000006,1.7309111753224713,9.145539096367962,15.93071090363205
531,DGP 1: No investor communication,0,Fulfilled,10.957499999999996,1.3874348643617833,8.2381276658509,13.676872334149092
531,DGP 2: Investor communication,1,Violated,8.42562500000002,1.7827316356701512,4.931470994086523,11.919779005913515
532,DGP 1: No investor communication,0,Fulfilled,10.308124999999997,1.3620652377717883,7.638477133967292,12.977772866032701
532,DGP 2: Investor communication,1,Violated,7.1943750000000275,1.7296300867624541,3.8043000299456176,10.584449970054438
533,DGP 1: No investor communication,0,Fulfilled,9.713749999999997,1.327015208025545,7.11280019226993,12.314699807730065
533,DGP 2: Investor communication,1,Violated,10.069374999999976,1.7302309610209134,6.678122316398985,13.460627683600967
534,DGP 1: No investor communication,0,Fulfilled,7.548749999999982,1.349420486910675,4.90388584565506,10.193614154344905
534,DGP 2: Investor communication,1,Violated,7.489375,1.7454901127708078,4.068214378969216,10.910535621030784
535,DGP 1: No investor communication,0,Fulfilled,7.6512499999999974,1.3185431205114764,5.066905483797504,10.235594516202491
535,DGP 2: Investor communication,1,Violated,8.34500000000002,1.733012297877121,4.948295896160863,11.741704103839178
536,DGP 1: No investor communication,0,Fulfilled,7.8306250000000155,1.3737325903907882,5.13810912283407,10.523140877165961
536,DGP 2: Investor communication,1,Violated,6.954375000000011,1.7105448924431739,3.6017070108113907,10.307042989188632
537,DGP 1: No investor communication,0,Fulfilled,10.116250000000008,1.327598711747335,7.514156524975231,12.718343475024785
537,DGP 2: Investor communication,1,Violated,10.416250000000003,1.701225275656435,7.081848459713391,13.750651540286615
538,DGP 1: No investor communication,0,Fulfilled,8.51562499999999,1.2959783255777235,5.975507481867652,11.055742518132327
538,DGP 2: Investor communication,1,Violated,6.170000000000007,1.7160547684112355,2.8065326539139854,9.533467346086029
539,DGP 1: No investor communication,0,Fulfilled,8.426249999999966,1.3077146993600806,5.863129189254208,10.989370810745724
539,DGP 2: Investor communication,1,Violated,8.678124999999994,1.721991298854378,5.303022054245414,12.053227945754575
540,DGP 1: No investor communication,0,Fulfilled,9.853749999999993,1.3455088777982807,7.216552599515363,12.490947400484622
540,DGP 2: Investor communication,1,Violated,6.646874999999998,1.7174362354304866,3.2806999785562443,10.013050021443751
541,DGP 1: No investor communication,0,Fulfilled,7.478125000000026,1.3519441543036224,4.828314457564926,10.127935542435125
541,DGP 2: Investor communication,1,Violated,7.500625000000009,1.7617701780686967,4.047555450985364,10.953694549014655
542,DGP 1: No investor communication,0,Fulfilled,10.517499999999986,1.3388542216090835,7.893345725646182,13.14165427435379
542,DGP 2: Investor communication,1,Violated,7.801250000000001,1.6998875028100215,4.469470494492359,11.133029505507643
543,DGP 1: No investor communication,0,Fulfilled,7.811249999999985,1.3713613571249428,5.123381740035097,10.499118259964874
543,DGP 2: Investor communication,1,Violated,9.01437500000001,1.726214452569018,5.630994672964735,12.397755327035284
544,DGP 1: No investor communication,0,Fulfilled,9.445624999999987,1.3568110809380305,6.786275281361448,12.104974718638527
544,DGP 2: Investor communication,1,Violated,8.693124999999998,1.7010471329324863,5.359072619452325,12.027177380547672
545,DGP 1: No investor communication,0,Fulfilled,6.753125000000013,1.3401386142820702,4.126453316007156,9.37979668399287
545,DGP 2: Investor communication,1,Violated,9.28499999999999,1.722771027801716,5.908368785508626,12.661631214491353
546,DGP 1: No investor communication,0,Fulfilled,6.555,1.3342796751319494,3.939811836741379,9.17018816325862
546,DGP 2: Investor communication,1,Violated,8.602499999999988,1.7119417201081295,5.247094228588055,11.957905771411923
547,DGP 1: No investor communication,0,Fulfilled,9.013124999999999,1.3473836481974275,6.372253049533041,11.653996950466956
547,DGP 2: Investor communication,1,Violated,7.866875000000034,1.731173486214985,4.473774967018663,11.259975032981405
548,DGP 1: No investor communication,0,Fulfilled,9.855625000000009,1.3506121498606551,7.208425186273125,12.502824813726892
548,DGP 2: Investor communication,1,Violated,8.363750000000007,1.7475940093569529,4.938465741660379,11.789034258339633
549,DGP 1: No investor communication,0,Fulfilled,7.851875000000006,1.34631679433467,5.213094083104052,10.49065591689596
549,DGP 2: Investor communication,1,Violated,7.089375000000006,1.7282602316636877,3.701984945939178,10.476765054060834
550,DGP 1: No investor communication,0,Fulfilled,7.213125000000005,1.3849091930817832,4.49870298155971,9.9275470184403
550,DGP 2: Investor communication,1,Violated,6.825624999999992,1.8079969902598467,3.2819508990906923,10.369299100909291
551,DGP 1: No investor communication,0,Fulfilled,10.890624999999991,1.3910469945468829,8.1641728906881,13.617077109311882
551,DGP 2: Investor communication,1,Violated,7.734375000000025,1.7329684552166997,4.337756827775293,11.130993172224755
552,DGP 1: No investor communication,0,Fulfilled,8.040624999999995,1.345433744306903,5.403574861158464,10.677675138841526
552,DGP 2: Investor communication,1,Violated,8.473125000000003,1.7435500084213935,5.055766983494072,11.890483016505934
553,DGP 1: No investor communication,0,Fulfilled,7.707499999999991,1.3584050727546026,5.045026057400969,10.369973942599012
553,DGP 2: Investor communication,1,Violated,7.6074999999999955,1.7646021749049967,4.148879737186202,11.06612026281379
554,DGP 1: No investor communication,0,Fulfilled,8.922500000000008,1.3480760154080063,6.280271009800316,11.5647289901997
554,DGP 2: Investor communication,1,Violated,7.795000000000005,1.7418282564736476,4.381016617311657,11.208983382688354
555,DGP 1: No investor communication,0,Fulfilled,10.497499999999999,1.3795975155565954,7.793488869509072,13.201511130490925
555,DGP 2: Investor communication,1,Violated,8.16375000000002,1.773339586197602,4.68800441105272,11.63949558894732
556,DGP 1: No investor communication,0,Fulfilled,7.960625000000006,1.3094382598239087,5.394126010745145,10.527123989254866
556,DGP 2: Investor communication,1,Violated,5.52499999999999,1.7644503206814566,2.0666773714643347,8.983322628535644
557,DGP 1: No investor communication,0,Fulfilled,8.771249999999998,1.3076350055521018,6.208285389117879,11.334214610882118
557,DGP 2: Investor communication,1,Violated,8.27437500000001,1.7551601358100362,4.834261133812339,11.714488866187681
558,DGP 1: No investor communication,0,Fulfilled,9.68624999999999,1.3748450493955102,6.99155370318479,12.38094629681519
558,DGP 2: Investor communication,1,Violated,10.168750000000003,1.7129319128563836,6.811403450801491,13.526096549198515
559,DGP 1: No investor communication,0,Fulfilled,5.873750000000008,1.3343982814216213,3.2583293684136305,8.489170631586386
559,DGP 2: Investor communication,1,Violated,5.530625000000004,1.7988257363872902,2.0049265566809154,9.056323443319092
560,DGP 1: No investor communication,0,Fulfilled,11.781875000000003,1.3493432541246997,9.137162221915592,14.426587778084414
560,DGP 2: Investor communication,1,Violated,5.171875,1.7344353507432289,1.7723817125432717,8.571368287456728
561,DGP 1: No investor communication,0,Fulfilled,8.559374999999982,1.3406223971615396,5.931755101563364,11.186994898436598
561,DGP 2: Investor communication,1,Violated,6.82187500000001,1.7221866264681496,3.446389212122437,10.197360787877583
562,DGP 1: No investor communication,0,Fulfilled,8.124375000000013,1.3767693109349888,5.4259071505674346,10.822842849432591
562,DGP 2: Investor communication,1,Violated,6.946249999999964,1.725292412127534,3.564676872229997,10.32782312776993
563,DGP 1: No investor communication,0,Fulfilled,10.123125000000028,1.3014469151899482,7.572289046227731,12.673960953772326
563,DGP 2: Investor communication,1,Violated,6.063749999999995,1.685781267519429,2.7596187156619143,9.367881284338075
564,DGP 1: No investor communication,0,Fulfilled,8.116250000000008,1.3266497885199962,5.5160164145008155,10.716483585499201
564,DGP 2: Investor communication,1,Violated,8.844375000000005,1.6988043441996925,5.514718485368608,12.174031514631402
565,DGP 1: No investor communication,0,Fulfilled,8.956249999999994,1.360748053444302,6.289183815249162,11.623316184750825
565,DGP 2: Investor communication,1,Violated,7.38562499999999,1.713083621931558,4.027981101014136,10.743268898985844
566,DGP 1: No investor communication,0,Fulfilled,9.36187500000002,1.3701372966818437,6.676405898503607,12.047344101496435
566,DGP 2: Investor communication,1,Violated,8.693749999999962,1.7232006124707504,5.316276799557292,12.071223200442633
567,DGP 1: No investor communication,0,Fulfilled,7.2375,1.3580319802763132,4.575757318658426,9.899242681341573
567,DGP 2: Investor communication,1,Violated,6.304374999999984,1.771442948747583,2.8323468204547217,9.776403179545246
568,DGP 1: No investor communication,0,Fulfilled,11.18062499999999,1.3305859596829834,8.572676519021343,13.788573480978638
568,DGP 2: Investor communication,1,Violated,9.685624999999991,1.7282254071676708,6.298303201951356,13.072946798048626
569,DGP 1: No investor communication,0,Fulfilled,8.868750000000034,1.3272451485584231,6.267349508825525,11.470150491174543
569,DGP 2: Investor communication,1,Violated,8.624375,1.7546177388768935,5.185324231801289,12.063425768198712
570,DGP 1: No investor communication,0,Fulfilled,9.903749999999986,1.3211663635771833,7.314263927388707,12.493236072611266
570,DGP 2: Investor communication,1,Violated,8.30875000000001,1.759415831321582,4.86029497060971,11.757205029390311
571,DGP 1: No investor communication,0,Fulfilled,9.008750000000001,1.3564205126271967,6.350165795250696,11.667334204749306
571,DGP 2: Investor communication,1,Violated,6.63562499999999,1.7274864266546746,3.2497516037568284,10.021498396243153
572,DGP 1: No investor communication,0,Fulfilled,9.119374999999991,1.3564376947372372,6.460757118315006,11.777992881684977
572,DGP 2: Investor communication,1,Violated,7.604375000000026,1.773399068999925,4.128512824760173,11.08023717523988
573,DGP 1: No investor communication,0,Fulfilled,8.556249999999993,1.337196881902482,5.935344111471128,11.177155888528858
573,DGP 2: Investor communication,1,Violated,5.076874999999983,1.724383652614255,1.6970830408760436,8.456666959123924
574,DGP 1: No investor communication,0,Fulfilled,10.001249999999986,1.377322846573187,7.30169722071654,12.700802779283432
574,DGP 2: Investor communication,1,Violated,8.745000000000024,1.6942800639017555,5.424211074752583,12.065788925247464
575,DGP 1: No investor communication,0,Fulfilled,7.781875000000006,1.3440088326212933,5.147617688062271,10.41613231193774
575,DGP 2: Investor communication,1,Violated,6.480000000000002,1.7665873278830684,3.0174888373491884,9.942511162650817
576,DGP 1: No investor communication,0,Fulfilled,8.582499999999998,1.330914508720708,5.97390756290741,11.191092437092585
576,DGP 2: Investor communication,1,Violated,5.128124999999976,1.727321440636094,1.7425749763532319,8.51367502364672
577,DGP 1: No investor communication,0,Fulfilled,5.715625000000007,1.3463373237876903,3.0768038453761344,8.35444615462388
577,DGP 2: Investor communication,1,Violated,9.066249999999986,1.7004648064284256,5.733338979400272,12.3991610205997
578,DGP 1: No investor communication,0,Fulfilled,7.249375000000006,1.3497799957386645,4.603806208352223,9.894943791647789
578,DGP 2: Investor communication,1,Violated,9.90687499999996,1.6813552235651141,6.611418761812336,13.202331238187584
579,DGP 1: No investor communication,0,Fulfilled,9.949374999999991,1.3603468604330542,7.283095153551205,12.615654846448777
579,DGP 2: Investor communication,1,Violated,8.92312500000003,1.7205910858936628,5.550766471648451,12.29548352835161
580,DGP 1: No investor communication,0,Fulfilled,6.390000000000003,1.361070343968755,3.722302125821243,9.057697874178764
580,DGP 2: Investor communication,1,Violated,8.859374999999979,1.7765182488713538,5.377399232212126,12.341350767787832
581,DGP 1: No investor communication,0,Fulfilled,10.383124999999993,1.3869855799253212,7.664633263346364,13.101616736653622
581,DGP 2: Investor communication,1,Violated,5.091874999999986,1.7431894290516596,1.675223719058733,8.508526280941238
582,DGP 1: No investor communication,0,Fulfilled,9.228125000000004,1.3569255683971935,6.568550885941505,11.887699114058503
582,DGP 2: Investor communication,1,Violated,8.34937500000001,1.6724793003373573,5.071315571338791,11.627434428661232
583,DGP 1: No investor communication,0,Fulfilled,8.195,1.3288093024536227,5.5905337671909,10.7994662328091
583,DGP 2: Investor communication,1,Violated,8.514375000000008,1.7192089285153125,5.144725500109995,11.884024499890021
584,DGP 1: No investor communication,0,Fulfilled,9.31437499999998,1.3390499073087758,6.68983718167478,11.938912818325182
584,DGP 2: Investor communication,1,Violated,8.263750000000002,1.6707691239543905,4.989042517049397,11.538457482950607
585,DGP 1: No investor communication,0,Fulfilled,9.532499999999976,1.324625231186862,6.936234546873726,12.128765453126226
585,DGP 2: Investor communication,1,Violated,10.425624999999958,1.7407496691317956,7.013755648501638,13.837494351498277
586,DGP 1: No investor communication,0,Fulfilled,10.076874999999992,1.3498223910145208,7.431223113611532,12.722526886388453
586,DGP 2: Investor communication,1,Violated,7.856875000000008,1.7815000477559735,4.3651349063983,11.348615093601715
587,DGP 1: No investor communication,0,Fulfilled,9.554374999999991,1.3454640962066045,6.917265371435047,12.191484628564936
587,DGP 2: Investor communication,1,Violated,7.933749999999991,1.7396052904064645,4.52412363080332,11.343376369196662
588,DGP 1: No investor communication,0,Fulfilled,9.754375000000026,1.3094463235595641,7.187860205823281,12.320889794176772
588,DGP 2: Investor communication,1,Violated,5.671875000000005,1.7496142261008678,2.2426311168423045,9.101118883157707
589,DGP 1: No investor communication,0,Fulfilled,7.955624999999996,1.3469042029005518,5.315692762314915,10.595557237685078
589,DGP 2: Investor communication,1,Violated,8.512499999999985,1.7912502789774836,5.001649453204117,12.023350546795854
590,DGP 1: No investor communication,0,Fulfilled,9.881249999999994,1.3686333169900284,7.198728698699538,12.56377130130045
590,DGP 2: Investor communication,1,Violated,7.908750000000005,1.7042408377124025,4.568437958083695,11.249062041916314
591,DGP 1: No investor communication,0,Fulfilled,8.153124999999969,1.3361219412028382,5.534325995242407,10.771924004757532
591,DGP 2: Investor communication,1,Violated,5.498750000000021,1.7544051854523914,2.0601158365133334,8.937384163486708
592,DGP 1: No investor communication,0,Fulfilled,11.417499999999999,1.3945780164399864,8.684127087777625,14.150872912222372
592,DGP 2: Investor communication,1,Violated,7.675624999999981,1.7073236161026826,4.329270712438722,11.021979287561239
593,DGP 1: No investor communication,0,Fulfilled,8.803124999999993,1.2997664183812871,6.25558281997267,11.350667180027315
593,DGP 2: Investor communication,1,Violated,10.004375000000005,1.7384870328349369,6.5969404156435285,13.411809584356481
594,DGP 1: No investor communication,0,Fulfilled,9.708125000000003,1.3503277519817618,7.061482606115749,12.354767393884256
594,DGP 2: Investor communication,1,Violated,4.7193749999999905,1.749585001804118,1.2901883964639196,8.148561603536061
595,DGP 1: No investor communication,0,Fulfilled,9.500624999999996,1.343845468097614,6.866687882528673,12.134562117471319
595,DGP 2: Investor communication,1,Violated,8.416250000000007,1.731981623441107,5.021566018055437,11.810933981944576
596,DGP 1: No investor communication,0,Fulfilled,9.516249999999998,1.3156392194574185,6.937597129863457,12.094902870136538
596,DGP 2: Investor communication,1,Violated,4.657500000000002,1.7519509259367532,1.2236761851639661,8.091323814836038
597,DGP 1: No investor communication,0,Fulfilled,6.147499999999987,1.3531734634451584,3.495280011647476,8.799719988352496
597,DGP 2: Investor communication,1,Violated,6.289375000000012,1.7543545688693256,2.850840045016134,9.72790995498389
598,DGP 1: No investor communication,0,Fulfilled,8.634375,1.3348281291963684,6.018111866775119,11.250638133224882
598,DGP 2: Investor communication,1,Violated,4.615625000000019,1.755666128222609,1.1745193886837058,8.056730611316333
599,DGP 1: No investor communication,0,Fulfilled,8.749999999999991,1.3528432156077834,6.098427297408735,11.401572702591247
599,DGP 2: Investor communication,1,Violated,8.388125,1.7102236720288215,5.03608660282351,11.740163397176492
600,DGP 1: No investor communication,0,Fulfilled,8.340625000000003,1.3601506982799376,5.674729631371325,11.006520368628681
600,DGP 2: Investor communication,1,Violated,9.229374999999997,1.7254464660789048,5.8474999264853444,12.61125007351465
601,DGP 1: No investor communication,0,Fulfilled,9.89874999999998,1.3494028122352546,7.253920488018881,12.54357951198108
601,DGP 2: Investor communication,1,Violated,6.6731249999999775,1.7354572336582454,3.2716288220298164,10.074621177970139
602,DGP 1: No investor communication,0,Fulfilled,10.688125000000015,1.384511156555628,7.974483133150985,13.401766866849046
602,DGP 2: Investor communication,1,Violated,11.996874999999982,1.684320300164262,8.695607211678029,15.298142788321934
603,DGP 1: No investor communication,0,Fulfilled,9.038749999999997,1.35194606275328,6.388935717003568,11.688564282996426
603,DGP 2: Investor communication,1,Violated,7.637500000000017,1.7083765638985533,4.289081934758853,10.985918065241181
604,DGP 1: No investor communication,0,Fulfilled,9.986875,1.310040407001765,7.4191958022765405,12.554554197723458
604,DGP 2: Investor communication,1,Violated,11.894375000000007,1.7637906123236309,8.437345399845691,15.351404600154323
605,DGP 1: No investor communication,0,Fulfilled,8.322500000000007,1.3843776616602308,5.609119783145955,11.035880216854059
605,DGP 2: Investor communication,1,Violated,7.159999999999995,1.7450390321490594,3.7397234969878386,10.58027650301215
606,DGP 1: No investor communication,0,Fulfilled,8.393749999999972,1.341305604604594,5.764791014974968,11.022708985024977
606,DGP 2: Investor communication,1,Violated,10.254375,1.736953177355307,6.849946772383598,13.658803227616401
607,DGP 1: No investor communication,0,Fulfilled,10.689374999999998,1.331123252054081,8.080373425973999,13.298376574025998
607,DGP 2: Investor communication,1,Violated,10.229375000000005,1.7535994762865972,6.792320026478274,13.666429973521735
608,DGP 1: No investor communication,0,Fulfilled,8.728125000000015,1.3384994399223913,6.104666097752128,11.351583902247901
608,DGP 2: Investor communication,1,Violated,6.671249999999981,1.709545535551962,3.3205407503181354,10.021959249681826
609,DGP 1: No investor communication,0,Fulfilled,10.019375000000007,1.3716554320131005,7.33093035325433,12.707819646745683
609,DGP 2: Investor communication,1,Violated,10.91375000000001,1.741429245764956,7.500548678300696,14.326951321699323
610,DGP 1: No investor communication,0,Fulfilled,10.678750000000006,1.3313604347906987,8.069283547810237,13.288216452189776
610,DGP 2: Investor communication,1,Violated,6.967499999999989,1.7515008855913354,3.5345582642409714,10.400441735759006
611,DGP 1: No investor communication,0,Fulfilled,10.489999999999997,1.3745556586502716,7.7958709090454645,13.184129090954528
611,DGP 2: Investor communication,1,Violated,9.362500000000002,1.7682340601671729,5.896761242072344,12.828238757927661
612,DGP 1: No investor communication,0,Fulfilled,9.907499999999994,1.3525432851417103,7.256515161122241,12.558484838877746
612,DGP 2: Investor communication,1,Violated,10.367500000000017,1.7299613741930635,6.976775706581613,13.758224293418422
613,DGP 1: No investor communication,0,Fulfilled,6.893750000000036,1.3065110187579307,4.332988403234491,9.454511596765581
613,DGP 2: Investor communication,1,Violated,7.696875000000011,1.7198241846437266,4.326019598098307,11.067730401901715
614,DGP 1: No investor communication,0,Fulfilled,7.45000000000001,1.3248497539799082,4.85329448219939,10.04670551780063
614,DGP 2: Investor communication,1,Violated,6.117499999999977,1.7734060262042428,2.641624188639661,9.593375811360293
615,DGP 1: No investor communication,0,Fulfilled,8.34875,1.3577323551000735,5.687594584003857,11.009905415996144
615,DGP 2: Investor communication,1,Violated,11.223124999999994,1.7394268895101113,7.813848296560176,14.632401703439813
616,DGP 1: No investor communication,0,Fulfilled,7.843125000000035,1.3547115695956016,5.187890323592656,10.498359676407414
616,DGP 2: Investor communication,1,Violated,8.91937500000001,1.7307526653953607,5.527099775825103,12.311650224174915
617,DGP 1: No investor communication,0,Fulfilled,6.990625000000011,1.311854091597848,4.419390980468229,9.561859019531793
617,DGP 2: Investor communication,1,Violated,7.746249999999993,1.7598515016263538,4.296941056812339,11.195558943187645
618,DGP 1: No investor communication,0,Fulfilled,8.406874999999992,1.3601701639810941,5.740941478597048,11.072808521402937
618,DGP 2: Investor communication,1,Violated,7.019999999999989,1.7242054402028284,3.6405573372024453,10.399442662797533
619,DGP 1: No investor communication,0,Fulfilled,9.629374999999955,1.3434802955529033,6.996153620716265,12.262596379283647
619,DGP 2: Investor communication,1,Violated,5.395625000000003,1.738985412136339,1.987213592212778,8.804036407787226
620,DGP 1: No investor communication,0,Fulfilled,8.322500000000007,1.336168051064567,5.703610619913455,10.941389380086559
620,DGP 2: Investor communication,1,Violated,6.840625000000001,1.7622962653307384,3.386524319951754,10.294725680048249
621,DGP 1: No investor communication,0,Fulfilled,10.78187499999999,1.3565705354318938,8.12299675055348,13.440753249446502
621,DGP 2: Investor communication,1,Violated,9.410624999999992,1.7020317543901264,6.074642761395345,12.74660723860464
622,DGP 1: No investor communication,0,Fulfilled,7.115625000000002,1.3456868834995739,4.4780787083408375,9.753171291659168
622,DGP 2: Investor communication,1,Violated,6.242499999999994,1.7240560704855084,2.8633501018483982,9.62164989815159
623,DGP 1: No investor communication,0,Fulfilled,7.570000000000034,1.3811734578210444,4.862900022670788,10.27709997732928
623,DGP 2: Investor communication,1,Violated,7.31999999999998,1.7380835522018003,3.913356237684451,10.726643762315508
624,DGP 1: No investor communication,0,Fulfilled,9.544375000000011,1.324167428372536,6.94900684038984,12.139743159610182
624,DGP 2: Investor communication,1,Violated,8.188750000000002,1.767689484058089,4.7240786112461475,11.653421388753857
625,DGP 1: No investor communication,0,Fulfilled,7.5718749999999995,1.3464946628836092,4.932745460748126,10.211004539251874
625,DGP 2: Investor communication,1,Violated,8.546249999999976,1.7115236577973298,5.191663630717209,11.900836369282743
626,DGP 1: No investor communication,0,Fulfilled,10.781875,1.3357310459206975,8.163842149995432,13.399907850004567
626,DGP 2: Investor communication,1,Violated,10.066875000000003,1.764379597666427,6.608690988573807,13.5250590114262
627,DGP 1: No investor communication,0,Fulfilled,8.64500000000001,1.3457342236120047,6.0073609217204815,11.282639078279539
627,DGP 2: Investor communication,1,Violated,6.608125000000003,1.754277874003602,3.169740366952943,10.046509633047062
628,DGP 1: No investor communication,0,Fulfilled,8.10999999999999,1.2935630655763832,5.574616391470279,10.645383608529702
628,DGP 2: Investor communication,1,Violated,6.816249999999993,1.6885618593559468,3.5066687556623375,10.125831244337649
629,DGP 1: No investor communication,0,Fulfilled,8.747500000000006,1.331833130719395,6.137107063789992,11.35789293621002
629,DGP 2: Investor communication,1,Violated,10.367499999999989,1.690101510262029,7.0549010398864125,13.680098960113565
630,DGP 1: No investor communication,0,Fulfilled,7.756874999999981,1.3291506335404657,5.1517397582606685,10.362010241739295
630,DGP 2: Investor communication,1,Violated,6.620624999999997,1.713033551680624,3.2630792387059735,9.97817076129402
631,DGP 1: No investor communication,0,Fulfilled,6.804374999999986,1.3814312501109702,4.096769749782485,9.511980250217487
631,DGP 2: Investor communication,1,Violated,6.086874999999994,1.6909008499484075,2.772709334101115,9.401040665898872
632,DGP 1: No investor communication,0,Fulfilled,9.925624999999975,1.3358883726676454,7.3072837895713905,12.543966210428561
632,DGP 2: Investor communication,1,Violated,12.625625000000008,1.7171501124845427,9.260010779530305,15.991239220469712
633,DGP 1: No investor communication,0,Fulfilled,8.186874999999986,1.3094301763299765,5.620391854393232,10.75335814560674
633,DGP 2: Investor communication,1,Violated,8.596874999999983,1.748580112589791,5.1696579793239925,12.024092020675972
634,DGP 1: No investor communication,0,Fulfilled,8.551249999999996,1.3023018375221298,5.998738398456622,11.10376160154337
634,DGP 2: Investor communication,1,Violated,10.698124999999997,1.7154582358858048,7.33582685766382,14.060423142336175
635,DGP 1: No investor communication,0,Fulfilled,8.214375000000004,1.3591068732727938,5.550525528385329,10.87822447161468
635,DGP 2: Investor communication,1,Violated,10.592500000000017,1.7322759761080662,7.1972390868282075,13.987760913171826
636,DGP 1: No investor communication,0,Fulfilled,9.811875000000024,1.3465760745484894,7.1725858938849845,12.451164106115062
636,DGP 2: Investor communication,1,Violated,4.629999999999987,1.7160404990013973,1.266560621957248,7.993439378042725
637,DGP 1: No investor communication,0,Fulfilled,7.404375000000009,1.3135850410067982,4.829748319626685,9.979001680373333
637,DGP 2: Investor communication,1,Violated,6.155624999999988,1.774946910796352,2.676729054839138,9.634520945160839
638,DGP 1: No investor communication,0,Fulfilled,9.868125,1.3666644234250058,7.189462730086988,12.546787269913011
638,DGP 2: Investor communication,1,Violated,12.189375000000041,1.7047267919617224,8.848110487755065,15.530639512245017
639,DGP 1: No investor communication,0,Fulfilled,9.005000000000004,1.2857130418544958,6.485002437965193,11.524997562034816
639,DGP 2: Investor communication,1,Violated,6.487499999999995,1.7647461611768374,3.0285975240933944,9.946402475906597
640,DGP 1: No investor communication,0,Fulfilled,8.846874999999972,1.3469550091896738,6.206843181988212,11.486906818011732
640,DGP 2: Investor communication,1,Violated,6.116249999999988,1.7524067940290842,2.6815326837029834,9.550967316296994
641,DGP 1: No investor communication,0,Fulfilled,11.034375000000011,1.3440014161463867,8.400132224353094,13.66861777564693
641,DGP 2: Investor communication,1,Violated,7.739374999999988,1.7301615131530264,4.348258434220057,11.13049156577992
642,DGP 1: No investor communication,0,Fulfilled,7.458750000000007,1.3733698197679176,4.766945153254889,10.150554846745125
642,DGP 2: Investor communication,1,Violated,6.273750000000014,1.6871040537135786,2.9670260547214,9.580473945278628
643,DGP 1: No investor communication,0,Fulfilled,9.781875000000003,1.357865557379963,7.120458507535275,12.44329149246473
643,DGP 2: Investor communication,1,Violated,9.15750000000001,1.720863104069568,5.784608316023656,12.530391683976363
644,DGP 1: No investor communication,0,Fulfilled,9.820625000000003,1.383761149174538,7.108453147617908,12.532796852382099
644,DGP 2: Investor communication,1,Violated,5.698749999999977,1.7177100987804175,2.3320382063903593,9.065461793609595
645,DGP 1: No investor communication,0,Fulfilled,7.866250000000001,1.3314883523058236,5.256532829480586,10.475967170519414
645,DGP 2: Investor communication,1,Violated,9.604999999999997,1.7282630802411165,6.217604362727409,12.992395637272585
646,DGP 1: No investor communication,0,Fulfilled,9.719374999999998,1.344381186437213,7.08438787458306,12.354362125416936
646,DGP 2: Investor communication,1,Violated,12.961249999999998,1.71490459901454,9.6000369859315,16.322463014068497
647,DGP 1: No investor communication,0,Fulfilled,10.004999999999999,1.335252626922234,7.38790485123242,12.622095148767578
647,DGP 2: Investor communication,1,Violated,6.277500000000002,1.7427209269858284,2.861766983107778,9.693233016892226
648,DGP 1: No investor communication,0,Fulfilled,9.774375000000028,1.3505752645973594,7.127247481389203,12.421502518610852
648,DGP 2: Investor communication,1,Violated,9.649374999999981,1.765661992800356,6.188677494111284,13.11007250588868
649,DGP 1: No investor communication,0,Fulfilled,7.42375,1.2989122960540278,4.877881899734106,9.969618100265894
649,DGP 2: Investor communication,1,Violated,5.401249999999996,1.7786055500156004,1.9151831219694189,8.887316878030573
650,DGP 1: No investor communication,0,Fulfilled,10.108124999999989,1.365312726429486,7.432112056198196,12.784137943801781
650,DGP 2: Investor communication,1,Violated,9.039375000000017,1.7395514790694437,5.629854101023907,12.448895898976128
651,DGP 1: No investor communication,0,Fulfilled,6.903750000000005,1.3366314768097274,4.283952305452939,9.523547694547071
651,DGP 2: Investor communication,1,Violated,10.849374999999988,1.7086930674628658,7.500336587772771,14.198413412227204
652,DGP 1: No investor communication,0,Fulfilled,9.249374999999981,1.3565805303573844,6.590477160499508,11.908272839500455
652,DGP 2: Investor communication,1,Violated,8.496250000000003,1.747079893806474,5.071973408139314,11.920526591860693
653,DGP 1: No investor communication,0,Fulfilled,6.710625000000004,1.3409700384435816,4.082323724650584,9.338926275349424
653,DGP 2: Investor communication,1,Violated,10.596249999999998,1.7159987580634137,7.232892434195707,13.959607565804289
654,DGP 1: No investor communication,0,Fulfilled,8.031875000000001,1.330791780340561,5.423523110532502,10.6402268894675
654,DGP 2: Investor communication,1,Violated,6.73812500000002,1.7326478452544931,3.3421352233012134,10.134114776698826
655,DGP 1: No investor communication,0,Fulfilled,8.169374999999992,1.2918348025498307,5.637378787002323,10.70137121299766
655,DGP 2: Investor communication,1,Violated,9.36562499999999,1.692502445552171,6.048320206717735,12.682929793282247
656,DGP 1: No investor communication,0,Fulfilled,9.568750000000001,1.3811375821069405,6.8617203390703985,12.275779660929604
656,DGP 2: Investor communication,1,Violated,6.561874999999951,1.72874579466429,3.1735332424579425,9.9502167575419591
657,DGP 1: No investor communication,0,Fulfilled,8.458750000000002,1.28632264013671,5.937557625332051,10.979942374667953
657,DGP 2: Investor communication,1,Violated,7.3081249999999915,1.709559159624089,3.9573890471367767,10.658860952863206
658,DGP 1: No investor communication,0,Fulfilled,8.371249999999987,1.3956565010014257,5.635763258037193,11.10673674196278
658,DGP 2: Investor communication,1,Violated,5.256250000000005,1.7596436376917821,1.8073484701241123,8.705151529875899
659,DGP 1: No investor communication,0,Fulfilled,9.75250000000001,1.3571872675331673,7.092412955635002,12.412587044365019
659,DGP 2: Investor communication,1,Violated,10.650625000000003,1.7524953773032719,7.215734060485591,14.085515939514416
660,DGP 1: No investor communication,0,Fulfilled,8.78625,1.3041042875016475,6.230205596496772,11.34229440350323
660,DGP 2: Investor communication,1,Violated,9.651250000000008,1.7040551696493513,6.31130186748728,12.991198132512736
661,DGP 1: No investor communication,0,Fulfilled,5.135000000000007,1.3095173925635453,2.568345910575458,7.701654089424556
661,DGP 2: Investor communication,1,Violated,8.136250000000006,1.7420044174248928,4.7219213418472155,11.550578658152796
662,DGP 1: No investor communication,0,Fulfilled,7.884374999999993,1.3421744002895684,5.2537131754324395,10.515036824567547
662,DGP 2: Investor communication,1,Violated,8.171250000000011,1.7136137788663535,4.812566993421958,11.529933006578064
663,DGP 1: No investor communication,0,Fulfilled,8.259374999999983,1.3553133807008548,5.602960773826307,10.915789226173658
663,DGP 2: Investor communication,1,Violated,7.87750000000001,1.773004493948216,4.402411191861507,11.352588808138513
664,DGP 1: No investor communication,0,Fulfilled,8.508124999999993,1.3413418715509282,5.879094931760173,11.137155068239812
664,DGP 2: Investor communication,1,Violated,7.453750000000013,1.7104107411206355,4.101344947403567,10.80615505259646
665,DGP 1: No investor communication,0,Fulfilled,10.44999999999999,1.3712809150815215,7.762289406440209,13.137710593559772
665,DGP 2: Investor communication,1,Violated,9.1325,1.7291962125266236,5.743275423447818,12.521724576552183
666,DGP 1: No investor communication,0,Fulfilled,8.140000000000013,1.3176957644298417,5.557316301717523,10.722683698282502
666,DGP 2: Investor communication,1,Violated,6.6862500000000065,1.7653001059739515,3.2262617922910617,10.14623820770895
667,DGP 1: No investor communication,0,Fulfilled,7.285000000000007,1.365871334980886,4.607892183437471,9.962107816562543
667,DGP 2: Investor communication,1,Violated,5.812500000000002,1.7608087594429696,2.3613148314917813,9.263685168508221
668,DGP 1: No investor communication,0,Fulfilled,10.046874999999996,1.321000150954076,7.457714704130007,12.636035295869986
668,DGP 2: Investor communication,1,Violated,8.418750000000033,1.7955110577203086,4.899548326868228,11.937951673131838
669,DGP 1: No investor communication,0,Fulfilled,9.637500000000003,1.3884213646299064,6.9161941253253865,12.35880587467462
669,DGP 2: Investor communication,1,Violated,9.639375000000012,1.7544828953717488,6.2005885250713835,13.07816147492864
670,DGP 1: No investor communication,0,Fulfilled,11.041249999999998,1.3416874202762288,8.41154265625859,13.670957343741406
670,DGP 2: Investor communication,1,Violated,6.420624999999992,1.7419572690616159,3.0063887526392254,9.83486124736076
671,DGP 1: No investor communication,0,Fulfilled,11.09124999999999,1.3822290260727474,8.382081108897404,13.800418891102575
671,DGP 2: Investor communication,1,Violated,4.888125000000024,1.7456428422230252,1.4666650292428942,8.309584970757154
672,DGP 1: No investor communication,0,Fulfilled,6.981875000000017,1.3235890619076909,4.387640438660943,9.576109561339091
672,DGP 2: Investor communication,1,Violated,4.871874999999983,1.7053101824492898,1.5294670423993755,8.214282957600592
673,DGP 1: No investor communication,0,Fulfilled,11.565624999999995,1.284813015469214,9.047391489680336,14.083858510319654
673,DGP 2: Investor communication,1,Violated,8.235624999999967,1.7754879269832384,4.75566866311282,11.715581336887114
674,DGP 1: No investor communication,0,Fulfilled,9.384375000000002,1.3463261073553894,6.745575829583439,12.023174170416565
674,DGP 2: Investor communication,1,Violated,5.385000000000009,1.7915418401851202,1.873577993237173,8.896422006762844
675,DGP 1: No investor communication,0,Fulfilled,8.384375000000006,1.374954764674743,5.689463661237509,11.079286338762502
675,DGP 2: Investor communication,1,Violated,8.32437500000001,1.7305646320616332,4.9324683211592095,11.716281678840812
676,DGP 1: No investor communication,0,Fulfilled,9.698124999999996,1.3258921916112358,7.099376304441973,12.296873695558018
676,DGP 2: Investor communication,1,Violated,8.800000000000018,1.700481644871033,5.467055976052794,12.132944023947243
677,DGP 1: No investor communication,0,Fulfilled,9.189375000000002,1.3321099391329578,6.578439519299405,11.800310480700599
677,DGP 2: Investor communication,1,Violated,6.3431250000000166,1.7692376438772695,2.8754192180005687,9.810830781999464
678,DGP 1: No investor communication,0,Fulfilled,8.680624999999987,1.3465364199501366,6.041413616897719,11.319836383102254
678,DGP 2: Investor communication,1,Violated,9.243124999999996,1.7506117655445594,5.811925939532659,12.674324060467331
679,DGP 1: No investor communication,0,Fulfilled,9.943750000000003,1.3326431440817967,7.331769437599682,12.555730562400324
679,DGP 2: Investor communication,1,Violated,6.807499999999989,1.7370311935054474,3.4029188607293115,10.212081139270666
680,DGP 1: No investor communication,0,Fulfilled,8.960625000000011,1.3470609039454404,6.320385628266948,11.600864371733074
680,DGP 2: Investor communication,1,Violated,8.395625000000003,1.7799368703332563,4.90694873414682,11.884301265853185
681,DGP 1: No investor communication,0,Fulfilled,7.958125000000003,1.3372362527682182,5.337141944574295,10.57910805542571
681,DGP 2: Investor communication,1,Violated,6.601874999999987,1.7331121490199306,3.2049751879209234,9.998774812079052
682,DGP 1: No investor communication,0,Fulfilled,11.363124999999991,1.3189979597130175,8.777888998962478,13.948361001037505
682,DGP 2: Investor communication,1,Violated,9.836250000000014,1.684543400134199,6.534544935736983,13.137955064263044
683,DGP 1: No investor communication,0,Fulfilled,7.476875000000039,1.3449260100305984,4.840820020340066,10.112929979660011
683,DGP 2: Investor communication,1,Violated,5.014374999999962,1.7143314428569163,1.6542853720004063,8.374464627999519
684,DGP 1: No investor communication,0,Fulfilled,7.593125000000006,1.3275650150194054,4.991097570561971,10.195152429438041
684,DGP 2: Investor communication,1,Violated,7.076249999999995,1.7220318910163668,3.701067493607916,10.451432506392074
685,DGP 1: No investor communication,0,Fulfilled,8.275625000000002,1.3177098621339671,5.6929136702174254,10.858336329782578
685,DGP 2: Investor communication,1,Violated,8.133749999999981,1.772108519403392,4.660417301969333,11.60708269803063
686,DGP 1: No investor communication,0,Fulfilled,8.881875000000008,1.3653233137650898,6.2058413050204315,11.557908694979584
686,DGP 2: Investor communication,1,Violated,6.137499999999983,1.7401228349187392,2.7268592435592547,9.548140756440713
687,DGP 1: No investor communication,0,Fulfilled,8.605625,1.3743760822550921,5.911847878780019,11.29940212121998
687,DGP 2: Investor communication,1,Violated,5.5512499999999925,1.7546765179517863,2.1120840248144916,8.990415975185494
688,DGP 1: No investor communication,0,Fulfilled,10.823124999999997,1.3622009357786782,8.153211165873788,13.493038834126207
688,DGP 2: Investor communication,1,Violated,6.816250000000016,1.7133549807256867,3.4580742377776703,10.174425762222363
689,DGP 1: No investor communication,0,Fulfilled,8.21875,1.367008323987677,5.539413684984153,10.898086315015847
689,DGP 2: Investor communication,1,Violated,9.979374999999994,1.7881217128930273,6.4746564427296605,13.484093557270327
690,DGP 1: No investor communication,0,Fulfilled,9.990625000000012,1.3651711097718977,7.314889624847092,12.666360375152932
690,DGP 2: Investor communication,1,Violated,6.8149999999999835,1.7197595990565921,3.444271185849063,10.185728814150904
691,DGP 1: No investor communication,0,Fulfilled,8.754999999999994,1.3598401774756526,6.089713252147715,11.420286747852273
691,DGP 2: Investor communication,1,Violated,7.1818749999999945,1.6752942884011832,3.8982981947336754,10.465451805266314
692,DGP 1: No investor communication,0,Fulfilled,9.832499999999998,1.3383308402752232,7.20937155306056,12.455628446939436
692,DGP 2: Investor communication,1,Violated,7.31500000000003,1.7321242841625983,3.920036403041337,10.709963596958723
693,DGP 1: No investor communication,0,Fulfilled,11.469999999999981,1.3700364841626271,8.784728491041232,14.15527150895873
693,DGP 2: Investor communication,1,Violated,6.0212499999999904,1.7404237151630786,2.6100195182803563,9.432480481719624
694,DGP 1: No investor communication,0,Fulfilled,8.794375000000024,1.3654342730843891,6.118123824754621,11.470626175245426
694,DGP 2: Investor communication,1,Violated,5.281875000000001,1.7326694661781035,1.8858428462909185,8.677907153709084
695,DGP 1: No investor communication,0,Fulfilled,8.318124999999995,1.325911793401339,5.7193378849333705,10.91691211506662
695,DGP 2: Investor communication,1,Violated,7.406249999999989,1.6905392990282888,4.092792973904544,10.719707026095435
696,DGP 1: No investor communication,0,Fulfilled,9.066249999999991,1.3404251650938832,6.43901667641598,11.693483323584003
696,DGP 2: Investor communication,1,Violated,9.253124999999976,1.7052696727398091,5.91079644142995,12.595453558570002
697,DGP 1: No investor communication,0,Fulfilled,9.33999999999999,1.3266583948837232,6.739749546027892,11.940250453972087
697,DGP 2: Investor communication,1,Violated,8.862499999999997,1.7431627848883247,5.445900941618881,12.279099058381114
698,DGP 1: No investor communication,0,Fulfilled,8.111250000000002,1.293389604251995,5.576206375666091,10.646293624333913
698,DGP 2: Investor communication,1,Violated,9.025624999999998,1.747123032319689,5.601263856653407,12.449986143346589
699,DGP 1: No investor communication,0,Fulfilled,8.587499999999974,1.3854442322101288,5.872029304868121,11.302970695131826
699,DGP 2: Investor communication,1,Violated,6.068124999999995,1.710651172757534,2.7152487013952284,9.42100129860476
700,DGP 1: No investor communication,0,Fulfilled,8.620624999999999,1.3539744110174559,5.966835154405786,11.274414845594212
700,DGP 2: Investor communication,1,Violated,10.791874999999983,1.7544269932435221,7.35319809324268,14.230551906757286
701,DGP 1: No investor communication,0,Fulfilled,9.193125000000013,1.342180776911132,6.562450677254194,11.823799322745831
701,DGP 2: Investor communication,1,Violated,7.756250000000015,1.7121969948045626,4.400343890183072,11.112156109816958
702,DGP 1: No investor communication,0,Fulfilled,9.656249999999995,1.3209030408918,7.067280039852067,12.245219960147923
702,DGP 2: Investor communication,1,Violated,4.040625000000016,1.7598897601347678,0.5912410701358715,7.490008929864161
703,DGP 1: No investor communication,0,Fulfilled,7.264375000000008,1.3480080873414362,4.622279148810794,9.906470851189223
703,DGP 2: Investor communication,1,Violated,8.683750000000005,1.8027147466533908,5.150429096559359,12.217070903440652
704,DGP 1: No investor communication,0,Fulfilled,8.988749999999978,1.3138751167862233,6.413554771098981,11.563945228900977
704,DGP 2: Investor communication,1,Violated,7.31125,1.7232689127322327,3.933642931044824,10.688857068955176
705,DGP 1: No investor communication,0,Fulfilled,7.398124999999991,1.307065198490489,4.836277210958633,9.95997278904135
705,DGP 2: Investor communication,1,Violated,6.773749999999993,1.7360483197353551,3.371095293318697,10.17640470668129
706,DGP 1: No investor communication,0,Fulfilled,9.739375000000004,1.336975601144213,7.118902821757347,12.359847178242662
706,DGP 2: Investor communication,1,Violated,8.38,1.7103880247370535,5.027639471515376,11.732360528484627
707,DGP 1: No investor communication,0,Fulfilled,9.842500000000005,1.324921228736292,7.245654391676872,12.439345608323137
707,DGP 2: Investor communication,1,Violated,10.346875000000026,1.722207182204805,6.971348922878608,13.722401077121443
708,DGP 1: No investor communication,0,Fulfilled,9.58187500000001,1.328707400715482,6.977608494597666,12.186141505402356
708,DGP 2: Investor communication,1,Violated,7.056874999999998,1.730652473535929,3.6647961518695773,10.448953848130419
709,DGP 1: No investor communication,0,Fulfilled,9.538750000000002,1.3463834067476732,6.899838522774562,12.177661477225442
709,DGP 2: Investor communication,1,Violated,7.589375000000009,1.7424117902762668,4.174247891058526,11.004502108941493
710,DGP 1: No investor communication,0,Fulfilled,5.773750000000003,1.3381128014135448,3.1510489092294556,8.396451090770551
710,DGP 2: Investor communication,1,Violated,6.359375000000012,1.7619379724548083,2.905976573988588,9.812773426011436
711,DGP 1: No investor communication,0,Fulfilled,9.315625000000011,1.3559359795875676,6.657990480008379,11.973259519991643
711,DGP 2: Investor communication,1,Violated,7.33875000000001,1.7460737950947738,3.916445361614253,10.761054638385767
712,DGP 1: No investor communication,0,Fulfilled,8.8075,1.3037121083103804,6.252224267711654,11.362775732288345
712,DGP 2: Investor communication,1,Violated,9.34375000000003,1.681998993335708,6.047031973062042,12.640468026938018
713,DGP 1: No investor communication,0,Fulfilled,6.834999999999962,1.3274729505471772,4.233153016927495,9.436846983072428
713,DGP 2: Investor communication,1,Violated,12.390000000000011,1.6965581076218819,9.064746109061122,15.7152538909389
714,DGP 1: No investor communication,0,Fulfilled,10.042499999999952,1.359555931977759,7.3777703733235445,12.70722962667636
714,DGP 2: Investor communication,1,Violated,7.52187500000001,1.6922282111880214,4.205107706071488,10.838642293928533
715,DGP 1: No investor communication,0,Fulfilled,9.854375000000003,1.344188525617513,7.219765489789678,12.488984510210328
715,DGP 2: Investor communication,1,Violated,9.368750000000004,1.7753118703271338,5.889138734158822,12.848361265841186
716,DGP 1: No investor communication,0,Fulfilled,10.957499999999989,1.3567308271308933,8.298307578823438,13.61669242117654
716,DGP 2: Investor communication,1,Violated,8.501249999999985,1.7772345712693811,5.017870240311998,11.984629759687971
717,DGP 1: No investor communication,0,Fulfilled,8.821250000000001,1.3453706085752617,6.184323607192487,11.458176392807514
717,DGP 2: Investor communication,1,Violated,4.783749999999992,1.736327629216253,1.3805478467361363,8.18695215326385
718,DGP 1: No investor communication,0,Fulfilled,7.372499999999986,1.336565911790949,4.7528308128897265,9.992169187110246
718,DGP 2: Investor communication,1,Violated,5.3668749999999985,1.7886482443003464,1.8611244411713197,8.872625558828677
719,DGP 1: No investor communication,0,Fulfilled,9.32625000000001,1.3515380074027499,6.677235505490621,11.9752644945094
719,DGP 2: Investor communication,1,Violated,8.783750000000012,1.6943762451353086,5.462772559534807,12.104727440465217
720,DGP 1: No investor communication,0,Fulfilled,7.954375000000003,1.2957724292087984,5.414661038750758,10.494088961249249
720,DGP 2: Investor communication,1,Violated,5.773125000000016,1.7607462446033382,2.3220623605774735,9.22418763942256
721,DGP 1: No investor communication,0,Fulfilled,10.808750000000003,1.3467537501831506,8.16911264964103,13.448387350358978
721,DGP 2: Investor communication,1,Violated,7.224374999999991,1.716062568070994,3.8608923665808432,10.587857633419139
722,DGP 1: No investor communication,0,Fulfilled,11.151250000000005,1.3403434160007517,8.524176904638532,13.778323095361477
722,DGP 2: Investor communication,1,Violated,6.203749999999989,1.7198195916622665,2.8329036003419463,9.57459639965803
723,DGP 1: No investor communication,0,Fulfilled,8.866249999999985,1.3600645549246144,6.20052347234774,11.53197652765223
723,DGP 2: Investor communication,1,Violated,9.131875,1.7499910990004937,5.701892445959033,12.56185755404097
724,DGP 1: No investor communication,0,Fulfilled,8.819374999999996,1.3482887960668801,6.17672895970891,11.46202104029108
724,DGP 2: Investor communication,1,Violated,7.292500000000003,1.71407216394963,3.9329185586587285,10.652081441341277
725,DGP 1: No investor communication,0,Fulfilled,8.030624999999995,1.3586306848753136,5.367708857644381,10.69354114235561
725,DGP 2: Investor communication,1,Violated,9.645625000000022,1.7527541688649153,6.210226829024788,13.081023170975257
726,DGP 1: No investor communication,0,Fulfilled,8.882500000000014,1.3702439982384378,6.196821763452677,11.568178236547352
726,DGP 2: Investor communication,1,Violated,7.525625000000003,1.7363255039169494,4.122427012322783,10.928822987677224
727,DGP 1: No investor communication,0,Fulfilled,8.904999999999994,1.3258509951461666,6.306332049513507,11.50366795048648
727,DGP 2: Investor communication,1,Violated,6.071875000000009,1.7269338191285648,2.687084714508022,9.456665285491997
728,DGP 1: No investor communication,0,Fulfilled,10.00249999999999,1.348616635419173,7.359211394578411,12.64578860542157
728,DGP 2: Investor communication,1,Violated,7.989375000000026,1.791193927589389,4.478634901924823,11.500115098075227
729,DGP 1: No investor communication,0,Fulfilled,8.354999999999986,1.3307569362578555,5.74671640493459,10.963283595065382
729,DGP 2: Investor communication,1,Violated,7.138124999999982,1.774572242912984,3.6599634038905333,10.61628659610943
730,DGP 1: No investor communication,0,Fulfilled,8.336874999999994,1.3353288948998427,5.719630365996302,10.954119634003685
730,DGP 2: Investor communication,1,Violated,9.887499999999989,1.7176474837706073,6.520910931809599,13.254089068190378
731,DGP 1: No investor communication,0,Fulfilled,7.2081249999999955,1.3428095731186271,4.576218236687486,9.840031763312505
731,DGP 2: Investor communication,1,Violated,8.255624999999995,1.6759029824742362,4.970855154350492,11.540394845649498
732,DGP 1: No investor communication,0,Fulfilled,8.893749999999995,1.3452567456829756,6.257046778461364,11.530453221538627
732,DGP 2: Investor communication,1,Violated,8.928125000000005,1.8125028285806855,5.3756194559818615,12.480630544018148
733,DGP 1: No investor communication,0,Fulfilled,8.72062499999998,1.3273456698941553,6.119027487007436,11.322222512992525
733,DGP 2: Investor communication,1,Violated,7.455000000000034,1.6993808675022908,4.124213499695544,10.785786500304525
734,DGP 1: No investor communication,0,Fulfilled,10.114375000000003,1.3371085576129247,7.49364222707867,12.735107772921335
734,DGP 2: Investor communication,1,Violated,8.596250000000023,1.7135521103992732,5.237687863617447,11.954812136382598
735,DGP 1: No investor communication,0,Fulfilled,9.229999999999992,1.306403879873046,6.669448395448821,11.790551604551162
735,DGP 2: Investor communication,1,Violated,10.115625000000012,1.6897903305686037,6.803635952085549,13.427614047914474
736,DGP 1: No investor communication,0,Fulfilled,9.012499999999994,1.3683767545681436,6.330481561046433,11.694518438953555
736,DGP 2: Investor communication,1,Violated,7.888749999999991,1.7462290844084527,4.466140994559424,11.311359005440558
737,DGP 1: No investor communication,0,Fulfilled,6.979999999999993,1.334243199079267,4.364883329804631,9.595116670195356
737,DGP 2: Investor communication,1,Violated,6.401250000000017,1.7837755351633613,2.905049951079829,9.897450048920206
738,DGP 1: No investor communication,0,Fulfilled,8.224374999999995,1.3540975379386868,5.570343825640169,10.87840617435982
738,DGP 2: Investor communication,1,Violated,6.762499999999951,1.6920737289282481,3.446035491300585,10.078964508699318
739,DGP 1: No investor communication,0,Fulfilled,8.55625,1.3439935354423511,5.922022670532993,11.190477329467008
739,DGP 2: Investor communication,1,Violated,6.151249999999969,1.7870096588178297,2.6487110687170228,9.653788931282914
740,DGP 1: No investor communication,0,Fulfilled,7.2518750000000205,1.3637248622052318,4.578974270077766,9.924775729922274
740,DGP 2: Investor communication,1,Violated,8.174375000000003,1.7179676187026296,4.807158467342849,11.541591532657158
741,DGP 1: No investor communication,0,Fulfilled,8.29062499999999,1.333352152850246,5.677254780413508,10.903995219586472
741,DGP 2: Investor communication,1,Violated,7.1106250000000095,1.7153954194636907,3.748449977851176,10.472800022148842
742,DGP 1: No investor communication,0,Fulfilled,10.13875000000002,1.362706566496935,7.467845129666028,12.809654870334011
742,DGP 2: Investor communication,1,Violated,7.524999999999999,1.7849403788098672,4.026516857532659,11.023483142467338
743,DGP 1: No investor communication,0,Fulfilled,6.399374999999988,1.3300572122035221,3.7924628640810845,9.00628713591889
743,DGP 2: Investor communication,1,Violated,7.897500000000003,1.758446862928971,4.45094414865922,11.344055851340785
744,DGP 1: No investor communication,0,Fulfilled,10.507500000000016,1.3206416396714837,7.919042386243908,13.095957613756124
744,DGP 2: Investor communication,1,Violated,6.951875000000015,1.7621748411317186,3.498012311381847,10.405737688618183
745,DGP 1: No investor communication,0,Fulfilled,11.375625000000007,1.3894842964097676,8.652235779036863,14.09901422096315
745,DGP 2: Investor communication,1,Violated,8.275625000000007,1.738203351038491,4.868746431964564,11.68250356803545
746,DGP 1: No investor communication,0,Fulfilled,9.793750000000012,1.396838687628873,7.05594617224742,12.531553827752603
746,DGP 2: Investor communication,1,Violated,8.048749999999995,1.7246019904496697,4.668530098718643,11.428969901281347
747,DGP 1: No investor communication,0,Fulfilled,9.96937499999999,1.3417079449367442,7.339627427923972,12.59912257207601
747,DGP 2: Investor communication,1,Violated,6.173124999999999,1.7388941077455944,2.7648925488186338,9.581357451181365
748,DGP 1: No investor communication,0,Fulfilled,8.891875000000002,1.361579869687566,6.2231784554123735,11.560571544587631
748,DGP 2: Investor communication,1,Violated,7.890624999999998,1.7099648675360506,4.5390938596293395,11.242156140370657
749,DGP 1: No investor communication,0,Fulfilled,9.337500000000004,1.3722956616133608,6.647800503237817,12.02719949676219
749,DGP 2: Investor communication,1,Violated,7.401875000000016,1.6970203965401098,4.075715022781401,10.72803497721863
750,DGP 1: No investor communication,0,Fulfilled,9.826875000000017,1.340448507705979,7.199595924896299,12.454154075103736
750,DGP 2: Investor communication,1,Violated,10.665625000000002,1.7410322829307499,7.253201725455733,14.078048274544273
751,DGP 1: No investor communication,0,Fulfilled,6.373749999999998,1.3448671372427765,3.7378104110041557,9.00968958899584
751,DGP 2: Investor communication,1,Violated,7.575624999999976,1.7577413689033823,4.1304519169493465,11.020798083050604
752,DGP 1: No investor communication,0,Fulfilled,7.6418750000000095,1.3294493323644192,5.036154308565748,10.24759569143427
752,DGP 2: Investor communication,1,Violated,6.832500000000005,1.7092334393065778,3.4824024589591125,10.182597541040897
753,DGP 1: No investor communication,0,Fulfilled,10.540625000000032,1.3349031093053572,7.9242149057615325,13.157035094238532
753,DGP 2: Investor communication,1,Violated,8.675,1.6943296837676056,5.354113819815494,11.995886180184508
754,DGP 1: No investor communication,0,Fulfilled,8.599374999999998,1.3844952595108426,5.885764291358747,11.31298570864125
754,DGP 2: Investor communication,1,Violated,5.985624999999981,1.7536610486516304,2.5484493446427856,9.422800655357177
755,DGP 1: No investor communication,0,Fulfilled,10.136875000000007,1.3465407960677789,7.49765503970716,12.776094960292854
755,DGP 2: Investor communication,1,Violated,8.861249999999995,1.712929402536944,5.503908371027585,12.218591628972405
756,DGP 1: No investor communication,0,Fulfilled,8.325000000000015,1.3222048385216283,5.733478516497624,10.916521483502407
756,DGP 2: Investor communication,1,Violated,5.520624999999987,1.7757069830313978,2.040239313258447,9.001010686741527
757,DGP 1: No investor communication,0,Fulfilled,6.501250000000014,1.316919427726267,3.9200879216565307,9.082412078343497
757,DGP 2: Investor communication,1,Violated,6.148124999999995,1.73201507080694,2.7533754612183925,9.542874538781597
758,DGP 1: No investor communication,0,Fulfilled,9.922500000000007,1.3225536501528148,7.3302948457004895,12.514705154299524
758,DGP 2: Investor communication,1,Violated,7.420000000000011,1.7209346760199475,4.046968035000914,10.793031964999107
759,DGP 1: No investor communication,0,Fulfilled,9.28500000000002,1.3636079902118956,6.612328339184705,11.957671660815334
759,DGP 2: Investor communication,1,Violated,11.157500000000024,1.7211199135684552,7.784104969405852,14.530895030594195
760,DGP 1: No investor communication,0,Fulfilled,7.388124999999983,1.3261894672755041,4.788793644139995,9.98745635585997
760,DGP 2: Investor communication,1,Violated,8.557500000000008,1.7109628018558252,5.204012908362591,11.910987091637425
761,DGP 1: No investor communication,0,Fulfilled,9.730624999999996,1.3655388361778593,7.0541688810913925,12.4070811189086
761,DGP 2: Investor communication,1,Violated,9.224374999999993,1.7322203619355667,5.829223090606282,12.619526909393704
762,DGP 1: No investor communication,0,Fulfilled,5.6881250000000145,1.3173921509942934,3.1060363840511993,8.27021361594883
762,DGP 2: Investor communication,1,Violated,10.929375000000006,1.724998300269542,7.548378331471703,14.310371668528308
763,DGP 1: No investor communication,0,Fulfilled,9.646874999999987,1.3722412724377813,6.957282106021935,12.336467893978039
763,DGP 2: Investor communication,1,Violated,9.345000000000015,1.7208771378550933,5.972080809804032,12.717919190195998
764,DGP 1: No investor communication,0,Fulfilled,8.400000000000006,1.317170314590196,5.8183461834032215,10.98165381659679
764,DGP 2: Investor communication,1,Violated,7.789374999999989,1.7428516230094566,4.373385818901454,11.205364181098524
765,DGP 1: No investor communication,0,Fulfilled,8.618749999999997,1.395213801544683,5.884130948972418,11.353369051027576
765,DGP 2: Investor communication,1,Violated,9.136875000000039,1.6916568725538992,5.821227529794397,12.45252247020568
766,DGP 1: No investor communication,0,Fulfilled,9.506250000000005,1.3813885708237044,6.798728401185544,12.213771598814466
766,DGP 2: Investor communication,1,Violated,9.832499999999985,1.6974433672670286,6.505511000156609,13.159488999843362
767,DGP 1: No investor communication,0,Fulfilled,9.848124999999973,1.3637953153870441,7.175086181841367,12.521163818158579
767,DGP 2: Investor communication,1,Violated,11.649374999999992,1.7059663589010414,8.305680936553951,14.993069063446033
768,DGP 1: No investor communication,0,Fulfilled,6.931875000000003,1.3149753569882452,4.354523300303043,9.509226699696963
768,DGP 2: Investor communication,1,Violated,7.136875000000044,1.7036274444597292,3.797765208858975,10.475984791141114
769,DGP 1: No investor communication,0,Fulfilled,9.351249999999983,1.3169695805384236,6.7699896221446725,11.932510377855293
769,DGP 2: Investor communication,1,Violated,11.14187500000003,1.7239833410903962,7.762867651462854,14.520882348537206
770,DGP 1: No investor communication,0,Fulfilled,7.1324999999999985,1.3443529614222915,4.497568195612307,9.76743180438769
770,DGP 2: Investor communication,1,Violated,10.440000000000024,1.722152578162342,7.064580946801835,13.815419053198214
771,DGP 1: No investor communication,0,Fulfilled,12.073125000000003,1.3725013946943052,9.383022266399164,14.763227733600841
771,DGP 2: Investor communication,1,Violated,5.080625000000012,1.7078752873033065,1.7331894368855312,8.428060563114492
772,DGP 1: No investor communication,0,Fulfilled,8.793124999999995,1.3298929312421914,6.186534854765299,11.39971514523469
772,DGP 2: Investor communication,1,Violated,10.259375000000013,1.7579176941886159,6.813856319390325,13.7048936806097
773,DGP 1: No investor communication,0,Fulfilled,7.495624999999989,1.3293964222841737,4.890008012323008,10.10124198767697
773,DGP 2: Investor communication,1,Violated,7.671249999999986,1.754826941592452,4.231789194478781,11.110710805521192
774,DGP 1: No investor communication,0,Fulfilled,6.451250000000009,1.3382431344394683,3.828293456498651,9.074206543501367
774,DGP 2: Investor communication,1,Violated,6.994374999999966,1.7300948288428217,3.6033891354680354,10.385360864531897
775,DGP 1: No investor communication,0,Fulfilled,8.705625000000001,1.3416519294592373,6.075987218259897,11.335262781740106
775,DGP 2: Investor communication,1,Violated,7.312499999999998,1.781551132282465,3.8206597807263667,10.80434021927363
776,DGP 1: No investor communication,0,Fulfilled,8.298750000000013,1.3192801941587136,5.712960819448934,10.88453918055109
776,DGP 2: Investor communication,1,Violated,8.539374999999986,1.7070722592886367,5.193513371794257,11.885236628205714
777,DGP 1: No investor communication,0,Fulfilled,8.986874999999984,1.3370795104121642,6.366199159592142,11.607550840407825
777,DGP 2: Investor communication,1,Violated,7.103749999999998,1.704079568864309,3.763754045025953,10.443745954974043
778,DGP 1: No investor communication,0,Fulfilled,11.223749999999999,1.3398158897166035,8.597710856155455,13.849789143844543
778,DGP 2: Investor communication,1,Violated,9.071249999999994,1.675769698905931,5.786741390144369,12.355758609855618
779,DGP 1: No investor communication,0,Fulfilled,8.89625000000001,1.3376907583602808,6.27437611361386,11.518123886386162
779,DGP 2: Investor communication,1,Violated,8.515625,1.779362640829418,5.028074223974341,12.00317577602566
780,DGP 1: No investor communication,0,Fulfilled,7.9174999999999995,1.387688945237275,5.19762966733494,10.637370332665059
780,DGP 2: Investor communication,1,Violated,7.682500000000012,1.7121390067901379,4.326707546691342,11.038292453308681
781,DGP 1: No investor communication,0,Fulfilled,9.968124999999995,1.3390850619359367,7.3435182786055595,12.592731721394431
781,DGP 2: Investor communication,1,Violated,9.683749999999986,1.7498760080037465,6.253993024312642,13.11350697568733
782,DGP 1: No investor communication,0,Fulfilled,10.113750000000012,1.3665370616006853,7.435337359262668,12.792162640737356
782,DGP 2: Investor communication,1,Violated,11.588125000000005,1.739656066860727,8.17839910895298,14.99785089104703
783,DGP 1: No investor communication,0,Fulfilled,9.428749999999996,1.327834550617115,6.82619428079045,12.031305719209541
783,DGP 2: Investor communication,1,Violated,7.58687499999998,1.74674375515359,4.163257239898943,11.010492760101016
784,DGP 1: No investor communication,0,Fulfilled,8.789374999999982,1.3335344189290135,6.175647538899115,11.403102461100849
784,DGP 2: Investor communication,1,Violated,8.425624999999997,1.7367138174921768,5.02166591771533,11.829584082284663
785,DGP 1: No investor communication,0,Fulfilled,10.19625000000001,1.3212491003299163,7.606601763353374,12.785898236646645
785,DGP 2: Investor communication,1,Violated,7.383749999999983,1.7799742397663203,3.8950004900579955,10.87249950994197
786,DGP 1: No investor communication,0,Fulfilled,9.561875000000013,1.4030496163572912,6.811897751939722,12.311852248060305
786,DGP 2: Investor communication,1,Violated,4.656249999999991,1.7727696036248748,1.1816215768952367,8.130878423104745
787,DGP 1: No investor communication,0,Fulfilled,9.760624999999996,1.3405204239833455,7.133204968992638,12.388045031007353
787,DGP 2: Investor communication,1,Violated,11.896249999999993,1.700652904030531,8.562970308100152,15.229529691899835
788,DGP 1: No investor communication,0,Fulfilled,4.854999999999996,1.3225001099871092,2.262899784425262,7.44710021557473
788,DGP 2: Investor communication,1,Violated,6.009375000000016,1.742564613160849,2.5939483582047522,9.42480164179528
789,DGP 1: No investor communication,0,Fulfilled,8.788749999999974,1.301821016519869,6.23718080762103,11.340319192378917
789,DGP 2: Investor communication,1,Violated,7.934375000000024,1.7963636999406136,4.413502148116422,11.455247851883627
790,DGP 1: No investor communication,0,Fulfilled,8.884999999999977,1.3482349221757006,6.242459552535603,11.52754044746435
790,DGP 2: Investor communication,1,Violated,6.219374999999989,1.6787386859440225,2.9290471755497047,9.509702824450272
791,DGP 1: No investor communication,0,Fulfilled,9.611250000000013,1.352426131949495,6.960494781379002,12.262005218621024
791,DGP 2: Investor communication,1,Violated,8.168124999999979,1.7463155321589785,4.74534655696838,11.590903443031577
792,DGP 1: No investor communication,0,Fulfilled,9.114999999999997,1.32764409314274,6.512817577440226,11.717182422559766
792,DGP 2: Investor communication,1,Violated,8.588749999999994,1.7278691625178901,5.202126441464929,11.975373558535058
793,DGP 1: No investor communication,0,Fulfilled,8.849999999999998,1.3392620508360404,6.225046380361359,11.474953619638637
793,DGP 2: Investor communication,1,Violated,9.678125000000016,1.7373556530578553,6.272907920006619,13.083342079993411
794,DGP 1: No investor communication,0,Fulfilled,7.837500000000006,1.3277067125270896,5.23519484344691,10.439805156553101
794,DGP 2: Investor communication,1,Violated,6.84687499999999,1.777155184250461,3.363650838869087,10.330099161130892
795,DGP 1: No investor communication,0,Fulfilled,8.896250000000006,1.3160217605388236,6.316847349343911,11.4756526506561
795,DGP 2: Investor communication,1,Violated,7.173125000000006,1.750446270116984,3.7422503105707174,10.603999689429294
796,DGP 1: No investor communication,0,Fulfilled,7.601250000000013,1.3641652099938844,4.927486188411999,10.275013811588027
796,DGP 2: Investor communication,1,Violated,9.650625000000016,1.726797754452343,6.266101401273424,13.035148598726607
797,DGP 1: No investor communication,0,Fulfilled,9.283124999999993,1.323727508449529,6.688619083438916,11.87763091656107
797,DGP 2: Investor communication,1,Violated,8.773124999999997,1.6918446613918596,5.4571094636719515,12.089140536328042
798,DGP 1: No investor communication,0,Fulfilled,9.220000000000006,1.3445317502186673,6.584717769571418,11.855282230428594
798,DGP 2: Investor communication,1,Violated,10.448750000000011,1.6858342311816312,7.144514906884014,13.752985093116008
799,DGP 1: No investor communication,0,Fulfilled,9.411874999999984,1.351446951084641,6.763038975874088,12.06071102412588
799,DGP 2: Investor communication,1,Violated,10.00875000000001,1.752538629279216,6.573774286612746,13.443725713387273
800,DGP 1: No investor communication,0,Fulfilled,9.711250000000005,1.3271908009554954,7.109956030127234,12.312543969872776
800,DGP 2: Investor communication,1,Violated,9.05812499999999,1.7222842667566143,5.682447837157026,12.433802162842953
801,DGP 1: No investor communication,0,Fulfilled,5.3956249999999875,1.309266229197978,2.8294631907719507,7.961786809228024
801,DGP 2: Investor communication,1,Violated,8.139374999999987,1.7006961547466866,4.806010536696482,11.472739463303492
802,DGP 1: No investor communication,0,Fulfilled,10.49187499999999,1.3696285093915437,7.807403121592564,13.176346878407415
802,DGP 2: Investor communication,1,Violated,7.243750000000013,1.7136414162894065,3.8850128240727764,10.60248717592725
803,DGP 1: No investor communication,0,Fulfilled,10.475625000000013,1.3476800676019103,7.834172067500269,13.117077932499758
803,DGP 2: Investor communication,1,Violated,9.486874999999998,1.752006138097071,6.052942969329738,12.920807030670257
804,DGP 1: No investor communication,0,Fulfilled,9.451250000000009,1.3549578186710711,6.79553267540471,12.106967324595308
804,DGP 2: Investor communication,1,Violated,8.206875000000025,1.7191017711501073,4.837435528545814,11.576314471454236
805,DGP 1: No investor communication,0,Fulfilled,7.76375,1.340978479273855,5.135432180623244,10.392067819376756
805,DGP 2: Investor communication,1,Violated,11.996250000000046,1.70164991141385,8.6610161736289,15.331483826371192
806,DGP 1: No investor communication,0,Fulfilled,7.545000000000009,1.335768274196952,4.926894182573983,10.163105817426034
806,DGP 2: Investor communication,1,Violated,6.680624999999997,1.716621536181709,3.3160467890838476,10.045203210916148
807,DGP 1: No investor communication,0,Fulfilled,8.739374999999995,1.356959232933775,6.079734903449797,11.399015096550194
807,DGP 2: Investor communication,1,Violated,7.397499999999978,1.778854834047558,3.910944525266764,10.884055474733191
808,DGP 1: No investor communication,0,Fulfilled,9.800625000000013,1.3376346803303194,7.178861026552587,12.422388973447438
808,DGP 2: Investor communication,1,Violated,8.091874999999991,1.7236141738886332,4.713591219178269,11.470158780821713
809,DGP 1: No investor communication,0,Fulfilled,10.005625000000002,1.340453722804286,7.378335703303602,12.632914296696402
809,DGP 2: Investor communication,1,Violated,9.281875,1.7324985170725355,5.88617790653783,12.67757209346217
810,DGP 1: No investor communication,0,Fulfilled,6.5799999999999885,1.318610206180956,3.995523995885315,9.164476004114661
810,DGP 2: Investor communication,1,Violated,6.986874999999991,1.73255215714032,3.5910727720049636,10.382677227995018
811,DGP 1: No investor communication,0,Fulfilled,8.71749999999999,1.3351278241921036,6.1006494645834675,11.334350535416513
811,DGP 2: Investor communication,1,Violated,9.520625000000027,1.7105161875109909,6.168013272478485,12.873236727521569
812,DGP 1: No investor communication,0,Fulfilled,7.843125000000002,1.34642366279214,5.204134620927408,10.482115379072596
812,DGP 2: Investor communication,1,Violated,6.829375000000008,1.8073460734253441,3.286976696086333,10.371773303913683
813,DGP 1: No investor communication,0,Fulfilled,10.513124999999981,1.3330279802081864,7.900390158791936,13.125859841208026
813,DGP 2: Investor communication,1,Violated,6.264999999999999,1.735142909904779,2.864119896586632,9.665880103413365
814,DGP 1: No investor communication,0,Fulfilled,9.068749999999982,1.3655414981869896,6.392288663553483,11.74521133644648
814,DGP 2: Investor communication,1,Violated,5.073124999999989,1.7449866376207244,1.652951190263369,8.493298809736608
815,DGP 1: No investor communication,0,Fulfilled,9.303750000000004,1.3853660820768166,6.588432479129445,12.019067520870564
815,DGP 2: Investor communication,1,Violated,5.452500000000011,1.767829441937073,1.9875542938033481,8.917445706196673
816,DGP 1: No investor communication,0,Fulfilled,9.568125,1.3558759331260366,6.910608171072969,12.225641828927031
816,DGP 2: Investor communication,1,Violated,5.96187500000002,1.7115837155394158,2.607170917542765,9.316579082457274
817,DGP 1: No investor communication,0,Fulfilled,9.869999999999996,1.32772853044233,7.267652080333029,12.472347919666962
817,DGP 2: Investor communication,1,Violated,7.346249999999981,1.7242055479235194,3.9668071260698827,10.725692873930079
818,DGP 1: No investor communication,0,Fulfilled,9.657500000000022,1.3375809804004848,7.035841278415072,12.279158721584972
818,DGP 2: Investor communication,1,Violated,5.972500000000013,1.7375011189243115,2.566997806908362,9.378002193091664
819,DGP 1: No investor communication,0,Fulfilled,9.84437499999999,1.345587639780739,7.207023226029742,12.481726773970239
819,DGP 2: Investor communication,1,Violated,7.573749999999987,1.736733252640808,4.169752824824004,10.97774717517597
820,DGP 1: No investor communication,0,Fulfilled,10.320625,1.3424239958397977,7.6894739681539965,12.951776031846002
820,DGP 2: Investor communication,1,Violated,5.750624999999978,1.7693260277084821,2.2827459856913532,9.218504014308603
821,DGP 1: No investor communication,0,Fulfilled,9.004999999999988,1.331043117727596,6.3961554892539,11.613844510746077
821,DGP 2: Investor communication,1,Violated,8.410625,1.7747231953616216,4.932167537091221,11.889082462908778
822,DGP 1: No investor communication,0,Fulfilled,8.775000000000013,1.350498484959028,6.128022969480318,11.421977030519708
822,DGP 2: Investor communication,1,Violated,6.419375000000002,1.7192515146692657,3.0496420312482413,9.789107968751763
823,DGP 1: No investor communication,0,Fulfilled,8.473750000000011,1.3789204386996925,5.771065940148614,11.17643405985141
823,DGP 2: Investor communication,1,Violated,6.717500000000021,1.7424638560568964,3.302270842128504,10.132729157871537
824,DGP 1: No investor communication,0,Fulfilled,9.79000000000002,1.3249238048709568,7.193149342452945,12.386850657547097
824,DGP 2: Investor communication,1,Violated,7.746874999999996,1.7656690093906584,4.286163741594305,11.207586258405687
825,DGP 1: No investor communication,0,Fulfilled,10.526250000000012,1.3122655943858919,7.954209435003664,13.09829056499636
825,DGP 2: Investor communication,1,Violated,9.213750000000033,1.74212256549897,5.799189771622052,12.628310228378014
826,DGP 1: No investor communication,0,Fulfilled,9.2175,1.3622599461022566,6.547470505639577,11.887529494360422
826,DGP 2: Investor communication,1,Violated,7.398125000000029,1.7325563310068675,4.002314591226568,10.79393540877349
827,DGP 1: No investor communication,0,Fulfilled,9.844374999999994,1.2993963710030336,7.297558112834048,12.39119188716594
827,DGP 2: Investor communication,1,Violated,8.971250000000001,1.7252419086136843,5.5897758591171804,12.352724140882822
828,DGP 1: No investor communication,0,Fulfilled,10.191250000000014,1.3253478157714957,7.593568281087883,12.788931718912146
828,DGP 2: Investor communication,1,Violated,8.060000000000002,1.7414893706815981,4.64668083346407,11.473319166535934
829,DGP 1: No investor communication,0,Fulfilled,6.185624999999995,1.313357320309357,3.611444652193655,8.759805347806335
829,DGP 2: Investor communication,1,Violated,10.175000000000018,1.7079786665823693,6.827361813498575,13.522638186501462
830,DGP 1: No investor communication,0,Fulfilled,6.422500000000003,1.3527250662823942,3.7711588700865106,9.073841129913495
830,DGP 2: Investor communication,1,Violated,9.729374999999996,1.754670737526422,6.290220354448208,13.168529645551782
831,DGP 1: No investor communication,0,Fulfilled,9.379374999999994,1.316072642941255,6.799872619835135,11.958877380164854
831,DGP 2: Investor communication,1,Violated,7.436249999999996,1.745070948581844,4.015910940779582,10.85658905922041
832,DGP 1: No investor communication,0,Fulfilled,8.156875000000003,1.3537929663098447,5.503440786032707,10.8103092139673
832,DGP 2: Investor communication,1,Violated,7.986875000000007,1.7932788981718655,4.47204835958315,11.501701640416863
833,DGP 1: No investor communication,0,Fulfilled,8.734375000000004,1.3772106721221986,6.035042082640494,11.433707917359513
833,DGP 2: Investor communication,1,Violated,8.676874999999985,1.726897338517016,5.292156216506633,12.061593783493336
834,DGP 1: No investor communication,0,Fulfilled,7.818124999999996,1.3162094250574232,5.238354526887447,10.397895473112545
834,DGP 2: Investor communication,1,Violated,6.544374999999951,1.723192229502905,3.166918230174257,9.921831769825644
835,DGP 1: No investor communication,0,Fulfilled,7.351875000000004,1.3527692655651686,4.700447239492274,10.003302760507735
835,DGP 2: Investor communication,1,Violated,5.498125000000046,1.764640279451519,2.039430052275069,8.956819947725023
836,DGP 1: No investor communication,0,Fulfilled,10.558124999999993,1.374802500120006,7.863512099764781,13.252737900235205
836,DGP 2: Investor communication,1,Violated,6.373125,1.7532273761278916,2.9367993427893326,9.809450657210668
837,DGP 1: No investor communication,0,Fulfilled,7.900000000000002,1.3555619111534363,5.243098654139267,10.556901345860737
837,DGP 2: Investor communication,1,Violated,6.405625000000006,1.7868600952114955,2.9033792133854748,9.907870786614538
838,DGP 1: No investor communication,0,Fulfilled,8.466874999999968,1.3563504093401917,5.808428197693193,11.125321802306743
838,DGP 2: Investor communication,1,Violated,7.229374999999994,1.7311141244791959,3.83639131602077,10.622358683979218
839,DGP 1: No investor communication,0,Fulfilled,4.94625,1.3147682834159695,2.3693041645046997,7.523195835495301
839,DGP 2: Investor communication,1,Violated,10.994999999999997,1.7329298514622111,7.598457491134064,14.391542508865932
840,DGP 1: No investor communication,0,Fulfilled,8.151874999999993,1.3747304470919193,5.457403323699832,10.846346676300154
840,DGP 2: Investor communication,1,Violated,6.371249999999998,1.7337196731302174,2.973159440664772,9.769340559335223
841,DGP 1: No investor communication,0,Fulfilled,9.41312499999998,1.3882369821884097,6.692180514910696,12.134069485089263
841,DGP 2: Investor communication,1,Violated,9.285625000000007,1.6727821799941773,6.006971927211419,12.564278072788595
842,DGP 1: No investor communication,0,Fulfilled,8.83187499999999,1.335703738680252,6.213895672186696,11.449854327813284
842,DGP 2: Investor communication,1,Violated,5.674374999999996,1.7194823968486737,2.3041895021765955,9.044560497823397
843,DGP 1: No investor communication,0,Fulfilled,9.259375000000015,1.3348270101895263,6.643114060028543,11.875635939971486
843,DGP 2: Investor communication,1,Violated,9.15625000000001,1.7642139113337973,5.698390733785768,12.614109266214253
844,DGP 1: No investor communication,0,Fulfilled,9.467500000000008,1.3673789626768917,6.7874372331533,12.147562766846717
844,DGP 2: Investor communication,1,Violated,9.56187500000001,1.7295470943316003,6.171962695110073,12.951787304889946
845,DGP 1: No investor communication,0,Fulfilled,10.77,1.3371941519161166,8.149099462244411,13.390900537755588
845,DGP 2: Investor communication,1,Violated,9.93125000000002,1.7500161542494057,6.501218337671185,13.361281662328855
846,DGP 1: No investor communication,0,Fulfilled,7.985000000000007,1.3371940972344587,5.3640995694204685,10.605900430579545
846,DGP 2: Investor communication,1,Violated,9.716249999999983,1.7198912809261224,6.345263089384783,13.087236910615182
847,DGP 1: No investor communication,0,Fulfilled,10.472500000000007,1.3500724837342402,7.826357931880897,13.118642068119119
847,DGP 2: Investor communication,1,Violated,12.068750000000016,1.7366049166348234,8.665004363395761,15.47249563660427
848,DGP 1: No investor communication,0,Fulfilled,11.309999999999997,1.337020537196658,8.689439747094546,13.930560252905448
848,DGP 2: Investor communication,1,Violated,9.508750000000017,1.7465128694908159,6.085584775798018,12.931915224202015
849,DGP 1: No investor communication,0,Fulfilled,7.994374999999983,1.3260642892535832,5.39528899306296,10.593461006937005
849,DGP 2: Investor communication,1,Violated,7.3437499999999964,1.7461274834708584,3.921340132397114,10.766159867602878
850,DGP 1: No investor communication,0,Fulfilled,8.278749999999999,1.3321340758496454,5.667767211334693,10.889732788665304
850,DGP 2: Investor communication,1,Violated,8.35062500000001,1.7444058255193884,4.931589581982008,11.769660418018011
851,DGP 1: No investor communication,0,Fulfilled,10.251250000000017,1.377162869727924,7.552010775333286,12.950489224666747
851,DGP 2: Investor communication,1,Violated,6.330625000000012,1.7426855135920725,2.91496139335955,9.746288606640473
852,DGP 1: No investor communication,0,Fulfilled,9.093125000000008,1.3284125982551782,6.489436307419858,11.696813692580157
852,DGP 2: Investor communication,1,Violated,10.241875,1.7096418063340995,6.890977059585166,13.592772940414836
853,DGP 1: No investor communication,0,Fulfilled,10.308125000000008,1.346330840805773,7.6693165520206925,12.946933447979323
853,DGP 2: Investor communication,1,Violated,8.261875000000009,1.709542895032714,4.911170925735889,11.61257907426413
854,DGP 1: No investor communication,0,Fulfilled,9.708749999999991,1.3844215001499995,6.995283859705992,12.42221614029399
854,DGP 2: Investor communication,1,Violated,8.511249999999988,1.7073107771513867,5.16492087678327,11.857579123216706
855,DGP 1: No investor communication,0,Fulfilled,11.033124999999997,1.3129941296303749,8.459656505924462,13.60659349407553
855,DGP 2: Investor communication,1,Violated,7.589375000000006,1.733631721034934,4.191456826771535,10.987293173228476
856,DGP 1: No investor communication,0,Fulfilled,8.033750000000001,1.3707727875992881,5.347035336305397,10.720464663694607
856,DGP 2: Investor communication,1,Violated,10.040625000000011,1.7152927608508435,6.678651188732358,13.402598811267664
857,DGP 1: No investor communication,0,Fulfilled,8.6531250000000135,1.3997118735210292,5.909689727898796,11.396560272101231
857,DGP 2: Investor communication,1,Violated,7.656875000000005,1.7316603435987385,4.262820726546478,11.050929273453532
858,DGP 1: No investor communication,0,Fulfilled,6.686875000000008,1.3226322426921198,4.0945158043234535,9.279234195676562
858,DGP 2: Investor communication,1,Violated,9.041875,1.7216095484994158,5.667520284941144,12.416229715058854
859,DGP 1: No investor communication,0,Fulfilled,9.69499999999998,1.3469554003638413,7.054967415286852,12.33503258471311
859,DGP 2: Investor communication,1,Violated,8.156875000000007,1.7267976933135536,4.772351521105442,11.541398478894571
860,DGP 1: No investor communication,0,Fulfilled,10.227499999999978,1.331627658944424,7.617509788468906,12.83749021153105
860,DGP 2: Investor communication,1,Violated,10.365625000000005,1.6981403253409075,7.037269962331827,13.693980037668183
861,DGP 1: No investor communication,0,Fulfilled,8.810625000000007,1.3520429297014318,6.160620857785201,11.460629142214813
861,DGP 2: Investor communication,1,Violated,7.723750000000029,1.7266341339786229,4.339547097401928,11.10795290259813
862,DGP 1: No investor communication,0,Fulfilled,8.616875000000004,1.3769621048925624,5.918029274410582,11.315720725589426
862,DGP 2: Investor communication,1,Violated,6.737499999999981,1.7539666584295792,3.299725349478006,10.175274650521956
863,DGP 1: No investor communication,0,Fulfilled,9.455625000000008,1.3170177821779616,6.874270146931204,12.036979853068813
863,DGP 2: Investor communication,1,Violated,9.20374999999999,1.6640115663921422,5.942287329871392,12.46521267012859
864,DGP 1: No investor communication,0,Fulfilled,7.638124999999993,1.361287482300799,4.970001534690427,10.30624846530956
864,DGP 2: Investor communication,1,Violated,3.7568749999999724,1.745571629039895,0.3355546070817783,7.178195392918166
865,DGP 1: No investor communication,0,Fulfilled,6.715000000000002,1.3454160825038652,4.077984478292426,9.352015521707578
865,DGP 2: Investor communication,1,Violated,14.102500000000013,1.7571371573054102,10.65851117168141,17.546488828318616
866,DGP 1: No investor communication,0,Fulfilled,7.136875000000028,1.3410276557673628,4.508460794695997,9.76528920530406
866,DGP 2: Investor communication,1,Violated,6.64187499999999,1.7358199112014776,3.2396679740450938,10.044082025954886
867,DGP 1: No investor communication,0,Fulfilled,8.852500000000008,1.3582931615289877,6.190245403403193,11.514754596596823
867,DGP 2: Investor communication,1,Violated,7.765000000000001,1.7819578868843569,4.272362541706661,11.25763745829334
868,DGP 1: No investor communication,0,Fulfilled,8.518124999999973,1.321593378125048,5.927801978874879,11.108448021125067
868,DGP 2: Investor communication,1,Violated,8.495000000000008,1.702807444727329,5.157497408334443,11.832502591665573
869,DGP 1: No investor communication,0,Fulfilled,8.064375000000013,1.3307582013413728,5.456088925370922,10.672661074629103
869,DGP 2: Investor communication,1,Violated,8.503749999999993,1.757560600764339,5.058931222501888,11.948568777498098
870,DGP 1: No investor communication,0,Fulfilled,7.889999999999989,1.3433330562261736,5.257067209796689,10.522932790203289
870,DGP 2: Investor communication,1,Violated,6.534999999999968,1.761731913786772,3.082005448977895,9.987994551022041
871,DGP 1: No investor communication,0,Fulfilled,7.748124999999989,1.3337681235241787,5.133939477892599,10.362310522107379
871,DGP 2: Investor communication,1,Violated,10.39312500000003,1.6936055550061828,7.073658112187911,13.712591887812149
872,DGP 1: No investor communication,0,Fulfilled,9.931875000000009,1.3891750004197392,7.2090919991773195,12.654658000822698
872,DGP 2: Investor communication,1,Violated,9.818125000000022,1.714623398941317,6.45746313807504,13.178786861925003
873,DGP 1: No investor communication,0,Fulfilled,10.156874999999987,1.3300510543929005,7.549974933389902,12.763775066610073
873,DGP 2: Investor communication,1,Violated,7.768750000000004,1.773608202831418,4.292477922450425,11.245022077549583
874,DGP 1: No investor communication,0,Fulfilled,8.5275,1.3658057430218353,5.850520743677203,11.204479256322797
874,DGP 2: Investor communication,1,Violated,9.452500000000008,1.7001660207438094,6.120174599342141,12.784825400657875
875,DGP 1: No investor communication,0,Fulfilled,7.667500000000001,1.3471998090299924,5.026988374301217,10.308011625698786
875,DGP 2: Investor communication,1,Violated,7.7406250000000085,1.748095162525235,4.314358481450547,11.16689151854947
876,DGP 1: No investor communication,0,Fulfilled,7.753125000000024,1.3304126682310518,5.145516170267163,10.360733829732885
876,DGP 2: Investor communication,1,Violated,6.8212500000000045,1.7521265757305131,3.387081911568199,10.25541808843181
877,DGP 1: No investor communication,0,Fulfilled,9.928125000000005,1.32478491001074,7.331546576378955,12.524703423621055
877,DGP 2: Investor communication,1,Violated,10.438750000000018,1.6757253889037191,7.154328237748729,13.723171762251308
878,DGP 1: No investor communication,0,Fulfilled,7.491249999999972,1.3445107432915244,4.856008943148584,10.12649105685136
878,DGP 2: Investor communication,1,Violated,11.471874999999965,1.7335176255138984,8.074180453992724,14.869569546007206
879,DGP 1: No investor communication,0,Fulfilled,5.415625000000011,1.3222298533706311,2.8240544873935742,8.007195512606447
879,DGP 2: Investor communication,1,Violated,6.128124999999979,1.7581846765104312,2.6820830340395343,9.574166965960424
880,DGP 1: No investor communication,0,Fulfilled,10.56875,1.3679367504738844,7.887593969071187,13.249906030928813
880,DGP 2: Investor communication,1,Violated,6.0043750000000085,1.7010155621317797,2.67038449822172,9.338365501778297
881,DGP 1: No investor communication,0,Fulfilled,10.095000000000008,1.3588392831097857,7.431675005104828,12.758324994895187
881,DGP 2: Investor communication,1,Violated,10.705000000000013,1.7104978100620212,7.352424292278451,14.057575707721574
882,DGP 1: No investor communication,0,Fulfilled,6.728125000000016,1.3037828762720942,4.172710562506712,9.2835394374933209
882,DGP 2: Investor communication,1,Violated,8.84000000000002,1.7438512107316269,5.422051626966031,12.257948373034008
883,DGP 1: No investor communication,0,Fulfilled,7.46500000000001,1.3316282896779492,4.855008552231229,10.07499144776879
883,DGP 2: Investor communication,1,Violated,7.245000000000006,1.7842970998012275,3.7477776843896002,10.742222315610412
884,DGP 1: No investor communication,0,Fulfilled,9.205625000000012,1.359603004879643,6.5408031104359114,11.870446889564112
884,DGP 2: Investor communication,1,Violated,7.404374999999991,1.7079767113622877,4.056740645729907,10.752009354270076
885,DGP 1: No investor communication,0,Fulfilled,8.163124999999983,1.3113440019502223,5.592890756177548,10.733359243822418
885,DGP 2: Investor communication,1,Violated,10.166250000000002,1.7666219413197217,6.703670995013347,13.628829004986656
886,DGP 1: No investor communication,0,Fulfilled,9.829375000000022,1.356113928970468,7.171391699217905,12.48735830078214
886,DGP 2: Investor communication,1,Violated,6.3599999999999905,1.7891727308831682,2.853221447468981,9.866778552531
887,DGP 1: No investor communication,0,Fulfilled,8.932499999999997,1.3304009691117988,6.324914100540871,11.540085899459124
887,DGP 2: Investor communication,1,Violated,7.0918750000000035,1.7957012846379907,3.572300482109542,10.611449517890465
888,DGP 1: No investor communication,0,Fulfilled,7.385624999999999,1.3538323165141675,4.7321136596322315,10.039136340367767
888,DGP 2: Investor communication,1,Violated,7.841874999999994,1.7277483164814469,4.455488299696357,11.22826170030363
889,DGP 1: No investor communication,0,Fulfilled,7.6043749999999894,1.3586969432347404,4.941328991259898,10.267421008740081
889,DGP 2: Investor communication,1,Violated,10.525625000000002,1.656887562024074,7.278125378432817,13.773124621567186
890,DGP 1: No investor communication,0,Fulfilled,9.551875000000003,1.3649943136413267,6.876486145263002,12.227263854737004
890,DGP 2: Investor communication,1,Violated,8.626250000000008,1.6908813588224871,5.312122536707934,11.940377463292082
891,DGP 1: No investor communication,0,Fulfilled,9.11875000000001,1.3065923803896289,6.557828934436337,11.679671065563682
891,DGP 2: Investor communication,1,Violated,8.917499999999988,1.7396747782154445,5.507737434697717,12.32726256530226
892,DGP 1: No investor communication,0,Fulfilled,7.2437499999999995,1.288261679198599,4.718757108770745,9.768742891229254
892,DGP 2: Investor communication,1,Violated,7.649374999999997,1.7809761984874959,4.158661650964506,11.140088349035489
893,DGP 1: No investor communication,0,Fulfilled,9.710000000000013,1.3211614058960313,7.120523644443792,12.299476355556234
893,DGP 2: Investor communication,1,Violated,7.663125000000004,1.732887283862674,4.266665923629163,11.059584076370847
894,DGP 1: No investor communication,0,Fulfilled,8.712500000000011,1.2877988986433768,6.1884141586589925,11.236585841341029
894,DGP 2: Investor communication,1,Violated,9.755624999999995,1.6901897319537496,6.442853125370646,13.068396874629343
895,DGP 1: No investor communication,0,Fulfilled,8.071875000000004,1.3460921307887712,5.433534423654012,10.710215576345995
895,DGP 2: Investor communication,1,Violated,5.44999999999999,1.7221416324655257,2.07460240036756,8.82539759963242
896,DGP 1: No investor communication,0,Fulfilled,8.013125000000011,1.3819573616826557,5.304488571102006,10.721761428898017
896,DGP 2: Investor communication,1,Violated,7.7837499999999915,1.7076698647090975,4.436717065170161,11.130782934829822
897,DGP 1: No investor communication,0,Fulfilled,7.75062499999998,1.383391938561721,5.039176800419007,10.462073199580953
897,DGP 2: Investor communication,1,Violated,6.464999999999977,1.7420512687897087,3.050579513172148,9.879420486827806
898,DGP 1: No investor communication,0,Fulfilled,7.001875000000008,1.3478973006102373,4.359996290803943,9.643753709196073
898,DGP 2: Investor communication,1,Violated,7.769375000000011,1.7033631380197065,4.430783249481387,11.107966750518635
899,DGP 1: No investor communication,0,Fulfilled,7.274999999999965,1.3146837153461652,4.698219917921481,9.851780082078449
899,DGP 2: Investor communication,1,Violated,8.128749999999991,1.7784831471364573,4.6429230316125345,11.614576968387448
900,DGP 1: No investor communication,0,Fulfilled,8.451249999999977,1.3852185087688507,5.7362217228130294,11.166278277186924
900,DGP 2: Investor communication,1,Violated,8.896250000000004,1.708061114600028,5.54845021538395,12.244049784616058
901,DGP 1: No investor communication,0,Fulfilled,8.267499999999984,1.2954902322352022,5.728339144818988,10.80666085518098
901,DGP 2: Investor communication,1,Violated,7.6943749999999955,1.716684037598161,4.3296742863076005,11.05907571369239
902,DGP 1: No investor communication,0,Fulfilled,9.318125000000014,1.2982001614566556,6.773652683544969,11.862597316455059
902,DGP 2: Investor communication,1,Violated,8.595624999999972,1.7391918643655855,5.186808945843424,12.00444105415652
903,DGP 1: No investor communication,0,Fulfilled,8.61499999999999,1.3702501540607301,5.929309698040958,11.30069030195902
903,DGP 2: Investor communication,1,Violated,7.181874999999993,1.698958686844381,3.8519159737850064,10.511834026214979
904,DGP 1: No investor communication,0,Fulfilled,6.845625000000024,1.324907131917205,4.248807021442302,9.442442978557747
904,DGP 2: Investor communication,1,Violated,6.907499999999988,1.786422190885404,3.4061125058645962,10.40888749413538
905,DGP 1: No investor communication,0,Fulfilled,9.691250000000013,1.3412653414420455,7.062369930773603,12.320130069226423
905,DGP 2: Investor communication,1,Violated,8.646874999999985,1.7870051717799653,5.144344863311254,12.149405136688717
906,DGP 1: No investor communication,0,Fulfilled,7.591874999999986,1.3750179415462027,4.896839834569429,10.286910165430543
906,DGP 2: Investor communication,1,Violated,5.587500000000038,1.7766513899060228,2.105263275784233,9.069736724215842
907,DGP 1: No investor communication,0,Fulfilled,9.552500000000002,1.3495379389785607,6.907405639602024,12.19759436039798
907,DGP 2: Investor communication,1,Violated,7.684999999999961,1.751363545360594,4.252327451093198,11.117672548906725
908,DGP 1: No investor communication,0,Fulfilled,5.268124999999994,1.3032547233929064,2.713745742149898,7.82250425785009
908,DGP 2: Investor communication,1,Violated,10.015624999999975,1.7184981550632614,6.647368616075983,13.383881383923967
909,DGP 1: No investor communication,0,Fulfilled,10.956249999999995,1.3211427289652682,8.36681025122807,13.54568974877192
909,DGP 2: Investor communication,1,Violated,6.691875000000023,1.7228876807034426,3.3150151458212753,10.06873485417877
910,DGP 1: No investor communication,0,Fulfilled,8.69562499999998,1.3539538084901177,6.041875535359349,11.349374464640611
910,DGP 2: Investor communication,1,Violated,10.592500000000019,1.7526739028009617,7.157259150510134,14.027740849489904
911,DGP 1: No investor communication,0,Fulfilled,8.518750000000013,1.3479699329464387,5.876728931424993,11.160771068575034
911,DGP 2: Investor communication,1,Violated,7.6756249999999895,1.7395919146854557,4.266024847216496,11.085225152783483
912,DGP 1: No investor communication,0,Fulfilled,11.62750000000001,1.328098641762819,9.024426662144885,14.230573337855136
912,DGP 2: Investor communication,1,Violated,8.811250000000006,1.7422777563344227,5.396385597584538,12.226114402415476
913,DGP 1: No investor communication,0,Fulfilled,9.516875000000013,1.3440853684148804,6.882467677906847,12.151282322093179
913,DGP 2: Investor communication,1,Violated,7.036250000000003,1.770757371184743,3.5655655524779064,10.506934447522099
914,DGP 1: No investor communication,0,Fulfilled,8.586875000000003,1.3507222298974775,5.939459429400947,11.234290570599057
914,DGP 2: Investor communication,1,Violated,6.293125000000002,1.677640082893854,3.004950437528048,9.581299562471955
915,DGP 1: No investor communication,0,Fulfilled,6.657499999999983,1.317571187328195,4.075060472836721,9.239939527163244
915,DGP 2: Investor communication,1,Violated,8.881250000000042,1.7174094881645248,5.515127403197574,12.24737259680251
916,DGP 1: No investor communication,0,Fulfilled,9.406250000000004,1.3168341536145045,6.825255058915575,11.987244941084432
916,DGP 2: Investor communication,1,Violated,9.52187499999999,1.708556057750048,6.173105126809897,12.870644873190084
917,DGP 1: No investor communication,0,Fulfilled,9.373750000000012,1.313205228750086,6.799867751649844,11.94763224835018
917,DGP 2: Investor communication,1,Violated,3.010624999999994,1.7473012369893974,-0.41408542449922514,6.435335424499213
918,DGP 1: No investor communication,0,Fulfilled,8.996249999999982,1.394343102963734,6.263337518191063,11.7291624818089
918,DGP 2: Investor communication,1,Violated,5.5056250000000055,1.835532002452952,1.9079822751922197,9.103267724807791
919,DGP 1: No investor communication,0,Fulfilled,6.074375000000005,1.337068476591785,3.4537207858801064,8.695029214119904
919,DGP 2: Investor communication,1,Violated,7.001875000000039,1.7881057168065748,3.4971877950591526,10.506562204940925
920,DGP 1: No investor communication,0,Fulfilled,9.010000000000005,1.3717555657193745,6.321359091190031,11.69864090880998
920,DGP 2: Investor communication,1,Violated,7.471250000000007,1.6826270880712877,4.173300907380282,10.769199092619731
921,DGP 1: No investor communication,0,Fulfilled,10.23625000000001,1.3523722316138935,7.5856004260367795,12.886899573963241
921,DGP 2: Investor communication,1,Violated,9.688124999999971,1.708149626992633,6.34015173109441,13.036098268905532
922,DGP 1: No investor communication,0,Fulfilled,7.725000000000007,1.3608523962003534,5.057729303447314,10.3922706965527
922,DGP 2: Investor communication,1,Violated,4.758125000000026,1.7274542620643771,1.3723146463538471,8.143935353646206
923,DGP 1: No investor communication,0,Fulfilled,7.161250000000008,1.3055449541531745,4.602381889859785,9.72011811014023
923,DGP 2: Investor communication,1,Violated,6.59062500000004,1.7554829373680396,3.1498784427586823,10.031371557241398
924,DGP 1: No investor communication,0,Fulfilled,9.414375000000005,1.3466787958998239,6.77488456003635,12.05386543996366
924,DGP 2: Investor communication,1,Violated,7.346250000000028,1.751869406523002,3.912585963214944,10.779914036785112
925,DGP 1: No investor communication,0,Fulfilled,9.951874999999994,1.3537862504181335,7.298453949180452,12.605296050819536
925,DGP 2: Investor communication,1,Violated,6.194999999999986,1.7342105170270823,2.7959473866269047,9.594052613373067
926,DGP 1: No investor communication,0,Fulfilled,7.902499999999996,1.331395700235034,5.29296442753933,10.512035572460663
926,DGP 2: Investor communication,1,Violated,7.741250000000004,1.755073536652114,4.301305868161862,11.181194131838147
927,DGP 1: No investor communication,0,Fulfilled,9.4718749999999865,1.347874282088167,6.8300414071071796,12.113708592892793
927,DGP 2: Investor communication,1,Violated,8.205624999999978,1.7375824702406897,4.799963358328227,11.611286641671729
928,DGP 1: No investor communication,0,Fulfilled,11.753749999999988,1.3176263578520366,9.171202338609996,14.33629766138998
928,DGP 2: Investor communication,1,Violated,7.374375000000008,1.7712575316643902,3.902710237937803,10.846039762062212
929,DGP 1: No investor communication,0,Fulfilled,8.935624999999998,1.343883817713565,6.301612717281411,11.569637282718585
929,DGP 2: Investor communication,1,Violated,6.747499999999983,1.7214678506832277,3.3734230126608566,10.12157698733911
930,DGP 1: No investor communication,0,Fulfilled,7.469374999999992,1.3560015126140479,4.811612035276458,10.127137964723527
930,DGP 2: Investor communication,1,Violated,11.876874999999991,1.7328111335800662,8.480565178183062,15.27318482181692
931,DGP 1: No investor communication,0,Fulfilled,10.30374999999999,1.3507174453988533,7.656343807018238,12.951156192981742
931,DGP 2: Investor communication,1,Violated,6.928124999999996,1.752661786257945,3.492907898934424,10.363342101065568
932,DGP 1: No investor communication,0,Fulfilled,9.04749999999999,1.3105502138249832,6.478821580903023,11.616178419096958
932,DGP 2: Investor communication,1,Violated,7.367500000000012,1.7495236597889017,3.9384336268137647,10.79656637318626
933,DGP 1: No investor communication,0,Fulfilled,7.626874999999989,1.3443514744091787,4.991946110157999,10.26180388984198
933,DGP 2: Investor communication,1,Violated,7.235625000000002,1.7234154024265802,3.8577308112439055,10.613519188756099
934,DGP 1: No investor communication,0,Fulfilled,8.178124999999994,1.3365312957714295,5.558523660287992,10.797726339711996
934,DGP 2: Investor communication,1,Violated,7.985624999999999,1.6979969134623032,4.657551049613884,11.313698950386113
935,DGP 1: No investor communication,0,Fulfilled,7.571875000000009,1.3327482626525824,4.959688405200948,10.18406159479907
935,DGP 2: Investor communication,1,Violated,9.875625000000007,1.7381461775571194,6.468858491988053,13.28239150801196
936,DGP 1: No investor communication,0,Fulfilled,6.748125,1.3420574132735152,4.1176924699839095,9.37855753001609
936,DGP 2: Investor communication,1,Violated,9.522499999999987,1.7333089969272146,6.125214366022647,12.919785633977327
937,DGP 1: No investor communication,0,Fulfilled,10.485624999999999,1.378042722525132,7.78466126385074,13.186588736149258
937,DGP 2: Investor communication,1,Violated,7.388125000000008,1.7487879296514979,3.9605006578830717,10.815749342116943
938,DGP 1: No investor communication,0,Fulfilled,9.365000000000004,1.3194698251075687,6.7788391427891685,11.951160857210839
938,DGP 2: Investor communication,1,Violated,8.32312500000003,1.725128886644385,4.941872382177035,11.704377617823024
939,DGP 1: No investor communication,0,Fulfilled,9.365625000000014,1.419011094334794,6.584363255103818,12.14688674489621
939,DGP 2: Investor communication,1,Violated,7.519999999999996,1.7497323860515919,4.0905245233388765,10.949475476661116
940,DGP 1: No investor communication,0,Fulfilled,7.911875000000016,1.3416553317687963,5.282230549733176,10.541519450266858
940,DGP 2: Investor communication,1,Violated,6.6437500000000025,1.739208541560941,3.234901258540558,10.052598741459446
941,DGP 1: No investor communication,0,Fulfilled,8.643750000000008,1.3081287060718243,6.079817736099232,11.207682263900784
941,DGP 2: Investor communication,1,Violated,9.483749999999988,1.7071688621696024,6.137699030147568,12.829800969852409
942,DGP 1: No investor communication,0,Fulfilled,10.207500000000008,1.327694226642362,7.605219315780979,12.809780684219039
942,DGP 2: Investor communication,1,Violated,9.064999999999996,1.7214895259357916,5.690880529165844,12.439119470834147
943,DGP 1: No investor communication,0,Fulfilled,8.326875000000014,1.3633642548447067,5.654681060504389,10.999068939495638
943,DGP 2: Investor communication,1,Violated,6.391875000000017,1.7759422759346273,2.911028139168147,9.872721860831886
944,DGP 1: No investor communication,0,Fulfilled,8.70437500000001,1.3670758319547303,6.024906369368738,11.383843630631281
944,DGP 2: Investor communication,1,Violated,8.043750000000003,1.7492976700470906,4.615126566707705,11.4723734332923
945,DGP 1: No investor communication,0,Fulfilled,6.873124999999997,1.3357896087336065,4.2549773668821285,9.491272633117866
945,DGP 2: Investor communication,1,Violated,7.681250000000015,1.6903215608772995,4.368219740680508,10.99428025931952
946,DGP 1: No investor communication,0,Fulfilled,9.8375,1.3354322874028437,7.220052716690427,12.454947283309574
946,DGP 2: Investor communication,1,Violated,7.861874999999993,1.7356277084138994,4.460044691508751,11.263705308491236
947,DGP 1: No investor communication,0,Fulfilled,9.202499999999997,1.3756961868786193,6.506135473717903,11.898864526282091
947,DGP 2: Investor communication,1,Violated,11.120625000000004,1.6680518749740587,7.851243325050849,14.39000667494916
948,DGP 1: No investor communication,0,Fulfilled,9.344375,1.3405978764484947,6.71680316216095,11.971946837839049
948,DGP 2: Investor communication,1,Violated,7.7187499999999805,1.744679628310868,4.299177928510679,11.13832207148928
949,DGP 1: No investor communication,0,Fulfilled,11.580000000000009,1.3724945548240859,8.8899106725448,14.270089327455217
949,DGP 2: Investor communication,1,Violated,9.804999999999987,1.7173089793625784,6.439074400449334,13.17092559955064
950,DGP 1: No investor communication,0,Fulfilled,8.696249999999987,1.3203299593928874,6.108403279589927,11.284096720410046
950,DGP 2: Investor communication,1,Violated,10.20375000000003,1.761728218762915,6.7507626912247165,13.656737308775343
951,DGP 1: No investor communication,0,Fulfilled,10.686250000000003,1.3162603521918663,8.106379709703944,13.266120290296062
951,DGP 2: Investor communication,1,Violated,8.523750000000001,1.764813570333078,5.0647154021471685,11.982784597852834
952,DGP 1: No investor communication,0,Fulfilled,9.340624999999994,1.3685740740522745,6.658219814857536,12.023030185142453
952,DGP 2: Investor communication,1,Violated,8.216250000000016,1.7953728008307113,4.697319310371823,11.73518068962821
953,DGP 1: No investor communication,0,Fulfilled,7.252500000000018,1.3408054341839954,4.624521348999387,9.880478651000649
953,DGP 2: Investor communication,1,Violated,8.180624999999985,1.73820739120989,4.773738513228601,11.587511486771369
954,DGP 1: No investor communication,0,Fulfilled,9.439375000000007,1.3984883302495636,6.698337872710862,12.180412127289152
954,DGP 2: Investor communication,1,Violated,10.876875000000016,1.6596217335873455,7.624016402168818,14.129733597831214
955,DGP 1: No investor communication,0,Fulfilled,11.091250000000027,1.3396701680368446,8.465496470647812,13.717003529352242
955,DGP 2: Investor communication,1,Violated,9.24812499999999,1.6904214755496243,5.934898907922726,12.561351092077253
956,DGP 1: No investor communication,0,Fulfilled,9.524999999999999,1.2945455228035092,6.98769077530512,12.062309224694877
956,DGP 2: Investor communication,1,Violated,8.139999999999997,1.7550343286424535,4.700132715860788,11.579867284139205
957,DGP 1: No investor communication,0,Fulfilled,9.995000000000017,1.3664731558301297,7.316712614572962,12.673287385427072
957,DGP 2: Investor communication,1,Violated,7.681875000000002,1.7130291535728046,4.324337858997305,11.039412141002698
958,DGP 1: No investor communication,0,Fulfilled,6.4399999999999995,1.3451341865143895,3.8035369944317963,9.076463005568202
958,DGP 2: Investor communication,1,Violated,10.974374999999995,1.7456309690809784,7.552938300601277,14.395811699398713
959,DGP 1: No investor communication,0,Fulfilled,7.930625000000003,1.3351918381515566,5.313648997222952,10.547601002777053
959,DGP 2: Investor communication,1,Violated,8.181249999999984,1.7594027225532023,4.732820663795708,11.62967933620426
960,DGP 1: No investor communication,0,Fulfilled,8.709374999999996,1.3913351823919489,5.982358042511777,11.436391957488215
960,DGP 2: Investor communication,1,Violated,6.764999999999988,1.7556874918497942,3.3238525159743917,10.206147484025585
961,DGP 1: No investor communication,0,Fulfilled,10.093124999999988,1.3436688348453218,7.459534083703158,12.726715916296818
961,DGP 2: Investor communication,1,Violated,9.508125000000003,1.7047207521364431,6.166872325812575,12.849377674187432
962,DGP 1: No investor communication,0,Fulfilled,8.195625000000021,1.3424836857223978,5.564356975984121,10.82689302401592
962,DGP 2: Investor communication,1,Violated,8.226250000000002,1.7534161429946595,4.789554359730469,11.662945640269534
963,DGP 1: No investor communication,0,Fulfilled,9.389999999999992,1.3626708869587367,6.719165061560868,12.060834938439115
963,DGP 2: Investor communication,1,Violated,7.104375000000007,1.7347604976533777,3.704244424599387,10.504505575400628
964,DGP 1: No investor communication,0,Fulfilled,6.922500000000005,1.3475799416148915,4.281243314434818,9.563756685565192
964,DGP 2: Investor communication,1,Violated,8.798124999999988,1.7351216049872322,5.397286654225013,12.198963345774963
965,DGP 1: No investor communication,0,Fulfilled,10.612500000000002,1.3738340287999482,7.9197853035521035,13.305214696447901
965,DGP 2: Investor communication,1,Violated,6.374375000000001,1.7514915247391611,2.941451611511245,9.807298388488757
966,DGP 1: No investor communication,0,Fulfilled,8.848750000000022,1.3429246030430022,6.216617778035738,11.480882221964306
966,DGP 2: Investor communication,1,Violated,9.113750000000016,1.7005362674857971,5.780698915727854,12.446801084272177
967,DGP 1: No investor communication,0,Fulfilled,9.875624999999992,1.3644949675386548,7.201214863624228,12.550035136375756
967,DGP 2: Investor communication,1,Violated,12.099375000000013,1.7340391023288029,8.70065835943556,15.498091640564466
968,DGP 1: No investor communication,0,Fulfilled,10.368124999999997,1.3629743791218223,7.696695216921226,13.039554783078769
968,DGP 2: Investor communication,1,Violated,9.126249999999992,1.7566367839594874,5.683241903439397,12.569258096560587
969,DGP 1: No investor communication,0,Fulfilled,7.380000000000001,1.3454658635984933,4.7428869073469535,10.017113092653048
969,DGP 2: Investor communication,1,Violated,10.443750000000012,1.7124923623270643,7.087264969838966,13.800235030161058
970,DGP 1: No investor communication,0,Fulfilled,7.821249999999999,1.3653584430092502,5.1451474517018685,10.49735254829813
970,DGP 2: Investor communication,1,Violated,7.529375000000005,1.760670261222456,4.078461288003991,10.98028871199602
971,DGP 1: No investor communication,0,Fulfilled,6.471249999999992,1.3306752496599465,3.8631265106664974,9.079373489333488
971,DGP 2: Investor communication,1,Violated,6.633749999999996,1.7427251025249142,3.2180087990511637,10.049491200948827
972,DGP 1: No investor communication,0,Fulfilled,6.4243750000000155,1.3588200364657934,3.7610877285270603,9.08766227147297
972,DGP 2: Investor communication,1,Violated,7.76562500000003,1.7582777349803744,4.319400639438497,11.211849360561564
973,DGP 1: No investor communication,0,Fulfilled,8.980000000000006,1.2934315702601724,6.444874122290068,11.515125877709943
973,DGP 2: Investor communication,1,Violated,9.921875000000025,1.7573774570929732,6.477415184097797,13.366334815902253
974,DGP 1: No investor communication,0,Fulfilled,11.974374999999995,1.3531782889612571,9.32214555363593,14.626604446364059
974,DGP 2: Investor communication,1,Violated,8.678125,1.7340850921930975,5.279318219301528,12.076931780698471
975,DGP 1: No investor communication,0,Fulfilled,9.411874999999997,1.3379955818682536,6.78940365953822,12.034346340461774
975,DGP 2: Investor communication,1,Violated,8.434999999999999,1.739198057981002,5.026171806357235,11.843828193642763
976,DGP 1: No investor communication,0,Fulfilled,7.511874999999987,1.3436190741848617,4.878381614597659,10.145368385402316
976,DGP 2: Investor communication,1,Violated,8.946250000000012,1.6848083645682277,5.644025605446285,12.248474394553739
977,DGP 1: No investor communication,0,Fulfilled,9.607499999999996,1.4096876340081381,6.844512237344046,12.370487762655948
977,DGP 2: Investor communication,1,Violated,8.901249999999996,1.7509659849117116,5.469356669573041,12.33314333042695
978,DGP 1: No investor communication,0,Fulfilled,8.835000000000012,1.3396812630292,6.209224724462779,11.460775275537245
978,DGP 2: Investor communication,1,Violated,7.597500000000002,1.695605748354803,4.274112733224587,10.920887266775416
979,DGP 1: No investor communication,0,Fulfilled,9.629374999999976,1.341511018351787,7.000013404030474,12.258736595969479
979,DGP 2: Investor communication,1,Violated,8.934999999999993,1.6967077433621691,5.609452823010142,12.260547176989846
980,DGP 1: No investor communication,0,Fulfilled,9.626875000000007,1.342126871829547,6.996306331214095,12.25744366878592
980,DGP 2: Investor communication,1,Violated,7.386875000000002,1.7728187835121636,3.912150184316161,10.861599815683842
981,DGP 1: No investor communication,0,Fulfilled,6.390625000000005,1.37444068257757,3.6967212621479684,9.084528737852043
981,DGP 2: Investor communication,1,Violated,8.653125000000006,1.724132413890393,5.273825468774836,12.032424531225177
982,DGP 1: No investor communication,0,Fulfilled,7.428749999999999,1.3511425362784029,4.78051062889433,10.076989371105668
982,DGP 2: Investor communication,1,Violated,5.491875000000011,1.772812994638983,2.0171615305076043,8.966588469492418
983,DGP 1: No investor communication,0,Fulfilled,10.62,1.3542861529059096,7.965599140304416,13.274400859695582
983,DGP 2: Investor communication,1,Violated,12.054375000000013,1.7257118879442386,8.671979699629304,15.436770300370721
984,DGP 1: No investor communication,0,Fulfilled,6.313750000000011,1.3474539568235795,3.6727402446257957,8.954759755374226
984,DGP 2: Investor communication,1,Violated,7.59375000000003,1.7269207553153363,4.208985319581972,10.978514680418089
985,DGP 1: No investor communication,0,Fulfilled,8.202500000000011,1.311979768138883,5.631019654447801,10.773980345552221
985,DGP 2: Investor communication,1,Violated,8.085625000000014,1.7225662318456634,4.7093951855825145,11.461854814417514
986,DGP 1: No investor communication,0,Fulfilled,7.916875000000003,1.344067209311915,5.282503269748649,10.551246730251357
986,DGP 2: Investor communication,1,Violated,7.254375000000023,1.744013862982784,3.836107828553766,10.67264217144628
987,DGP 1: No investor communication,0,Fulfilled,7.876250000000001,1.340670583999772,5.248535655360447,10.503964344639554
987,DGP 2: Investor communication,1,Violated,7.009375000000015,1.7227956121390557,3.6326956002074655,10.386054399792563
988,DGP 1: No investor communication,0,Fulfilled,10.03500000000001,1.335137196809024,7.418131094254324,12.651868905745697
988,DGP 2: Investor communication,1,Violated,8.820625000000003,1.7489545813641152,5.3926740205263375,12.248575979473669
989,DGP 1: No investor communication,0,Fulfilled,6.997500000000006,1.350319129827232,4.3508745055386315,9.644125494461381
989,DGP 2: Investor communication,1,Violated,7.50187500000002,1.7542916875114343,4.063463292477609,10.94028670752243
990,DGP 1: No investor communication,0,Fulfilled,7.791875000000015,1.3374761650592033,5.170421716483977,10.413328283516053
990,DGP 2: Investor communication,1,Violated,7.103750000000003,1.6912095969566707,3.788979189964929,10.418520810035078
991,DGP 1: No investor communication,0,Fulfilled,6.950624999999992,1.3290996161966773,4.345589752254504,9.555660247745479
991,DGP 2: Investor communication,1,Violated,10.063125000000014,1.7257289644721692,6.680696229634562,13.445553770365464
992,DGP 1: No investor communication,0,Fulfilled,9.01624999999998,1.3388767515344815,6.3920515669923965,11.640448433007563
992,DGP 2: Investor communication,1,Violated,8.751874999999993,1.7089004166402886,5.402430183385027,12.101319816614959
993,DGP 1: No investor communication,0,Fulfilled,13.032500000000008,1.3291068935603005,10.427450488621819,15.637549511378197
993,DGP 2: Investor communication,1,Violated,6.271874999999985,1.7730963991736726,2.7966060576195875,9.747143942380383
994,DGP 1: No investor communication,0,Fulfilled,7.822499999999971,1.3165782826965584,5.242006565914717,10.402993434085225
994,DGP 2: Investor communication,1,Violated,6.643124999999971,1.7295238997240219,3.2532581565408885,10.032991843459055
995,DGP 1: No investor communication,0,Fulfilled,8.303749999999997,1.336135530773018,5.6849243596848815,10.922575640315113
995,DGP 2: Investor communication,1,Violated,8.436874999999977,1.706874123528284,5.0914017178845405,11.782348282115414
996,DGP 1: No investor communication,0,Fulfilled,8.471249999999994,1.365982519720396,5.7939242613480175,11.14857573865197
996,DGP 2: Investor communication,1,Violated,11.436874999999995,1.7304170240324894,8.045257632896316,14.828492367103674
997,DGP 1: No investor communication,0,Fulfilled,6.495625000000015,1.2980513445748294,3.9514443646333492,9.03980563536668
997,DGP 2: Investor communication,1,Violated,11.071874999999991,1.7726269271958761,7.597526222696074,14.546223777303908
998,DGP 1: No investor communication,0,Fulfilled,9.113124999999993,1.344072559901674,6.478742782592712,11.747507217407275
998,DGP 2: Investor communication,1,Violated,9.426249999999976,1.7306534688949526,6.034169200965869,12.818330799034083
999,DGP 1: No investor communication,0,Fulfilled,8.874375000000002,1.3170216049926409,6.293012654214426,11.455737345785579
999,DGP 2: Investor communication,1,Violated,8.37,1.8057444741919648,4.830740830583748,11.90925916941625
1000,DGP 1: No investor communication,0,Fulfilled,7.708125000000008,1.3393461969725056,5.083006453933897,10.333243546066118
1000,DGP 2: Investor communication,1,Violated,8.181875000000012,1.7241489912536374,4.802542977142883,11.561207022857142
