episode,Y,e_ii,e_aa,condition
0,38.125,0,0,DGP 1 + Control
1,-54.375,0,0,DGP 1 + Control
2,13.75,0,0,DGP 1 + Control
3,2.5,0,0,DGP 1 + Control
4,-6.25,0,0,DGP 1 + Control
5,-70,0,0,DGP 1 + Control
6,-55.625,0,0,DGP 1 + Control
7,-8.125,0,0,DGP 1 + Control
8,-26.25,0,0,DGP 1 + Control
9,-36.875,0,0,DGP 1 + Control
10,-13.75,0,0,DGP 1 + Control
11,-28.75,0,0,DGP 1 + Control
12,-43.125,0,0,DGP 1 + Control
13,-29.375,0,0,DGP 1 + Control
14,1.875,0,0,DGP 1 + Control
15,-40,0,0,DGP 1 + Control
16,-44.375,0,0,DGP 1 + Control
17,5,0,0,DGP 1 + Control
18,25,0,0,DGP 1 + Control
19,21.875,0,0,DGP 1 + Control
20,-35,0,0,DGP 1 + Control
21,-42.5,0,0,DGP 1 + Control
22,-11.25,0,0,DGP 1 + Control
23,-2.5,0,0,DGP 1 + Control
24,-2.5,0,0,DGP 1 + Control
25,-20.625,0,0,DGP 1 + Control
26,11.25,0,0,DGP 1 + Control
27,36.25,0,0,DGP 1 + Control
28,-54.375,0,0,DGP 1 + Control
29,-39.375,0,0,DGP 1 + Control
30,-80,0,0,DGP 1 + Control
31,-35,0,0,DGP 1 + Control
32,10,0,0,DGP 1 + Control
33,-48.125,0,0,DGP 1 + Control
34,8.75,0,0,DGP 1 + Control
35,-11.875,0,0,DGP 1 + Control
36,-9.375,0,0,DGP 1 + Control
37,-1.25,0,0,DGP 1 + Control
38,-3.125,0,0,DGP 1 + Control
39,-31.25,0,0,DGP 1 + Control
40,-38.75,0,0,DGP 1 + Control
41,-14.375,0,0,DGP 1 + Control
42,-1.25,0,0,DGP 1 + Control
43,-29.375,0,0,DGP 1 + Control
44,58.75,0,0,DGP 1 + Control
45,11.25,0,0,DGP 1 + Control
46,-28.75,0,0,DGP 1 + Control
47,24.375,0,0,DGP 1 + Control
48,-46.25,0,0,DGP 1 + Control
49,-1.25,0,0,DGP 1 + Control
50,-12.5,0,0,DGP 1 + Control
51,-9.375,0,0,DGP 1 + Control
52,76.25,0,0,DGP 1 + Control
53,-28.75,0,0,DGP 1 + Control
54,-11.875,0,0,DGP 1 + Control
55,30.625,0,0,DGP 1 + Control
56,52.5,0,0,DGP 1 + Control
57,-50,0,0,DGP 1 + Control
58,-95.625,0,0,DGP 1 + Control
59,-20.625,0,0,DGP 1 + Control
60,-62.5,0,0,DGP 1 + Control
61,10,0,0,DGP 1 + Control
62,21.875,0,0,DGP 1 + Control
63,-55,0,0,DGP 1 + Control
64,1.25,0,0,DGP 1 + Control
65,-23.125,0,0,DGP 1 + Control
66,-15,0,0,DGP 1 + Control
67,-23.125,0,0,DGP 1 + Control
68,-9.375,0,0,DGP 1 + Control
69,-24.375,0,0,DGP 1 + Control
70,-8.125,0,0,DGP 1 + Control
71,-44.375,0,0,DGP 1 + Control
72,-36.25,0,0,DGP 1 + Control
73,21.875,0,0,DGP 1 + Control
74,3.125,0,0,DGP 1 + Control
75,-68.75,0,0,DGP 1 + Control
76,5.625,0,0,DGP 1 + Control
77,18.125,0,0,DGP 1 + Control
78,0.625,0,0,DGP 1 + Control
79,-23.125,0,0,DGP 1 + Control
80,-3.75,0,0,DGP 1 + Control
81,-13.75,0,0,DGP 1 + Control
82,-81.875,0,0,DGP 1 + Control
83,8.75,0,0,DGP 1 + Control
84,-22.5,0,0,DGP 1 + Control
85,-30,0,0,DGP 1 + Control
86,24.375,0,0,DGP 1 + Control
87,0,0,0,DGP 1 + Control
88,-1.25,0,0,DGP 1 + Control
89,22.5,0,0,DGP 1 + Control
90,10,0,0,DGP 1 + Control
91,-85.625,0,0,DGP 1 + Control
92,9.375,0,0,DGP 1 + Control
93,-10.625,0,0,DGP 1 + Control
94,-20.625,0,0,DGP 1 + Control
95,-13.125,0,0,DGP 1 + Control
96,-30.625,0,0,DGP 1 + Control
97,-29.375,0,0,DGP 1 + Control
98,-3.125,0,0,DGP 1 + Control
99,-10,0,0,DGP 1 + Control
100,24.375,0,0,DGP 1 + Control
101,-43.75,0,0,DGP 1 + Control
102,-32.5,0,0,DGP 1 + Control
103,27.5,0,0,DGP 1 + Control
104,7.5,0,0,DGP 1 + Control
105,-20,0,0,DGP 1 + Control
106,49.375,0,0,DGP 1 + Control
107,-27.5,0,0,DGP 1 + Control
108,-30,0,0,DGP 1 + Control
109,-8.75,0,0,DGP 1 + Control
110,-0.625,0,0,DGP 1 + Control
111,33.125,0,0,DGP 1 + Control
112,-26.25,0,0,DGP 1 + Control
113,7.5,0,0,DGP 1 + Control
114,-33.125,0,0,DGP 1 + Control
115,-1.875,0,0,DGP 1 + Control
116,-14.375,0,0,DGP 1 + Control
117,-10.625,0,0,DGP 1 + Control
118,-31.875,0,0,DGP 1 + Control
119,7.5,0,0,DGP 1 + Control
120,-12.5,0,0,DGP 1 + Control
121,5.625,0,0,DGP 1 + Control
122,41.25,0,0,DGP 1 + Control
123,43.125,0,0,DGP 1 + Control
124,-23.75,0,0,DGP 1 + Control
125,35,0,0,DGP 1 + Control
126,53.75,0,0,DGP 1 + Control
127,-30,0,0,DGP 1 + Control
128,-28.75,0,0,DGP 1 + Control
129,-35.625,0,0,DGP 1 + Control
130,-10.625,0,0,DGP 1 + Control
131,41.25,0,0,DGP 1 + Control
132,-36.875,0,0,DGP 1 + Control
133,-27.5,0,0,DGP 1 + Control
134,-32.5,0,0,DGP 1 + Control
135,-24.375,0,0,DGP 1 + Control
136,-40.625,0,0,DGP 1 + Control
137,0.625,0,0,DGP 1 + Control
138,-40.625,0,0,DGP 1 + Control
139,-41.25,0,0,DGP 1 + Control
140,-55,0,0,DGP 1 + Control
141,6.875,0,0,DGP 1 + Control
142,-66.875,0,0,DGP 1 + Control
143,-27.5,0,0,DGP 1 + Control
144,-45,0,0,DGP 1 + Control
145,-11.875,0,0,DGP 1 + Control
146,-38.125,0,0,DGP 1 + Control
147,11.25,0,0,DGP 1 + Control
148,7.5,0,0,DGP 1 + Control
149,-6.25,0,0,DGP 1 + Control
150,47.5,0,0,DGP 1 + Control
151,-16.25,0,0,DGP 1 + Control
152,-13.75,0,0,DGP 1 + Control
153,-30,0,0,DGP 1 + Control
154,26.25,0,0,DGP 1 + Control
155,-5.625,0,0,DGP 1 + Control
156,15,0,0,DGP 1 + Control
157,-35,0,0,DGP 1 + Control
158,-5,0,0,DGP 1 + Control
159,-14.375,0,0,DGP 1 + Control
160,-60,0,0,DGP 1 + Control
161,-1.875,0,0,DGP 1 + Control
162,-17.5,0,0,DGP 1 + Control
163,-31.25,0,0,DGP 1 + Control
164,33.75,0,0,DGP 1 + Control
165,-8.75,0,0,DGP 1 + Control
166,-20.625,0,0,DGP 1 + Control
167,-53.125,0,0,DGP 1 + Control
168,-68.125,0,0,DGP 1 + Control
169,-20,0,0,DGP 1 + Control
170,57.5,0,0,DGP 1 + Control
171,-32.5,0,0,DGP 1 + Control
172,-30.625,0,0,DGP 1 + Control
173,-42.5,0,0,DGP 1 + Control
174,-31.25,0,0,DGP 1 + Control
175,6.25,0,0,DGP 1 + Control
176,-45.625,0,0,DGP 1 + Control
177,-1.875,0,0,DGP 1 + Control
178,20,0,0,DGP 1 + Control
179,-25.625,0,0,DGP 1 + Control
180,-67.5,0,0,DGP 1 + Control
181,-27.5,0,0,DGP 1 + Control
182,0.625,0,0,DGP 1 + Control
183,-11.875,0,0,DGP 1 + Control
184,31.875,0,0,DGP 1 + Control
185,13.75,0,0,DGP 1 + Control
186,-27.5,0,0,DGP 1 + Control
187,28.125,0,0,DGP 1 + Control
188,-1.25,0,0,DGP 1 + Control
189,-41.875,0,0,DGP 1 + Control
190,-49.375,0,0,DGP 1 + Control
191,-94.375,0,0,DGP 1 + Control
192,-30,0,0,DGP 1 + Control
193,-3.75,0,0,DGP 1 + Control
194,-22.5,0,0,DGP 1 + Control
195,-21.875,0,0,DGP 1 + Control
196,-41.875,0,0,DGP 1 + Control
197,-30,0,0,DGP 1 + Control
198,5,0,0,DGP 1 + Control
199,18.125,0,0,DGP 1 + Control
200,-25,0,0,DGP 1 + Control
201,-7.5,0,0,DGP 1 + Control
202,-16.875,0,0,DGP 1 + Control
203,-32.5,0,0,DGP 1 + Control
204,39.375,0,0,DGP 1 + Control
205,-15,0,0,DGP 1 + Control
206,-18.125,0,0,DGP 1 + Control
207,49.375,0,0,DGP 1 + Control
208,-47.5,0,0,DGP 1 + Control
209,-16.25,0,0,DGP 1 + Control
210,-2.5,0,0,DGP 1 + Control
211,-9.375,0,0,DGP 1 + Control
212,-13.125,0,0,DGP 1 + Control
213,-22.5,0,0,DGP 1 + Control
214,-46.875,0,0,DGP 1 + Control
215,46.25,0,0,DGP 1 + Control
216,-10,0,0,DGP 1 + Control
217,-55.625,0,0,DGP 1 + Control
218,28.75,0,0,DGP 1 + Control
219,65.625,0,0,DGP 1 + Control
220,-47.5,0,0,DGP 1 + Control
221,36.25,0,0,DGP 1 + Control
222,7.5,0,0,DGP 1 + Control
223,-22.5,0,0,DGP 1 + Control
224,-48.75,0,0,DGP 1 + Control
225,28.125,0,0,DGP 1 + Control
226,-36.875,0,0,DGP 1 + Control
227,-7.5,0,0,DGP 1 + Control
228,-6.875,0,0,DGP 1 + Control
229,18.75,0,0,DGP 1 + Control
230,-41.875,0,0,DGP 1 + Control
231,-15.625,0,0,DGP 1 + Control
232,-10.625,0,0,DGP 1 + Control
233,19.375,0,0,DGP 1 + Control
234,8.75,0,0,DGP 1 + Control
235,-44.375,0,0,DGP 1 + Control
236,-26.25,0,0,DGP 1 + Control
237,-73.125,0,0,DGP 1 + Control
238,-15.625,0,0,DGP 1 + Control
239,-35.625,0,0,DGP 1 + Control
240,-33.125,0,0,DGP 1 + Control
241,-29.375,0,0,DGP 1 + Control
242,23.125,0,0,DGP 1 + Control
243,-18.75,0,0,DGP 1 + Control
244,-0.625,0,0,DGP 1 + Control
245,4.375,0,0,DGP 1 + Control
246,-10,0,0,DGP 1 + Control
247,-46.875,0,0,DGP 1 + Control
248,1.875,0,0,DGP 1 + Control
249,-14.375,0,0,DGP 1 + Control
250,-15.625,0,0,DGP 1 + Control
251,-36.875,0,0,DGP 1 + Control
252,5.625,0,0,DGP 1 + Control
253,-14.375,0,0,DGP 1 + Control
254,-46.875,0,0,DGP 1 + Control
255,-8.125,0,0,DGP 1 + Control
256,-48.125,0,0,DGP 1 + Control
257,-25,0,0,DGP 1 + Control
258,-15,0,0,DGP 1 + Control
259,-14.375,0,0,DGP 1 + Control
260,-47.5,0,0,DGP 1 + Control
261,1.875,0,0,DGP 1 + Control
262,-13.75,0,0,DGP 1 + Control
263,-17.5,0,0,DGP 1 + Control
264,-25.625,0,0,DGP 1 + Control
265,-36.875,0,0,DGP 1 + Control
266,-10.625,0,0,DGP 1 + Control
267,-2.5,0,0,DGP 1 + Control
268,-6.875,0,0,DGP 1 + Control
269,26.25,0,0,DGP 1 + Control
270,62.5,0,0,DGP 1 + Control
271,12.5,0,0,DGP 1 + Control
272,-17.5,0,0,DGP 1 + Control
273,-5,0,0,DGP 1 + Control
274,40,0,0,DGP 1 + Control
275,7.5,0,0,DGP 1 + Control
276,-45,0,0,DGP 1 + Control
277,-49.375,0,0,DGP 1 + Control
278,9.375,0,0,DGP 1 + Control
279,-16.875,0,0,DGP 1 + Control
280,7.5,0,0,DGP 1 + Control
281,-23.125,0,0,DGP 1 + Control
282,-50,0,0,DGP 1 + Control
283,-42.5,0,0,DGP 1 + Control
284,-22.5,0,0,DGP 1 + Control
285,-63.125,0,0,DGP 1 + Control
286,-10,0,0,DGP 1 + Control
287,36.875,0,0,DGP 1 + Control
288,41.875,0,0,DGP 1 + Control
289,28.125,0,0,DGP 1 + Control
290,-35.625,0,0,DGP 1 + Control
291,39.375,0,0,DGP 1 + Control
292,-11.875,0,0,DGP 1 + Control
293,40.625,0,0,DGP 1 + Control
294,-55,0,0,DGP 1 + Control
295,16.25,0,0,DGP 1 + Control
296,-49.375,0,0,DGP 1 + Control
297,-15.625,0,0,DGP 1 + Control
298,-48.75,0,0,DGP 1 + Control
299,-21.875,0,0,DGP 1 + Control
300,-18.75,0,0,DGP 1 + Control
301,13.75,0,0,DGP 1 + Control
302,-49.375,0,0,DGP 1 + Control
303,-38.125,0,0,DGP 1 + Control
304,2.5,0,0,DGP 1 + Control
305,-13.125,0,0,DGP 1 + Control
306,11.875,0,0,DGP 1 + Control
307,-30.625,0,0,DGP 1 + Control
308,-30.625,0,0,DGP 1 + Control
309,0,0,0,DGP 1 + Control
310,25.625,0,0,DGP 1 + Control
311,-6.875,0,0,DGP 1 + Control
312,-2.5,0,0,DGP 1 + Control
313,-40,0,0,DGP 1 + Control
314,48.125,0,0,DGP 1 + Control
315,-13.75,0,0,DGP 1 + Control
316,23.125,0,0,DGP 1 + Control
317,6.875,0,0,DGP 1 + Control
318,33.125,0,0,DGP 1 + Control
319,22.5,0,0,DGP 1 + Control
320,3.125,0,0,DGP 1 + Control
321,-39.375,0,0,DGP 1 + Control
322,13.75,0,0,DGP 1 + Control
323,-83.75,0,0,DGP 1 + Control
324,19.375,0,0,DGP 1 + Control
325,-28.125,0,0,DGP 1 + Control
326,0.625,0,0,DGP 1 + Control
327,5,0,0,DGP 1 + Control
328,-3.75,0,0,DGP 1 + Control
329,13.125,0,0,DGP 1 + Control
330,-30,0,0,DGP 1 + Control
331,-25.625,0,0,DGP 1 + Control
332,-8.75,0,0,DGP 1 + Control
333,-66.25,0,0,DGP 1 + Control
334,26.25,0,0,DGP 1 + Control
335,-44.375,0,0,DGP 1 + Control
336,-33.75,0,0,DGP 1 + Control
337,-52.5,0,0,DGP 1 + Control
338,-13.75,0,0,DGP 1 + Control
339,3.75,0,0,DGP 1 + Control
340,22.5,0,0,DGP 1 + Control
341,-23.125,0,0,DGP 1 + Control
342,-20.625,0,0,DGP 1 + Control
343,-1.875,0,0,DGP 1 + Control
344,-11.25,0,0,DGP 1 + Control
345,-27.5,0,0,DGP 1 + Control
346,65,0,0,DGP 1 + Control
347,66.25,0,0,DGP 1 + Control
348,-45,0,0,DGP 1 + Control
349,-16.25,0,0,DGP 1 + Control
350,18.75,0,0,DGP 1 + Control
351,-5,0,0,DGP 1 + Control
352,11.25,0,0,DGP 1 + Control
353,-8.125,0,0,DGP 1 + Control
354,-41.25,0,0,DGP 1 + Control
355,-9.375,0,0,DGP 1 + Control
356,-56.25,0,0,DGP 1 + Control
357,-31.25,0,0,DGP 1 + Control
358,-1.25,0,0,DGP 1 + Control
359,-5.625,0,0,DGP 1 + Control
360,38.125,0,0,DGP 1 + Control
361,-1.25,0,0,DGP 1 + Control
362,12.5,0,0,DGP 1 + Control
363,-6.25,0,0,DGP 1 + Control
364,-6.25,0,0,DGP 1 + Control
365,-43.75,0,0,DGP 1 + Control
366,15,0,0,DGP 1 + Control
367,-6.875,0,0,DGP 1 + Control
368,-18.125,0,0,DGP 1 + Control
369,-40.625,0,0,DGP 1 + Control
370,-18.125,0,0,DGP 1 + Control
371,-55.625,0,0,DGP 1 + Control
372,11.875,0,0,DGP 1 + Control
373,-18.75,0,0,DGP 1 + Control
374,-38.125,0,0,DGP 1 + Control
375,-3.125,0,0,DGP 1 + Control
376,-2.5,0,0,DGP 1 + Control
377,-10.625,0,0,DGP 1 + Control
378,-9.375,0,0,DGP 1 + Control
379,-15,0,0,DGP 1 + Control
380,-64.375,0,0,DGP 1 + Control
381,-5.625,0,0,DGP 1 + Control
382,-8.125,0,0,DGP 1 + Control
383,-38.75,0,0,DGP 1 + Control
384,-12.5,0,0,DGP 1 + Control
385,-15.625,0,0,DGP 1 + Control
386,22.5,0,0,DGP 1 + Control
387,-18.75,0,0,DGP 1 + Control
388,15,0,0,DGP 1 + Control
389,12.5,0,0,DGP 1 + Control
390,-26.25,0,0,DGP 1 + Control
391,-31.875,0,0,DGP 1 + Control
392,-14.375,0,0,DGP 1 + Control
393,4.375,0,0,DGP 1 + Control
394,-34.375,0,0,DGP 1 + Control
395,-19.375,0,0,DGP 1 + Control
396,-15,0,0,DGP 1 + Control
397,12.5,0,0,DGP 1 + Control
398,-30,0,0,DGP 1 + Control
399,35.625,0,0,DGP 1 + Control
400,-29.375,0,0,DGP 1 + Control
401,9.375,0,0,DGP 1 + Control
402,-18.125,0,0,DGP 1 + Control
403,-22.5,0,0,DGP 1 + Control
404,16.25,0,0,DGP 1 + Control
405,-70.625,0,0,DGP 1 + Control
406,11.875,0,0,DGP 1 + Control
407,5.625,0,0,DGP 1 + Control
408,-20.625,0,0,DGP 1 + Control
409,33.75,0,0,DGP 1 + Control
410,-24.375,0,0,DGP 1 + Control
411,-9.375,0,0,DGP 1 + Control
412,-1.875,0,0,DGP 1 + Control
413,20,0,0,DGP 1 + Control
414,-0.625,0,0,DGP 1 + Control
415,-27.5,0,0,DGP 1 + Control
416,-1.25,0,0,DGP 1 + Control
417,-8.75,0,0,DGP 1 + Control
418,-8.125,0,0,DGP 1 + Control
419,-13.125,0,0,DGP 1 + Control
420,-11.875,0,0,DGP 1 + Control
421,-7.5,0,0,DGP 1 + Control
422,11.25,0,0,DGP 1 + Control
423,-21.875,0,0,DGP 1 + Control
424,-26.25,0,0,DGP 1 + Control
425,8.75,0,0,DGP 1 + Control
426,-11.875,0,0,DGP 1 + Control
427,-28.125,0,0,DGP 1 + Control
428,-4.375,0,0,DGP 1 + Control
429,-30,0,0,DGP 1 + Control
430,8.75,0,0,DGP 1 + Control
431,7.5,0,0,DGP 1 + Control
432,22.5,0,0,DGP 1 + Control
433,-25.625,0,0,DGP 1 + Control
434,-98.125,0,0,DGP 1 + Control
435,1.25,0,0,DGP 1 + Control
436,12.5,0,0,DGP 1 + Control
437,11.875,0,0,DGP 1 + Control
438,6.25,0,0,DGP 1 + Control
439,-42.5,0,0,DGP 1 + Control
440,-27.5,0,0,DGP 1 + Control
441,3.125,0,0,DGP 1 + Control
442,-61.25,0,0,DGP 1 + Control
443,-42.5,0,0,DGP 1 + Control
444,-41.25,0,0,DGP 1 + Control
445,-85.625,0,0,DGP 1 + Control
446,1.25,0,0,DGP 1 + Control
447,6.875,0,0,DGP 1 + Control
448,21.875,0,0,DGP 1 + Control
449,15.625,0,0,DGP 1 + Control
450,-56.25,0,0,DGP 1 + Control
451,-40.625,0,0,DGP 1 + Control
452,40.625,0,0,DGP 1 + Control
453,8.125,0,0,DGP 1 + Control
454,-4.375,0,0,DGP 1 + Control
455,-4.375,0,0,DGP 1 + Control
456,-26.875,0,0,DGP 1 + Control
457,-40.625,0,0,DGP 1 + Control
458,-40.625,0,0,DGP 1 + Control
459,10,0,0,DGP 1 + Control
460,-3.75,0,0,DGP 1 + Control
461,25.625,0,0,DGP 1 + Control
462,-14.375,0,0,DGP 1 + Control
463,-82.5,0,0,DGP 1 + Control
464,-35,0,0,DGP 1 + Control
465,-30,0,0,DGP 1 + Control
466,23.75,0,0,DGP 1 + Control
467,5,0,0,DGP 1 + Control
468,-43.125,0,0,DGP 1 + Control
469,-23.125,0,0,DGP 1 + Control
470,38.75,0,0,DGP 1 + Control
471,-18.125,0,0,DGP 1 + Control
472,0,0,0,DGP 1 + Control
473,-23.125,0,0,DGP 1 + Control
474,3.75,0,0,DGP 1 + Control
475,-62.5,0,0,DGP 1 + Control
476,-27.5,0,0,DGP 1 + Control
477,-56.875,0,0,DGP 1 + Control
478,-60.625,0,0,DGP 1 + Control
479,-27.5,0,0,DGP 1 + Control
480,12.5,0,0,DGP 1 + Control
481,-33.125,0,0,DGP 1 + Control
482,3.75,0,0,DGP 1 + Control
483,66.25,0,0,DGP 1 + Control
484,53.125,0,0,DGP 1 + Control
485,-15,0,0,DGP 1 + Control
486,-8.125,0,0,DGP 1 + Control
487,28.125,0,0,DGP 1 + Control
488,-11.875,0,0,DGP 1 + Control
489,-19.375,0,0,DGP 1 + Control
490,23.75,0,0,DGP 1 + Control
491,-21.25,0,0,DGP 1 + Control
492,-37.5,0,0,DGP 1 + Control
493,-16.875,0,0,DGP 1 + Control
494,-23.75,0,0,DGP 1 + Control
495,12.5,0,0,DGP 1 + Control
496,25.625,0,0,DGP 1 + Control
497,-20,0,0,DGP 1 + Control
498,-9.375,0,0,DGP 1 + Control
499,1.875,0,0,DGP 1 + Control
500,-33.75,0,0,DGP 1 + Control
501,-8.125,0,0,DGP 1 + Control
502,71.875,0,0,DGP 1 + Control
503,18.75,0,0,DGP 1 + Control
504,2.5,0,0,DGP 1 + Control
505,37.5,0,0,DGP 1 + Control
506,-11.25,0,0,DGP 1 + Control
507,-20.625,0,0,DGP 1 + Control
508,-30,0,0,DGP 1 + Control
509,-19.375,0,0,DGP 1 + Control
510,26.25,0,0,DGP 1 + Control
511,-35,0,0,DGP 1 + Control
512,16.25,0,0,DGP 1 + Control
513,0.625,0,0,DGP 1 + Control
514,-24.375,0,0,DGP 1 + Control
515,43.125,0,0,DGP 1 + Control
516,-23.75,0,0,DGP 1 + Control
517,-8.75,0,0,DGP 1 + Control
518,-45,0,0,DGP 1 + Control
519,28.75,0,0,DGP 1 + Control
520,-27.5,0,0,DGP 1 + Control
521,29.375,0,0,DGP 1 + Control
522,-15.625,0,0,DGP 1 + Control
523,-8.125,0,0,DGP 1 + Control
524,-30.625,0,0,DGP 1 + Control
525,-35,0,0,DGP 1 + Control
526,-4.375,0,0,DGP 1 + Control
527,-10,0,0,DGP 1 + Control
528,-3.125,0,0,DGP 1 + Control
529,59.375,0,0,DGP 1 + Control
530,-0.625,0,0,DGP 1 + Control
531,10,0,0,DGP 1 + Control
532,21.25,0,0,DGP 1 + Control
533,-41.25,0,0,DGP 1 + Control
534,-44.375,0,0,DGP 1 + Control
535,-4.375,0,0,DGP 1 + Control
536,11.875,0,0,DGP 1 + Control
537,-6.25,0,0,DGP 1 + Control
538,-33.75,0,0,DGP 1 + Control
539,-41.25,0,0,DGP 1 + Control
540,-42.5,0,0,DGP 1 + Control
541,16.25,0,0,DGP 1 + Control
542,-1.25,0,0,DGP 1 + Control
543,12.5,0,0,DGP 1 + Control
544,26.25,0,0,DGP 1 + Control
545,-41.25,0,0,DGP 1 + Control
546,18.75,0,0,DGP 1 + Control
547,-36.25,0,0,DGP 1 + Control
548,13.125,0,0,DGP 1 + Control
549,-80.625,0,0,DGP 1 + Control
550,-36.875,0,0,DGP 1 + Control
551,-5,0,0,DGP 1 + Control
552,-70.625,0,0,DGP 1 + Control
553,-0.625,0,0,DGP 1 + Control
554,-40,0,0,DGP 1 + Control
555,8.75,0,0,DGP 1 + Control
556,4.375,0,0,DGP 1 + Control
557,-37.5,0,0,DGP 1 + Control
558,16.25,0,0,DGP 1 + Control
559,21.875,0,0,DGP 1 + Control
560,3.75,0,0,DGP 1 + Control
561,-6.25,0,0,DGP 1 + Control
562,11.875,0,0,DGP 1 + Control
563,-24.375,0,0,DGP 1 + Control
564,-8.75,0,0,DGP 1 + Control
565,-28.125,0,0,DGP 1 + Control
566,-13.125,0,0,DGP 1 + Control
567,-41.25,0,0,DGP 1 + Control
568,-12.5,0,0,DGP 1 + Control
569,-25.625,0,0,DGP 1 + Control
570,28.75,0,0,DGP 1 + Control
571,2.5,0,0,DGP 1 + Control
572,-26.25,0,0,DGP 1 + Control
573,-22.5,0,0,DGP 1 + Control
574,25.625,0,0,DGP 1 + Control
575,-10.625,0,0,DGP 1 + Control
576,8.75,0,0,DGP 1 + Control
577,-22.5,0,0,DGP 1 + Control
578,56.875,0,0,DGP 1 + Control
579,13.75,0,0,DGP 1 + Control
580,40.625,0,0,DGP 1 + Control
581,-9.375,0,0,DGP 1 + Control
582,1.25,0,0,DGP 1 + Control
583,-3.125,0,0,DGP 1 + Control
584,-7.5,0,0,DGP 1 + Control
585,14.375,0,0,DGP 1 + Control
586,-30.625,0,0,DGP 1 + Control
587,13.75,0,0,DGP 1 + Control
588,-22.5,0,0,DGP 1 + Control
589,-68.75,0,0,DGP 1 + Control
590,-20,0,0,DGP 1 + Control
591,-15,0,0,DGP 1 + Control
592,-14.375,0,0,DGP 1 + Control
593,-12.5,0,0,DGP 1 + Control
594,13.125,0,0,DGP 1 + Control
595,5,0,0,DGP 1 + Control
596,28.75,0,0,DGP 1 + Control
597,-37.5,0,0,DGP 1 + Control
598,-42.5,0,0,DGP 1 + Control
599,-76.25,0,0,DGP 1 + Control
600,3.125,0,0,DGP 1 + Control
601,-21.875,0,0,DGP 1 + Control
602,-25.625,0,0,DGP 1 + Control
603,-50.625,0,0,DGP 1 + Control
604,5.625,0,0,DGP 1 + Control
605,-12.5,0,0,DGP 1 + Control
606,0.625,0,0,DGP 1 + Control
607,-6.25,0,0,DGP 1 + Control
608,61.875,0,0,DGP 1 + Control
609,-38.125,0,0,DGP 1 + Control
610,23.75,0,0,DGP 1 + Control
611,-20.625,0,0,DGP 1 + Control
612,-16.875,0,0,DGP 1 + Control
613,-25.625,0,0,DGP 1 + Control
614,-3.125,0,0,DGP 1 + Control
615,-3.125,0,0,DGP 1 + Control
616,-79.375,0,0,DGP 1 + Control
617,6.875,0,0,DGP 1 + Control
618,-37.5,0,0,DGP 1 + Control
619,-25.625,0,0,DGP 1 + Control
620,-23.125,0,0,DGP 1 + Control
621,-0.625,0,0,DGP 1 + Control
622,-41.25,0,0,DGP 1 + Control
623,13.75,0,0,DGP 1 + Control
624,17.5,0,0,DGP 1 + Control
625,-33.75,0,0,DGP 1 + Control
626,-19.375,0,0,DGP 1 + Control
627,-10.625,0,0,DGP 1 + Control
628,3.125,0,0,DGP 1 + Control
629,62.5,0,0,DGP 1 + Control
630,-40.625,0,0,DGP 1 + Control
631,4.375,0,0,DGP 1 + Control
632,4.375,0,0,DGP 1 + Control
633,-25.625,0,0,DGP 1 + Control
634,-12.5,0,0,DGP 1 + Control
635,10,0,0,DGP 1 + Control
636,11.875,0,0,DGP 1 + Control
637,-16.875,0,0,DGP 1 + Control
638,-46.25,0,0,DGP 1 + Control
639,10.625,0,0,DGP 1 + Control
640,17.5,0,0,DGP 1 + Control
641,-32.5,0,0,DGP 1 + Control
642,-23.125,0,0,DGP 1 + Control
643,-1.25,0,0,DGP 1 + Control
644,-3.75,0,0,DGP 1 + Control
645,-38.75,0,0,DGP 1 + Control
646,-58.125,0,0,DGP 1 + Control
647,-40.625,0,0,DGP 1 + Control
648,-34.375,0,0,DGP 1 + Control
649,3.125,0,0,DGP 1 + Control
650,-31.25,0,0,DGP 1 + Control
651,68.125,0,0,DGP 1 + Control
652,-49.375,0,0,DGP 1 + Control
653,-18.75,0,0,DGP 1 + Control
654,-1.25,0,0,DGP 1 + Control
655,-35.625,0,0,DGP 1 + Control
656,3.75,0,0,DGP 1 + Control
657,-13.75,0,0,DGP 1 + Control
658,-18.75,0,0,DGP 1 + Control
659,-20.625,0,0,DGP 1 + Control
660,2.5,0,0,DGP 1 + Control
661,21.25,0,0,DGP 1 + Control
662,-4.375,0,0,DGP 1 + Control
663,-15.625,0,0,DGP 1 + Control
664,23.75,0,0,DGP 1 + Control
665,-21.25,0,0,DGP 1 + Control
666,-15,0,0,DGP 1 + Control
667,5,0,0,DGP 1 + Control
668,-10,0,0,DGP 1 + Control
669,-28.125,0,0,DGP 1 + Control
670,-35.625,0,0,DGP 1 + Control
671,-13.125,0,0,DGP 1 + Control
672,55,0,0,DGP 1 + Control
673,-6.875,0,0,DGP 1 + Control
674,-46.25,0,0,DGP 1 + Control
675,26.875,0,0,DGP 1 + Control
676,-18.75,0,0,DGP 1 + Control
677,-3.75,0,0,DGP 1 + Control
678,18.75,0,0,DGP 1 + Control
679,2.5,0,0,DGP 1 + Control
680,-9.375,0,0,DGP 1 + Control
681,43.75,0,0,DGP 1 + Control
682,10,0,0,DGP 1 + Control
683,1.875,0,0,DGP 1 + Control
684,-28.75,0,0,DGP 1 + Control
685,-25.625,0,0,DGP 1 + Control
686,19.375,0,0,DGP 1 + Control
687,-5.625,0,0,DGP 1 + Control
688,-5.625,0,0,DGP 1 + Control
689,-5,0,0,DGP 1 + Control
690,32.5,0,0,DGP 1 + Control
691,51.875,0,0,DGP 1 + Control
692,33.125,0,0,DGP 1 + Control
693,-9.375,0,0,DGP 1 + Control
694,11.875,0,0,DGP 1 + Control
695,58.125,0,0,DGP 1 + Control
696,-18.75,0,0,DGP 1 + Control
697,5.625,0,0,DGP 1 + Control
698,-47.5,0,0,DGP 1 + Control
699,-12.5,0,0,DGP 1 + Control
700,-16.25,0,0,DGP 1 + Control
701,-6.25,0,0,DGP 1 + Control
702,3.75,0,0,DGP 1 + Control
703,-5,0,0,DGP 1 + Control
704,0,0,0,DGP 1 + Control
705,-51.25,0,0,DGP 1 + Control
706,-7.5,0,0,DGP 1 + Control
707,-11.25,0,0,DGP 1 + Control
708,-58.75,0,0,DGP 1 + Control
709,-33.125,0,0,DGP 1 + Control
710,8.125,0,0,DGP 1 + Control
711,-26.875,0,0,DGP 1 + Control
712,21.875,0,0,DGP 1 + Control
713,-38.125,0,0,DGP 1 + Control
714,21.25,0,0,DGP 1 + Control
715,21.25,0,0,DGP 1 + Control
716,-44.375,0,0,DGP 1 + Control
717,-16.875,0,0,DGP 1 + Control
718,35.625,0,0,DGP 1 + Control
719,-10,0,0,DGP 1 + Control
720,-35,0,0,DGP 1 + Control
721,-28.125,0,0,DGP 1 + Control
722,7.5,0,0,DGP 1 + Control
723,-20,0,0,DGP 1 + Control
724,-7.5,0,0,DGP 1 + Control
725,48.125,0,0,DGP 1 + Control
726,-15.625,0,0,DGP 1 + Control
727,-8.75,0,0,DGP 1 + Control
728,-11.25,0,0,DGP 1 + Control
729,-8.75,0,0,DGP 1 + Control
730,4.375,0,0,DGP 1 + Control
731,3.125,0,0,DGP 1 + Control
732,-13.75,0,0,DGP 1 + Control
733,-38.125,0,0,DGP 1 + Control
734,4.375,0,0,DGP 1 + Control
735,-36.875,0,0,DGP 1 + Control
736,20.625,0,0,DGP 1 + Control
737,-25,0,0,DGP 1 + Control
738,-10.625,0,0,DGP 1 + Control
739,-11.875,0,0,DGP 1 + Control
740,-22.5,0,0,DGP 1 + Control
741,-53.75,0,0,DGP 1 + Control
742,-36.25,0,0,DGP 1 + Control
743,-61.25,0,0,DGP 1 + Control
744,50.625,0,0,DGP 1 + Control
745,-26.875,0,0,DGP 1 + Control
746,-21.875,0,0,DGP 1 + Control
747,-11.25,0,0,DGP 1 + Control
748,-22.5,0,0,DGP 1 + Control
749,2.5,0,0,DGP 1 + Control
750,2.5,0,0,DGP 1 + Control
751,-16.875,0,0,DGP 1 + Control
752,31.875,0,0,DGP 1 + Control
753,-5.625,0,0,DGP 1 + Control
754,-1.875,0,0,DGP 1 + Control
755,-7.5,0,0,DGP 1 + Control
756,14.375,0,0,DGP 1 + Control
757,2.5,0,0,DGP 1 + Control
758,-22.5,0,0,DGP 1 + Control
759,-5,0,0,DGP 1 + Control
760,-12.5,0,0,DGP 1 + Control
761,-55.625,0,0,DGP 1 + Control
762,0.625,0,0,DGP 1 + Control
763,-39.375,0,0,DGP 1 + Control
764,-2.5,0,0,DGP 1 + Control
765,-3.125,0,0,DGP 1 + Control
766,-25,0,0,DGP 1 + Control
767,-36.875,0,0,DGP 1 + Control
768,-36.875,0,0,DGP 1 + Control
769,18.75,0,0,DGP 1 + Control
770,-15.625,0,0,DGP 1 + Control
771,-21.25,0,0,DGP 1 + Control
772,-40.625,0,0,DGP 1 + Control
773,-5.625,0,0,DGP 1 + Control
774,-38.75,0,0,DGP 1 + Control
775,-8.125,0,0,DGP 1 + Control
776,-4.375,0,0,DGP 1 + Control
777,-13.125,0,0,DGP 1 + Control
778,45.625,0,0,DGP 1 + Control
779,-0.625,0,0,DGP 1 + Control
780,-10,0,0,DGP 1 + Control
781,-26.25,0,0,DGP 1 + Control
782,-16.25,0,0,DGP 1 + Control
783,-46.25,0,0,DGP 1 + Control
784,26.25,0,0,DGP 1 + Control
785,-1.875,0,0,DGP 1 + Control
786,36.25,0,0,DGP 1 + Control
787,-49.375,0,0,DGP 1 + Control
788,-54.375,0,0,DGP 1 + Control
789,-22.5,0,0,DGP 1 + Control
790,-26.875,0,0,DGP 1 + Control
791,-8.75,0,0,DGP 1 + Control
792,-11.875,0,0,DGP 1 + Control
793,9.375,0,0,DGP 1 + Control
794,0,0,0,DGP 1 + Control
795,21.25,0,0,DGP 1 + Control
796,14.375,0,0,DGP 1 + Control
797,-1.875,0,0,DGP 1 + Control
798,-54.375,0,0,DGP 1 + Control
799,3.125,0,0,DGP 1 + Control
800,-20,0,0,DGP 1 + Control
801,-7.5,0,0,DGP 1 + Control
802,-20.625,0,0,DGP 1 + Control
803,-26.875,0,0,DGP 1 + Control
804,-19.375,0,0,DGP 1 + Control
805,21.25,0,0,DGP 1 + Control
806,-25.625,0,0,DGP 1 + Control
807,-22.5,0,0,DGP 1 + Control
808,50.625,0,0,DGP 1 + Control
809,0,0,0,DGP 1 + Control
810,-47.5,0,0,DGP 1 + Control
811,36.875,0,0,DGP 1 + Control
812,15,0,0,DGP 1 + Control
813,-13.125,0,0,DGP 1 + Control
814,-20,0,0,DGP 1 + Control
815,7.5,0,0,DGP 1 + Control
816,1.25,0,0,DGP 1 + Control
817,3.125,0,0,DGP 1 + Control
818,-48.125,0,0,DGP 1 + Control
819,49.375,0,0,DGP 1 + Control
820,-7.5,0,0,DGP 1 + Control
821,6.25,0,0,DGP 1 + Control
822,5,0,0,DGP 1 + Control
823,15,0,0,DGP 1 + Control
824,11.25,0,0,DGP 1 + Control
825,-68.125,0,0,DGP 1 + Control
826,-97.5,0,0,DGP 1 + Control
827,10.625,0,0,DGP 1 + Control
828,13.125,0,0,DGP 1 + Control
829,-21.25,0,0,DGP 1 + Control
830,-25,0,0,DGP 1 + Control
831,-7.5,0,0,DGP 1 + Control
832,-19.375,0,0,DGP 1 + Control
833,-35.625,0,0,DGP 1 + Control
834,-24.375,0,0,DGP 1 + Control
835,-11.25,0,0,DGP 1 + Control
836,-70,0,0,DGP 1 + Control
837,-29.375,0,0,DGP 1 + Control
838,19.375,0,0,DGP 1 + Control
839,-16.25,0,0,DGP 1 + Control
840,-64.375,0,0,DGP 1 + Control
841,-43.75,0,0,DGP 1 + Control
842,-16.25,0,0,DGP 1 + Control
843,20,0,0,DGP 1 + Control
844,-7.5,0,0,DGP 1 + Control
845,-19.375,0,0,DGP 1 + Control
846,13.125,0,0,DGP 1 + Control
847,-14.375,0,0,DGP 1 + Control
848,-18.125,0,0,DGP 1 + Control
849,-38.125,0,0,DGP 1 + Control
850,78.75,0,0,DGP 1 + Control
851,-8.75,0,0,DGP 1 + Control
852,7.5,0,0,DGP 1 + Control
853,18.125,0,0,DGP 1 + Control
854,-13.125,0,0,DGP 1 + Control
855,24.375,0,0,DGP 1 + Control
856,-21.25,0,0,DGP 1 + Control
857,-5,0,0,DGP 1 + Control
858,58.125,0,0,DGP 1 + Control
859,48.125,0,0,DGP 1 + Control
860,-27.5,0,0,DGP 1 + Control
861,-32.5,0,0,DGP 1 + Control
862,6.875,0,0,DGP 1 + Control
863,-38.125,0,0,DGP 1 + Control
864,-16.875,0,0,DGP 1 + Control
865,-33.75,0,0,DGP 1 + Control
866,-15,0,0,DGP 1 + Control
867,-16.875,0,0,DGP 1 + Control
868,23.125,0,0,DGP 1 + Control
869,50.625,0,0,DGP 1 + Control
870,-53.75,0,0,DGP 1 + Control
871,-14.375,0,0,DGP 1 + Control
872,-15,0,0,DGP 1 + Control
873,-63.125,0,0,DGP 1 + Control
874,-18.75,0,0,DGP 1 + Control
875,48.75,0,0,DGP 1 + Control
876,-3.125,0,0,DGP 1 + Control
877,-20,0,0,DGP 1 + Control
878,-55,0,0,DGP 1 + Control
879,4.375,0,0,DGP 1 + Control
880,-10.625,0,0,DGP 1 + Control
881,-20,0,0,DGP 1 + Control
882,-38.75,0,0,DGP 1 + Control
883,-37.5,0,0,DGP 1 + Control
884,-24.375,0,0,DGP 1 + Control
885,21.25,0,0,DGP 1 + Control
886,-6.875,0,0,DGP 1 + Control
887,-41.25,0,0,DGP 1 + Control
888,-24.375,0,0,DGP 1 + Control
889,-45,0,0,DGP 1 + Control
890,-36.875,0,0,DGP 1 + Control
891,5.625,0,0,DGP 1 + Control
892,-13.75,0,0,DGP 1 + Control
893,-59.375,0,0,DGP 1 + Control
894,-13.125,0,0,DGP 1 + Control
895,-43.125,0,0,DGP 1 + Control
896,-24.375,0,0,DGP 1 + Control
897,-1.875,0,0,DGP 1 + Control
898,-21.25,0,0,DGP 1 + Control
899,-31.875,0,0,DGP 1 + Control
900,77.5,0,0,DGP 1 + Control
901,-6.875,0,0,DGP 1 + Control
902,6.25,0,0,DGP 1 + Control
903,-31.25,0,0,DGP 1 + Control
904,6.875,0,0,DGP 1 + Control
905,-46.875,0,0,DGP 1 + Control
906,3.125,0,0,DGP 1 + Control
907,-3.125,0,0,DGP 1 + Control
908,-15,0,0,DGP 1 + Control
909,-13.75,0,0,DGP 1 + Control
910,70,0,0,DGP 1 + Control
911,-0.625,0,0,DGP 1 + Control
912,-8.75,0,0,DGP 1 + Control
913,-9.375,0,0,DGP 1 + Control
914,35.625,0,0,DGP 1 + Control
915,-10,0,0,DGP 1 + Control
916,-50.625,0,0,DGP 1 + Control
917,20.625,0,0,DGP 1 + Control
918,-14.375,0,0,DGP 1 + Control
919,-31.875,0,0,DGP 1 + Control
920,20.625,0,0,DGP 1 + Control
921,-2.5,0,0,DGP 1 + Control
922,-1.875,0,0,DGP 1 + Control
923,6.25,0,0,DGP 1 + Control
924,-33.125,0,0,DGP 1 + Control
925,-8.75,0,0,DGP 1 + Control
926,1.25,0,0,DGP 1 + Control
927,16.25,0,0,DGP 1 + Control
928,-8.75,0,0,DGP 1 + Control
929,32.5,0,0,DGP 1 + Control
930,23.125,0,0,DGP 1 + Control
931,15,0,0,DGP 1 + Control
932,-9.375,0,0,DGP 1 + Control
933,56.25,0,0,DGP 1 + Control
934,-10.625,0,0,DGP 1 + Control
935,-20.625,0,0,DGP 1 + Control
936,20.625,0,0,DGP 1 + Control
937,-18.75,0,0,DGP 1 + Control
938,18.125,0,0,DGP 1 + Control
939,-18.75,0,0,DGP 1 + Control
940,11.25,0,0,DGP 1 + Control
941,-12.5,0,0,DGP 1 + Control
942,33.75,0,0,DGP 1 + Control
943,-43.125,0,0,DGP 1 + Control
944,-74.375,0,0,DGP 1 + Control
945,0.625,0,0,DGP 1 + Control
946,20.625,0,0,DGP 1 + Control
947,18.125,0,0,DGP 1 + Control
948,0,0,0,DGP 1 + Control
949,-13.125,0,0,DGP 1 + Control
950,-5,0,0,DGP 1 + Control
951,1.875,0,0,DGP 1 + Control
952,35.625,0,0,DGP 1 + Control
953,61.875,0,0,DGP 1 + Control
954,16.875,0,0,DGP 1 + Control
955,2.5,0,0,DGP 1 + Control
956,-31.875,0,0,DGP 1 + Control
957,10,0,0,DGP 1 + Control
958,27.5,0,0,DGP 1 + Control
959,-35,0,0,DGP 1 + Control
960,2.5,0,0,DGP 1 + Control
961,-49.375,0,0,DGP 1 + Control
962,-51.25,0,0,DGP 1 + Control
963,14.375,0,0,DGP 1 + Control
964,12.5,0,0,DGP 1 + Control
965,5.625,0,0,DGP 1 + Control
966,16.875,0,0,DGP 1 + Control
967,-15.625,0,0,DGP 1 + Control
968,-35,0,0,DGP 1 + Control
969,-22.5,0,0,DGP 1 + Control
970,0,0,0,DGP 1 + Control
971,18.75,0,0,DGP 1 + Control
972,23.125,0,0,DGP 1 + Control
973,-30,0,0,DGP 1 + Control
974,-57.5,0,0,DGP 1 + Control
975,-11.875,0,0,DGP 1 + Control
976,40,0,0,DGP 1 + Control
977,40,0,0,DGP 1 + Control
978,-89.375,0,0,DGP 1 + Control
979,36.875,0,0,DGP 1 + Control
980,-8.75,0,0,DGP 1 + Control
981,-14.375,0,0,DGP 1 + Control
982,6.25,0,0,DGP 1 + Control
983,-56.25,0,0,DGP 1 + Control
984,-13.125,0,0,DGP 1 + Control
985,13.75,0,0,DGP 1 + Control
986,-32.5,0,0,DGP 1 + Control
987,-40,0,0,DGP 1 + Control
988,-3.125,0,0,DGP 1 + Control
989,16.875,0,0,DGP 1 + Control
990,12.5,0,0,DGP 1 + Control
991,-10,0,0,DGP 1 + Control
992,-35.625,0,0,DGP 1 + Control
993,-21.25,0,0,DGP 1 + Control
994,35.625,0,0,DGP 1 + Control
995,-1.875,0,0,DGP 1 + Control
996,-38.75,0,0,DGP 1 + Control
997,3.75,0,0,DGP 1 + Control
998,8.75,0,0,DGP 1 + Control
999,-27.5,0,0,DGP 1 + Control
0,34.375,0,1,DGP 1 + Treatment
1,5,0,1,DGP 1 + Treatment
2,-15,0,1,DGP 1 + Treatment
3,1.25,0,1,DGP 1 + Treatment
4,-21.875,0,1,DGP 1 + Treatment
5,-1.25,0,1,DGP 1 + Treatment
6,-19.375,0,1,DGP 1 + Treatment
7,53.125,0,1,DGP 1 + Treatment
8,-9.375,0,1,DGP 1 + Treatment
9,9.375,0,1,DGP 1 + Treatment
10,-39.375,0,1,DGP 1 + Treatment
11,10,0,1,DGP 1 + Treatment
12,41.25,0,1,DGP 1 + Treatment
13,-24.375,0,1,DGP 1 + Treatment
14,-11.875,0,1,DGP 1 + Treatment
15,22.5,0,1,DGP 1 + Treatment
16,19.375,0,1,DGP 1 + Treatment
17,22.5,0,1,DGP 1 + Treatment
18,21.25,0,1,DGP 1 + Treatment
19,-10,0,1,DGP 1 + Treatment
20,-25.625,0,1,DGP 1 + Treatment
21,2.5,0,1,DGP 1 + Treatment
22,-31.25,0,1,DGP 1 + Treatment
23,18.75,0,1,DGP 1 + Treatment
24,-5,0,1,DGP 1 + Treatment
25,51.25,0,1,DGP 1 + Treatment
26,63.75,0,1,DGP 1 + Treatment
27,6.25,0,1,DGP 1 + Treatment
28,-40,0,1,DGP 1 + Treatment
29,-35,0,1,DGP 1 + Treatment
30,15,0,1,DGP 1 + Treatment
31,-13.125,0,1,DGP 1 + Treatment
32,73.75,0,1,DGP 1 + Treatment
33,13.75,0,1,DGP 1 + Treatment
34,8.75,0,1,DGP 1 + Treatment
35,-9.375,0,1,DGP 1 + Treatment
36,-66.25,0,1,DGP 1 + Treatment
37,-11.875,0,1,DGP 1 + Treatment
38,-1.875,0,1,DGP 1 + Treatment
39,40,0,1,DGP 1 + Treatment
40,-13.75,0,1,DGP 1 + Treatment
41,55,0,1,DGP 1 + Treatment
42,-20.625,0,1,DGP 1 + Treatment
43,26.875,0,1,DGP 1 + Treatment
44,27.5,0,1,DGP 1 + Treatment
45,5.625,0,1,DGP 1 + Treatment
46,11.875,0,1,DGP 1 + Treatment
47,-58.125,0,1,DGP 1 + Treatment
48,-27.5,0,1,DGP 1 + Treatment
49,-34.375,0,1,DGP 1 + Treatment
50,-61.25,0,1,DGP 1 + Treatment
51,-18.75,0,1,DGP 1 + Treatment
52,65.625,0,1,DGP 1 + Treatment
53,14.375,0,1,DGP 1 + Treatment
54,-21.25,0,1,DGP 1 + Treatment
55,16.875,0,1,DGP 1 + Treatment
56,-79.375,0,1,DGP 1 + Treatment
57,-1.875,0,1,DGP 1 + Treatment
58,-56.25,0,1,DGP 1 + Treatment
59,13.75,0,1,DGP 1 + Treatment
60,-31.25,0,1,DGP 1 + Treatment
61,-4.375,0,1,DGP 1 + Treatment
62,18.125,0,1,DGP 1 + Treatment
63,-57.5,0,1,DGP 1 + Treatment
64,5.625,0,1,DGP 1 + Treatment
65,-23.75,0,1,DGP 1 + Treatment
66,-47.5,0,1,DGP 1 + Treatment
67,-38.125,0,1,DGP 1 + Treatment
68,-17.5,0,1,DGP 1 + Treatment
69,-16.25,0,1,DGP 1 + Treatment
70,3.75,0,1,DGP 1 + Treatment
71,58.75,0,1,DGP 1 + Treatment
72,4.375,0,1,DGP 1 + Treatment
73,23.125,0,1,DGP 1 + Treatment
74,46.875,0,1,DGP 1 + Treatment
75,81.875,0,1,DGP 1 + Treatment
76,11.25,0,1,DGP 1 + Treatment
77,71.25,0,1,DGP 1 + Treatment
78,-39.375,0,1,DGP 1 + Treatment
79,-57.5,0,1,DGP 1 + Treatment
80,22.5,0,1,DGP 1 + Treatment
81,-21.25,0,1,DGP 1 + Treatment
82,2.5,0,1,DGP 1 + Treatment
83,0.625,0,1,DGP 1 + Treatment
84,-74.375,0,1,DGP 1 + Treatment
85,16.875,0,1,DGP 1 + Treatment
86,66.875,0,1,DGP 1 + Treatment
87,-54.375,0,1,DGP 1 + Treatment
88,-31.875,0,1,DGP 1 + Treatment
89,-28.75,0,1,DGP 1 + Treatment
90,77.5,0,1,DGP 1 + Treatment
91,15,0,1,DGP 1 + Treatment
92,-11.875,0,1,DGP 1 + Treatment
93,21.25,0,1,DGP 1 + Treatment
94,-25,0,1,DGP 1 + Treatment
95,95,0,1,DGP 1 + Treatment
96,-10,0,1,DGP 1 + Treatment
97,2.5,0,1,DGP 1 + Treatment
98,-40,0,1,DGP 1 + Treatment
99,8.75,0,1,DGP 1 + Treatment
100,3.125,0,1,DGP 1 + Treatment
101,-37.5,0,1,DGP 1 + Treatment
102,-45.625,0,1,DGP 1 + Treatment
103,15.625,0,1,DGP 1 + Treatment
104,-16.25,0,1,DGP 1 + Treatment
105,4.375,0,1,DGP 1 + Treatment
106,-6.875,0,1,DGP 1 + Treatment
107,9.375,0,1,DGP 1 + Treatment
108,28.75,0,1,DGP 1 + Treatment
109,-25.625,0,1,DGP 1 + Treatment
110,28.75,0,1,DGP 1 + Treatment
111,-48.75,0,1,DGP 1 + Treatment
112,-10.625,0,1,DGP 1 + Treatment
113,-25.625,0,1,DGP 1 + Treatment
114,41.875,0,1,DGP 1 + Treatment
115,38.75,0,1,DGP 1 + Treatment
116,19.375,0,1,DGP 1 + Treatment
117,-5,0,1,DGP 1 + Treatment
118,-20,0,1,DGP 1 + Treatment
119,-51.25,0,1,DGP 1 + Treatment
120,-23.75,0,1,DGP 1 + Treatment
121,13.75,0,1,DGP 1 + Treatment
122,-81.25,0,1,DGP 1 + Treatment
123,-40,0,1,DGP 1 + Treatment
124,21.875,0,1,DGP 1 + Treatment
125,7.5,0,1,DGP 1 + Treatment
126,-15.625,0,1,DGP 1 + Treatment
127,-39.375,0,1,DGP 1 + Treatment
128,-61.875,0,1,DGP 1 + Treatment
129,-17.5,0,1,DGP 1 + Treatment
130,6.25,0,1,DGP 1 + Treatment
131,-1.875,0,1,DGP 1 + Treatment
132,-10,0,1,DGP 1 + Treatment
133,64.375,0,1,DGP 1 + Treatment
134,-13.125,0,1,DGP 1 + Treatment
135,-0.625,0,1,DGP 1 + Treatment
136,-3.125,0,1,DGP 1 + Treatment
137,-8.75,0,1,DGP 1 + Treatment
138,70.625,0,1,DGP 1 + Treatment
139,-21.25,0,1,DGP 1 + Treatment
140,-15.625,0,1,DGP 1 + Treatment
141,-21.875,0,1,DGP 1 + Treatment
142,-7.5,0,1,DGP 1 + Treatment
143,38.125,0,1,DGP 1 + Treatment
144,-9.375,0,1,DGP 1 + Treatment
145,-32.5,0,1,DGP 1 + Treatment
146,38.125,0,1,DGP 1 + Treatment
147,-36.875,0,1,DGP 1 + Treatment
148,-45.625,0,1,DGP 1 + Treatment
149,-38.125,0,1,DGP 1 + Treatment
150,-24.375,0,1,DGP 1 + Treatment
151,-15,0,1,DGP 1 + Treatment
152,-43.125,0,1,DGP 1 + Treatment
153,31.25,0,1,DGP 1 + Treatment
154,-61.25,0,1,DGP 1 + Treatment
155,-5.625,0,1,DGP 1 + Treatment
156,-19.375,0,1,DGP 1 + Treatment
157,-39.375,0,1,DGP 1 + Treatment
158,53.75,0,1,DGP 1 + Treatment
159,13.75,0,1,DGP 1 + Treatment
160,29.375,0,1,DGP 1 + Treatment
161,42.5,0,1,DGP 1 + Treatment
162,19.375,0,1,DGP 1 + Treatment
163,-52.5,0,1,DGP 1 + Treatment
164,-45,0,1,DGP 1 + Treatment
165,63.125,0,1,DGP 1 + Treatment
166,-90.625,0,1,DGP 1 + Treatment
167,-8.125,0,1,DGP 1 + Treatment
168,16.25,0,1,DGP 1 + Treatment
169,-33.75,0,1,DGP 1 + Treatment
170,43.125,0,1,DGP 1 + Treatment
171,1.875,0,1,DGP 1 + Treatment
172,24.375,0,1,DGP 1 + Treatment
173,-33.125,0,1,DGP 1 + Treatment
174,15,0,1,DGP 1 + Treatment
175,-13.75,0,1,DGP 1 + Treatment
176,-6.25,0,1,DGP 1 + Treatment
177,39.375,0,1,DGP 1 + Treatment
178,28.75,0,1,DGP 1 + Treatment
179,-16.875,0,1,DGP 1 + Treatment
180,-9.375,0,1,DGP 1 + Treatment
181,10,0,1,DGP 1 + Treatment
182,-19.375,0,1,DGP 1 + Treatment
183,-33.75,0,1,DGP 1 + Treatment
184,-51.25,0,1,DGP 1 + Treatment
185,35.625,0,1,DGP 1 + Treatment
186,-36.25,0,1,DGP 1 + Treatment
187,15,0,1,DGP 1 + Treatment
188,41.25,0,1,DGP 1 + Treatment
189,-6.875,0,1,DGP 1 + Treatment
190,1.25,0,1,DGP 1 + Treatment
191,-20,0,1,DGP 1 + Treatment
192,10,0,1,DGP 1 + Treatment
193,-15,0,1,DGP 1 + Treatment
194,-36.875,0,1,DGP 1 + Treatment
195,-15.625,0,1,DGP 1 + Treatment
196,42.5,0,1,DGP 1 + Treatment
197,-13.125,0,1,DGP 1 + Treatment
198,-9.375,0,1,DGP 1 + Treatment
199,43.125,0,1,DGP 1 + Treatment
200,-23.125,0,1,DGP 1 + Treatment
201,41.25,0,1,DGP 1 + Treatment
202,-6.875,0,1,DGP 1 + Treatment
203,-5,0,1,DGP 1 + Treatment
204,-6.875,0,1,DGP 1 + Treatment
205,3.75,0,1,DGP 1 + Treatment
206,26.25,0,1,DGP 1 + Treatment
207,-9.375,0,1,DGP 1 + Treatment
208,15,0,1,DGP 1 + Treatment
209,-20,0,1,DGP 1 + Treatment
210,55.625,0,1,DGP 1 + Treatment
211,-3.75,0,1,DGP 1 + Treatment
212,-10.625,0,1,DGP 1 + Treatment
213,-11.25,0,1,DGP 1 + Treatment
214,6.875,0,1,DGP 1 + Treatment
215,-24.375,0,1,DGP 1 + Treatment
216,9.375,0,1,DGP 1 + Treatment
217,-15.625,0,1,DGP 1 + Treatment
218,45.625,0,1,DGP 1 + Treatment
219,-16.875,0,1,DGP 1 + Treatment
220,11.25,0,1,DGP 1 + Treatment
221,40,0,1,DGP 1 + Treatment
222,33.125,0,1,DGP 1 + Treatment
223,-51.25,0,1,DGP 1 + Treatment
224,51.25,0,1,DGP 1 + Treatment
225,-11.25,0,1,DGP 1 + Treatment
226,15,0,1,DGP 1 + Treatment
227,10,0,1,DGP 1 + Treatment
228,-20,0,1,DGP 1 + Treatment
229,53.125,0,1,DGP 1 + Treatment
230,22.5,0,1,DGP 1 + Treatment
231,-11.25,0,1,DGP 1 + Treatment
232,-7.5,0,1,DGP 1 + Treatment
233,13.125,0,1,DGP 1 + Treatment
234,-29.375,0,1,DGP 1 + Treatment
235,10.625,0,1,DGP 1 + Treatment
236,-0.625,0,1,DGP 1 + Treatment
237,7.5,0,1,DGP 1 + Treatment
238,-25,0,1,DGP 1 + Treatment
239,-10,0,1,DGP 1 + Treatment
240,16.25,0,1,DGP 1 + Treatment
241,13.125,0,1,DGP 1 + Treatment
242,-38.75,0,1,DGP 1 + Treatment
243,-2.5,0,1,DGP 1 + Treatment
244,-16.875,0,1,DGP 1 + Treatment
245,4.375,0,1,DGP 1 + Treatment
246,2.5,0,1,DGP 1 + Treatment
247,50.625,0,1,DGP 1 + Treatment
248,7.5,0,1,DGP 1 + Treatment
249,-7.5,0,1,DGP 1 + Treatment
250,-57.5,0,1,DGP 1 + Treatment
251,-18.75,0,1,DGP 1 + Treatment
252,10,0,1,DGP 1 + Treatment
253,0.625,0,1,DGP 1 + Treatment
254,16.875,0,1,DGP 1 + Treatment
255,-2.5,0,1,DGP 1 + Treatment
256,-38.125,0,1,DGP 1 + Treatment
257,-21.875,0,1,DGP 1 + Treatment
258,-32.5,0,1,DGP 1 + Treatment
259,-42.5,0,1,DGP 1 + Treatment
260,-34.375,0,1,DGP 1 + Treatment
261,-41.875,0,1,DGP 1 + Treatment
262,-35.625,0,1,DGP 1 + Treatment
263,-13.125,0,1,DGP 1 + Treatment
264,15.625,0,1,DGP 1 + Treatment
265,-13.75,0,1,DGP 1 + Treatment
266,-10.625,0,1,DGP 1 + Treatment
267,16.25,0,1,DGP 1 + Treatment
268,15.625,0,1,DGP 1 + Treatment
269,1.25,0,1,DGP 1 + Treatment
270,-19.375,0,1,DGP 1 + Treatment
271,6.25,0,1,DGP 1 + Treatment
272,15,0,1,DGP 1 + Treatment
273,32.5,0,1,DGP 1 + Treatment
274,75.625,0,1,DGP 1 + Treatment
275,-58.75,0,1,DGP 1 + Treatment
276,-31.875,0,1,DGP 1 + Treatment
277,35,0,1,DGP 1 + Treatment
278,-1.875,0,1,DGP 1 + Treatment
279,18.75,0,1,DGP 1 + Treatment
280,-14.375,0,1,DGP 1 + Treatment
281,30.625,0,1,DGP 1 + Treatment
282,12.5,0,1,DGP 1 + Treatment
283,-48.125,0,1,DGP 1 + Treatment
284,-3.75,0,1,DGP 1 + Treatment
285,-61.25,0,1,DGP 1 + Treatment
286,-47.5,0,1,DGP 1 + Treatment
287,-22.5,0,1,DGP 1 + Treatment
288,-6.875,0,1,DGP 1 + Treatment
289,-0.625,0,1,DGP 1 + Treatment
290,-22.5,0,1,DGP 1 + Treatment
291,0.625,0,1,DGP 1 + Treatment
292,-6.25,0,1,DGP 1 + Treatment
293,6.875,0,1,DGP 1 + Treatment
294,30,0,1,DGP 1 + Treatment
295,11.25,0,1,DGP 1 + Treatment
296,-16.25,0,1,DGP 1 + Treatment
297,8.75,0,1,DGP 1 + Treatment
298,-15,0,1,DGP 1 + Treatment
299,2.5,0,1,DGP 1 + Treatment
300,-45.625,0,1,DGP 1 + Treatment
301,-12.5,0,1,DGP 1 + Treatment
302,63.75,0,1,DGP 1 + Treatment
303,-21.25,0,1,DGP 1 + Treatment
304,-9.375,0,1,DGP 1 + Treatment
305,91.875,0,1,DGP 1 + Treatment
306,3.125,0,1,DGP 1 + Treatment
307,-13.125,0,1,DGP 1 + Treatment
308,-1.875,0,1,DGP 1 + Treatment
309,8.125,0,1,DGP 1 + Treatment
310,15.625,0,1,DGP 1 + Treatment
311,-1.875,0,1,DGP 1 + Treatment
312,-0.625,0,1,DGP 1 + Treatment
313,-58.75,0,1,DGP 1 + Treatment
314,8.75,0,1,DGP 1 + Treatment
315,1.25,0,1,DGP 1 + Treatment
316,-23.125,0,1,DGP 1 + Treatment
317,-10.625,0,1,DGP 1 + Treatment
318,5,0,1,DGP 1 + Treatment
319,13.75,0,1,DGP 1 + Treatment
320,4.375,0,1,DGP 1 + Treatment
321,35.625,0,1,DGP 1 + Treatment
322,25.625,0,1,DGP 1 + Treatment
323,57.5,0,1,DGP 1 + Treatment
324,-40,0,1,DGP 1 + Treatment
325,0.625,0,1,DGP 1 + Treatment
326,10.625,0,1,DGP 1 + Treatment
327,-25,0,1,DGP 1 + Treatment
328,-38.75,0,1,DGP 1 + Treatment
329,68.75,0,1,DGP 1 + Treatment
330,55.625,0,1,DGP 1 + Treatment
331,-48.75,0,1,DGP 1 + Treatment
332,-17.5,0,1,DGP 1 + Treatment
333,41.875,0,1,DGP 1 + Treatment
334,41.25,0,1,DGP 1 + Treatment
335,-8.75,0,1,DGP 1 + Treatment
336,30,0,1,DGP 1 + Treatment
337,15,0,1,DGP 1 + Treatment
338,11.875,0,1,DGP 1 + Treatment
339,16.875,0,1,DGP 1 + Treatment
340,-26.875,0,1,DGP 1 + Treatment
341,-10,0,1,DGP 1 + Treatment
342,64.375,0,1,DGP 1 + Treatment
343,-56.25,0,1,DGP 1 + Treatment
344,4.375,0,1,DGP 1 + Treatment
345,15,0,1,DGP 1 + Treatment
346,-30,0,1,DGP 1 + Treatment
347,10.625,0,1,DGP 1 + Treatment
348,32.5,0,1,DGP 1 + Treatment
349,16.875,0,1,DGP 1 + Treatment
350,-40.625,0,1,DGP 1 + Treatment
351,9.375,0,1,DGP 1 + Treatment
352,32.5,0,1,DGP 1 + Treatment
353,10,0,1,DGP 1 + Treatment
354,7.5,0,1,DGP 1 + Treatment
355,24.375,0,1,DGP 1 + Treatment
356,13.125,0,1,DGP 1 + Treatment
357,-46.25,0,1,DGP 1 + Treatment
358,-22.5,0,1,DGP 1 + Treatment
359,20,0,1,DGP 1 + Treatment
360,69.375,0,1,DGP 1 + Treatment
361,26.875,0,1,DGP 1 + Treatment
362,0,0,1,DGP 1 + Treatment
363,-13.75,0,1,DGP 1 + Treatment
364,0.625,0,1,DGP 1 + Treatment
365,13.75,0,1,DGP 1 + Treatment
366,-10.625,0,1,DGP 1 + Treatment
367,-42.5,0,1,DGP 1 + Treatment
368,66.875,0,1,DGP 1 + Treatment
369,-35,0,1,DGP 1 + Treatment
370,-23.125,0,1,DGP 1 + Treatment
371,59.375,0,1,DGP 1 + Treatment
372,1.875,0,1,DGP 1 + Treatment
373,3.125,0,1,DGP 1 + Treatment
374,-17.5,0,1,DGP 1 + Treatment
375,-31.25,0,1,DGP 1 + Treatment
376,-27.5,0,1,DGP 1 + Treatment
377,-75,0,1,DGP 1 + Treatment
378,16.25,0,1,DGP 1 + Treatment
379,-13.75,0,1,DGP 1 + Treatment
380,11.25,0,1,DGP 1 + Treatment
381,-34.375,0,1,DGP 1 + Treatment
382,-4.375,0,1,DGP 1 + Treatment
383,-1.875,0,1,DGP 1 + Treatment
384,-18.125,0,1,DGP 1 + Treatment
385,20.625,0,1,DGP 1 + Treatment
386,2.5,0,1,DGP 1 + Treatment
387,-25.625,0,1,DGP 1 + Treatment
388,14.375,0,1,DGP 1 + Treatment
389,16.875,0,1,DGP 1 + Treatment
390,71.875,0,1,DGP 1 + Treatment
391,-52.5,0,1,DGP 1 + Treatment
392,-1.875,0,1,DGP 1 + Treatment
393,-1.875,0,1,DGP 1 + Treatment
394,-14.375,0,1,DGP 1 + Treatment
395,-6.25,0,1,DGP 1 + Treatment
396,-10,0,1,DGP 1 + Treatment
397,-6.25,0,1,DGP 1 + Treatment
398,-28.125,0,1,DGP 1 + Treatment
399,-6.25,0,1,DGP 1 + Treatment
400,71.875,0,1,DGP 1 + Treatment
401,16.25,0,1,DGP 1 + Treatment
402,-8.125,0,1,DGP 1 + Treatment
403,22.5,0,1,DGP 1 + Treatment
404,-23.75,0,1,DGP 1 + Treatment
405,-33.125,0,1,DGP 1 + Treatment
406,36.875,0,1,DGP 1 + Treatment
407,-52.5,0,1,DGP 1 + Treatment
408,-37.5,0,1,DGP 1 + Treatment
409,20,0,1,DGP 1 + Treatment
410,-13.75,0,1,DGP 1 + Treatment
411,21.875,0,1,DGP 1 + Treatment
412,21.25,0,1,DGP 1 + Treatment
413,13.125,0,1,DGP 1 + Treatment
414,-7.5,0,1,DGP 1 + Treatment
415,42.5,0,1,DGP 1 + Treatment
416,-20.625,0,1,DGP 1 + Treatment
417,-25,0,1,DGP 1 + Treatment
418,-17.5,0,1,DGP 1 + Treatment
419,-46.25,0,1,DGP 1 + Treatment
420,-47.5,0,1,DGP 1 + Treatment
421,-22.5,0,1,DGP 1 + Treatment
422,-4.375,0,1,DGP 1 + Treatment
423,-14.375,0,1,DGP 1 + Treatment
424,23.125,0,1,DGP 1 + Treatment
425,90,0,1,DGP 1 + Treatment
426,-79.375,0,1,DGP 1 + Treatment
427,4.375,0,1,DGP 1 + Treatment
428,-11.875,0,1,DGP 1 + Treatment
429,23.125,0,1,DGP 1 + Treatment
430,-12.5,0,1,DGP 1 + Treatment
431,-0.625,0,1,DGP 1 + Treatment
432,-11.875,0,1,DGP 1 + Treatment
433,-33.125,0,1,DGP 1 + Treatment
434,0,0,1,DGP 1 + Treatment
435,7.5,0,1,DGP 1 + Treatment
436,0.625,0,1,DGP 1 + Treatment
437,22.5,0,1,DGP 1 + Treatment
438,103.75,0,1,DGP 1 + Treatment
439,18.125,0,1,DGP 1 + Treatment
440,-24.375,0,1,DGP 1 + Treatment
441,-4.375,0,1,DGP 1 + Treatment
442,-29.375,0,1,DGP 1 + Treatment
443,-10,0,1,DGP 1 + Treatment
444,-47.5,0,1,DGP 1 + Treatment
445,11.25,0,1,DGP 1 + Treatment
446,-13.75,0,1,DGP 1 + Treatment
447,-40,0,1,DGP 1 + Treatment
448,-16.25,0,1,DGP 1 + Treatment
449,-20.625,0,1,DGP 1 + Treatment
450,-22.5,0,1,DGP 1 + Treatment
451,7.5,0,1,DGP 1 + Treatment
452,0.625,0,1,DGP 1 + Treatment
453,-3.125,0,1,DGP 1 + Treatment
454,-8.125,0,1,DGP 1 + Treatment
455,58.125,0,1,DGP 1 + Treatment
456,27.5,0,1,DGP 1 + Treatment
457,-18.125,0,1,DGP 1 + Treatment
458,6.875,0,1,DGP 1 + Treatment
459,17.5,0,1,DGP 1 + Treatment
460,8.75,0,1,DGP 1 + Treatment
461,32.5,0,1,DGP 1 + Treatment
462,-15.625,0,1,DGP 1 + Treatment
463,-4.375,0,1,DGP 1 + Treatment
464,3.75,0,1,DGP 1 + Treatment
465,-11.25,0,1,DGP 1 + Treatment
466,-10,0,1,DGP 1 + Treatment
467,-14.375,0,1,DGP 1 + Treatment
468,27.5,0,1,DGP 1 + Treatment
469,-7.5,0,1,DGP 1 + Treatment
470,-54.375,0,1,DGP 1 + Treatment
471,10.625,0,1,DGP 1 + Treatment
472,-3.125,0,1,DGP 1 + Treatment
473,-10,0,1,DGP 1 + Treatment
474,-31.25,0,1,DGP 1 + Treatment
475,48.125,0,1,DGP 1 + Treatment
476,-66.875,0,1,DGP 1 + Treatment
477,-37.5,0,1,DGP 1 + Treatment
478,-3.75,0,1,DGP 1 + Treatment
479,18.125,0,1,DGP 1 + Treatment
480,-11.875,0,1,DGP 1 + Treatment
481,29.375,0,1,DGP 1 + Treatment
482,-18.125,0,1,DGP 1 + Treatment
483,8.125,0,1,DGP 1 + Treatment
484,6.875,0,1,DGP 1 + Treatment
485,-35,0,1,DGP 1 + Treatment
486,-26.25,0,1,DGP 1 + Treatment
487,41.25,0,1,DGP 1 + Treatment
488,-18.125,0,1,DGP 1 + Treatment
489,51.875,0,1,DGP 1 + Treatment
490,58.125,0,1,DGP 1 + Treatment
491,-3.75,0,1,DGP 1 + Treatment
492,-3.125,0,1,DGP 1 + Treatment
493,-2.5,0,1,DGP 1 + Treatment
494,-4.375,0,1,DGP 1 + Treatment
495,-11.875,0,1,DGP 1 + Treatment
496,-18.75,0,1,DGP 1 + Treatment
497,34.375,0,1,DGP 1 + Treatment
498,-14.375,0,1,DGP 1 + Treatment
499,6.25,0,1,DGP 1 + Treatment
500,-20.625,0,1,DGP 1 + Treatment
501,14.375,0,1,DGP 1 + Treatment
502,21.875,0,1,DGP 1 + Treatment
503,10.625,0,1,DGP 1 + Treatment
504,-17.5,0,1,DGP 1 + Treatment
505,7.5,0,1,DGP 1 + Treatment
506,55,0,1,DGP 1 + Treatment
507,-8.75,0,1,DGP 1 + Treatment
508,-53.125,0,1,DGP 1 + Treatment
509,-5,0,1,DGP 1 + Treatment
510,-5.625,0,1,DGP 1 + Treatment
511,0,0,1,DGP 1 + Treatment
512,1.875,0,1,DGP 1 + Treatment
513,85,0,1,DGP 1 + Treatment
514,11.25,0,1,DGP 1 + Treatment
515,6.875,0,1,DGP 1 + Treatment
516,35.625,0,1,DGP 1 + Treatment
517,55,0,1,DGP 1 + Treatment
518,-20,0,1,DGP 1 + Treatment
519,-22.5,0,1,DGP 1 + Treatment
520,-8.75,0,1,DGP 1 + Treatment
521,62.5,0,1,DGP 1 + Treatment
522,-26.25,0,1,DGP 1 + Treatment
523,-13.125,0,1,DGP 1 + Treatment
524,34.375,0,1,DGP 1 + Treatment
525,-27.5,0,1,DGP 1 + Treatment
526,-21.25,0,1,DGP 1 + Treatment
527,-30,0,1,DGP 1 + Treatment
528,19.375,0,1,DGP 1 + Treatment
529,16.875,0,1,DGP 1 + Treatment
530,-38.125,0,1,DGP 1 + Treatment
531,29.375,0,1,DGP 1 + Treatment
532,-8.75,0,1,DGP 1 + Treatment
533,13.75,0,1,DGP 1 + Treatment
534,-3.125,0,1,DGP 1 + Treatment
535,11.25,0,1,DGP 1 + Treatment
536,25,0,1,DGP 1 + Treatment
537,2.5,0,1,DGP 1 + Treatment
538,-12.5,0,1,DGP 1 + Treatment
539,-4.375,0,1,DGP 1 + Treatment
540,17.5,0,1,DGP 1 + Treatment
541,-14.375,0,1,DGP 1 + Treatment
542,10.625,0,1,DGP 1 + Treatment
543,-25.625,0,1,DGP 1 + Treatment
544,28.125,0,1,DGP 1 + Treatment
545,-19.375,0,1,DGP 1 + Treatment
546,-45,0,1,DGP 1 + Treatment
547,-7.5,0,1,DGP 1 + Treatment
548,-48.125,0,1,DGP 1 + Treatment
549,1.875,0,1,DGP 1 + Treatment
550,-36.875,0,1,DGP 1 + Treatment
551,-23.75,0,1,DGP 1 + Treatment
552,3.75,0,1,DGP 1 + Treatment
553,33.125,0,1,DGP 1 + Treatment
554,8.125,0,1,DGP 1 + Treatment
555,25,0,1,DGP 1 + Treatment
556,-13.125,0,1,DGP 1 + Treatment
557,-26.25,0,1,DGP 1 + Treatment
558,5,0,1,DGP 1 + Treatment
559,13.125,0,1,DGP 1 + Treatment
560,-3.125,0,1,DGP 1 + Treatment
561,-13.125,0,1,DGP 1 + Treatment
562,8.75,0,1,DGP 1 + Treatment
563,-6.25,0,1,DGP 1 + Treatment
564,-8.125,0,1,DGP 1 + Treatment
565,26.875,0,1,DGP 1 + Treatment
566,-29.375,0,1,DGP 1 + Treatment
567,-18.75,0,1,DGP 1 + Treatment
568,-22.5,0,1,DGP 1 + Treatment
569,-20,0,1,DGP 1 + Treatment
570,39.375,0,1,DGP 1 + Treatment
571,-13.75,0,1,DGP 1 + Treatment
572,-46.25,0,1,DGP 1 + Treatment
573,18.75,0,1,DGP 1 + Treatment
574,21.25,0,1,DGP 1 + Treatment
575,-17.5,0,1,DGP 1 + Treatment
576,-15,0,1,DGP 1 + Treatment
577,-17.5,0,1,DGP 1 + Treatment
578,11.25,0,1,DGP 1 + Treatment
579,-6.25,0,1,DGP 1 + Treatment
580,3.125,0,1,DGP 1 + Treatment
581,-19.375,0,1,DGP 1 + Treatment
582,75.625,0,1,DGP 1 + Treatment
583,14.375,0,1,DGP 1 + Treatment
584,50,0,1,DGP 1 + Treatment
585,11.875,0,1,DGP 1 + Treatment
586,3.75,0,1,DGP 1 + Treatment
587,8.125,0,1,DGP 1 + Treatment
588,-37.5,0,1,DGP 1 + Treatment
589,-40,0,1,DGP 1 + Treatment
590,-9.375,0,1,DGP 1 + Treatment
591,-43.75,0,1,DGP 1 + Treatment
592,-16.25,0,1,DGP 1 + Treatment
593,-16.875,0,1,DGP 1 + Treatment
594,-25,0,1,DGP 1 + Treatment
595,-3.125,0,1,DGP 1 + Treatment
596,-30.625,0,1,DGP 1 + Treatment
597,65,0,1,DGP 1 + Treatment
598,-2.5,0,1,DGP 1 + Treatment
599,50.625,0,1,DGP 1 + Treatment
600,20,0,1,DGP 1 + Treatment
601,5.625,0,1,DGP 1 + Treatment
602,-18.125,0,1,DGP 1 + Treatment
603,-25,0,1,DGP 1 + Treatment
604,3.75,0,1,DGP 1 + Treatment
605,45,0,1,DGP 1 + Treatment
606,26.25,0,1,DGP 1 + Treatment
607,25.625,0,1,DGP 1 + Treatment
608,-17.5,0,1,DGP 1 + Treatment
609,-13.75,0,1,DGP 1 + Treatment
610,-10,0,1,DGP 1 + Treatment
611,-34.375,0,1,DGP 1 + Treatment
612,-30.625,0,1,DGP 1 + Treatment
613,-35,0,1,DGP 1 + Treatment
614,15.625,0,1,DGP 1 + Treatment
615,-11.25,0,1,DGP 1 + Treatment
616,-1.875,0,1,DGP 1 + Treatment
617,-10.625,0,1,DGP 1 + Treatment
618,4.375,0,1,DGP 1 + Treatment
619,-13.125,0,1,DGP 1 + Treatment
620,-16.875,0,1,DGP 1 + Treatment
621,56.25,0,1,DGP 1 + Treatment
622,-49.375,0,1,DGP 1 + Treatment
623,16.25,0,1,DGP 1 + Treatment
624,-6.25,0,1,DGP 1 + Treatment
625,7.5,0,1,DGP 1 + Treatment
626,80,0,1,DGP 1 + Treatment
627,33.125,0,1,DGP 1 + Treatment
628,4.375,0,1,DGP 1 + Treatment
629,-17.5,0,1,DGP 1 + Treatment
630,18.75,0,1,DGP 1 + Treatment
631,-23.75,0,1,DGP 1 + Treatment
632,-26.875,0,1,DGP 1 + Treatment
633,-38.125,0,1,DGP 1 + Treatment
634,-28.125,0,1,DGP 1 + Treatment
635,-8.125,0,1,DGP 1 + Treatment
636,28.75,0,1,DGP 1 + Treatment
637,21.875,0,1,DGP 1 + Treatment
638,-40,0,1,DGP 1 + Treatment
639,3.75,0,1,DGP 1 + Treatment
640,-0.625,0,1,DGP 1 + Treatment
641,16.875,0,1,DGP 1 + Treatment
642,-8.75,0,1,DGP 1 + Treatment
643,-3.75,0,1,DGP 1 + Treatment
644,59.375,0,1,DGP 1 + Treatment
645,53.125,0,1,DGP 1 + Treatment
646,-15.625,0,1,DGP 1 + Treatment
647,1.875,0,1,DGP 1 + Treatment
648,69.375,0,1,DGP 1 + Treatment
649,61.875,0,1,DGP 1 + Treatment
650,-29.375,0,1,DGP 1 + Treatment
651,49.375,0,1,DGP 1 + Treatment
652,-8.75,0,1,DGP 1 + Treatment
653,-6.875,0,1,DGP 1 + Treatment
654,-4.375,0,1,DGP 1 + Treatment
655,-41.25,0,1,DGP 1 + Treatment
656,-34.375,0,1,DGP 1 + Treatment
657,-26.25,0,1,DGP 1 + Treatment
658,0.625,0,1,DGP 1 + Treatment
659,33.125,0,1,DGP 1 + Treatment
660,28.125,0,1,DGP 1 + Treatment
661,32.5,0,1,DGP 1 + Treatment
662,21.875,0,1,DGP 1 + Treatment
663,10,0,1,DGP 1 + Treatment
664,-32.5,0,1,DGP 1 + Treatment
665,8.125,0,1,DGP 1 + Treatment
666,62.5,0,1,DGP 1 + Treatment
667,-21.25,0,1,DGP 1 + Treatment
668,-36.25,0,1,DGP 1 + Treatment
669,0.625,0,1,DGP 1 + Treatment
670,-25.625,0,1,DGP 1 + Treatment
671,-65,0,1,DGP 1 + Treatment
672,13.125,0,1,DGP 1 + Treatment
673,-29.375,0,1,DGP 1 + Treatment
674,55,0,1,DGP 1 + Treatment
675,-43.75,0,1,DGP 1 + Treatment
676,5.625,0,1,DGP 1 + Treatment
677,-14.375,0,1,DGP 1 + Treatment
678,5.625,0,1,DGP 1 + Treatment
679,-25,0,1,DGP 1 + Treatment
680,34.375,0,1,DGP 1 + Treatment
681,45,0,1,DGP 1 + Treatment
682,-26.25,0,1,DGP 1 + Treatment
683,34.375,0,1,DGP 1 + Treatment
684,-13.125,0,1,DGP 1 + Treatment
685,6.875,0,1,DGP 1 + Treatment
686,-21.875,0,1,DGP 1 + Treatment
687,63.125,0,1,DGP 1 + Treatment
688,-38.75,0,1,DGP 1 + Treatment
689,-24.375,0,1,DGP 1 + Treatment
690,-33.75,0,1,DGP 1 + Treatment
691,-28.75,0,1,DGP 1 + Treatment
692,13.125,0,1,DGP 1 + Treatment
693,13.125,0,1,DGP 1 + Treatment
694,8.75,0,1,DGP 1 + Treatment
695,-5.625,0,1,DGP 1 + Treatment
696,-5,0,1,DGP 1 + Treatment
697,-33.125,0,1,DGP 1 + Treatment
698,33.125,0,1,DGP 1 + Treatment
699,0.625,0,1,DGP 1 + Treatment
700,-53.75,0,1,DGP 1 + Treatment
701,16.25,0,1,DGP 1 + Treatment
702,26.25,0,1,DGP 1 + Treatment
703,37.5,0,1,DGP 1 + Treatment
704,-11.25,0,1,DGP 1 + Treatment
705,34.375,0,1,DGP 1 + Treatment
706,12.5,0,1,DGP 1 + Treatment
707,10,0,1,DGP 1 + Treatment
708,72.5,0,1,DGP 1 + Treatment
709,-20.625,0,1,DGP 1 + Treatment
710,-57.5,0,1,DGP 1 + Treatment
711,-26.875,0,1,DGP 1 + Treatment
712,-32.5,0,1,DGP 1 + Treatment
713,-58.125,0,1,DGP 1 + Treatment
714,-28.75,0,1,DGP 1 + Treatment
715,0,0,1,DGP 1 + Treatment
716,25.625,0,1,DGP 1 + Treatment
717,-5,0,1,DGP 1 + Treatment
718,21.875,0,1,DGP 1 + Treatment
719,-5.625,0,1,DGP 1 + Treatment
720,-23.75,0,1,DGP 1 + Treatment
721,12.5,0,1,DGP 1 + Treatment
722,-23.75,0,1,DGP 1 + Treatment
723,-12.5,0,1,DGP 1 + Treatment
724,-2.5,0,1,DGP 1 + Treatment
725,10.625,0,1,DGP 1 + Treatment
726,-18.75,0,1,DGP 1 + Treatment
727,-16.875,0,1,DGP 1 + Treatment
728,-52.5,0,1,DGP 1 + Treatment
729,-38.125,0,1,DGP 1 + Treatment
730,-21.25,0,1,DGP 1 + Treatment
731,-35.625,0,1,DGP 1 + Treatment
732,17.5,0,1,DGP 1 + Treatment
733,-16.875,0,1,DGP 1 + Treatment
734,-9.375,0,1,DGP 1 + Treatment
735,77.5,0,1,DGP 1 + Treatment
736,-23.75,0,1,DGP 1 + Treatment
737,-25,0,1,DGP 1 + Treatment
738,12.5,0,1,DGP 1 + Treatment
739,-52.5,0,1,DGP 1 + Treatment
740,57.5,0,1,DGP 1 + Treatment
741,-31.875,0,1,DGP 1 + Treatment
742,-13.75,0,1,DGP 1 + Treatment
743,-64.375,0,1,DGP 1 + Treatment
744,-33.125,0,1,DGP 1 + Treatment
745,7.5,0,1,DGP 1 + Treatment
746,-3.75,0,1,DGP 1 + Treatment
747,-4.375,0,1,DGP 1 + Treatment
748,46.25,0,1,DGP 1 + Treatment
749,12.5,0,1,DGP 1 + Treatment
750,-31.875,0,1,DGP 1 + Treatment
751,45.625,0,1,DGP 1 + Treatment
752,21.25,0,1,DGP 1 + Treatment
753,-26.25,0,1,DGP 1 + Treatment
754,6.25,0,1,DGP 1 + Treatment
755,-6.875,0,1,DGP 1 + Treatment
756,-56.25,0,1,DGP 1 + Treatment
757,26.25,0,1,DGP 1 + Treatment
758,-5,0,1,DGP 1 + Treatment
759,-21.25,0,1,DGP 1 + Treatment
760,-31.875,0,1,DGP 1 + Treatment
761,17.5,0,1,DGP 1 + Treatment
762,-19.375,0,1,DGP 1 + Treatment
763,15.625,0,1,DGP 1 + Treatment
764,-30.625,0,1,DGP 1 + Treatment
765,13.125,0,1,DGP 1 + Treatment
766,-11.25,0,1,DGP 1 + Treatment
767,-60,0,1,DGP 1 + Treatment
768,-10.625,0,1,DGP 1 + Treatment
769,-2.5,0,1,DGP 1 + Treatment
770,35,0,1,DGP 1 + Treatment
771,58.125,0,1,DGP 1 + Treatment
772,-2.5,0,1,DGP 1 + Treatment
773,36.25,0,1,DGP 1 + Treatment
774,-9.375,0,1,DGP 1 + Treatment
775,-20.625,0,1,DGP 1 + Treatment
776,-1.25,0,1,DGP 1 + Treatment
777,-8.125,0,1,DGP 1 + Treatment
778,-28.125,0,1,DGP 1 + Treatment
779,-19.375,0,1,DGP 1 + Treatment
780,65.625,0,1,DGP 1 + Treatment
781,-3.125,0,1,DGP 1 + Treatment
782,-36.875,0,1,DGP 1 + Treatment
783,46.25,0,1,DGP 1 + Treatment
784,18.125,0,1,DGP 1 + Treatment
785,-34.375,0,1,DGP 1 + Treatment
786,-7.5,0,1,DGP 1 + Treatment
787,-17.5,0,1,DGP 1 + Treatment
788,-27.5,0,1,DGP 1 + Treatment
789,21.875,0,1,DGP 1 + Treatment
790,17.5,0,1,DGP 1 + Treatment
791,16.875,0,1,DGP 1 + Treatment
792,6.875,0,1,DGP 1 + Treatment
793,7.5,0,1,DGP 1 + Treatment
794,0,0,1,DGP 1 + Treatment
795,24.375,0,1,DGP 1 + Treatment
796,2.5,0,1,DGP 1 + Treatment
797,1.25,0,1,DGP 1 + Treatment
798,110,0,1,DGP 1 + Treatment
799,4.375,0,1,DGP 1 + Treatment
800,-9.375,0,1,DGP 1 + Treatment
801,-56.875,0,1,DGP 1 + Treatment
802,-20,0,1,DGP 1 + Treatment
803,91.875,0,1,DGP 1 + Treatment
804,-2.5,0,1,DGP 1 + Treatment
805,23.75,0,1,DGP 1 + Treatment
806,-57.5,0,1,DGP 1 + Treatment
807,-3.125,0,1,DGP 1 + Treatment
808,-2.5,0,1,DGP 1 + Treatment
809,-15.625,0,1,DGP 1 + Treatment
810,-25.625,0,1,DGP 1 + Treatment
811,36.25,0,1,DGP 1 + Treatment
812,-41.25,0,1,DGP 1 + Treatment
813,4.375,0,1,DGP 1 + Treatment
814,71.25,0,1,DGP 1 + Treatment
815,98.125,0,1,DGP 1 + Treatment
816,-5.625,0,1,DGP 1 + Treatment
817,-5,0,1,DGP 1 + Treatment
818,99.375,0,1,DGP 1 + Treatment
819,2.5,0,1,DGP 1 + Treatment
820,-17.5,0,1,DGP 1 + Treatment
821,-17.5,0,1,DGP 1 + Treatment
822,-6.875,0,1,DGP 1 + Treatment
823,-37.5,0,1,DGP 1 + Treatment
824,48.75,0,1,DGP 1 + Treatment
825,-85,0,1,DGP 1 + Treatment
826,-65,0,1,DGP 1 + Treatment
827,14.375,0,1,DGP 1 + Treatment
828,8.125,0,1,DGP 1 + Treatment
829,-20,0,1,DGP 1 + Treatment
830,-23.125,0,1,DGP 1 + Treatment
831,-58.125,0,1,DGP 1 + Treatment
832,24.375,0,1,DGP 1 + Treatment
833,-43.75,0,1,DGP 1 + Treatment
834,22.5,0,1,DGP 1 + Treatment
835,0.625,0,1,DGP 1 + Treatment
836,30.625,0,1,DGP 1 + Treatment
837,-53.75,0,1,DGP 1 + Treatment
838,28.75,0,1,DGP 1 + Treatment
839,-36.25,0,1,DGP 1 + Treatment
840,-21.25,0,1,DGP 1 + Treatment
841,11.25,0,1,DGP 1 + Treatment
842,-3.75,0,1,DGP 1 + Treatment
843,66.875,0,1,DGP 1 + Treatment
844,-10.625,0,1,DGP 1 + Treatment
845,3.75,0,1,DGP 1 + Treatment
846,-16.25,0,1,DGP 1 + Treatment
847,38.125,0,1,DGP 1 + Treatment
848,-3.125,0,1,DGP 1 + Treatment
849,-23.125,0,1,DGP 1 + Treatment
850,-15,0,1,DGP 1 + Treatment
851,-33.125,0,1,DGP 1 + Treatment
852,-6.25,0,1,DGP 1 + Treatment
853,-46.875,0,1,DGP 1 + Treatment
854,25,0,1,DGP 1 + Treatment
855,-33.125,0,1,DGP 1 + Treatment
856,-14.375,0,1,DGP 1 + Treatment
857,-17.5,0,1,DGP 1 + Treatment
858,-59.375,0,1,DGP 1 + Treatment
859,-9.375,0,1,DGP 1 + Treatment
860,-10.625,0,1,DGP 1 + Treatment
861,-29.375,0,1,DGP 1 + Treatment
862,-21.875,0,1,DGP 1 + Treatment
863,-16.25,0,1,DGP 1 + Treatment
864,-43.75,0,1,DGP 1 + Treatment
865,-17.5,0,1,DGP 1 + Treatment
866,17.5,0,1,DGP 1 + Treatment
867,-11.875,0,1,DGP 1 + Treatment
868,-45.625,0,1,DGP 1 + Treatment
869,76.875,0,1,DGP 1 + Treatment
870,-1.25,0,1,DGP 1 + Treatment
871,-38.75,0,1,DGP 1 + Treatment
872,-27.5,0,1,DGP 1 + Treatment
873,-30.625,0,1,DGP 1 + Treatment
874,-23.75,0,1,DGP 1 + Treatment
875,-19.375,0,1,DGP 1 + Treatment
876,25.625,0,1,DGP 1 + Treatment
877,-25.625,0,1,DGP 1 + Treatment
878,1.875,0,1,DGP 1 + Treatment
879,23.125,0,1,DGP 1 + Treatment
880,4.375,0,1,DGP 1 + Treatment
881,12.5,0,1,DGP 1 + Treatment
882,-10.625,0,1,DGP 1 + Treatment
883,-8.75,0,1,DGP 1 + Treatment
884,-43.75,0,1,DGP 1 + Treatment
885,-8.75,0,1,DGP 1 + Treatment
886,14.375,0,1,DGP 1 + Treatment
887,20,0,1,DGP 1 + Treatment
888,-52.5,0,1,DGP 1 + Treatment
889,83.125,0,1,DGP 1 + Treatment
890,-14.375,0,1,DGP 1 + Treatment
891,1.25,0,1,DGP 1 + Treatment
892,58.125,0,1,DGP 1 + Treatment
893,-25.625,0,1,DGP 1 + Treatment
894,-45.625,0,1,DGP 1 + Treatment
895,33.125,0,1,DGP 1 + Treatment
896,-5,0,1,DGP 1 + Treatment
897,-80,0,1,DGP 1 + Treatment
898,-26.25,0,1,DGP 1 + Treatment
899,-11.875,0,1,DGP 1 + Treatment
900,5.625,0,1,DGP 1 + Treatment
901,-14.375,0,1,DGP 1 + Treatment
902,-67.5,0,1,DGP 1 + Treatment
903,15,0,1,DGP 1 + Treatment
904,-2.5,0,1,DGP 1 + Treatment
905,-8.125,0,1,DGP 1 + Treatment
906,35,0,1,DGP 1 + Treatment
907,-28.75,0,1,DGP 1 + Treatment
908,-30,0,1,DGP 1 + Treatment
909,12.5,0,1,DGP 1 + Treatment
910,20.625,0,1,DGP 1 + Treatment
911,19.375,0,1,DGP 1 + Treatment
912,-1.875,0,1,DGP 1 + Treatment
913,-1.25,0,1,DGP 1 + Treatment
914,-6.25,0,1,DGP 1 + Treatment
915,-9.375,0,1,DGP 1 + Treatment
916,-15.625,0,1,DGP 1 + Treatment
917,-33.75,0,1,DGP 1 + Treatment
918,30,0,1,DGP 1 + Treatment
919,-25,0,1,DGP 1 + Treatment
920,16.25,0,1,DGP 1 + Treatment
921,55.625,0,1,DGP 1 + Treatment
922,30,0,1,DGP 1 + Treatment
923,-3.125,0,1,DGP 1 + Treatment
924,13.125,0,1,DGP 1 + Treatment
925,23.75,0,1,DGP 1 + Treatment
926,36.25,0,1,DGP 1 + Treatment
927,1.875,0,1,DGP 1 + Treatment
928,38.75,0,1,DGP 1 + Treatment
929,-22.5,0,1,DGP 1 + Treatment
930,3.125,0,1,DGP 1 + Treatment
931,-32.5,0,1,DGP 1 + Treatment
932,75,0,1,DGP 1 + Treatment
933,-2.5,0,1,DGP 1 + Treatment
934,1.25,0,1,DGP 1 + Treatment
935,25.625,0,1,DGP 1 + Treatment
936,-12.5,0,1,DGP 1 + Treatment
937,-1.875,0,1,DGP 1 + Treatment
938,-19.375,0,1,DGP 1 + Treatment
939,-10.625,0,1,DGP 1 + Treatment
940,33.125,0,1,DGP 1 + Treatment
941,-44.375,0,1,DGP 1 + Treatment
942,13.125,0,1,DGP 1 + Treatment
943,0,0,1,DGP 1 + Treatment
944,-46.25,0,1,DGP 1 + Treatment
945,9.375,0,1,DGP 1 + Treatment
946,18.75,0,1,DGP 1 + Treatment
947,-52.5,0,1,DGP 1 + Treatment
948,8.75,0,1,DGP 1 + Treatment
949,19.375,0,1,DGP 1 + Treatment
950,-34.375,0,1,DGP 1 + Treatment
951,0,0,1,DGP 1 + Treatment
952,43.75,0,1,DGP 1 + Treatment
953,96.25,0,1,DGP 1 + Treatment
954,24.375,0,1,DGP 1 + Treatment
955,18.75,0,1,DGP 1 + Treatment
956,6.875,0,1,DGP 1 + Treatment
957,24.375,0,1,DGP 1 + Treatment
958,-16.875,0,1,DGP 1 + Treatment
959,18.125,0,1,DGP 1 + Treatment
960,-3.125,0,1,DGP 1 + Treatment
961,26.25,0,1,DGP 1 + Treatment
962,-18.75,0,1,DGP 1 + Treatment
963,-24.375,0,1,DGP 1 + Treatment
964,16.25,0,1,DGP 1 + Treatment
965,-20.625,0,1,DGP 1 + Treatment
966,51.25,0,1,DGP 1 + Treatment
967,-3.125,0,1,DGP 1 + Treatment
968,18.125,0,1,DGP 1 + Treatment
969,4.375,0,1,DGP 1 + Treatment
970,-11.25,0,1,DGP 1 + Treatment
971,6.875,0,1,DGP 1 + Treatment
972,-11.875,0,1,DGP 1 + Treatment
973,-5.625,0,1,DGP 1 + Treatment
974,-7.5,0,1,DGP 1 + Treatment
975,64.375,0,1,DGP 1 + Treatment
976,-26.875,0,1,DGP 1 + Treatment
977,1.25,0,1,DGP 1 + Treatment
978,12.5,0,1,DGP 1 + Treatment
979,16.875,0,1,DGP 1 + Treatment
980,-14.375,0,1,DGP 1 + Treatment
981,-1.875,0,1,DGP 1 + Treatment
982,5.625,0,1,DGP 1 + Treatment
983,23.75,0,1,DGP 1 + Treatment
984,-0.625,0,1,DGP 1 + Treatment
985,15.625,0,1,DGP 1 + Treatment
986,-47.5,0,1,DGP 1 + Treatment
987,-12.5,0,1,DGP 1 + Treatment
988,4.375,0,1,DGP 1 + Treatment
989,-20.625,0,1,DGP 1 + Treatment
990,-2.5,0,1,DGP 1 + Treatment
991,-14.375,0,1,DGP 1 + Treatment
992,-1.25,0,1,DGP 1 + Treatment
993,32.5,0,1,DGP 1 + Treatment
994,35,0,1,DGP 1 + Treatment
995,-71.875,0,1,DGP 1 + Treatment
996,-4.375,0,1,DGP 1 + Treatment
997,67.5,0,1,DGP 1 + Treatment
998,-2.5,0,1,DGP 1 + Treatment
999,-3.125,0,1,DGP 1 + Treatment
0,-19.375,1,0,DGP 2 + Control
1,16.25,1,0,DGP 2 + Control
2,-5,1,0,DGP 2 + Control
3,-14.375,1,0,DGP 2 + Control
4,30.625,1,0,DGP 2 + Control
5,26.25,1,0,DGP 2 + Control
6,-25,1,0,DGP 2 + Control
7,-32.5,1,0,DGP 2 + Control
8,4.375,1,0,DGP 2 + Control
9,64.375,1,0,DGP 2 + Control
10,-55,1,0,DGP 2 + Control
11,19.375,1,0,DGP 2 + Control
12,16.875,1,0,DGP 2 + Control
13,-28.125,1,0,DGP 2 + Control
14,7.5,1,0,DGP 2 + Control
15,1.875,1,0,DGP 2 + Control
16,5.625,1,0,DGP 2 + Control
17,1.875,1,0,DGP 2 + Control
18,-16.875,1,0,DGP 2 + Control
19,30,1,0,DGP 2 + Control
20,108.125,1,0,DGP 2 + Control
21,13.75,1,0,DGP 2 + Control
22,52.5,1,0,DGP 2 + Control
23,-13.125,1,0,DGP 2 + Control
24,62.5,1,0,DGP 2 + Control
25,8.75,1,0,DGP 2 + Control
26,-23.75,1,0,DGP 2 + Control
27,3.125,1,0,DGP 2 + Control
28,25,1,0,DGP 2 + Control
29,26.875,1,0,DGP 2 + Control
30,-3.75,1,0,DGP 2 + Control
31,30,1,0,DGP 2 + Control
32,14.375,1,0,DGP 2 + Control
33,43.125,1,0,DGP 2 + Control
34,-13.75,1,0,DGP 2 + Control
35,-62.5,1,0,DGP 2 + Control
36,51.25,1,0,DGP 2 + Control
37,89.375,1,0,DGP 2 + Control
38,6.875,1,0,DGP 2 + Control
39,54.375,1,0,DGP 2 + Control
40,71.25,1,0,DGP 2 + Control
41,46.875,1,0,DGP 2 + Control
42,-44.375,1,0,DGP 2 + Control
43,43.75,1,0,DGP 2 + Control
44,6.25,1,0,DGP 2 + Control
45,15.625,1,0,DGP 2 + Control
46,-13.75,1,0,DGP 2 + Control
47,-14.375,1,0,DGP 2 + Control
48,-37.5,1,0,DGP 2 + Control
49,-28.125,1,0,DGP 2 + Control
50,24.375,1,0,DGP 2 + Control
51,-31.875,1,0,DGP 2 + Control
52,21.25,1,0,DGP 2 + Control
53,-47.5,1,0,DGP 2 + Control
54,6.875,1,0,DGP 2 + Control
55,1.25,1,0,DGP 2 + Control
56,-6.875,1,0,DGP 2 + Control
57,19.375,1,0,DGP 2 + Control
58,-18.125,1,0,DGP 2 + Control
59,17.5,1,0,DGP 2 + Control
60,95.625,1,0,DGP 2 + Control
61,-25,1,0,DGP 2 + Control
62,-7.5,1,0,DGP 2 + Control
63,-0.625,1,0,DGP 2 + Control
64,-88.125,1,0,DGP 2 + Control
65,11.875,1,0,DGP 2 + Control
66,20,1,0,DGP 2 + Control
67,-46.875,1,0,DGP 2 + Control
68,38.125,1,0,DGP 2 + Control
69,44.375,1,0,DGP 2 + Control
70,-3.125,1,0,DGP 2 + Control
71,-26.875,1,0,DGP 2 + Control
72,3.75,1,0,DGP 2 + Control
73,-55.625,1,0,DGP 2 + Control
74,-8.125,1,0,DGP 2 + Control
75,-10,1,0,DGP 2 + Control
76,-103.75,1,0,DGP 2 + Control
77,11.25,1,0,DGP 2 + Control
78,7.5,1,0,DGP 2 + Control
79,-53.125,1,0,DGP 2 + Control
80,10,1,0,DGP 2 + Control
81,-54.375,1,0,DGP 2 + Control
82,-25,1,0,DGP 2 + Control
83,10,1,0,DGP 2 + Control
84,-41.875,1,0,DGP 2 + Control
85,-8.75,1,0,DGP 2 + Control
86,44.375,1,0,DGP 2 + Control
87,-20,1,0,DGP 2 + Control
88,1.875,1,0,DGP 2 + Control
89,15.625,1,0,DGP 2 + Control
90,-23.75,1,0,DGP 2 + Control
91,6.25,1,0,DGP 2 + Control
92,-28.75,1,0,DGP 2 + Control
93,-13.125,1,0,DGP 2 + Control
94,-42.5,1,0,DGP 2 + Control
95,-28.75,1,0,DGP 2 + Control
96,-21.25,1,0,DGP 2 + Control
97,-16.25,1,0,DGP 2 + Control
98,80.625,1,0,DGP 2 + Control
99,-19.375,1,0,DGP 2 + Control
100,-24.375,1,0,DGP 2 + Control
101,-26.25,1,0,DGP 2 + Control
102,-3.75,1,0,DGP 2 + Control
103,25.625,1,0,DGP 2 + Control
104,8.125,1,0,DGP 2 + Control
105,-31.25,1,0,DGP 2 + Control
106,130,1,0,DGP 2 + Control
107,19.375,1,0,DGP 2 + Control
108,48.125,1,0,DGP 2 + Control
109,25,1,0,DGP 2 + Control
110,-21.875,1,0,DGP 2 + Control
111,-31.875,1,0,DGP 2 + Control
112,-20,1,0,DGP 2 + Control
113,8.125,1,0,DGP 2 + Control
114,10,1,0,DGP 2 + Control
115,21.25,1,0,DGP 2 + Control
116,91.875,1,0,DGP 2 + Control
117,75,1,0,DGP 2 + Control
118,42.5,1,0,DGP 2 + Control
119,8.125,1,0,DGP 2 + Control
120,11.25,1,0,DGP 2 + Control
121,-6.875,1,0,DGP 2 + Control
122,1.875,1,0,DGP 2 + Control
123,-40.625,1,0,DGP 2 + Control
124,-5,1,0,DGP 2 + Control
125,27.5,1,0,DGP 2 + Control
126,77.5,1,0,DGP 2 + Control
127,-14.375,1,0,DGP 2 + Control
128,17.5,1,0,DGP 2 + Control
129,20.625,1,0,DGP 2 + Control
130,36.875,1,0,DGP 2 + Control
131,-50.625,1,0,DGP 2 + Control
132,42.5,1,0,DGP 2 + Control
133,21.25,1,0,DGP 2 + Control
134,-1.875,1,0,DGP 2 + Control
135,5.625,1,0,DGP 2 + Control
136,50,1,0,DGP 2 + Control
137,34.375,1,0,DGP 2 + Control
138,-5.625,1,0,DGP 2 + Control
139,38.125,1,0,DGP 2 + Control
140,46.875,1,0,DGP 2 + Control
141,-46.25,1,0,DGP 2 + Control
142,33.125,1,0,DGP 2 + Control
143,26.875,1,0,DGP 2 + Control
144,16.25,1,0,DGP 2 + Control
145,12.5,1,0,DGP 2 + Control
146,118.75,1,0,DGP 2 + Control
147,0.625,1,0,DGP 2 + Control
148,46.875,1,0,DGP 2 + Control
149,61.875,1,0,DGP 2 + Control
150,129.375,1,0,DGP 2 + Control
151,30,1,0,DGP 2 + Control
152,80.625,1,0,DGP 2 + Control
153,10.625,1,0,DGP 2 + Control
154,-10,1,0,DGP 2 + Control
155,10,1,0,DGP 2 + Control
156,18.75,1,0,DGP 2 + Control
157,-11.875,1,0,DGP 2 + Control
158,-23.75,1,0,DGP 2 + Control
159,2.5,1,0,DGP 2 + Control
160,-1.25,1,0,DGP 2 + Control
161,33.125,1,0,DGP 2 + Control
162,33.75,1,0,DGP 2 + Control
163,83.75,1,0,DGP 2 + Control
164,-33.75,1,0,DGP 2 + Control
165,31.875,1,0,DGP 2 + Control
166,-5.625,1,0,DGP 2 + Control
167,16.875,1,0,DGP 2 + Control
168,-4.375,1,0,DGP 2 + Control
169,93.125,1,0,DGP 2 + Control
170,21.875,1,0,DGP 2 + Control
171,-8.125,1,0,DGP 2 + Control
172,17.5,1,0,DGP 2 + Control
173,-5,1,0,DGP 2 + Control
174,0.625,1,0,DGP 2 + Control
175,-35.625,1,0,DGP 2 + Control
176,-33.125,1,0,DGP 2 + Control
177,90,1,0,DGP 2 + Control
178,71.875,1,0,DGP 2 + Control
179,39.375,1,0,DGP 2 + Control
180,77.5,1,0,DGP 2 + Control
181,46.875,1,0,DGP 2 + Control
182,-30.625,1,0,DGP 2 + Control
183,-4.375,1,0,DGP 2 + Control
184,47.5,1,0,DGP 2 + Control
185,6.875,1,0,DGP 2 + Control
186,-7.5,1,0,DGP 2 + Control
187,11.25,1,0,DGP 2 + Control
188,22.5,1,0,DGP 2 + Control
189,-48.75,1,0,DGP 2 + Control
190,-23.75,1,0,DGP 2 + Control
191,-52.5,1,0,DGP 2 + Control
192,-15.625,1,0,DGP 2 + Control
193,-3.125,1,0,DGP 2 + Control
194,71.875,1,0,DGP 2 + Control
195,15.625,1,0,DGP 2 + Control
196,8.75,1,0,DGP 2 + Control
197,11.875,1,0,DGP 2 + Control
198,-34.375,1,0,DGP 2 + Control
199,-4.375,1,0,DGP 2 + Control
200,-25.625,1,0,DGP 2 + Control
201,66.25,1,0,DGP 2 + Control
202,-35.625,1,0,DGP 2 + Control
203,-31.25,1,0,DGP 2 + Control
204,29.375,1,0,DGP 2 + Control
205,-48.75,1,0,DGP 2 + Control
206,41.875,1,0,DGP 2 + Control
207,-16.875,1,0,DGP 2 + Control
208,48.125,1,0,DGP 2 + Control
209,3.125,1,0,DGP 2 + Control
210,21.25,1,0,DGP 2 + Control
211,60,1,0,DGP 2 + Control
212,-8.125,1,0,DGP 2 + Control
213,-20.625,1,0,DGP 2 + Control
214,-26.25,1,0,DGP 2 + Control
215,53.125,1,0,DGP 2 + Control
216,29.375,1,0,DGP 2 + Control
217,37.5,1,0,DGP 2 + Control
218,44.375,1,0,DGP 2 + Control
219,104.375,1,0,DGP 2 + Control
220,-6.25,1,0,DGP 2 + Control
221,120,1,0,DGP 2 + Control
222,-34.375,1,0,DGP 2 + Control
223,11.25,1,0,DGP 2 + Control
224,66.25,1,0,DGP 2 + Control
225,20,1,0,DGP 2 + Control
226,50,1,0,DGP 2 + Control
227,50.625,1,0,DGP 2 + Control
228,-8.75,1,0,DGP 2 + Control
229,62.5,1,0,DGP 2 + Control
230,-13.75,1,0,DGP 2 + Control
231,14.375,1,0,DGP 2 + Control
232,6.875,1,0,DGP 2 + Control
233,12.5,1,0,DGP 2 + Control
234,11.25,1,0,DGP 2 + Control
235,-21.25,1,0,DGP 2 + Control
236,72.5,1,0,DGP 2 + Control
237,6.875,1,0,DGP 2 + Control
238,-73.125,1,0,DGP 2 + Control
239,8.125,1,0,DGP 2 + Control
240,45.625,1,0,DGP 2 + Control
241,20,1,0,DGP 2 + Control
242,42.5,1,0,DGP 2 + Control
243,3.75,1,0,DGP 2 + Control
244,-3.125,1,0,DGP 2 + Control
245,52.5,1,0,DGP 2 + Control
246,32.5,1,0,DGP 2 + Control
247,62.5,1,0,DGP 2 + Control
248,37.5,1,0,DGP 2 + Control
249,31.25,1,0,DGP 2 + Control
250,26.25,1,0,DGP 2 + Control
251,-32.5,1,0,DGP 2 + Control
252,89.375,1,0,DGP 2 + Control
253,8.125,1,0,DGP 2 + Control
254,75,1,0,DGP 2 + Control
255,30.625,1,0,DGP 2 + Control
256,-16.25,1,0,DGP 2 + Control
257,13.125,1,0,DGP 2 + Control
258,-21.25,1,0,DGP 2 + Control
259,-6.875,1,0,DGP 2 + Control
260,43.125,1,0,DGP 2 + Control
261,8.125,1,0,DGP 2 + Control
262,7.5,1,0,DGP 2 + Control
263,-11.875,1,0,DGP 2 + Control
264,-5.625,1,0,DGP 2 + Control
265,22.5,1,0,DGP 2 + Control
266,132.5,1,0,DGP 2 + Control
267,-21.25,1,0,DGP 2 + Control
268,11.875,1,0,DGP 2 + Control
269,-48.125,1,0,DGP 2 + Control
270,-3.75,1,0,DGP 2 + Control
271,46.25,1,0,DGP 2 + Control
272,-58.75,1,0,DGP 2 + Control
273,-4.375,1,0,DGP 2 + Control
274,93.75,1,0,DGP 2 + Control
275,23.75,1,0,DGP 2 + Control
276,52.5,1,0,DGP 2 + Control
277,-28.75,1,0,DGP 2 + Control
278,-34.375,1,0,DGP 2 + Control
279,-37.5,1,0,DGP 2 + Control
280,14.375,1,0,DGP 2 + Control
281,10,1,0,DGP 2 + Control
282,10,1,0,DGP 2 + Control
283,-65.625,1,0,DGP 2 + Control
284,10,1,0,DGP 2 + Control
285,-10.625,1,0,DGP 2 + Control
286,-31.25,1,0,DGP 2 + Control
287,-23.75,1,0,DGP 2 + Control
288,-12.5,1,0,DGP 2 + Control
289,2.5,1,0,DGP 2 + Control
290,53.125,1,0,DGP 2 + Control
291,12.5,1,0,DGP 2 + Control
292,33.75,1,0,DGP 2 + Control
293,26.875,1,0,DGP 2 + Control
294,40.625,1,0,DGP 2 + Control
295,-55.625,1,0,DGP 2 + Control
296,67.5,1,0,DGP 2 + Control
297,-22.5,1,0,DGP 2 + Control
298,-23.75,1,0,DGP 2 + Control
299,-18.75,1,0,DGP 2 + Control
300,0.625,1,0,DGP 2 + Control
301,-25,1,0,DGP 2 + Control
302,10.625,1,0,DGP 2 + Control
303,-20,1,0,DGP 2 + Control
304,61.25,1,0,DGP 2 + Control
305,13.125,1,0,DGP 2 + Control
306,66.25,1,0,DGP 2 + Control
307,5.625,1,0,DGP 2 + Control
308,-15,1,0,DGP 2 + Control
309,18.75,1,0,DGP 2 + Control
310,-10.625,1,0,DGP 2 + Control
311,66.25,1,0,DGP 2 + Control
312,-1.25,1,0,DGP 2 + Control
313,15.625,1,0,DGP 2 + Control
314,-10,1,0,DGP 2 + Control
315,25.625,1,0,DGP 2 + Control
316,34.375,1,0,DGP 2 + Control
317,124.375,1,0,DGP 2 + Control
318,-18.125,1,0,DGP 2 + Control
319,5.625,1,0,DGP 2 + Control
320,-0.625,1,0,DGP 2 + Control
321,40.625,1,0,DGP 2 + Control
322,75,1,0,DGP 2 + Control
323,37.5,1,0,DGP 2 + Control
324,32.5,1,0,DGP 2 + Control
325,-23.125,1,0,DGP 2 + Control
326,-27.5,1,0,DGP 2 + Control
327,28.75,1,0,DGP 2 + Control
328,-1.875,1,0,DGP 2 + Control
329,31.25,1,0,DGP 2 + Control
330,-11.875,1,0,DGP 2 + Control
331,7.5,1,0,DGP 2 + Control
332,8.125,1,0,DGP 2 + Control
333,-10,1,0,DGP 2 + Control
334,5.625,1,0,DGP 2 + Control
335,66.25,1,0,DGP 2 + Control
336,53.125,1,0,DGP 2 + Control
337,31.25,1,0,DGP 2 + Control
338,5.625,1,0,DGP 2 + Control
339,-42.5,1,0,DGP 2 + Control
340,-41.25,1,0,DGP 2 + Control
341,21.25,1,0,DGP 2 + Control
342,-1.875,1,0,DGP 2 + Control
343,38.125,1,0,DGP 2 + Control
344,82.5,1,0,DGP 2 + Control
345,15,1,0,DGP 2 + Control
346,36.875,1,0,DGP 2 + Control
347,-9.375,1,0,DGP 2 + Control
348,28.75,1,0,DGP 2 + Control
349,-8.125,1,0,DGP 2 + Control
350,-31.25,1,0,DGP 2 + Control
351,10.625,1,0,DGP 2 + Control
352,-13.125,1,0,DGP 2 + Control
353,28.125,1,0,DGP 2 + Control
354,-16.25,1,0,DGP 2 + Control
355,34.375,1,0,DGP 2 + Control
356,7.5,1,0,DGP 2 + Control
357,-20,1,0,DGP 2 + Control
358,-16.875,1,0,DGP 2 + Control
359,5.625,1,0,DGP 2 + Control
360,-18.75,1,0,DGP 2 + Control
361,5,1,0,DGP 2 + Control
362,-18.75,1,0,DGP 2 + Control
363,18.125,1,0,DGP 2 + Control
364,39.375,1,0,DGP 2 + Control
365,20,1,0,DGP 2 + Control
366,-34.375,1,0,DGP 2 + Control
367,-3.75,1,0,DGP 2 + Control
368,120,1,0,DGP 2 + Control
369,5,1,0,DGP 2 + Control
370,17.5,1,0,DGP 2 + Control
371,29.375,1,0,DGP 2 + Control
372,-63.125,1,0,DGP 2 + Control
373,4.375,1,0,DGP 2 + Control
374,33.125,1,0,DGP 2 + Control
375,-36.25,1,0,DGP 2 + Control
376,76.25,1,0,DGP 2 + Control
377,3.75,1,0,DGP 2 + Control
378,33.75,1,0,DGP 2 + Control
379,112.5,1,0,DGP 2 + Control
380,-30,1,0,DGP 2 + Control
381,3.125,1,0,DGP 2 + Control
382,35.625,1,0,DGP 2 + Control
383,1.25,1,0,DGP 2 + Control
384,18.75,1,0,DGP 2 + Control
385,-2.5,1,0,DGP 2 + Control
386,-2.5,1,0,DGP 2 + Control
387,-5.625,1,0,DGP 2 + Control
388,-5.625,1,0,DGP 2 + Control
389,25,1,0,DGP 2 + Control
390,30.625,1,0,DGP 2 + Control
391,-3.75,1,0,DGP 2 + Control
392,34.375,1,0,DGP 2 + Control
393,36.25,1,0,DGP 2 + Control
394,-19.375,1,0,DGP 2 + Control
395,25.625,1,0,DGP 2 + Control
396,-4.375,1,0,DGP 2 + Control
397,41.25,1,0,DGP 2 + Control
398,-5.625,1,0,DGP 2 + Control
399,45,1,0,DGP 2 + Control
400,-68.125,1,0,DGP 2 + Control
401,116.875,1,0,DGP 2 + Control
402,20.625,1,0,DGP 2 + Control
403,66.25,1,0,DGP 2 + Control
404,3.125,1,0,DGP 2 + Control
405,37.5,1,0,DGP 2 + Control
406,-10,1,0,DGP 2 + Control
407,-36.875,1,0,DGP 2 + Control
408,26.875,1,0,DGP 2 + Control
409,-8.125,1,0,DGP 2 + Control
410,-8.125,1,0,DGP 2 + Control
411,8.75,1,0,DGP 2 + Control
412,14.375,1,0,DGP 2 + Control
413,38.125,1,0,DGP 2 + Control
414,-30.625,1,0,DGP 2 + Control
415,-5.625,1,0,DGP 2 + Control
416,26.875,1,0,DGP 2 + Control
417,25.625,1,0,DGP 2 + Control
418,-22.5,1,0,DGP 2 + Control
419,-6.875,1,0,DGP 2 + Control
420,-20.625,1,0,DGP 2 + Control
421,29.375,1,0,DGP 2 + Control
422,14.375,1,0,DGP 2 + Control
423,-36.875,1,0,DGP 2 + Control
424,-25,1,0,DGP 2 + Control
425,-27.5,1,0,DGP 2 + Control
426,-3.75,1,0,DGP 2 + Control
427,75,1,0,DGP 2 + Control
428,27.5,1,0,DGP 2 + Control
429,33.75,1,0,DGP 2 + Control
430,6.25,1,0,DGP 2 + Control
431,-17.5,1,0,DGP 2 + Control
432,-5,1,0,DGP 2 + Control
433,-54.375,1,0,DGP 2 + Control
434,20,1,0,DGP 2 + Control
435,11.875,1,0,DGP 2 + Control
436,1.25,1,0,DGP 2 + Control
437,85,1,0,DGP 2 + Control
438,18.75,1,0,DGP 2 + Control
439,11.25,1,0,DGP 2 + Control
440,38.125,1,0,DGP 2 + Control
441,-6.875,1,0,DGP 2 + Control
442,-11.875,1,0,DGP 2 + Control
443,53.75,1,0,DGP 2 + Control
444,20.625,1,0,DGP 2 + Control
445,12.5,1,0,DGP 2 + Control
446,26.875,1,0,DGP 2 + Control
447,-78.125,1,0,DGP 2 + Control
448,-20.625,1,0,DGP 2 + Control
449,-8.75,1,0,DGP 2 + Control
450,23.125,1,0,DGP 2 + Control
451,-30.625,1,0,DGP 2 + Control
452,6.875,1,0,DGP 2 + Control
453,91.875,1,0,DGP 2 + Control
454,-14.375,1,0,DGP 2 + Control
455,40,1,0,DGP 2 + Control
456,13.75,1,0,DGP 2 + Control
457,-71.25,1,0,DGP 2 + Control
458,12.5,1,0,DGP 2 + Control
459,-14.375,1,0,DGP 2 + Control
460,-0.625,1,0,DGP 2 + Control
461,0.625,1,0,DGP 2 + Control
462,23.75,1,0,DGP 2 + Control
463,98.75,1,0,DGP 2 + Control
464,-10,1,0,DGP 2 + Control
465,39.375,1,0,DGP 2 + Control
466,-37.5,1,0,DGP 2 + Control
467,-36.875,1,0,DGP 2 + Control
468,-36.875,1,0,DGP 2 + Control
469,18.75,1,0,DGP 2 + Control
470,-0.625,1,0,DGP 2 + Control
471,76.25,1,0,DGP 2 + Control
472,15,1,0,DGP 2 + Control
473,-53.125,1,0,DGP 2 + Control
474,24.375,1,0,DGP 2 + Control
475,30,1,0,DGP 2 + Control
476,-21.875,1,0,DGP 2 + Control
477,19.375,1,0,DGP 2 + Control
478,-16.25,1,0,DGP 2 + Control
479,73.125,1,0,DGP 2 + Control
480,45.625,1,0,DGP 2 + Control
481,-75,1,0,DGP 2 + Control
482,-1.25,1,0,DGP 2 + Control
483,10.625,1,0,DGP 2 + Control
484,31.25,1,0,DGP 2 + Control
485,36.25,1,0,DGP 2 + Control
486,-2.5,1,0,DGP 2 + Control
487,25,1,0,DGP 2 + Control
488,-9.375,1,0,DGP 2 + Control
489,25.625,1,0,DGP 2 + Control
490,26.875,1,0,DGP 2 + Control
491,1.25,1,0,DGP 2 + Control
492,31.875,1,0,DGP 2 + Control
493,-4.375,1,0,DGP 2 + Control
494,-11.875,1,0,DGP 2 + Control
495,-56.25,1,0,DGP 2 + Control
496,44.375,1,0,DGP 2 + Control
497,23.75,1,0,DGP 2 + Control
498,48.75,1,0,DGP 2 + Control
499,31.875,1,0,DGP 2 + Control
500,2.5,1,0,DGP 2 + Control
501,-35.625,1,0,DGP 2 + Control
502,-26.875,1,0,DGP 2 + Control
503,0,1,0,DGP 2 + Control
504,34.375,1,0,DGP 2 + Control
505,-6.875,1,0,DGP 2 + Control
506,-8.125,1,0,DGP 2 + Control
507,-4.375,1,0,DGP 2 + Control
508,53.75,1,0,DGP 2 + Control
509,47.5,1,0,DGP 2 + Control
510,-15,1,0,DGP 2 + Control
511,6.25,1,0,DGP 2 + Control
512,80,1,0,DGP 2 + Control
513,10.625,1,0,DGP 2 + Control
514,8.75,1,0,DGP 2 + Control
515,65,1,0,DGP 2 + Control
516,-1.25,1,0,DGP 2 + Control
517,1.875,1,0,DGP 2 + Control
518,-30,1,0,DGP 2 + Control
519,70,1,0,DGP 2 + Control
520,10,1,0,DGP 2 + Control
521,38.75,1,0,DGP 2 + Control
522,16.25,1,0,DGP 2 + Control
523,46.875,1,0,DGP 2 + Control
524,-12.5,1,0,DGP 2 + Control
525,14.375,1,0,DGP 2 + Control
526,130.625,1,0,DGP 2 + Control
527,-13.75,1,0,DGP 2 + Control
528,-21.25,1,0,DGP 2 + Control
529,-10.625,1,0,DGP 2 + Control
530,-20.625,1,0,DGP 2 + Control
531,-10.625,1,0,DGP 2 + Control
532,-37.5,1,0,DGP 2 + Control
533,0,1,0,DGP 2 + Control
534,1.25,1,0,DGP 2 + Control
535,-23.75,1,0,DGP 2 + Control
536,100,1,0,DGP 2 + Control
537,14.375,1,0,DGP 2 + Control
538,-33.125,1,0,DGP 2 + Control
539,115,1,0,DGP 2 + Control
540,-0.625,1,0,DGP 2 + Control
541,-1.875,1,0,DGP 2 + Control
542,47.5,1,0,DGP 2 + Control
543,2.5,1,0,DGP 2 + Control
544,-15,1,0,DGP 2 + Control
545,25.625,1,0,DGP 2 + Control
546,16.875,1,0,DGP 2 + Control
547,25,1,0,DGP 2 + Control
548,-25.625,1,0,DGP 2 + Control
549,11.875,1,0,DGP 2 + Control
550,-51.875,1,0,DGP 2 + Control
551,-41.25,1,0,DGP 2 + Control
552,14.375,1,0,DGP 2 + Control
553,-51.875,1,0,DGP 2 + Control
554,2.5,1,0,DGP 2 + Control
555,-13.75,1,0,DGP 2 + Control
556,6.25,1,0,DGP 2 + Control
557,-13.75,1,0,DGP 2 + Control
558,-33.125,1,0,DGP 2 + Control
559,-40.625,1,0,DGP 2 + Control
560,-18.75,1,0,DGP 2 + Control
561,-42.5,1,0,DGP 2 + Control
562,22.5,1,0,DGP 2 + Control
563,28.125,1,0,DGP 2 + Control
564,-2.5,1,0,DGP 2 + Control
565,-28.75,1,0,DGP 2 + Control
566,-32.5,1,0,DGP 2 + Control
567,-5,1,0,DGP 2 + Control
568,9.375,1,0,DGP 2 + Control
569,128.75,1,0,DGP 2 + Control
570,59.375,1,0,DGP 2 + Control
571,36.875,1,0,DGP 2 + Control
572,61.25,1,0,DGP 2 + Control
573,43.75,1,0,DGP 2 + Control
574,3.125,1,0,DGP 2 + Control
575,21.25,1,0,DGP 2 + Control
576,20.625,1,0,DGP 2 + Control
577,76.25,1,0,DGP 2 + Control
578,25.625,1,0,DGP 2 + Control
579,-54.375,1,0,DGP 2 + Control
580,7.5,1,0,DGP 2 + Control
581,-43.125,1,0,DGP 2 + Control
582,-3.75,1,0,DGP 2 + Control
583,18.125,1,0,DGP 2 + Control
584,-55,1,0,DGP 2 + Control
585,-15,1,0,DGP 2 + Control
586,3.75,1,0,DGP 2 + Control
587,-17.5,1,0,DGP 2 + Control
588,-8.75,1,0,DGP 2 + Control
589,21.875,1,0,DGP 2 + Control
590,-7.5,1,0,DGP 2 + Control
591,-18.75,1,0,DGP 2 + Control
592,123.75,1,0,DGP 2 + Control
593,10.625,1,0,DGP 2 + Control
594,-35,1,0,DGP 2 + Control
595,2.5,1,0,DGP 2 + Control
596,18.75,1,0,DGP 2 + Control
597,-8.75,1,0,DGP 2 + Control
598,-74.375,1,0,DGP 2 + Control
599,-17.5,1,0,DGP 2 + Control
600,-23.75,1,0,DGP 2 + Control
601,-3.75,1,0,DGP 2 + Control
602,-42.5,1,0,DGP 2 + Control
603,-10,1,0,DGP 2 + Control
604,-56.875,1,0,DGP 2 + Control
605,-22.5,1,0,DGP 2 + Control
606,20,1,0,DGP 2 + Control
607,-5,1,0,DGP 2 + Control
608,21.25,1,0,DGP 2 + Control
609,-13.125,1,0,DGP 2 + Control
610,-40.625,1,0,DGP 2 + Control
611,33.75,1,0,DGP 2 + Control
612,-11.25,1,0,DGP 2 + Control
613,30,1,0,DGP 2 + Control
614,20.625,1,0,DGP 2 + Control
615,22.5,1,0,DGP 2 + Control
616,33.125,1,0,DGP 2 + Control
617,42.5,1,0,DGP 2 + Control
618,-22.5,1,0,DGP 2 + Control
619,13.75,1,0,DGP 2 + Control
620,-18.125,1,0,DGP 2 + Control
621,7.5,1,0,DGP 2 + Control
622,-19.375,1,0,DGP 2 + Control
623,-8.75,1,0,DGP 2 + Control
624,11.25,1,0,DGP 2 + Control
625,19.375,1,0,DGP 2 + Control
626,35,1,0,DGP 2 + Control
627,-16.875,1,0,DGP 2 + Control
628,-23.125,1,0,DGP 2 + Control
629,84.375,1,0,DGP 2 + Control
630,-80.625,1,0,DGP 2 + Control
631,13.75,1,0,DGP 2 + Control
632,-3.125,1,0,DGP 2 + Control
633,5.625,1,0,DGP 2 + Control
634,116.875,1,0,DGP 2 + Control
635,30,1,0,DGP 2 + Control
636,-45.625,1,0,DGP 2 + Control
637,-1.25,1,0,DGP 2 + Control
638,3.125,1,0,DGP 2 + Control
639,-18.75,1,0,DGP 2 + Control
640,121.875,1,0,DGP 2 + Control
641,27.5,1,0,DGP 2 + Control
642,-9.375,1,0,DGP 2 + Control
643,7.5,1,0,DGP 2 + Control
644,0,1,0,DGP 2 + Control
645,-28.75,1,0,DGP 2 + Control
646,-5,1,0,DGP 2 + Control
647,-14.375,1,0,DGP 2 + Control
648,97.5,1,0,DGP 2 + Control
649,-14.375,1,0,DGP 2 + Control
650,22.5,1,0,DGP 2 + Control
651,-6.875,1,0,DGP 2 + Control
652,-43.75,1,0,DGP 2 + Control
653,-28.75,1,0,DGP 2 + Control
654,62.5,1,0,DGP 2 + Control
655,9.375,1,0,DGP 2 + Control
656,3.75,1,0,DGP 2 + Control
657,45.625,1,0,DGP 2 + Control
658,20.625,1,0,DGP 2 + Control
659,123.75,1,0,DGP 2 + Control
660,33.125,1,0,DGP 2 + Control
661,-60,1,0,DGP 2 + Control
662,81.25,1,0,DGP 2 + Control
663,21.25,1,0,DGP 2 + Control
664,-77.5,1,0,DGP 2 + Control
665,-10,1,0,DGP 2 + Control
666,-20,1,0,DGP 2 + Control
667,30,1,0,DGP 2 + Control
668,19.375,1,0,DGP 2 + Control
669,41.875,1,0,DGP 2 + Control
670,-0.625,1,0,DGP 2 + Control
671,-75.625,1,0,DGP 2 + Control
672,95,1,0,DGP 2 + Control
673,-33.75,1,0,DGP 2 + Control
674,-4.375,1,0,DGP 2 + Control
675,-36.875,1,0,DGP 2 + Control
676,-1.25,1,0,DGP 2 + Control
677,-6.875,1,0,DGP 2 + Control
678,-60,1,0,DGP 2 + Control
679,53.125,1,0,DGP 2 + Control
680,-11.875,1,0,DGP 2 + Control
681,33.125,1,0,DGP 2 + Control
682,-25,1,0,DGP 2 + Control
683,48.75,1,0,DGP 2 + Control
684,-17.5,1,0,DGP 2 + Control
685,3.75,1,0,DGP 2 + Control
686,30.625,1,0,DGP 2 + Control
687,19.375,1,0,DGP 2 + Control
688,-17.5,1,0,DGP 2 + Control
689,35.625,1,0,DGP 2 + Control
690,-19.375,1,0,DGP 2 + Control
691,-33.75,1,0,DGP 2 + Control
692,56.875,1,0,DGP 2 + Control
693,-46.875,1,0,DGP 2 + Control
694,-10,1,0,DGP 2 + Control
695,17.5,1,0,DGP 2 + Control
696,15,1,0,DGP 2 + Control
697,11.25,1,0,DGP 2 + Control
698,19.375,1,0,DGP 2 + Control
699,-39.375,1,0,DGP 2 + Control
700,20.625,1,0,DGP 2 + Control
701,-0.625,1,0,DGP 2 + Control
702,-1.875,1,0,DGP 2 + Control
703,-10,1,0,DGP 2 + Control
704,44.375,1,0,DGP 2 + Control
705,-8.75,1,0,DGP 2 + Control
706,29.375,1,0,DGP 2 + Control
707,-13.75,1,0,DGP 2 + Control
708,40,1,0,DGP 2 + Control
709,49.375,1,0,DGP 2 + Control
710,14.375,1,0,DGP 2 + Control
711,23.75,1,0,DGP 2 + Control
712,-62.5,1,0,DGP 2 + Control
713,-28.75,1,0,DGP 2 + Control
714,9.375,1,0,DGP 2 + Control
715,22.5,1,0,DGP 2 + Control
716,-45,1,0,DGP 2 + Control
717,-74.375,1,0,DGP 2 + Control
718,-41.875,1,0,DGP 2 + Control
719,35.625,1,0,DGP 2 + Control
720,-10.625,1,0,DGP 2 + Control
721,-4.375,1,0,DGP 2 + Control
722,26.875,1,0,DGP 2 + Control
723,-39.375,1,0,DGP 2 + Control
724,0,1,0,DGP 2 + Control
725,-15.625,1,0,DGP 2 + Control
726,39.375,1,0,DGP 2 + Control
727,-27.5,1,0,DGP 2 + Control
728,-8.125,1,0,DGP 2 + Control
729,15,1,0,DGP 2 + Control
730,-8.125,1,0,DGP 2 + Control
731,-20,1,0,DGP 2 + Control
732,36.25,1,0,DGP 2 + Control
733,-10,1,0,DGP 2 + Control
734,-25,1,0,DGP 2 + Control
735,1.875,1,0,DGP 2 + Control
736,18.125,1,0,DGP 2 + Control
737,-10.625,1,0,DGP 2 + Control
738,87.5,1,0,DGP 2 + Control
739,-14.375,1,0,DGP 2 + Control
740,18.125,1,0,DGP 2 + Control
741,82.5,1,0,DGP 2 + Control
742,26.875,1,0,DGP 2 + Control
743,-61.875,1,0,DGP 2 + Control
744,-28.125,1,0,DGP 2 + Control
745,-21.25,1,0,DGP 2 + Control
746,-28.75,1,0,DGP 2 + Control
747,-4.375,1,0,DGP 2 + Control
748,25.625,1,0,DGP 2 + Control
749,-27.5,1,0,DGP 2 + Control
750,-1.25,1,0,DGP 2 + Control
751,25,1,0,DGP 2 + Control
752,-6.25,1,0,DGP 2 + Control
753,9.375,1,0,DGP 2 + Control
754,-75,1,0,DGP 2 + Control
755,21.25,1,0,DGP 2 + Control
756,130,1,0,DGP 2 + Control
757,-3.125,1,0,DGP 2 + Control
758,-21.25,1,0,DGP 2 + Control
759,-28.75,1,0,DGP 2 + Control
760,-1.875,1,0,DGP 2 + Control
761,-29.375,1,0,DGP 2 + Control
762,-10,1,0,DGP 2 + Control
763,-12.5,1,0,DGP 2 + Control
764,68.75,1,0,DGP 2 + Control
765,46.875,1,0,DGP 2 + Control
766,-6.875,1,0,DGP 2 + Control
767,12.5,1,0,DGP 2 + Control
768,13.75,1,0,DGP 2 + Control
769,3.125,1,0,DGP 2 + Control
770,15,1,0,DGP 2 + Control
771,61.25,1,0,DGP 2 + Control
772,21.875,1,0,DGP 2 + Control
773,51.25,1,0,DGP 2 + Control
774,-21.875,1,0,DGP 2 + Control
775,-16.25,1,0,DGP 2 + Control
776,-11.25,1,0,DGP 2 + Control
777,8.75,1,0,DGP 2 + Control
778,8.125,1,0,DGP 2 + Control
779,-45,1,0,DGP 2 + Control
780,66.875,1,0,DGP 2 + Control
781,-12.5,1,0,DGP 2 + Control
782,15.625,1,0,DGP 2 + Control
783,39.375,1,0,DGP 2 + Control
784,-7.5,1,0,DGP 2 + Control
785,1.875,1,0,DGP 2 + Control
786,13.125,1,0,DGP 2 + Control
787,-24.375,1,0,DGP 2 + Control
788,-23.125,1,0,DGP 2 + Control
789,3.75,1,0,DGP 2 + Control
790,15,1,0,DGP 2 + Control
791,21.25,1,0,DGP 2 + Control
792,-5.625,1,0,DGP 2 + Control
793,47.5,1,0,DGP 2 + Control
794,49.375,1,0,DGP 2 + Control
795,-2.5,1,0,DGP 2 + Control
796,-11.875,1,0,DGP 2 + Control
797,37.5,1,0,DGP 2 + Control
798,5,1,0,DGP 2 + Control
799,-18.125,1,0,DGP 2 + Control
800,-62.5,1,0,DGP 2 + Control
801,91.875,1,0,DGP 2 + Control
802,-40.625,1,0,DGP 2 + Control
803,50,1,0,DGP 2 + Control
804,-0.625,1,0,DGP 2 + Control
805,1.25,1,0,DGP 2 + Control
806,17.5,1,0,DGP 2 + Control
807,-17.5,1,0,DGP 2 + Control
808,-43.125,1,0,DGP 2 + Control
809,-12.5,1,0,DGP 2 + Control
810,23.125,1,0,DGP 2 + Control
811,-1.875,1,0,DGP 2 + Control
812,33.75,1,0,DGP 2 + Control
813,31.875,1,0,DGP 2 + Control
814,70,1,0,DGP 2 + Control
815,-13.125,1,0,DGP 2 + Control
816,38.75,1,0,DGP 2 + Control
817,-10,1,0,DGP 2 + Control
818,-28.75,1,0,DGP 2 + Control
819,51.25,1,0,DGP 2 + Control
820,129.375,1,0,DGP 2 + Control
821,21.875,1,0,DGP 2 + Control
822,-11.25,1,0,DGP 2 + Control
823,-33.125,1,0,DGP 2 + Control
824,60.625,1,0,DGP 2 + Control
825,10,1,0,DGP 2 + Control
826,-5.625,1,0,DGP 2 + Control
827,-2.5,1,0,DGP 2 + Control
828,-5,1,0,DGP 2 + Control
829,-19.375,1,0,DGP 2 + Control
830,13.125,1,0,DGP 2 + Control
831,15.625,1,0,DGP 2 + Control
832,1.875,1,0,DGP 2 + Control
833,2.5,1,0,DGP 2 + Control
834,40,1,0,DGP 2 + Control
835,72.5,1,0,DGP 2 + Control
836,15.625,1,0,DGP 2 + Control
837,96.875,1,0,DGP 2 + Control
838,-33.125,1,0,DGP 2 + Control
839,53.125,1,0,DGP 2 + Control
840,110.625,1,0,DGP 2 + Control
841,-23.75,1,0,DGP 2 + Control
842,-20.625,1,0,DGP 2 + Control
843,-11.875,1,0,DGP 2 + Control
844,25,1,0,DGP 2 + Control
845,29.375,1,0,DGP 2 + Control
846,59.375,1,0,DGP 2 + Control
847,-56.25,1,0,DGP 2 + Control
848,6.25,1,0,DGP 2 + Control
849,33.75,1,0,DGP 2 + Control
850,77.5,1,0,DGP 2 + Control
851,85,1,0,DGP 2 + Control
852,133.75,1,0,DGP 2 + Control
853,-26.25,1,0,DGP 2 + Control
854,5.625,1,0,DGP 2 + Control
855,6.25,1,0,DGP 2 + Control
856,18.75,1,0,DGP 2 + Control
857,70,1,0,DGP 2 + Control
858,-6.875,1,0,DGP 2 + Control
859,16.875,1,0,DGP 2 + Control
860,28.125,1,0,DGP 2 + Control
861,-30.625,1,0,DGP 2 + Control
862,15,1,0,DGP 2 + Control
863,-5,1,0,DGP 2 + Control
864,128.75,1,0,DGP 2 + Control
865,-13.125,1,0,DGP 2 + Control
866,21.25,1,0,DGP 2 + Control
867,-67.5,1,0,DGP 2 + Control
868,12.5,1,0,DGP 2 + Control
869,-20.625,1,0,DGP 2 + Control
870,5.625,1,0,DGP 2 + Control
871,13.75,1,0,DGP 2 + Control
872,45.625,1,0,DGP 2 + Control
873,-26.875,1,0,DGP 2 + Control
874,1.875,1,0,DGP 2 + Control
875,7.5,1,0,DGP 2 + Control
876,9.375,1,0,DGP 2 + Control
877,11.875,1,0,DGP 2 + Control
878,-68.125,1,0,DGP 2 + Control
879,-1.25,1,0,DGP 2 + Control
880,-22.5,1,0,DGP 2 + Control
881,-26.25,1,0,DGP 2 + Control
882,-24.375,1,0,DGP 2 + Control
883,-51.875,1,0,DGP 2 + Control
884,-32.5,1,0,DGP 2 + Control
885,-18.75,1,0,DGP 2 + Control
886,15.625,1,0,DGP 2 + Control
887,22.5,1,0,DGP 2 + Control
888,16.875,1,0,DGP 2 + Control
889,-21.25,1,0,DGP 2 + Control
890,30,1,0,DGP 2 + Control
891,20,1,0,DGP 2 + Control
892,-31.25,1,0,DGP 2 + Control
893,1.875,1,0,DGP 2 + Control
894,92.5,1,0,DGP 2 + Control
895,-55,1,0,DGP 2 + Control
896,17.5,1,0,DGP 2 + Control
897,77.5,1,0,DGP 2 + Control
898,15.625,1,0,DGP 2 + Control
899,2.5,1,0,DGP 2 + Control
900,41.875,1,0,DGP 2 + Control
901,-17.5,1,0,DGP 2 + Control
902,5.625,1,0,DGP 2 + Control
903,56.25,1,0,DGP 2 + Control
904,-8.75,1,0,DGP 2 + Control
905,-60,1,0,DGP 2 + Control
906,-3.75,1,0,DGP 2 + Control
907,-30,1,0,DGP 2 + Control
908,6.25,1,0,DGP 2 + Control
909,45,1,0,DGP 2 + Control
910,-8.75,1,0,DGP 2 + Control
911,-93.125,1,0,DGP 2 + Control
912,15,1,0,DGP 2 + Control
913,33.125,1,0,DGP 2 + Control
914,21.25,1,0,DGP 2 + Control
915,-5.625,1,0,DGP 2 + Control
916,15,1,0,DGP 2 + Control
917,-79.375,1,0,DGP 2 + Control
918,-28.125,1,0,DGP 2 + Control
919,-66.25,1,0,DGP 2 + Control
920,-75.625,1,0,DGP 2 + Control
921,64.375,1,0,DGP 2 + Control
922,19.375,1,0,DGP 2 + Control
923,-18.75,1,0,DGP 2 + Control
924,25,1,0,DGP 2 + Control
925,-6.25,1,0,DGP 2 + Control
926,21.875,1,0,DGP 2 + Control
927,-25,1,0,DGP 2 + Control
928,-55.625,1,0,DGP 2 + Control
929,-6.25,1,0,DGP 2 + Control
930,10.625,1,0,DGP 2 + Control
931,10.625,1,0,DGP 2 + Control
932,4.375,1,0,DGP 2 + Control
933,-6.25,1,0,DGP 2 + Control
934,-67.5,1,0,DGP 2 + Control
935,15.625,1,0,DGP 2 + Control
936,34.375,1,0,DGP 2 + Control
937,-1.25,1,0,DGP 2 + Control
938,-25,1,0,DGP 2 + Control
939,0.625,1,0,DGP 2 + Control
940,-22.5,1,0,DGP 2 + Control
941,70.625,1,0,DGP 2 + Control
942,-4.375,1,0,DGP 2 + Control
943,35.625,1,0,DGP 2 + Control
944,37.5,1,0,DGP 2 + Control
945,33.75,1,0,DGP 2 + Control
946,-15,1,0,DGP 2 + Control
947,-20.625,1,0,DGP 2 + Control
948,80.625,1,0,DGP 2 + Control
949,-21.25,1,0,DGP 2 + Control
950,-20,1,0,DGP 2 + Control
951,-81.25,1,0,DGP 2 + Control
952,13.75,1,0,DGP 2 + Control
953,21.25,1,0,DGP 2 + Control
954,-15.625,1,0,DGP 2 + Control
955,25,1,0,DGP 2 + Control
956,-4.375,1,0,DGP 2 + Control
957,6.875,1,0,DGP 2 + Control
958,46.875,1,0,DGP 2 + Control
959,1.875,1,0,DGP 2 + Control
960,-4.375,1,0,DGP 2 + Control
961,-53.75,1,0,DGP 2 + Control
962,-42.5,1,0,DGP 2 + Control
963,-5,1,0,DGP 2 + Control
964,-48.125,1,0,DGP 2 + Control
965,17.5,1,0,DGP 2 + Control
966,2.5,1,0,DGP 2 + Control
967,15.625,1,0,DGP 2 + Control
968,35,1,0,DGP 2 + Control
969,-21.875,1,0,DGP 2 + Control
970,-20,1,0,DGP 2 + Control
971,61.875,1,0,DGP 2 + Control
972,23.125,1,0,DGP 2 + Control
973,-19.375,1,0,DGP 2 + Control
974,-20,1,0,DGP 2 + Control
975,-27.5,1,0,DGP 2 + Control
976,-18.125,1,0,DGP 2 + Control
977,52.5,1,0,DGP 2 + Control
978,-15.625,1,0,DGP 2 + Control
979,-2.5,1,0,DGP 2 + Control
980,-15.625,1,0,DGP 2 + Control
981,-7.5,1,0,DGP 2 + Control
982,-18.75,1,0,DGP 2 + Control
983,-11.875,1,0,DGP 2 + Control
984,80,1,0,DGP 2 + Control
985,11.875,1,0,DGP 2 + Control
986,-38.75,1,0,DGP 2 + Control
987,-60,1,0,DGP 2 + Control
988,51.25,1,0,DGP 2 + Control
989,3.125,1,0,DGP 2 + Control
990,54.375,1,0,DGP 2 + Control
991,-1.875,1,0,DGP 2 + Control
992,-44.375,1,0,DGP 2 + Control
993,-26.875,1,0,DGP 2 + Control
994,-31.875,1,0,DGP 2 + Control
995,-25,1,0,DGP 2 + Control
996,127.5,1,0,DGP 2 + Control
997,0.625,1,0,DGP 2 + Control
998,-3.125,1,0,DGP 2 + Control
999,18.75,1,0,DGP 2 + Control
0,102.5,1,1,DGP 2 + Treatment
1,-1.875,1,1,DGP 2 + Treatment
2,45,1,1,DGP 2 + Treatment
3,111.25,1,1,DGP 2 + Treatment
4,15.625,1,1,DGP 2 + Treatment
5,-30,1,1,DGP 2 + Treatment
6,33.75,1,1,DGP 2 + Treatment
7,89.375,1,1,DGP 2 + Treatment
8,-8.75,1,1,DGP 2 + Treatment
9,33.125,1,1,DGP 2 + Treatment
10,81.25,1,1,DGP 2 + Treatment
11,42.5,1,1,DGP 2 + Treatment
12,72.5,1,1,DGP 2 + Treatment
13,31.875,1,1,DGP 2 + Treatment
14,-12.5,1,1,DGP 2 + Treatment
15,-0.625,1,1,DGP 2 + Treatment
16,43.125,1,1,DGP 2 + Treatment
17,21.25,1,1,DGP 2 + Treatment
18,-35.625,1,1,DGP 2 + Treatment
19,22.5,1,1,DGP 2 + Treatment
20,-13.75,1,1,DGP 2 + Treatment
21,-24.375,1,1,DGP 2 + Treatment
22,-32.5,1,1,DGP 2 + Treatment
23,3.75,1,1,DGP 2 + Treatment
24,-3.125,1,1,DGP 2 + Treatment
25,28.125,1,1,DGP 2 + Treatment
26,-5,1,1,DGP 2 + Treatment
27,-20.625,1,1,DGP 2 + Treatment
28,43.75,1,1,DGP 2 + Treatment
29,52.5,1,1,DGP 2 + Treatment
30,-1.875,1,1,DGP 2 + Treatment
31,-17.5,1,1,DGP 2 + Treatment
32,-10.625,1,1,DGP 2 + Treatment
33,23.125,1,1,DGP 2 + Treatment
34,5,1,1,DGP 2 + Treatment
35,83.125,1,1,DGP 2 + Treatment
36,27.5,1,1,DGP 2 + Treatment
37,-27.5,1,1,DGP 2 + Treatment
38,103.125,1,1,DGP 2 + Treatment
39,54.375,1,1,DGP 2 + Treatment
40,-92.5,1,1,DGP 2 + Treatment
41,-28.75,1,1,DGP 2 + Treatment
42,18.75,1,1,DGP 2 + Treatment
43,11.875,1,1,DGP 2 + Treatment
44,8.75,1,1,DGP 2 + Treatment
45,-23.125,1,1,DGP 2 + Treatment
46,-7.5,1,1,DGP 2 + Treatment
47,-11.25,1,1,DGP 2 + Treatment
48,33.75,1,1,DGP 2 + Treatment
49,-3.75,1,1,DGP 2 + Treatment
50,51.875,1,1,DGP 2 + Treatment
51,-70.625,1,1,DGP 2 + Treatment
52,51.25,1,1,DGP 2 + Treatment
53,24.375,1,1,DGP 2 + Treatment
54,3.125,1,1,DGP 2 + Treatment
55,111.875,1,1,DGP 2 + Treatment
56,-21.25,1,1,DGP 2 + Treatment
57,-5,1,1,DGP 2 + Treatment
58,-12.5,1,1,DGP 2 + Treatment
59,0,1,1,DGP 2 + Treatment
60,-48.125,1,1,DGP 2 + Treatment
61,23.75,1,1,DGP 2 + Treatment
62,75.625,1,1,DGP 2 + Treatment
63,48.75,1,1,DGP 2 + Treatment
64,48.75,1,1,DGP 2 + Treatment
65,11.25,1,1,DGP 2 + Treatment
66,100,1,1,DGP 2 + Treatment
67,27.5,1,1,DGP 2 + Treatment
68,-9.375,1,1,DGP 2 + Treatment
69,61.875,1,1,DGP 2 + Treatment
70,-11.875,1,1,DGP 2 + Treatment
71,-15,1,1,DGP 2 + Treatment
72,0.625,1,1,DGP 2 + Treatment
73,3.75,1,1,DGP 2 + Treatment
74,15,1,1,DGP 2 + Treatment
75,21.25,1,1,DGP 2 + Treatment
76,-10,1,1,DGP 2 + Treatment
77,21.875,1,1,DGP 2 + Treatment
78,16.25,1,1,DGP 2 + Treatment
79,79.375,1,1,DGP 2 + Treatment
80,-7.5,1,1,DGP 2 + Treatment
81,29.375,1,1,DGP 2 + Treatment
82,-1.875,1,1,DGP 2 + Treatment
83,-48.125,1,1,DGP 2 + Treatment
84,59.375,1,1,DGP 2 + Treatment
85,-45.625,1,1,DGP 2 + Treatment
86,22.5,1,1,DGP 2 + Treatment
87,-58.75,1,1,DGP 2 + Treatment
88,-31.875,1,1,DGP 2 + Treatment
89,-11.25,1,1,DGP 2 + Treatment
90,43.75,1,1,DGP 2 + Treatment
91,38.125,1,1,DGP 2 + Treatment
92,41.875,1,1,DGP 2 + Treatment
93,-40.625,1,1,DGP 2 + Treatment
94,38.125,1,1,DGP 2 + Treatment
95,-58.75,1,1,DGP 2 + Treatment
96,66.25,1,1,DGP 2 + Treatment
97,51.25,1,1,DGP 2 + Treatment
98,-23.125,1,1,DGP 2 + Treatment
99,-34.375,1,1,DGP 2 + Treatment
100,-14.375,1,1,DGP 2 + Treatment
101,-77.5,1,1,DGP 2 + Treatment
102,5.625,1,1,DGP 2 + Treatment
103,9.375,1,1,DGP 2 + Treatment
104,-30.625,1,1,DGP 2 + Treatment
105,8.75,1,1,DGP 2 + Treatment
106,-41.25,1,1,DGP 2 + Treatment
107,-34.375,1,1,DGP 2 + Treatment
108,37.5,1,1,DGP 2 + Treatment
109,76.875,1,1,DGP 2 + Treatment
110,77.5,1,1,DGP 2 + Treatment
111,21.25,1,1,DGP 2 + Treatment
112,33.75,1,1,DGP 2 + Treatment
113,18.125,1,1,DGP 2 + Treatment
114,-6.875,1,1,DGP 2 + Treatment
115,29.375,1,1,DGP 2 + Treatment
116,30,1,1,DGP 2 + Treatment
117,32.5,1,1,DGP 2 + Treatment
118,0,1,1,DGP 2 + Treatment
119,85.625,1,1,DGP 2 + Treatment
120,-43.125,1,1,DGP 2 + Treatment
121,6.25,1,1,DGP 2 + Treatment
122,40,1,1,DGP 2 + Treatment
123,53.75,1,1,DGP 2 + Treatment
124,46.25,1,1,DGP 2 + Treatment
125,12.5,1,1,DGP 2 + Treatment
126,-13.75,1,1,DGP 2 + Treatment
127,32.5,1,1,DGP 2 + Treatment
128,-49.375,1,1,DGP 2 + Treatment
129,31.875,1,1,DGP 2 + Treatment
130,-14.375,1,1,DGP 2 + Treatment
131,-63.125,1,1,DGP 2 + Treatment
132,38.75,1,1,DGP 2 + Treatment
133,15,1,1,DGP 2 + Treatment
134,56.875,1,1,DGP 2 + Treatment
135,62.5,1,1,DGP 2 + Treatment
136,-48.75,1,1,DGP 2 + Treatment
137,33.125,1,1,DGP 2 + Treatment
138,26.25,1,1,DGP 2 + Treatment
139,13.125,1,1,DGP 2 + Treatment
140,0,1,1,DGP 2 + Treatment
141,11.875,1,1,DGP 2 + Treatment
142,44.375,1,1,DGP 2 + Treatment
143,41.25,1,1,DGP 2 + Treatment
144,28.125,1,1,DGP 2 + Treatment
145,8.75,1,1,DGP 2 + Treatment
146,31.25,1,1,DGP 2 + Treatment
147,54.375,1,1,DGP 2 + Treatment
148,-17.5,1,1,DGP 2 + Treatment
149,71.875,1,1,DGP 2 + Treatment
150,-43.125,1,1,DGP 2 + Treatment
151,-83.75,1,1,DGP 2 + Treatment
152,59.375,1,1,DGP 2 + Treatment
153,7.5,1,1,DGP 2 + Treatment
154,-35,1,1,DGP 2 + Treatment
155,-14.375,1,1,DGP 2 + Treatment
156,9.375,1,1,DGP 2 + Treatment
157,57.5,1,1,DGP 2 + Treatment
158,35,1,1,DGP 2 + Treatment
159,-5.625,1,1,DGP 2 + Treatment
160,-3.75,1,1,DGP 2 + Treatment
161,90.625,1,1,DGP 2 + Treatment
162,50.625,1,1,DGP 2 + Treatment
163,80.625,1,1,DGP 2 + Treatment
164,93.75,1,1,DGP 2 + Treatment
165,-22.5,1,1,DGP 2 + Treatment
166,36.875,1,1,DGP 2 + Treatment
167,39.375,1,1,DGP 2 + Treatment
168,-5.625,1,1,DGP 2 + Treatment
169,-40,1,1,DGP 2 + Treatment
170,-71.25,1,1,DGP 2 + Treatment
171,-1.875,1,1,DGP 2 + Treatment
172,-3.75,1,1,DGP 2 + Treatment
173,17.5,1,1,DGP 2 + Treatment
174,-40.625,1,1,DGP 2 + Treatment
175,-11.25,1,1,DGP 2 + Treatment
176,-7.5,1,1,DGP 2 + Treatment
177,28.125,1,1,DGP 2 + Treatment
178,-10,1,1,DGP 2 + Treatment
179,53.125,1,1,DGP 2 + Treatment
180,-9.375,1,1,DGP 2 + Treatment
181,113.75,1,1,DGP 2 + Treatment
182,22.5,1,1,DGP 2 + Treatment
183,113.75,1,1,DGP 2 + Treatment
184,79.375,1,1,DGP 2 + Treatment
185,23.75,1,1,DGP 2 + Treatment
186,-13.75,1,1,DGP 2 + Treatment
187,32.5,1,1,DGP 2 + Treatment
188,-3.125,1,1,DGP 2 + Treatment
189,9.375,1,1,DGP 2 + Treatment
190,76.875,1,1,DGP 2 + Treatment
191,-22.5,1,1,DGP 2 + Treatment
192,86.25,1,1,DGP 2 + Treatment
193,33.75,1,1,DGP 2 + Treatment
194,-24.375,1,1,DGP 2 + Treatment
195,48.75,1,1,DGP 2 + Treatment
196,39.375,1,1,DGP 2 + Treatment
197,-84.375,1,1,DGP 2 + Treatment
198,39.375,1,1,DGP 2 + Treatment
199,63.125,1,1,DGP 2 + Treatment
200,-1.875,1,1,DGP 2 + Treatment
201,41.875,1,1,DGP 2 + Treatment
202,25,1,1,DGP 2 + Treatment
203,7.5,1,1,DGP 2 + Treatment
204,8.75,1,1,DGP 2 + Treatment
205,40.625,1,1,DGP 2 + Treatment
206,31.875,1,1,DGP 2 + Treatment
207,33.75,1,1,DGP 2 + Treatment
208,0.625,1,1,DGP 2 + Treatment
209,-71.25,1,1,DGP 2 + Treatment
210,36.875,1,1,DGP 2 + Treatment
211,9.375,1,1,DGP 2 + Treatment
212,-19.375,1,1,DGP 2 + Treatment
213,7.5,1,1,DGP 2 + Treatment
214,31.875,1,1,DGP 2 + Treatment
215,28.75,1,1,DGP 2 + Treatment
216,-59.375,1,1,DGP 2 + Treatment
217,-19.375,1,1,DGP 2 + Treatment
218,-1.25,1,1,DGP 2 + Treatment
219,43.75,1,1,DGP 2 + Treatment
220,73.75,1,1,DGP 2 + Treatment
221,26.25,1,1,DGP 2 + Treatment
222,-1.25,1,1,DGP 2 + Treatment
223,71.875,1,1,DGP 2 + Treatment
224,-14.375,1,1,DGP 2 + Treatment
225,107.5,1,1,DGP 2 + Treatment
226,30,1,1,DGP 2 + Treatment
227,47.5,1,1,DGP 2 + Treatment
228,-22.5,1,1,DGP 2 + Treatment
229,-40.625,1,1,DGP 2 + Treatment
230,-3.75,1,1,DGP 2 + Treatment
231,-5,1,1,DGP 2 + Treatment
232,53.75,1,1,DGP 2 + Treatment
233,31.875,1,1,DGP 2 + Treatment
234,25,1,1,DGP 2 + Treatment
235,-30,1,1,DGP 2 + Treatment
236,41.25,1,1,DGP 2 + Treatment
237,42.5,1,1,DGP 2 + Treatment
238,21.875,1,1,DGP 2 + Treatment
239,-92.5,1,1,DGP 2 + Treatment
240,68.75,1,1,DGP 2 + Treatment
241,7.5,1,1,DGP 2 + Treatment
242,68.125,1,1,DGP 2 + Treatment
243,-4.375,1,1,DGP 2 + Treatment
244,107.5,1,1,DGP 2 + Treatment
245,43.125,1,1,DGP 2 + Treatment
246,15,1,1,DGP 2 + Treatment
247,64.375,1,1,DGP 2 + Treatment
248,3.125,1,1,DGP 2 + Treatment
249,4.375,1,1,DGP 2 + Treatment
250,-1.875,1,1,DGP 2 + Treatment
251,-17.5,1,1,DGP 2 + Treatment
252,4.375,1,1,DGP 2 + Treatment
253,67.5,1,1,DGP 2 + Treatment
254,103.125,1,1,DGP 2 + Treatment
255,-3.125,1,1,DGP 2 + Treatment
256,-17.5,1,1,DGP 2 + Treatment
257,-5.625,1,1,DGP 2 + Treatment
258,-7.5,1,1,DGP 2 + Treatment
259,-51.25,1,1,DGP 2 + Treatment
260,8.125,1,1,DGP 2 + Treatment
261,9.375,1,1,DGP 2 + Treatment
262,76.25,1,1,DGP 2 + Treatment
263,32.5,1,1,DGP 2 + Treatment
264,16.875,1,1,DGP 2 + Treatment
265,63.75,1,1,DGP 2 + Treatment
266,34.375,1,1,DGP 2 + Treatment
267,-30.625,1,1,DGP 2 + Treatment
268,-8.75,1,1,DGP 2 + Treatment
269,-46.25,1,1,DGP 2 + Treatment
270,-13.75,1,1,DGP 2 + Treatment
271,63.125,1,1,DGP 2 + Treatment
272,15.625,1,1,DGP 2 + Treatment
273,44.375,1,1,DGP 2 + Treatment
274,16.25,1,1,DGP 2 + Treatment
275,3.125,1,1,DGP 2 + Treatment
276,-1.25,1,1,DGP 2 + Treatment
277,43.75,1,1,DGP 2 + Treatment
278,19.375,1,1,DGP 2 + Treatment
279,-50,1,1,DGP 2 + Treatment
280,51.875,1,1,DGP 2 + Treatment
281,-15,1,1,DGP 2 + Treatment
282,91.25,1,1,DGP 2 + Treatment
283,74.375,1,1,DGP 2 + Treatment
284,37.5,1,1,DGP 2 + Treatment
285,0,1,1,DGP 2 + Treatment
286,23.125,1,1,DGP 2 + Treatment
287,9.375,1,1,DGP 2 + Treatment
288,2.5,1,1,DGP 2 + Treatment
289,15,1,1,DGP 2 + Treatment
290,15,1,1,DGP 2 + Treatment
291,-5.625,1,1,DGP 2 + Treatment
292,23.125,1,1,DGP 2 + Treatment
293,-28.75,1,1,DGP 2 + Treatment
294,91.875,1,1,DGP 2 + Treatment
295,28.75,1,1,DGP 2 + Treatment
296,-30.625,1,1,DGP 2 + Treatment
297,62.5,1,1,DGP 2 + Treatment
298,30.625,1,1,DGP 2 + Treatment
299,8.125,1,1,DGP 2 + Treatment
300,59.375,1,1,DGP 2 + Treatment
301,42.5,1,1,DGP 2 + Treatment
302,7.5,1,1,DGP 2 + Treatment
303,61.25,1,1,DGP 2 + Treatment
304,39.375,1,1,DGP 2 + Treatment
305,56.875,1,1,DGP 2 + Treatment
306,-28.125,1,1,DGP 2 + Treatment
307,33.75,1,1,DGP 2 + Treatment
308,26.875,1,1,DGP 2 + Treatment
309,21.875,1,1,DGP 2 + Treatment
310,-30,1,1,DGP 2 + Treatment
311,8.125,1,1,DGP 2 + Treatment
312,-10.625,1,1,DGP 2 + Treatment
313,48.75,1,1,DGP 2 + Treatment
314,88.125,1,1,DGP 2 + Treatment
315,-35,1,1,DGP 2 + Treatment
316,70,1,1,DGP 2 + Treatment
317,-13.125,1,1,DGP 2 + Treatment
318,51.875,1,1,DGP 2 + Treatment
319,-61.25,1,1,DGP 2 + Treatment
320,22.5,1,1,DGP 2 + Treatment
321,77.5,1,1,DGP 2 + Treatment
322,-16.875,1,1,DGP 2 + Treatment
323,13.75,1,1,DGP 2 + Treatment
324,-14.375,1,1,DGP 2 + Treatment
325,-6.875,1,1,DGP 2 + Treatment
326,30.625,1,1,DGP 2 + Treatment
327,56.875,1,1,DGP 2 + Treatment
328,35.625,1,1,DGP 2 + Treatment
329,-56.875,1,1,DGP 2 + Treatment
330,17.5,1,1,DGP 2 + Treatment
331,82.5,1,1,DGP 2 + Treatment
332,34.375,1,1,DGP 2 + Treatment
333,64.375,1,1,DGP 2 + Treatment
334,-75.625,1,1,DGP 2 + Treatment
335,23.75,1,1,DGP 2 + Treatment
336,85,1,1,DGP 2 + Treatment
337,4.375,1,1,DGP 2 + Treatment
338,97.5,1,1,DGP 2 + Treatment
339,46.25,1,1,DGP 2 + Treatment
340,95,1,1,DGP 2 + Treatment
341,8.125,1,1,DGP 2 + Treatment
342,44.375,1,1,DGP 2 + Treatment
343,53.75,1,1,DGP 2 + Treatment
344,23.125,1,1,DGP 2 + Treatment
345,-21.25,1,1,DGP 2 + Treatment
346,39.375,1,1,DGP 2 + Treatment
347,-1.875,1,1,DGP 2 + Treatment
348,24.375,1,1,DGP 2 + Treatment
349,61.875,1,1,DGP 2 + Treatment
350,33.75,1,1,DGP 2 + Treatment
351,13.75,1,1,DGP 2 + Treatment
352,8.75,1,1,DGP 2 + Treatment
353,-33.75,1,1,DGP 2 + Treatment
354,36.25,1,1,DGP 2 + Treatment
355,-26.875,1,1,DGP 2 + Treatment
356,-63.75,1,1,DGP 2 + Treatment
357,6.875,1,1,DGP 2 + Treatment
358,9.375,1,1,DGP 2 + Treatment
359,-34.375,1,1,DGP 2 + Treatment
360,38.75,1,1,DGP 2 + Treatment
361,6.875,1,1,DGP 2 + Treatment
362,37.5,1,1,DGP 2 + Treatment
363,-1.875,1,1,DGP 2 + Treatment
364,49.375,1,1,DGP 2 + Treatment
365,-11.875,1,1,DGP 2 + Treatment
366,17.5,1,1,DGP 2 + Treatment
367,-32.5,1,1,DGP 2 + Treatment
368,44.375,1,1,DGP 2 + Treatment
369,112.5,1,1,DGP 2 + Treatment
370,115.625,1,1,DGP 2 + Treatment
371,-20.625,1,1,DGP 2 + Treatment
372,8.75,1,1,DGP 2 + Treatment
373,6.25,1,1,DGP 2 + Treatment
374,-35.625,1,1,DGP 2 + Treatment
375,28.125,1,1,DGP 2 + Treatment
376,29.375,1,1,DGP 2 + Treatment
377,-53.125,1,1,DGP 2 + Treatment
378,-12.5,1,1,DGP 2 + Treatment
379,42.5,1,1,DGP 2 + Treatment
380,109.375,1,1,DGP 2 + Treatment
381,-21.875,1,1,DGP 2 + Treatment
382,-55,1,1,DGP 2 + Treatment
383,-16.25,1,1,DGP 2 + Treatment
384,29.375,1,1,DGP 2 + Treatment
385,36.875,1,1,DGP 2 + Treatment
386,23.125,1,1,DGP 2 + Treatment
387,8.75,1,1,DGP 2 + Treatment
388,61.25,1,1,DGP 2 + Treatment
389,-6.25,1,1,DGP 2 + Treatment
390,39.375,1,1,DGP 2 + Treatment
391,-11.875,1,1,DGP 2 + Treatment
392,35.625,1,1,DGP 2 + Treatment
393,-15,1,1,DGP 2 + Treatment
394,-17.5,1,1,DGP 2 + Treatment
395,-7.5,1,1,DGP 2 + Treatment
396,26.25,1,1,DGP 2 + Treatment
397,-42.5,1,1,DGP 2 + Treatment
398,81.25,1,1,DGP 2 + Treatment
399,61.25,1,1,DGP 2 + Treatment
400,-0.625,1,1,DGP 2 + Treatment
401,36.25,1,1,DGP 2 + Treatment
402,-21.25,1,1,DGP 2 + Treatment
403,0,1,1,DGP 2 + Treatment
404,-43.125,1,1,DGP 2 + Treatment
405,-18.75,1,1,DGP 2 + Treatment
406,-14.375,1,1,DGP 2 + Treatment
407,39.375,1,1,DGP 2 + Treatment
408,-16.25,1,1,DGP 2 + Treatment
409,-11.875,1,1,DGP 2 + Treatment
410,15.625,1,1,DGP 2 + Treatment
411,86.875,1,1,DGP 2 + Treatment
412,36.875,1,1,DGP 2 + Treatment
413,80.625,1,1,DGP 2 + Treatment
414,-1.25,1,1,DGP 2 + Treatment
415,-33.75,1,1,DGP 2 + Treatment
416,-8.125,1,1,DGP 2 + Treatment
417,10.625,1,1,DGP 2 + Treatment
418,-67.5,1,1,DGP 2 + Treatment
419,-33.125,1,1,DGP 2 + Treatment
420,-34.375,1,1,DGP 2 + Treatment
421,71.875,1,1,DGP 2 + Treatment
422,20.625,1,1,DGP 2 + Treatment
423,81.875,1,1,DGP 2 + Treatment
424,105.625,1,1,DGP 2 + Treatment
425,-33.125,1,1,DGP 2 + Treatment
426,-29.375,1,1,DGP 2 + Treatment
427,-25,1,1,DGP 2 + Treatment
428,-21.875,1,1,DGP 2 + Treatment
429,28.75,1,1,DGP 2 + Treatment
430,28.125,1,1,DGP 2 + Treatment
431,-43.75,1,1,DGP 2 + Treatment
432,40,1,1,DGP 2 + Treatment
433,21.875,1,1,DGP 2 + Treatment
434,-25,1,1,DGP 2 + Treatment
435,-45,1,1,DGP 2 + Treatment
436,-21.25,1,1,DGP 2 + Treatment
437,72.5,1,1,DGP 2 + Treatment
438,-19.375,1,1,DGP 2 + Treatment
439,97.5,1,1,DGP 2 + Treatment
440,-16.875,1,1,DGP 2 + Treatment
441,-15,1,1,DGP 2 + Treatment
442,71.875,1,1,DGP 2 + Treatment
443,-18.125,1,1,DGP 2 + Treatment
444,1.25,1,1,DGP 2 + Treatment
445,1.25,1,1,DGP 2 + Treatment
446,10.625,1,1,DGP 2 + Treatment
447,-8.75,1,1,DGP 2 + Treatment
448,15.625,1,1,DGP 2 + Treatment
449,30,1,1,DGP 2 + Treatment
450,68.125,1,1,DGP 2 + Treatment
451,-19.375,1,1,DGP 2 + Treatment
452,45.625,1,1,DGP 2 + Treatment
453,-15,1,1,DGP 2 + Treatment
454,-15,1,1,DGP 2 + Treatment
455,-18.75,1,1,DGP 2 + Treatment
456,16.875,1,1,DGP 2 + Treatment
457,3.125,1,1,DGP 2 + Treatment
458,-15.625,1,1,DGP 2 + Treatment
459,20,1,1,DGP 2 + Treatment
460,-0.625,1,1,DGP 2 + Treatment
461,-15.625,1,1,DGP 2 + Treatment
462,82.5,1,1,DGP 2 + Treatment
463,23.75,1,1,DGP 2 + Treatment
464,0.625,1,1,DGP 2 + Treatment
465,0,1,1,DGP 2 + Treatment
466,91.25,1,1,DGP 2 + Treatment
467,-14.375,1,1,DGP 2 + Treatment
468,13.75,1,1,DGP 2 + Treatment
469,-5,1,1,DGP 2 + Treatment
470,-61.25,1,1,DGP 2 + Treatment
471,92.5,1,1,DGP 2 + Treatment
472,-77.5,1,1,DGP 2 + Treatment
473,-23.75,1,1,DGP 2 + Treatment
474,55,1,1,DGP 2 + Treatment
475,-16.25,1,1,DGP 2 + Treatment
476,68.75,1,1,DGP 2 + Treatment
477,-19.375,1,1,DGP 2 + Treatment
478,-16.875,1,1,DGP 2 + Treatment
479,68.125,1,1,DGP 2 + Treatment
480,-26.875,1,1,DGP 2 + Treatment
481,-29.375,1,1,DGP 2 + Treatment
482,73.125,1,1,DGP 2 + Treatment
483,-8.125,1,1,DGP 2 + Treatment
484,3.125,1,1,DGP 2 + Treatment
485,-24.375,1,1,DGP 2 + Treatment
486,-13.75,1,1,DGP 2 + Treatment
487,95.625,1,1,DGP 2 + Treatment
488,-56.25,1,1,DGP 2 + Treatment
489,68.75,1,1,DGP 2 + Treatment
490,60.625,1,1,DGP 2 + Treatment
491,76.875,1,1,DGP 2 + Treatment
492,-8.75,1,1,DGP 2 + Treatment
493,64.375,1,1,DGP 2 + Treatment
494,3.75,1,1,DGP 2 + Treatment
495,36.875,1,1,DGP 2 + Treatment
496,4.375,1,1,DGP 2 + Treatment
497,50.625,1,1,DGP 2 + Treatment
498,-12.5,1,1,DGP 2 + Treatment
499,15,1,1,DGP 2 + Treatment
500,33.75,1,1,DGP 2 + Treatment
501,67.5,1,1,DGP 2 + Treatment
502,30,1,1,DGP 2 + Treatment
503,-77.5,1,1,DGP 2 + Treatment
504,-5.625,1,1,DGP 2 + Treatment
505,1.875,1,1,DGP 2 + Treatment
506,97.5,1,1,DGP 2 + Treatment
507,-8.125,1,1,DGP 2 + Treatment
508,0.625,1,1,DGP 2 + Treatment
509,66.25,1,1,DGP 2 + Treatment
510,21.25,1,1,DGP 2 + Treatment
511,25.625,1,1,DGP 2 + Treatment
512,-18.75,1,1,DGP 2 + Treatment
513,-31.875,1,1,DGP 2 + Treatment
514,1.25,1,1,DGP 2 + Treatment
515,18.125,1,1,DGP 2 + Treatment
516,43.75,1,1,DGP 2 + Treatment
517,-20.625,1,1,DGP 2 + Treatment
518,78.75,1,1,DGP 2 + Treatment
519,-5,1,1,DGP 2 + Treatment
520,-11.25,1,1,DGP 2 + Treatment
521,-11.875,1,1,DGP 2 + Treatment
522,-13.75,1,1,DGP 2 + Treatment
523,12.5,1,1,DGP 2 + Treatment
524,65.625,1,1,DGP 2 + Treatment
525,-1.875,1,1,DGP 2 + Treatment
526,15.625,1,1,DGP 2 + Treatment
527,24.375,1,1,DGP 2 + Treatment
528,55.625,1,1,DGP 2 + Treatment
529,-20,1,1,DGP 2 + Treatment
530,45.625,1,1,DGP 2 + Treatment
531,-25.625,1,1,DGP 2 + Treatment
532,-33.125,1,1,DGP 2 + Treatment
533,-23.125,1,1,DGP 2 + Treatment
534,32.5,1,1,DGP 2 + Treatment
535,54.375,1,1,DGP 2 + Treatment
536,26.875,1,1,DGP 2 + Treatment
537,-25.625,1,1,DGP 2 + Treatment
538,-56.875,1,1,DGP 2 + Treatment
539,28.75,1,1,DGP 2 + Treatment
540,56.875,1,1,DGP 2 + Treatment
541,1.25,1,1,DGP 2 + Treatment
542,-23.125,1,1,DGP 2 + Treatment
543,-46.25,1,1,DGP 2 + Treatment
544,38.125,1,1,DGP 2 + Treatment
545,43.125,1,1,DGP 2 + Treatment
546,2.5,1,1,DGP 2 + Treatment
547,-23.125,1,1,DGP 2 + Treatment
548,26.875,1,1,DGP 2 + Treatment
549,37.5,1,1,DGP 2 + Treatment
550,54.375,1,1,DGP 2 + Treatment
551,35.625,1,1,DGP 2 + Treatment
552,78.125,1,1,DGP 2 + Treatment
553,46.875,1,1,DGP 2 + Treatment
554,-58.125,1,1,DGP 2 + Treatment
555,15,1,1,DGP 2 + Treatment
556,20,1,1,DGP 2 + Treatment
557,55,1,1,DGP 2 + Treatment
558,93.75,1,1,DGP 2 + Treatment
559,37.5,1,1,DGP 2 + Treatment
560,7.5,1,1,DGP 2 + Treatment
561,2.5,1,1,DGP 2 + Treatment
562,15.625,1,1,DGP 2 + Treatment
563,-82.5,1,1,DGP 2 + Treatment
564,21.25,1,1,DGP 2 + Treatment
565,19.375,1,1,DGP 2 + Treatment
566,76.25,1,1,DGP 2 + Treatment
567,-55.625,1,1,DGP 2 + Treatment
568,81.25,1,1,DGP 2 + Treatment
569,-6.875,1,1,DGP 2 + Treatment
570,21.875,1,1,DGP 2 + Treatment
571,26.25,1,1,DGP 2 + Treatment
572,38.125,1,1,DGP 2 + Treatment
573,25,1,1,DGP 2 + Treatment
574,46.875,1,1,DGP 2 + Treatment
575,47.5,1,1,DGP 2 + Treatment
576,18.75,1,1,DGP 2 + Treatment
577,47.5,1,1,DGP 2 + Treatment
578,36.25,1,1,DGP 2 + Treatment
579,32.5,1,1,DGP 2 + Treatment
580,-39.375,1,1,DGP 2 + Treatment
581,43.75,1,1,DGP 2 + Treatment
582,60.625,1,1,DGP 2 + Treatment
583,27.5,1,1,DGP 2 + Treatment
584,-15,1,1,DGP 2 + Treatment
585,39.375,1,1,DGP 2 + Treatment
586,31.25,1,1,DGP 2 + Treatment
587,108.75,1,1,DGP 2 + Treatment
588,107.5,1,1,DGP 2 + Treatment
589,-27.5,1,1,DGP 2 + Treatment
590,78.75,1,1,DGP 2 + Treatment
591,28.75,1,1,DGP 2 + Treatment
592,-3.75,1,1,DGP 2 + Treatment
593,70.625,1,1,DGP 2 + Treatment
594,56.25,1,1,DGP 2 + Treatment
595,16.25,1,1,DGP 2 + Treatment
596,42.5,1,1,DGP 2 + Treatment
597,-25,1,1,DGP 2 + Treatment
598,56.25,1,1,DGP 2 + Treatment
599,13.75,1,1,DGP 2 + Treatment
600,-39.375,1,1,DGP 2 + Treatment
601,64.375,1,1,DGP 2 + Treatment
602,7.5,1,1,DGP 2 + Treatment
603,36.25,1,1,DGP 2 + Treatment
604,28.75,1,1,DGP 2 + Treatment
605,61.25,1,1,DGP 2 + Treatment
606,43.125,1,1,DGP 2 + Treatment
607,19.375,1,1,DGP 2 + Treatment
608,3.125,1,1,DGP 2 + Treatment
609,79.375,1,1,DGP 2 + Treatment
610,-63.75,1,1,DGP 2 + Treatment
611,40,1,1,DGP 2 + Treatment
612,-61.875,1,1,DGP 2 + Treatment
613,9.375,1,1,DGP 2 + Treatment
614,27.5,1,1,DGP 2 + Treatment
615,-43.125,1,1,DGP 2 + Treatment
616,75.625,1,1,DGP 2 + Treatment
617,88.75,1,1,DGP 2 + Treatment
618,8.75,1,1,DGP 2 + Treatment
619,-1.875,1,1,DGP 2 + Treatment
620,5,1,1,DGP 2 + Treatment
621,-10.625,1,1,DGP 2 + Treatment
622,35,1,1,DGP 2 + Treatment
623,0,1,1,DGP 2 + Treatment
624,11.875,1,1,DGP 2 + Treatment
625,40.625,1,1,DGP 2 + Treatment
626,-8.125,1,1,DGP 2 + Treatment
627,-1.875,1,1,DGP 2 + Treatment
628,9.375,1,1,DGP 2 + Treatment
629,34.375,1,1,DGP 2 + Treatment
630,-29.375,1,1,DGP 2 + Treatment
631,18.125,1,1,DGP 2 + Treatment
632,32.5,1,1,DGP 2 + Treatment
633,27.5,1,1,DGP 2 + Treatment
634,40,1,1,DGP 2 + Treatment
635,49.375,1,1,DGP 2 + Treatment
636,-75.625,1,1,DGP 2 + Treatment
637,41.25,1,1,DGP 2 + Treatment
638,-33.75,1,1,DGP 2 + Treatment
639,35,1,1,DGP 2 + Treatment
640,41.875,1,1,DGP 2 + Treatment
641,-16.875,1,1,DGP 2 + Treatment
642,-8.75,1,1,DGP 2 + Treatment
643,-7.5,1,1,DGP 2 + Treatment
644,44.375,1,1,DGP 2 + Treatment
645,-23.125,1,1,DGP 2 + Treatment
646,-18.125,1,1,DGP 2 + Treatment
647,27.5,1,1,DGP 2 + Treatment
648,65,1,1,DGP 2 + Treatment
649,88.75,1,1,DGP 2 + Treatment
650,67.5,1,1,DGP 2 + Treatment
651,72.5,1,1,DGP 2 + Treatment
652,-45.625,1,1,DGP 2 + Treatment
653,18.125,1,1,DGP 2 + Treatment
654,70,1,1,DGP 2 + Treatment
655,36.25,1,1,DGP 2 + Treatment
656,-12.5,1,1,DGP 2 + Treatment
657,-86.25,1,1,DGP 2 + Treatment
658,28.75,1,1,DGP 2 + Treatment
659,13.75,1,1,DGP 2 + Treatment
660,40,1,1,DGP 2 + Treatment
661,71.25,1,1,DGP 2 + Treatment
662,-11.25,1,1,DGP 2 + Treatment
663,85.625,1,1,DGP 2 + Treatment
664,30.625,1,1,DGP 2 + Treatment
665,61.875,1,1,DGP 2 + Treatment
666,-37.5,1,1,DGP 2 + Treatment
667,73.75,1,1,DGP 2 + Treatment
668,65.625,1,1,DGP 2 + Treatment
669,0.625,1,1,DGP 2 + Treatment
670,12.5,1,1,DGP 2 + Treatment
671,11.25,1,1,DGP 2 + Treatment
672,-35.625,1,1,DGP 2 + Treatment
673,-26.875,1,1,DGP 2 + Treatment
674,-49.375,1,1,DGP 2 + Treatment
675,-63.125,1,1,DGP 2 + Treatment
676,86.875,1,1,DGP 2 + Treatment
677,9.375,1,1,DGP 2 + Treatment
678,-58.125,1,1,DGP 2 + Treatment
679,-35,1,1,DGP 2 + Treatment
680,36.875,1,1,DGP 2 + Treatment
681,53.75,1,1,DGP 2 + Treatment
682,55.625,1,1,DGP 2 + Treatment
683,30,1,1,DGP 2 + Treatment
684,4.375,1,1,DGP 2 + Treatment
685,69.375,1,1,DGP 2 + Treatment
686,10,1,1,DGP 2 + Treatment
687,22.5,1,1,DGP 2 + Treatment
688,53.75,1,1,DGP 2 + Treatment
689,21.25,1,1,DGP 2 + Treatment
690,13.75,1,1,DGP 2 + Treatment
691,83.125,1,1,DGP 2 + Treatment
692,31.875,1,1,DGP 2 + Treatment
693,55,1,1,DGP 2 + Treatment
694,5,1,1,DGP 2 + Treatment
695,-49.375,1,1,DGP 2 + Treatment
696,19.375,1,1,DGP 2 + Treatment
697,45.625,1,1,DGP 2 + Treatment
698,-18.75,1,1,DGP 2 + Treatment
699,-8.75,1,1,DGP 2 + Treatment
700,-40.625,1,1,DGP 2 + Treatment
701,31.25,1,1,DGP 2 + Treatment
702,0.625,1,1,DGP 2 + Treatment
703,0,1,1,DGP 2 + Treatment
704,3.125,1,1,DGP 2 + Treatment
705,0,1,1,DGP 2 + Treatment
706,87.5,1,1,DGP 2 + Treatment
707,1.25,1,1,DGP 2 + Treatment
708,-11.875,1,1,DGP 2 + Treatment
709,-12.5,1,1,DGP 2 + Treatment
710,-33.125,1,1,DGP 2 + Treatment
711,-55,1,1,DGP 2 + Treatment
712,84.375,1,1,DGP 2 + Treatment
713,42.5,1,1,DGP 2 + Treatment
714,36.875,1,1,DGP 2 + Treatment
715,21.875,1,1,DGP 2 + Treatment
716,-10.625,1,1,DGP 2 + Treatment
717,40.625,1,1,DGP 2 + Treatment
718,29.375,1,1,DGP 2 + Treatment
719,-10,1,1,DGP 2 + Treatment
720,38.75,1,1,DGP 2 + Treatment
721,29.375,1,1,DGP 2 + Treatment
722,13.125,1,1,DGP 2 + Treatment
723,13.125,1,1,DGP 2 + Treatment
724,5,1,1,DGP 2 + Treatment
725,60.625,1,1,DGP 2 + Treatment
726,15.625,1,1,DGP 2 + Treatment
727,55,1,1,DGP 2 + Treatment
728,53.75,1,1,DGP 2 + Treatment
729,18.125,1,1,DGP 2 + Treatment
730,16.875,1,1,DGP 2 + Treatment
731,-5.625,1,1,DGP 2 + Treatment
732,-15,1,1,DGP 2 + Treatment
733,-66.25,1,1,DGP 2 + Treatment
734,25.625,1,1,DGP 2 + Treatment
735,-10.625,1,1,DGP 2 + Treatment
736,2.5,1,1,DGP 2 + Treatment
737,-9.375,1,1,DGP 2 + Treatment
738,-33.125,1,1,DGP 2 + Treatment
739,-23.75,1,1,DGP 2 + Treatment
740,8.125,1,1,DGP 2 + Treatment
741,116.875,1,1,DGP 2 + Treatment
742,46.875,1,1,DGP 2 + Treatment
743,3.75,1,1,DGP 2 + Treatment
744,48.125,1,1,DGP 2 + Treatment
745,12.5,1,1,DGP 2 + Treatment
746,10,1,1,DGP 2 + Treatment
747,23.125,1,1,DGP 2 + Treatment
748,10.625,1,1,DGP 2 + Treatment
749,-26.25,1,1,DGP 2 + Treatment
750,58.75,1,1,DGP 2 + Treatment
751,27.5,1,1,DGP 2 + Treatment
752,28.75,1,1,DGP 2 + Treatment
753,-58.125,1,1,DGP 2 + Treatment
754,-3.125,1,1,DGP 2 + Treatment
755,-15.625,1,1,DGP 2 + Treatment
756,0,1,1,DGP 2 + Treatment
757,42.5,1,1,DGP 2 + Treatment
758,33.75,1,1,DGP 2 + Treatment
759,-6.875,1,1,DGP 2 + Treatment
760,-3.75,1,1,DGP 2 + Treatment
761,13.125,1,1,DGP 2 + Treatment
762,-11.875,1,1,DGP 2 + Treatment
763,21.875,1,1,DGP 2 + Treatment
764,-20.625,1,1,DGP 2 + Treatment
765,-15,1,1,DGP 2 + Treatment
766,64.375,1,1,DGP 2 + Treatment
767,-27.5,1,1,DGP 2 + Treatment
768,-6.875,1,1,DGP 2 + Treatment
769,57.5,1,1,DGP 2 + Treatment
770,-63.125,1,1,DGP 2 + Treatment
771,-10.625,1,1,DGP 2 + Treatment
772,54.375,1,1,DGP 2 + Treatment
773,35,1,1,DGP 2 + Treatment
774,88.75,1,1,DGP 2 + Treatment
775,16.875,1,1,DGP 2 + Treatment
776,7.5,1,1,DGP 2 + Treatment
777,62.5,1,1,DGP 2 + Treatment
778,3.75,1,1,DGP 2 + Treatment
779,27.5,1,1,DGP 2 + Treatment
780,104.375,1,1,DGP 2 + Treatment
781,33.125,1,1,DGP 2 + Treatment
782,38.75,1,1,DGP 2 + Treatment
783,-1.25,1,1,DGP 2 + Treatment
784,-20,1,1,DGP 2 + Treatment
785,29.375,1,1,DGP 2 + Treatment
786,78.75,1,1,DGP 2 + Treatment
787,54.375,1,1,DGP 2 + Treatment
788,75,1,1,DGP 2 + Treatment
789,-1.25,1,1,DGP 2 + Treatment
790,-15.625,1,1,DGP 2 + Treatment
791,28.75,1,1,DGP 2 + Treatment
792,3.125,1,1,DGP 2 + Treatment
793,-5,1,1,DGP 2 + Treatment
794,21.25,1,1,DGP 2 + Treatment
795,-9.375,1,1,DGP 2 + Treatment
796,-4.375,1,1,DGP 2 + Treatment
797,0,1,1,DGP 2 + Treatment
798,-52.5,1,1,DGP 2 + Treatment
799,-55,1,1,DGP 2 + Treatment
800,96.25,1,1,DGP 2 + Treatment
801,-58.75,1,1,DGP 2 + Treatment
802,17.5,1,1,DGP 2 + Treatment
803,6.25,1,1,DGP 2 + Treatment
804,32.5,1,1,DGP 2 + Treatment
805,7.5,1,1,DGP 2 + Treatment
806,-20.625,1,1,DGP 2 + Treatment
807,-47.5,1,1,DGP 2 + Treatment
808,65.625,1,1,DGP 2 + Treatment
809,10,1,1,DGP 2 + Treatment
810,-17.5,1,1,DGP 2 + Treatment
811,55.625,1,1,DGP 2 + Treatment
812,16.25,1,1,DGP 2 + Treatment
813,13.125,1,1,DGP 2 + Treatment
814,5,1,1,DGP 2 + Treatment
815,-1.875,1,1,DGP 2 + Treatment
816,-6.875,1,1,DGP 2 + Treatment
817,-8.75,1,1,DGP 2 + Treatment
818,0,1,1,DGP 2 + Treatment
819,1.25,1,1,DGP 2 + Treatment
820,-6.25,1,1,DGP 2 + Treatment
821,-6.875,1,1,DGP 2 + Treatment
822,25,1,1,DGP 2 + Treatment
823,-20,1,1,DGP 2 + Treatment
824,-41.25,1,1,DGP 2 + Treatment
825,61.25,1,1,DGP 2 + Treatment
826,40.625,1,1,DGP 2 + Treatment
827,26.875,1,1,DGP 2 + Treatment
828,-7.5,1,1,DGP 2 + Treatment
829,-18.75,1,1,DGP 2 + Treatment
830,10,1,1,DGP 2 + Treatment
831,33.75,1,1,DGP 2 + Treatment
832,64.375,1,1,DGP 2 + Treatment
833,-16.875,1,1,DGP 2 + Treatment
834,48.125,1,1,DGP 2 + Treatment
835,-60,1,1,DGP 2 + Treatment
836,45.625,1,1,DGP 2 + Treatment
837,48.75,1,1,DGP 2 + Treatment
838,-32.5,1,1,DGP 2 + Treatment
839,-54.375,1,1,DGP 2 + Treatment
840,16.25,1,1,DGP 2 + Treatment
841,11.875,1,1,DGP 2 + Treatment
842,92.5,1,1,DGP 2 + Treatment
843,1.25,1,1,DGP 2 + Treatment
844,27.5,1,1,DGP 2 + Treatment
845,55.625,1,1,DGP 2 + Treatment
846,-18.75,1,1,DGP 2 + Treatment
847,-13.125,1,1,DGP 2 + Treatment
848,7.5,1,1,DGP 2 + Treatment
849,61.25,1,1,DGP 2 + Treatment
850,-11.875,1,1,DGP 2 + Treatment
851,3.125,1,1,DGP 2 + Treatment
852,88.75,1,1,DGP 2 + Treatment
853,-7.5,1,1,DGP 2 + Treatment
854,40,1,1,DGP 2 + Treatment
855,67.5,1,1,DGP 2 + Treatment
856,1.875,1,1,DGP 2 + Treatment
857,-4.375,1,1,DGP 2 + Treatment
858,52.5,1,1,DGP 2 + Treatment
859,-53.75,1,1,DGP 2 + Treatment
860,25,1,1,DGP 2 + Treatment
861,-41.25,1,1,DGP 2 + Treatment
862,64.375,1,1,DGP 2 + Treatment
863,13.125,1,1,DGP 2 + Treatment
864,72.5,1,1,DGP 2 + Treatment
865,78.75,1,1,DGP 2 + Treatment
866,79.375,1,1,DGP 2 + Treatment
867,11.25,1,1,DGP 2 + Treatment
868,5,1,1,DGP 2 + Treatment
869,-2.5,1,1,DGP 2 + Treatment
870,6.875,1,1,DGP 2 + Treatment
871,-13.75,1,1,DGP 2 + Treatment
872,-25.625,1,1,DGP 2 + Treatment
873,-43.75,1,1,DGP 2 + Treatment
874,-6.875,1,1,DGP 2 + Treatment
875,-31.25,1,1,DGP 2 + Treatment
876,6.875,1,1,DGP 2 + Treatment
877,15,1,1,DGP 2 + Treatment
878,39.375,1,1,DGP 2 + Treatment
879,0.625,1,1,DGP 2 + Treatment
880,-16.25,1,1,DGP 2 + Treatment
881,62.5,1,1,DGP 2 + Treatment
882,1.875,1,1,DGP 2 + Treatment
883,26.875,1,1,DGP 2 + Treatment
884,19.375,1,1,DGP 2 + Treatment
885,-41.25,1,1,DGP 2 + Treatment
886,-2.5,1,1,DGP 2 + Treatment
887,58.125,1,1,DGP 2 + Treatment
888,48.125,1,1,DGP 2 + Treatment
889,8.75,1,1,DGP 2 + Treatment
890,81.875,1,1,DGP 2 + Treatment
891,15.625,1,1,DGP 2 + Treatment
892,10,1,1,DGP 2 + Treatment
893,-22.5,1,1,DGP 2 + Treatment
894,4.375,1,1,DGP 2 + Treatment
895,18.125,1,1,DGP 2 + Treatment
896,31.875,1,1,DGP 2 + Treatment
897,-16.25,1,1,DGP 2 + Treatment
898,-16.875,1,1,DGP 2 + Treatment
899,45,1,1,DGP 2 + Treatment
900,43.125,1,1,DGP 2 + Treatment
901,18.75,1,1,DGP 2 + Treatment
902,-28.125,1,1,DGP 2 + Treatment
903,-46.875,1,1,DGP 2 + Treatment
904,7.5,1,1,DGP 2 + Treatment
905,41.25,1,1,DGP 2 + Treatment
906,-4.375,1,1,DGP 2 + Treatment
907,93.125,1,1,DGP 2 + Treatment
908,62.5,1,1,DGP 2 + Treatment
909,17.5,1,1,DGP 2 + Treatment
910,40,1,1,DGP 2 + Treatment
911,51.875,1,1,DGP 2 + Treatment
912,47.5,1,1,DGP 2 + Treatment
913,41.875,1,1,DGP 2 + Treatment
914,-5,1,1,DGP 2 + Treatment
915,-15.625,1,1,DGP 2 + Treatment
916,60.625,1,1,DGP 2 + Treatment
917,30,1,1,DGP 2 + Treatment
918,20,1,1,DGP 2 + Treatment
919,-13.75,1,1,DGP 2 + Treatment
920,8.125,1,1,DGP 2 + Treatment
921,32.5,1,1,DGP 2 + Treatment
922,10.625,1,1,DGP 2 + Treatment
923,73.125,1,1,DGP 2 + Treatment
924,80,1,1,DGP 2 + Treatment
925,32.5,1,1,DGP 2 + Treatment
926,39.375,1,1,DGP 2 + Treatment
927,16.25,1,1,DGP 2 + Treatment
928,25,1,1,DGP 2 + Treatment
929,78.125,1,1,DGP 2 + Treatment
930,41.875,1,1,DGP 2 + Treatment
931,48.125,1,1,DGP 2 + Treatment
932,-50,1,1,DGP 2 + Treatment
933,-28.125,1,1,DGP 2 + Treatment
934,29.375,1,1,DGP 2 + Treatment
935,18.125,1,1,DGP 2 + Treatment
936,-33.75,1,1,DGP 2 + Treatment
937,88.75,1,1,DGP 2 + Treatment
938,22.5,1,1,DGP 2 + Treatment
939,36.875,1,1,DGP 2 + Treatment
940,20.625,1,1,DGP 2 + Treatment
941,7.5,1,1,DGP 2 + Treatment
942,-34.375,1,1,DGP 2 + Treatment
943,46.875,1,1,DGP 2 + Treatment
944,13.75,1,1,DGP 2 + Treatment
945,44.375,1,1,DGP 2 + Treatment
946,-13.125,1,1,DGP 2 + Treatment
947,20.625,1,1,DGP 2 + Treatment
948,36.25,1,1,DGP 2 + Treatment
949,10,1,1,DGP 2 + Treatment
950,16.25,1,1,DGP 2 + Treatment
951,31.875,1,1,DGP 2 + Treatment
952,-18.75,1,1,DGP 2 + Treatment
953,8.75,1,1,DGP 2 + Treatment
954,-64.375,1,1,DGP 2 + Treatment
955,85.625,1,1,DGP 2 + Treatment
956,38.125,1,1,DGP 2 + Treatment
957,11.25,1,1,DGP 2 + Treatment
958,5,1,1,DGP 2 + Treatment
959,34.375,1,1,DGP 2 + Treatment
960,-10,1,1,DGP 2 + Treatment
961,-24.375,1,1,DGP 2 + Treatment
962,-19.375,1,1,DGP 2 + Treatment
963,43.125,1,1,DGP 2 + Treatment
964,36.875,1,1,DGP 2 + Treatment
965,48.75,1,1,DGP 2 + Treatment
966,-18.125,1,1,DGP 2 + Treatment
967,40,1,1,DGP 2 + Treatment
968,68.125,1,1,DGP 2 + Treatment
969,8.75,1,1,DGP 2 + Treatment
970,-21.25,1,1,DGP 2 + Treatment
971,48.75,1,1,DGP 2 + Treatment
972,30.625,1,1,DGP 2 + Treatment
973,-16.25,1,1,DGP 2 + Treatment
974,-16.25,1,1,DGP 2 + Treatment
975,-10.625,1,1,DGP 2 + Treatment
976,24.375,1,1,DGP 2 + Treatment
977,48.125,1,1,DGP 2 + Treatment
978,-5,1,1,DGP 2 + Treatment
979,0.625,1,1,DGP 2 + Treatment
980,31.25,1,1,DGP 2 + Treatment
981,0.625,1,1,DGP 2 + Treatment
982,6.25,1,1,DGP 2 + Treatment
983,31.875,1,1,DGP 2 + Treatment
984,26.25,1,1,DGP 2 + Treatment
985,17.5,1,1,DGP 2 + Treatment
986,-9.375,1,1,DGP 2 + Treatment
987,15.625,1,1,DGP 2 + Treatment
988,60,1,1,DGP 2 + Treatment
989,54.375,1,1,DGP 2 + Treatment
990,33.75,1,1,DGP 2 + Treatment
991,24.375,1,1,DGP 2 + Treatment
992,21.875,1,1,DGP 2 + Treatment
993,53.75,1,1,DGP 2 + Treatment
994,10.625,1,1,DGP 2 + Treatment
995,8.75,1,1,DGP 2 + Treatment
996,-40.625,1,1,DGP 2 + Treatment
997,43.125,1,1,DGP 2 + Treatment
998,-26.875,1,1,DGP 2 + Treatment
999,44.375,1,1,DGP 2 + Treatment
