seed,world,run_id,episode,investor_return,fair_1,max_1,fair_1_repay,max_1_repay
77,0,w0_20260421_220603,1,3125.5,1330.5,714,0.6534999999999994,0.8265
77,0,w0_20260421_220603,2,1585.5,1752.75,2331.75,0.5874999999999997,0.44650000000000034
77,0,w0_20260421_220603,3,2093.25,1264.5,2132.25,0.701,0.46400000000000047
77,0,w0_20260421_220603,4,2244.5,1065.75,2319.75,0.7324999999999997,0.45450000000000057
77,0,w0_20260421_220603,5,1232.75,2709,2528.25,0.4585000000000001,0.4690000000000004
77,0,w0_20260421_220603,6,2709,1652.25,2928.75,0.6915000000000002,0.46150000000000024
77,0,w0_20260421_220603,7,2155.75,1663.5,2970.75,0.6824999999999997,0.4094999999999995
77,0,w0_20260421_220603,8,2150.5,1916.25,2963.25,0.6410000000000002,0.44800000000000006
77,0,w0_20260421_220603,9,4244.75,1431,1334.25,0.7400000000000003,0.7490000000000002
77,0,w0_20260421_220603,10,2683.25,1407,3099.75,0.7385000000000006,0.4124999999999994
77,0,w0_20260421_220603,11,3117.25,1041,3171.75,0.8054999999999984,0.4220000000000001
77,0,w0_20260421_220603,12,2831,1911.75,2597.25,0.6505000000000011,0.5210000000000001
77,0,w0_20260421_220603,13,1990.25,1787.25,2812.5,0.6380000000000005,0.43099999999999944
77,0,w0_20260421_220603,14,3113.75,2182.5,2163.75,0.617,0.6100000000000005
77,0,w0_20260421_220603,15,2911.25,1769.25,2869.5,0.6894999999999999,0.4945000000000004
77,0,w0_20260421_220603,16,3851,1647,1662,0.6960000000000002,0.6884999999999997
77,0,w0_20260421_220603,17,3144.5,1858.5,2277,0.6595000000000008,0.5855000000000002
77,0,w0_20260421_220603,18,4130.75,1887,1262.25,0.6809999999999998,0.7615000000000012
77,0,w0_20260421_220603,19,4563.25,1366.5,1370.25,0.7550000000000004,0.7534999999999998
77,0,w0_20260421_220603,20,4242,1980.75,1367.25,0.6530000000000008,0.7545000000000003
77,0,w0_20260421_220603,21,1600.75,2737.5,3171.75,0.5270000000000001,0.4324999999999995
77,0,w0_20260421_220603,22,3055.5,2656.5,1698,0.5225000000000002,0.6919999999999986
77,0,w0_20260421_220603,23,3385.25,1594.5,2210.25,0.6964999999999998,0.5875000000000007
77,0,w0_20260421_220603,24,2369,2631.75,2789.25,0.5569999999999994,0.5249999999999994
77,0,w0_20260421_220603,25,2792,2946,1452,0.4709999999999994,0.7290000000000002
77,0,w0_20260421_220603,26,2559.75,3535.5,1464.75,0.38650000000000007,0.7424999999999997
77,0,w0_20260421_220603,27,2999.5,1524.75,3225.75,0.7335000000000007,0.4425000000000006
77,0,w0_20260421_220603,28,1646.25,2469,3384.75,0.5740000000000007,0.40350000000000025
77,0,w0_20260421_220603,29,4776.75,1494,1289.25,0.7375000000000006,0.7680000000000008
77,0,w0_20260421_220603,30,3727.5,1581.75,1920.75,0.7050000000000005,0.6500000000000007
77,0,w0_20260421_220603,31,2267,2355,3168,0.6065000000000003,0.4515
77,0,w0_20260421_220603,32,1402.25,3166.5,3131.25,0.451,0.4619999999999997
77,0,w0_20260421_220603,33,1311.25,2766.75,3552,0.5149999999999995,0.3774999999999995
77,0,w0_20260421_220603,34,1297.5,2132.25,4190.25,0.6339999999999999,0.2715000000000001
77,0,w0_20260421_220603,35,2800.75,2066.25,2943,0.6400000000000005,0.4970000000000002
77,0,w0_20260421_220603,36,654,3103.5,3922.5,0.4759999999999996,0.30649999999999944
77,0,w0_20260421_220603,37,486.75,3360,3773.25,0.4244999999999998,0.33050000000000024
77,0,w0_20260421_220603,38,2331.25,690,4728.75,0.8840000000000017,0.19049999999999984
77,0,w0_20260421_220603,39,2493,616.5,4660.5,0.887000000000001,0.2104999999999998
77,0,w0_20260421_220603,40,3162,406.5,4291.5,0.9299999999999998,0.2809999999999997
77,0,w0_20260421_220603,41,2048.5,1486.5,4335,0.7470000000000002,0.26299999999999973
77,0,w0_20260421_220603,42,880.25,2425.5,4424.25,0.5845000000000008,0.23599999999999935
77,0,w0_20260421_220603,43,581.75,2007.75,4540.5,0.6415000000000011,0.12199999999999982
77,0,w0_20260421_220603,44,953.5,2172,4174.5,0.6065,0.2449999999999996
77,0,w0_20260421_220603,45,996,2946.75,3947.25,0.5044999999999997,0.3269999999999998
77,0,w0_20260421_220603,46,-200,1265.654625,2448.301125,0.5399999999999989,0.2584999999999998
77,0,w0_20260421_220603,47,768.5,2347.5,4404,0.5815,0.20999999999999944
77,0,w0_20260421_220603,48,428.25,2935.5,4256.25,0.4810000000000001,0.26300000000000046
77,0,w0_20260421_220603,49,1,3271.5,3997.5,0.408,0.262
77,0,w0_20260421_220603,50,-173.5,3077.25,3926.25,0.4009999999999998,0.21999999999999964
77,0,w0_20260421_220603,51,509.75,3096.75,3223.5,0.4054999999999998,0.363
77,0,w0_20260421_220603,52,1560.25,3399.75,2700,0.4109999999999998,0.5224999999999994
77,0,w0_20260421_220603,53,693.5,3037.5,3519,0.43700000000000006,0.3455
77,0,w0_20260421_220603,54,425,2763,2982,0.3729999999999999,0.3385
77,0,w0_20260421_220603,55,428.75,3071.25,3540,0.4204999999999998,0.3314999999999996
77,0,w0_20260421_220603,56,438.75,2791.5,3729.75,0.4434999999999998,0.2850000000000002
77,0,w0_20260421_220603,57,1446,2636.25,2937.75,0.5059999999999998,0.4205
77,0,w0_20260421_220603,58,3829,3003,1098,0.4930000000000001,0.8170000000000006
77,0,w0_20260421_220603,59,1333.25,2707.5,3809.25,0.5444999999999998,0.3529999999999994
77,0,w0_20260421_220603,60,2428.5,2461.5,2820,0.5749999999999997,0.5109999999999997
77,0,w0_20260421_220603,61,2581.25,2082.75,3126,0.6474999999999997,0.4519999999999999
77,0,w0_20260421_220603,62,1152.75,2145.75,4381.5,0.6305000000000001,0.2459999999999999
77,0,w0_20260421_220603,63,3230.75,2202,2477.25,0.6315000000000003,0.5814999999999996
77,0,w0_20260421_220603,64,704.75,2603.25,4632,0.5620000000000005,0.2204999999999998
77,0,w0_20260421_220603,65,25.75,2923.5,4560.75,0.49900000000000033,0.1525000000000002
77,0,w0_20260421_220603,66,544.5,2779.5,4446,0.5265000000000003,0.22949999999999968
77,0,w0_20260421_220603,67,491.25,2879.25,4279.5,0.49700000000000055,0.2584999999999999
77,0,w0_20260421_220603,68,29,3393,4428,0.4205000000000001,0.24799999999999955
77,0,w0_20260421_220603,69,383.5,3676.5,3750,0.37549999999999994,0.34600000000000014
77,0,w0_20260421_220603,70,1228.25,3856.5,2705.25,0.3445,0.5249999999999995
77,0,w0_20260421_220603,71,382.5,2891.25,2366.25,0.3375,0.4230000000000007
77,0,w0_20260421_220603,72,400.5,4254,3295.5,0.28499999999999975,0.4460000000000007
77,0,w0_20260421_220603,73,923,4086,2721,0.3064999999999996,0.5404999999999999
77,0,w0_20260421_220603,74,-200,2735.289375,3704.806875,0.4594999999999994,0.20899999999999988
77,0,w0_20260421_220603,75,-200,1245,2635.5,0.5569999999999989,0.23299999999999985
77,0,w0_20260421_220603,76,178,2169,4023,0.5424999999999991,0.15499999999999986
77,0,w0_20260421_220603,77,2573.5,2634,2692.5,0.5519999999999992,0.5469999999999995
77,0,w0_20260421_220603,78,2015.75,2574.75,3319.5,0.5629999999999991,0.4425
77,0,w0_20260421_220603,79,402.25,2407.5,4700.25,0.587499999999999,0.13799999999999993
77,0,w0_20260421_220603,80,1605,2094,3951,0.6334999999999988,0.29849999999999965
77,0,w0_20260421_220603,81,1559.5,2242.5,4098,0.6194999999999989,0.31349999999999967
77,0,w0_20260421_220603,82,628,1998,5214,0.6604999999999989,0.1119999999999999
77,0,w0_20260421_220603,83,1142.5,1744.5,4143,0.6719999999999995,0.19499999999999987
77,0,w0_20260421_220603,84,1642.75,2204.25,4023,0.6285000000000001,0.31549999999999967
77,0,w0_20260421_220603,85,1761,2250.75,3818.25,0.6180000000000003,0.34649999999999986
77,0,w0_20260421_220603,86,1411.5,2679,3769.5,0.5535000000000007,0.3434999999999998
77,0,w0_20260421_220603,87,341,1894.5,2914.5,0.5730000000000003,0.1809999999999999
77,0,w0_20260421_220603,88,495.75,2830.5,4053.75,0.509000000000001,0.22549999999999976
77,0,w0_20260421_220603,89,395.75,2092.5,3621.75,0.5505000000000001,0.16399999999999995
77,0,w0_20260421_220603,90,656.75,1523.25,3810,0.6859999999999999,0.13550000000000004
77,0,w0_20260421_220603,91,1437.5,1530,4882.5,0.745,0.1525000000000002
77,0,w0_20260421_220603,92,2523.75,1850.25,3546,0.6869999999999997,0.40449999999999975
77,0,w0_20260421_220603,93,1286.5,2383.5,3990,0.5880000000000004,0.3174999999999998
77,0,w0_20260421_220603,94,1151.5,1624.5,3144,0.6154999999999997,0.2119999999999999
77,0,w0_20260421_220603,95,704.25,2469,2916.75,0.4709999999999998,0.3035000000000001
77,0,w0_20260421_220603,96,1220.75,1425.75,3853.5,0.7164999999999999,0.1784999999999998
77,0,w0_20260421_220603,97,3226,1260.75,3143.25,0.7749999999999989,0.4465000000000006
77,0,w0_20260421_220603,98,2793,1540.5,3286.5,0.7239999999999988,0.4070000000000002
77,0,w0_20260421_220603,99,1657.5,2073.75,3318.75,0.5794999999999992,0.3749999999999995
77,0,w0_20260421_220603,100,237,2727.75,2765.25,0.3945000000000001,0.2680000000000001
77,1,w1_20260421_220618,1,2493.75,1365.75,1150.5,0.6419999999999993,0.6949999999999996
77,1,w1_20260421_220618,2,560.5,1454.25,3695.25,0.6589999999999995,0.13400000000000012
77,1,w1_20260421_220618,3,618.75,1443.75,3427.5,0.6594999999999998,0.1415000000000002
77,1,w1_20260421_220618,4,642,1224,3654,0.6894999999999998,0.12650000000000022
77,1,w1_20260421_220618,5,816.25,1665,4398.75,0.6685000000000008,0.12900000000000017
77,1,w1_20260421_220618,6,656.5,1755,4438.5,0.6594999999999999,0.13300000000000017
77,1,w1_20260421_220618,7,1080.25,1066.5,4073.25,0.7695000000000002,0.13000000000000014
77,1,w1_20260421_220618,8,2235,1335.75,3539.25,0.7474999999999997,0.344
77,1,w1_20260421_220618,9,1816,2777.25,2706.75,0.5029999999999994,0.503500000000001
77,1,w1_20260421_220618,10,2108,1977,3195,0.6365000000000002,0.41799999999999976
77,1,w1_20260421_220618,11,2402.5,1560.75,2976.75,0.6894999999999994,0.43249999999999994
77,1,w1_20260421_220618,12,1530.25,2398.5,3311.25,0.5600000000000006,0.39000000000000007
77,1,w1_20260421_220618,13,2687.25,1779.75,2223,0.6365000000000007,0.5450000000000004
77,1,w1_20260421_220618,14,941,2448,4071,0.5609999999999998,0.2670000000000002
77,1,w1_20260421_220618,15,-79.05539624347657,1276.5164442995872,2151.4006520942253,0.5259999999999991,0.26299999999999996
77,1,w1_20260421_220618,16,70,3829.5,3430.5,0.2995000000000003,0.3785000000000009
77,1,w1_20260421_220618,17,-200,525.0462239999999,574.751952,0.48999999999999944,0.12649999999999997
77,1,w1_20260421_220618,18,2723.5,2562,1924.5,0.5459999999999999,0.6319999999999992
77,1,w1_20260421_220618,19,3577.75,2275.5,1746.75,0.5960000000000002,0.6894999999999998
77,1,w1_20260421_220618,20,3683.25,2169.75,1227,0.5935000000000002,0.7659999999999999
77,1,w1_20260421_220618,21,3921.75,2472,1016.25,0.5644999999999999,0.8005000000000004
77,1,w1_20260421_220618,22,3662,2703,1035,0.5209999999999995,0.8135000000000002
77,1,w1_20260421_220618,23,1082,2830.5,3697.5,0.49649999999999983,0.35449999999999987
77,1,w1_20260421_220618,24,1967,3159.75,2663.25,0.4619999999999993,0.5504999999999999
77,1,w1_20260421_220618,25,1177.25,2824.5,3068.25,0.4749999999999996,0.3815000000000005
77,1,w1_20260421_220618,26,1489.5,2270.25,3800.25,0.601499999999999,0.32550000000000046
77,1,w1_20260421_220618,27,947.25,2086.5,4616.25,0.638,0.19050000000000003
77,1,w1_20260421_220618,28,-11.25,2211.75,4579.5,0.5895,0.09400000000000004
77,1,w1_20260421_220618,29,-200,592.2,1079.4,0.5184999999999992,0.0385
77,1,w1_20260421_220618,30,2205.75,1502.25,3612,0.7259999999999998,0.3235000000000005
77,1,w1_20260421_220618,31,496,2041.5,5122.5,0.6489999999999999,0.10649999999999986
77,1,w1_20260421_220618,32,733.5,2421.75,4614.75,0.5855000000000007,0.21
77,1,w1_20260421_220618,33,1142.75,2729.25,3348,0.4835000000000004,0.3894999999999999
77,1,w1_20260421_220618,34,2480.5,2796.75,2022.75,0.4939999999999992,0.5825
77,1,w1_20260421_220618,35,473.75,2511,4295.25,0.5419999999999997,0.21799999999999997
77,1,w1_20260421_220618,36,92.5,2808.75,3948.75,0.4649999999999998,0.1984999999999997
77,1,w1_20260421_220618,37,-200.00000000000009,1442.6502777114258,1834.8952350000156,0.2795000000000003,0.10250000000000008
77,1,w1_20260421_220618,38,-199.99999999999997,628.849249848,946.211916696,0.1250000000000005,0.278
77,1,w1_20260421_220618,39,-199.99999999999997,649.2170136877556,507.2130979841396,0.07999999999999984,0.13699999999999973
77,1,w1_20260421_220618,40,-200,628.32943125,737.26385625,0.1325000000000005,0.18350000000000005
77,1,w1_20260421_220618,41,434.5,1649.25,2366.25,0.4985,0.2795000000000002
77,1,w1_20260421_220618,42,1402.25,2083.5,4124.25,0.6400000000000001,0.2644999999999999
77,1,w1_20260421_220618,43,925.75,1990.5,4593.75,0.6465000000000003,0.15850000000000034
77,1,w1_20260421_220618,44,515.5,1909.5,4515,0.6480000000000004,0.09599999999999992
77,1,w1_20260421_220618,45,1327.5,2701.5,3501,0.5275000000000003,0.3684999999999994
77,1,w1_20260421_220618,46,2875.5,4093.5,681,0.29600000000000004,0.8755000000000014
77,1,w1_20260421_220618,47,382,3278.25,3639.75,0.4180000000000001,0.3295
77,1,w1_20260421_220618,48,135.75,2601,3293.25,0.45300000000000007,0.2409999999999997
77,1,w1_20260421_220618,49,824.5,2500.5,3405,0.5225000000000004,0.2684999999999997
77,1,w1_20260421_220618,50,1662,2058,3900,0.6374999999999998,0.29899999999999943
77,1,w1_20260421_220618,51,902.5,1568.25,3569.25,0.6379999999999998,0.15300000000000022
77,1,w1_20260421_220618,52,1358,1446,3936,0.6959999999999994,0.1614999999999999
77,1,w1_20260421_220618,53,3772,1971,1977,0.6639999999999996,0.6534999999999991
77,1,w1_20260421_220618,54,1582.25,2160,3987.75,0.6364999999999995,0.30600000000000027
77,1,w1_20260421_220618,55,1223.5,2365.5,3381,0.595,0.2874999999999997
77,1,w1_20260421_220618,56,565,2472,3933,0.5434999999999998,0.21849999999999933
77,1,w1_20260421_220618,57,329,2309.25,3381.75,0.5199999999999999,0.16000000000000025
77,1,w1_20260421_220618,58,734.25,3009.75,3306,0.49449999999999983,0.2944999999999999
77,1,w1_20260421_220618,59,1177.25,2409,3393.75,0.5674999999999996,0.331
77,1,w1_20260421_220618,60,2102.5,2029.5,2988,0.6265,0.41350000000000015
77,1,w1_20260421_220618,61,1734.5,2845.5,3390,0.5245000000000001,0.43450000000000005
77,1,w1_20260421_220618,62,4212.75,2786.25,801,0.5195,0.8645000000000007
77,1,w1_20260421_220618,63,733,1989,3468,0.5924999999999997,0.1534999999999999
77,1,w1_20260421_220618,64,304.75,3247.5,3507.75,0.4524999999999999,0.2665000000000002
77,1,w1_20260421_220618,65,718.5,2502.75,2688.75,0.5079999999999996,0.3329999999999995
77,1,w1_20260421_220618,66,572.25,2781.75,3696,0.5179999999999993,0.23949999999999985
77,1,w1_20260421_220618,67,1562.75,2251.5,4005.75,0.6114999999999995,0.31549999999999984
77,1,w1_20260421_220618,68,866,2739,4005,0.5199999999999998,0.2875000000000005
77,1,w1_20260421_220618,69,-199.99999998289937,3030.5188072323463,2507.7552204226354,0.2569999999999996,0.34100000000000036
77,1,w1_20260421_220618,70,-199.99999999999997,1298.6447717129386,1084.1416168255605,0.1944999999999999,0.3220000000000005
77,1,w1_20260421_220618,71,-200.00000000000009,1695.9834105882271,1475.0219914285108,0.23699999999999943,0.196
77,1,w1_20260421_220618,72,-200,1227.844381911401,1035.0799317190356,0.24249999999999933,0.1324999999999998
77,1,w1_20260421_220618,73,229.0125,1953.4875,2461.5,0.5189999999999992,0.1014999999999998
77,1,w1_20260421_220618,74,894.5,3906,3109.5,0.3489999999999994,0.4674999999999993
77,1,w1_20260421_220618,75,-199.91191990454567,2451.452932116874,1889.1459038519383,0.47199999999999986,0.25849999999999956
77,1,w1_20260421_220618,76,-199.96804177782212,890.2747503463829,900.2398493277395,0.4799999999999998,0.2834999999999995
77,1,w1_20260421_220618,77,-198.8130087237693,2196.209730922152,1737.864839220544,0.4905000000000001,0.24599999999999947
77,1,w1_20260421_220618,78,377,3400.5,3412.5,0.42099999999999954,0.3090000000000004
77,1,w1_20260421_220618,79,-199.9978804799797,3219.1321280540383,2902.1358614193155,0.39600000000000024,0.25450000000000067
77,1,w1_20260421_220618,80,-199.7745715387116,1442.3600290161264,1486.9611073318797,0.4339999999999995,0.24099999999999952
77,1,w1_20260421_220618,81,-199.95416141581143,1025.783634717987,1291.7025706615611,0.5524999999999992,0.16900000000000012
77,1,w1_20260421_220618,82,-86,3999,3567,0.3150000000000005,0.3225000000000006
77,1,w1_20260421_220618,83,28,3090.75,2771.25,0.3140000000000005,0.3535000000000006
77,1,w1_20260421_220618,84,185.75,3795.75,3358.5,0.31800000000000056,0.3829999999999993
77,1,w1_20260421_220618,85,72.25,3571.5,2876.25,0.3825000000000001,0.2789999999999999
77,1,w1_20260421_220618,86,-19.75,3359.25,2950.5,0.3874999999999996,0.24249999999999983
77,1,w1_20260421_220618,87,-199.9273233391629,2160.0446472300546,2085.0588625641985,0.3585000000000005,0.2575000000000002
77,1,w1_20260421_220618,88,-199.4440865704923,2679.440191439786,2539.3777623912415,0.34250000000000047,0.2940000000000003
77,1,w1_20260421_220618,89,-123,3723,3420,0.35150000000000015,0.2985000000000003
77,1,w1_20260421_220618,90,1069.5,2700,2950.5,0.5339999999999996,0.29149999999999987
77,1,w1_20260421_220618,91,-198.75137724927927,2273.4775868861184,1655.0858282668923,0.41100000000000025,0.2794999999999995
77,1,w1_20260421_220618,92,-199.90172675275363,2900.7873482513214,2400.9121444797584,0.3670000000000001,0.28899999999999937
77,1,w1_20260421_220618,93,-26.25,3338.25,2268,0.24499999999999997,0.38449999999999984
77,1,w1_20260421_220618,94,-200.00000000000003,3854.141427187499,1944.8772684375,0.2509999999999996,0.3739999999999995
77,1,w1_20260421_220618,95,239.25,2844,2466.75,0.4249999999999997,0.22250000000000017
77,1,w1_20260421_220618,96,580,2670.75,1799.25,0.4964999999999994,0.231
77,1,w1_20260421_220618,97,586.5,2970,3223.5,0.48249999999999943,0.2765000000000002
77,1,w1_20260421_220618,98,1559,2220,4041,0.6254999999999992,0.3040000000000005
77,1,w1_20260421_220618,99,454.75,2898.75,3316.5,0.46949999999999953,0.2380000000000003
77,1,w1_20260421_220618,100,-200.00000000000003,1908.46875,1448.04375,0.4360000000000006,0.4705
78,0,w0_20260421_220632,1,2467.5,1464,2428.5,0.6985000000000001,0.484
78,0,w0_20260421_220632,2,2107,2493.75,2699.25,0.5460000000000003,0.5075000000000001
78,0,w0_20260421_220632,3,1970,2641.5,2758.5,0.5240000000000006,0.4989999999999999
78,0,w0_20260421_220632,4,2296.5,2301,2782.5,0.5749999999999996,0.5005000000000001
78,0,w0_20260421_220632,5,3109.75,1635.75,2704.5,0.7045,0.5070000000000001
78,0,w0_20260421_220632,6,2636.75,1654.5,2928.75,0.7060000000000005,0.4514999999999996
78,0,w0_20260421_220632,7,2621.25,1502.25,3226.5,0.7304999999999999,0.4244999999999993
78,0,w0_20260421_220632,8,2217.25,1743.75,3159,0.6914999999999994,0.3994999999999997
78,0,w0_20260421_220632,9,4559,916.5,1744.5,0.8345000000000009,0.664999999999999
78,0,w0_20260421_220632,10,3007.5,1681.5,2601,0.6730000000000005,0.5270000000000006
78,0,w0_20260421_220632,11,2469.25,1497.75,3633,0.7360000000000003,0.3569999999999998
78,0,w0_20260421_220632,12,4881.5,1599,889.5,0.7029999999999998,0.8439999999999996
78,0,w0_20260421_220632,13,3463.75,2485.5,1410.75,0.5539999999999989,0.750000000000001
78,0,w0_20260421_220632,14,3916.25,1543.5,1940.25,0.7295,0.6419999999999991
78,0,w0_20260421_220632,15,3483.5,2508.75,1527.75,0.5735000000000001,0.7290000000000012
78,0,w0_20260421_220632,16,3549.25,1827,2073.75,0.6565000000000001,0.6465000000000003
78,0,w0_20260421_220632,17,2841.75,2227.5,2280.75,0.6019999999999998,0.5905000000000009
78,0,w0_20260421_220632,18,4535.5,1509,1465.5,0.7255000000000008,0.7390000000000002
78,0,w0_20260421_220632,19,4190.75,2027.25,1032,0.6244999999999995,0.8125000000000014
78,0,w0_20260421_220632,20,4405.75,2197.5,906.75,0.6185000000000003,0.8320000000000006
78,0,w0_20260421_220632,21,4623.25,1592.25,1324.5,0.7200000000000005,0.7645000000000002
78,0,w0_20260421_220632,22,3627.75,2864.25,1128,0.5034999999999996,0.8085000000000011
78,0,w0_20260421_220632,23,4610.25,1159.5,1610.25,0.7885000000000005,0.700999999999999
78,0,w0_20260421_220632,24,4876.5,2194.5,579,0.6149999999999994,0.8985000000000005
78,0,w0_20260421_220632,25,5501.75,1490.25,678,0.745,0.8780000000000014
78,0,w0_20260421_220632,26,4151.5,731.25,2747.25,0.8775000000000003,0.5049999999999991
78,0,w0_20260421_220632,27,2576.75,1007.25,4116,0.8250000000000002,0.2864999999999998
78,0,w0_20260421_220632,28,344.75,2816.25,4419,0.5115000000000003,0.2120000000000004
78,0,w0_20260421_220632,29,232.25,2418.75,4989,0.5840000000000003,0.12649999999999983
78,0,w0_20260421_220632,30,910.75,2250,3929.25,0.5575000000000004,0.2844999999999998
78,0,w0_20260421_220632,31,775.25,3444.75,3450,0.3940000000000001,0.39599999999999896
78,0,w0_20260421_220632,32,595.25,2322.75,4662,0.5780000000000007,0.1945000000000001
78,0,w0_20260421_220632,33,189,2420.25,5070.75,0.5605000000000007,0.13400000000000037
78,0,w0_20260421_220632,34,500.5,2301,4198.5,0.5400000000000008,0.19450000000000017
78,0,w0_20260421_220632,35,1099.5,2355,3895.5,0.5600000000000002,0.3035000000000001
78,0,w0_20260421_220632,36,559.5,2527.5,4353,0.54,0.22849999999999984
78,0,w0_20260421_220632,37,749,2664.75,4136.25,0.5200000000000006,0.2779999999999997
78,0,w0_20260421_220632,38,886,2310,4104,0.5635000000000008,0.24599999999999997
78,0,w0_20260421_220632,39,2650,2712,2208,0.5144999999999998,0.6109999999999993
78,0,w0_20260421_220632,40,845,2442,4503,0.5874999999999992,0.21649999999999983
78,0,w0_20260421_220632,41,1783.25,2648.25,3208.5,0.5350000000000008,0.4424999999999997
78,0,w0_20260421_220632,42,1898.75,2629.5,3111.75,0.5364999999999998,0.463499999999999
78,0,w0_20260421_220632,43,1660.75,1947,3602.25,0.6315,0.33799999999999997
78,0,w0_20260421_220632,44,1209,2488.5,4072.5,0.5724999999999989,0.2975000000000007
78,0,w0_20260421_220632,45,420,2299.5,4210.5,0.5679999999999998,0.19000000000000003
78,0,w0_20260421_220632,46,2275.5,2061,2893.5,0.6285000000000001,0.46400000000000013
78,0,w0_20260421_220632,47,1493,2238.75,3818.25,0.6015000000000001,0.32400000000000007
78,0,w0_20260421_220632,48,297,2691.75,3611.25,0.4629999999999999,0.26599999999999985
78,0,w0_20260421_220632,49,-200.00000000000003,1432.998,2131.554,0.646500000000001,0.24999999999999964
78,0,w0_20260421_220632,50,344.5,2940,3115.5,0.3804999999999999,0.3745000000000005
78,0,w0_20260421_220632,51,562.25,3762.75,3255,0.3370000000000001,0.4274999999999991
78,0,w0_20260421_220632,52,-199.99999999999997,2599.273394132099,2723.4242135980217,0.4380000000000004,0.3089999999999998
78,0,w0_20260421_220632,53,1190.75,3841.5,2307.75,0.31850000000000017,0.5604999999999998
78,0,w0_20260421_220632,54,2833.5,2473.5,2433,0.5765000000000005,0.5855000000000007
78,0,w0_20260421_220632,55,3159.5,1866,2314.5,0.6575000000000009,0.5809999999999998
78,0,w0_20260421_220632,56,397.25,2406.75,3336,0.4865,0.23050000000000004
78,0,w0_20260421_220632,57,836.75,2604.75,3688.5,0.5120000000000002,0.3170000000000002
78,0,w0_20260421_220632,58,797.25,2187,3885.75,0.5860000000000004,0.2345000000000007
78,0,w0_20260421_220632,59,2632,276,3582,0.9445000000000016,0.2615000000000002
78,0,w0_20260421_220632,60,3613.75,1332,2594.25,0.7615000000000015,0.5419999999999995
78,0,w0_20260421_220632,61,2930.75,1803,2396.25,0.6680000000000011,0.5474999999999998
78,0,w0_20260421_220632,62,2094.5,1785,3190.5,0.668500000000001,0.40399999999999975
78,0,w0_20260421_220632,63,1718.5,2233.5,3528,0.6090000000000004,0.3620000000000006
78,0,w0_20260421_220632,64,849.5,2412.75,4197.75,0.5670000000000001,0.26849999999999996
78,0,w0_20260421_220632,65,2338.75,2955,2636.25,0.5024999999999995,0.5544999999999995
78,0,w0_20260421_220632,66,1896,3042,2952,0.4879999999999995,0.5079999999999992
78,0,w0_20260421_220632,67,142.5,2799.75,3957.75,0.4809999999999998,0.20100000000000012
78,0,w0_20260421_220632,68,-189.39439525040336,2095.3719891176434,3367.1549025069767,0.5400000000000001,0.1670000000000002
78,0,w0_20260421_220632,69,-200,1095.75,1661.25,0.737500000000001,0.27799999999999964
78,0,w0_20260421_220632,70,-200,704.775,956.175,0.8195000000000013,0.31899999999999956
78,0,w0_20260421_220632,71,-194.591792,3316.4815200000003,3693.966432,0.35750000000000015,0.2564999999999994
78,0,w0_20260421_220632,72,-200,1959.986449125,2380.0127636249995,0.5580000000000006,0.2769999999999998
78,0,w0_20260421_220632,73,482.25,3384.75,3243,0.3540000000000002,0.3839999999999996
78,0,w0_20260421_220632,74,-25.5,3267,3628.5,0.3845000000000001,0.2969999999999999
78,0,w0_20260421_220632,75,707.5,4000.5,3162,0.3204999999999998,0.4685000000000005
78,0,w0_20260421_220632,76,218.25,3831,3480.75,0.3375000000000002,0.3745000000000007
78,0,w0_20260421_220632,77,110,2697.75,3812.25,0.44500000000000023,0.23099999999999976
78,0,w0_20260421_220632,78,-200,1771.7819706812706,2852.0529217781236,0.5830000000000009,0.2015
78,0,w0_20260421_220632,79,791.5,2760,3988.5,0.5295000000000009,0.26549999999999996
78,0,w0_20260421_220632,80,830.75,2481.75,3517.5,0.5075000000000006,0.3199999999999997
78,0,w0_20260421_220632,81,241.75,3475.5,4002.75,0.4095000000000006,0.29749999999999943
78,0,w0_20260421_220632,82,-199.4893583763977,2535.915769307007,3774.1020254845057,0.5030000000000004,0.19550000000000023
78,0,w0_20260421_220632,83,-199.98285626942103,2205.706722639211,3377.134605592986,0.5745000000000005,0.16650000000000018
78,0,w0_20260421_220632,84,306.75,2340.75,4192.5,0.5430000000000007,0.17999999999999983
78,0,w0_20260421_220632,85,669.5,2068.5,4152,0.5765000000000006,0.22399999999999967
78,0,w0_20260421_220632,86,646.25,2360.25,3613.5,0.5485000000000005,0.2404999999999999
78,0,w0_20260421_220632,87,1290.75,2537.25,3942,0.571499999999999,0.31150000000000044
78,0,w0_20260421_220632,88,1184,3201,3375,0.4545,0.4265000000000003
78,0,w0_20260421_220632,89,2453.5,2755.5,2751,0.539999999999999,0.5355000000000012
78,0,w0_20260421_220632,90,803.5,2518.5,4068,0.5614999999999998,0.23849999999999968
78,0,w0_20260421_220632,91,413.5,2329.5,3507,0.5129999999999996,0.2385
78,0,w0_20260421_220632,92,821,2647.5,3391.5,0.5265000000000001,0.2915
78,0,w0_20260421_220632,93,1075,2637,3408,0.5219999999999999,0.3269999999999995
78,0,w0_20260421_220632,94,2471.75,2769,2729.25,0.5345000000000001,0.5439999999999992
78,0,w0_20260421_220632,95,2415.75,1539,3335.25,0.7279999999999999,0.3739999999999995
78,0,w0_20260421_220632,96,1655.75,888,3536.25,0.8065000000000007,0.2075000000000002
78,0,w0_20260421_220632,97,2071.25,899.25,3169.5,0.8040000000000004,0.3470000000000001
78,0,w0_20260421_220632,98,2967.75,1124.25,2688,0.7850000000000007,0.4455000000000001
78,0,w0_20260421_220632,99,4338.75,895.5,2085.75,0.8285000000000002,0.6435000000000004
78,0,w0_20260421_220632,100,4685.5,1395.75,1398.75,0.7505,0.7590000000000003
78,1,w1_20260421_220648,1,2753.5,1497,2269.5,0.6990000000000003,0.5275
78,1,w1_20260421_220648,2,2325.25,2239.5,2735.25,0.5930000000000001,0.5015
78,1,w1_20260421_220648,3,2769.5,1842,2758.5,0.6759999999999997,0.4989999999999999
78,1,w1_20260421_220648,4,2390.25,2207.25,2782.5,0.5875000000000005,0.5005000000000001
78,1,w1_20260421_220648,5,2918.5,1621.5,2910,0.7134999999999997,0.4709999999999997
78,1,w1_20260421_220648,6,2429,1548.75,3242.25,0.7229999999999995,0.3954999999999994
78,1,w1_20260421_220648,7,1513.5,1832.25,4004.25,0.6539999999999998,0.28799999999999953
78,1,w1_20260421_220648,8,1426,1566.75,4127.25,0.711,0.2174999999999999
78,1,w1_20260421_220648,9,2264,2013.75,2942.25,0.6240000000000001,0.4545000000000007
78,1,w1_20260421_220648,10,1909.75,1261.5,4128.75,0.7730000000000002,0.24999999999999967
78,1,w1_20260421_220648,11,2079.5,2659.5,2841,0.5440000000000003,0.5019999999999997
78,1,w1_20260421_220648,12,3900,2236.5,1243.5,0.5954999999999995,0.7760000000000002
78,1,w1_20260421_220648,13,3588.25,1902.75,1869,0.6625000000000004,0.6750000000000007
78,1,w1_20260421_220648,14,3572,2218.5,1609.5,0.6015,0.7074999999999999
78,1,w1_20260421_220648,15,3394.25,2315.25,1810.5,0.6064999999999997,0.6799999999999994
78,1,w1_20260421_220648,16,3140.5,2448.75,1860.75,0.5449999999999998,0.6795
78,1,w1_20260421_220648,17,2320.25,986.25,3583.5,0.8020000000000007,0.3260000000000002
78,1,w1_20260421_220648,18,2563.75,2339.25,2577,0.5844999999999999,0.5475000000000002
78,1,w1_20260421_220648,19,4988.75,1236.75,1024.5,0.7674999999999997,0.8145000000000006
78,1,w1_20260421_220648,20,2990.5,1668.75,2970.75,0.7125000000000007,0.4770000000000011
78,1,w1_20260421_220648,21,3445,1951.5,2143.5,0.6525000000000003,0.6135
78,1,w1_20260421_220648,22,2892.5,3013.5,1824,0.4789999999999998,0.6845000000000013
78,1,w1_20260421_220648,23,990.5,2562,3877.5,0.5409999999999995,0.2845000000000002
78,1,w1_20260421_220648,24,3500.25,3116.25,1033.5,0.45350000000000057,0.8145000000000002
78,1,w1_20260421_220648,25,3636.5,3556.5,477,0.3955000000000002,0.9105
78,1,w1_20260421_220648,26,1078,4664.25,1947.75,0.21400000000000008,0.6499999999999999
78,1,w1_20260421_220648,27,174.25,2124.75,5391,0.6310000000000006,0.06599999999999999
78,1,w1_20260421_220648,28,2302.25,1506.75,3771,0.7394999999999999,0.33849999999999986
78,1,w1_20260421_220648,29,4322.5,2037.75,1359.75,0.6485000000000007,0.7655
78,1,w1_20260421_220648,30,2866.5,3241.5,1272,0.4140000000000004,0.7635000000000004
78,1,w1_20260421_220648,31,2227.25,2645.25,2797.5,0.5360000000000008,0.5060000000000003
78,1,w1_20260421_220648,32,2192.25,774,4713.75,0.8645000000000005,0.19499999999999995
78,1,w1_20260421_220648,33,3704.75,1266,2699.25,0.7769999999999988,0.5419999999999989
78,1,w1_20260421_220648,34,161,2227.5,4381.5,0.547,0.12450000000000008
78,1,w1_20260421_220648,35,1018.25,2670.75,3951,0.5265000000000001,0.31600000000000006
78,1,w1_20260421_220648,36,1207.25,2532.75,3600,0.5409999999999999,0.3374999999999997
78,1,w1_20260421_220648,37,-200,1133.742,2408.634,0.7285000000000013,0.23199999999999985
78,1,w1_20260421_220648,38,-196.3915252431996,2380.4968385148204,2969.789498498352,0.4985000000000003,0.2579999999999997
78,1,w1_20260421_220648,39,-169.9982147470284,1765.0007933962615,1497.753272845183,0.507,0.3424999999999996
78,1,w1_20260421_220648,40,-200.00000000000003,1285.1387550000002,1392.438135,0.6800000000000008,0.32799999999999957
78,1,w1_20260421_220648,41,-103.54397397153816,3259.3593984618747,3762.768408535801,0.38,0.2860000000000002
78,1,w1_20260421_220648,42,-41.25,3090,4301.25,0.4585000000000003,0.19849999999999987
78,1,w1_20260421_220648,43,762,2733.75,3704.25,0.5005000000000003,0.3130000000000002
78,1,w1_20260421_220648,44,389.5,2808.75,4161.75,0.4875,0.23449999999999985
78,1,w1_20260421_220648,45,1213.25,2361,3585.75,0.5830000000000006,0.31899999999999956
78,1,w1_20260421_220648,46,660,2000.25,4119.75,0.6194999999999995,0.20200000000000015
78,1,w1_20260421_220648,47,538.75,2217,4214.25,0.6019999999999994,0.16750000000000032
78,1,w1_20260421_220648,48,1257.75,2120.25,3312,0.6044999999999999,0.3040000000000002
78,1,w1_20260421_220648,49,573.25,2339.25,3397.5,0.5189999999999999,0.27850000000000064
78,1,w1_20260421_220648,50,11.25,3044.25,3244.5,0.3675,0.321
78,1,w1_20260421_220648,51,-199.99999999999997,1016.0732307890624,887.0750768203126,0.7355000000000009,0.33949999999999947
78,1,w1_20260421_220648,52,2.499999999999991,3925.5,3612,0.31250000000000017,0.35850000000000065
78,1,w1_20260421_220648,53,-200,2025.212895278906,1967.616876532031,0.5585000000000006,0.22700000000000056
78,1,w1_20260421_220648,54,-200,1027.46943703125,981.74971265625,0.7215000000000009,0.3609999999999994
78,1,w1_20260421_220648,55,-200,936.6,811.8,0.742500000000001,0.35449999999999937
78,1,w1_20260421_220648,56,-200,1473.075,999.975,0.6625000000000008,0.6255
78,1,w1_20260421_220648,57,964,2778,3438,0.4810000000000007,0.3640000000000002
78,1,w1_20260421_220648,58,493.25,2205,3711.75,0.5710000000000006,0.2140000000000005
78,1,w1_20260421_220648,59,2099.5,1881.75,2718.75,0.6670000000000009,0.4470000000000005
78,1,w1_20260421_220648,60,2318.5,2153.25,2318.25,0.5635000000000009,0.5215000000000001
78,1,w1_20260421_220648,61,2047.25,2196,2286.75,0.5490000000000004,0.5215000000000001
78,1,w1_20260421_220648,62,2297.75,2303.25,2019,0.5460000000000005,0.5635000000000007
78,1,w1_20260421_220648,63,1096,2764.5,3619.5,0.5169999999999997,0.3255000000000004
78,1,w1_20260421_220648,64,815.75,2115,3569.25,0.5759999999999994,0.2550000000000001
78,1,w1_20260421_220648,65,1128.5,2629.5,4092,0.5514999999999994,0.3060000000000006
78,1,w1_20260421_220648,66,1089.5,2430,3160.5,0.5154999999999998,0.3560000000000002
78,1,w1_20260421_220648,67,1212.25,2545.5,2642.25,0.4954999999999998,0.4029999999999998
78,1,w1_20260421_220648,68,499.5,2828.25,3242.25,0.43449999999999994,0.3195000000000004
78,1,w1_20260421_220648,69,639.75,3255,3995.25,0.4535000000000002,0.3210000000000007
78,1,w1_20260421_220648,70,222.75,2895.75,2881.5,0.4130000000000003,0.27349999999999997
78,1,w1_20260421_220648,71,244.25,3402.75,3903,0.39750000000000063,0.31449999999999995
78,1,w1_20260421_220648,72,1793.25,3032.25,2794.5,0.47200000000000025,0.5015000000000005
78,1,w1_20260421_220648,73,2362,3312,1686,0.4360000000000004,0.689
78,1,w1_20260421_220648,74,235.25,2935.5,3329.25,0.42700000000000066,0.24400000000000097
78,1,w1_20260421_220648,75,-199.99999999999991,871.7740966189115,1210.6761556943914,0.31149999999999994,0.33899999999999975
78,1,w1_20260421_220648,76,-200.00000000000003,1410.372100605,1753.873856865,0.315,0.2664999999999997
78,1,w1_20260421_220648,77,-200,1071.37734375,1155.51796875,0.307,0.31299999999999956
78,1,w1_20260421_220648,78,-200,1090.5,1306.5,0.3949999999999998,0.30399999999999955
78,1,w1_20260421_220648,79,325,2569.5,3475.5,0.4600000000000002,0.24299999999999983
78,1,w1_20260421_220648,80,761.25,2703.75,3015,0.4855000000000002,0.34499999999999986
78,1,w1_20260421_220648,81,838,2374.5,2947.5,0.5065000000000004,0.32800000000000024
78,1,w1_20260421_220648,82,821,2940.75,3218.25,0.4495000000000001,0.3625
78,1,w1_20260421_220648,83,1021.25,2485.5,2753.25,0.503,0.374
78,1,w1_20260421_220648,84,1530.75,2356.5,2682.75,0.5689999999999995,0.42399999999999993
78,1,w1_20260421_220648,85,1676.75,2226.75,2896.5,0.5959999999999996,0.3719999999999994
78,1,w1_20260421_220648,86,968.25,2529.75,2802,0.5229999999999997,0.36199999999999993
78,1,w1_20260421_220648,87,280,2191.5,2698.5,0.46350000000000025,0.2814999999999998
78,1,w1_20260421_220648,88,580,3783,3357,0.3575000000000001,0.4060000000000003
78,1,w1_20260421_220648,89,1871,3374.25,2604.75,0.4370000000000002,0.5525000000000007
78,1,w1_20260421_220648,90,1255,3338.25,2736.75,0.4135000000000001,0.4805
78,1,w1_20260421_220648,91,587.5,3015,3247.5,0.44450000000000034,0.3435000000000001
78,1,w1_20260421_220648,92,1453.75,2940,2666.25,0.4545000000000004,0.4600000000000008
78,1,w1_20260421_220648,93,727.25,3153.75,3249,0.4400000000000007,0.3530000000000007
78,1,w1_20260421_220648,94,-86,3664.5,3841.5,0.3555000000000006,0.3000000000000005
78,1,w1_20260421_220648,95,-199.99999999999997,2012.39848040625,2042.7410290312496,0.35300000000000054,0.3594999999999999
78,1,w1_20260421_220648,96,179.75,3106.5,2463.75,0.3500000000000003,0.3395000000000002
78,1,w1_20260421_220648,97,778.25,3469.5,2762.25,0.3715000000000001,0.4490000000000006
78,1,w1_20260421_220648,98,155.25,3723,3381.75,0.3510000000000001,0.3720000000000001
78,1,w1_20260421_220648,99,203,3242.25,3114.75,0.40450000000000025,0.29600000000000004
78,1,w1_20260421_220648,100,-142,2835,2697,0.3755000000000001,0.2654999999999996
79,0,w0_20260421_220703,1,2695.25,1891.5,1583.25,0.5615,0.6474999999999992
79,0,w0_20260421_220703,2,2245.75,2144.25,2640,0.5959999999999999,0.5009999999999991
79,0,w0_20260421_220703,3,927,2367.75,3845.25,0.5569999999999993,0.27349999999999963
79,0,w0_20260421_220703,4,-200,1531.95,1937.25,0.5934999999999995,0.22799999999999987
79,0,w0_20260421_220703,5,-200,1401.8666999999998,1770.258375,0.6249999999999991,0.2024999999999999
79,0,w0_20260421_220703,6,2364.5,659.25,4316.25,0.8750000000000013,0.2234999999999998
79,0,w0_20260421_220703,7,1416.5,1740,4303.5,0.6949999999999998,0.22349999999999975
79,0,w0_20260421_220703,8,1677,1310.25,4452.75,0.7515000000000001,0.21500000000000033
79,0,w0_20260421_220703,9,2413.25,1856.25,3070.5,0.6785000000000002,0.4355000000000003
79,0,w0_20260421_220703,10,2642.25,3519.75,1308,0.36099999999999965,0.7725000000000004
79,0,w0_20260421_220703,11,2312.75,2271.75,2995.5,0.607,0.46400000000000063
79,0,w0_20260421_220703,12,4185.75,2001.75,1162.5,0.6340000000000007,0.7874999999999998
79,0,w0_20260421_220703,13,2731,3681,1098,0.33199999999999963,0.8094999999999999
79,0,w0_20260421_220703,14,2649.25,2589.75,2241,0.552,0.5959999999999996
79,0,w0_20260421_220703,15,1580.75,3145.5,2673.75,0.4094999999999998,0.5305000000000004
79,0,w0_20260421_220703,16,1862,3774,1854,0.3429999999999994,0.6674999999999994
79,0,w0_20260421_220703,17,2301.75,4074,1244.25,0.29149999999999965,0.783999999999999
79,0,w0_20260421_220703,18,2042.75,2789.25,2688,0.5185000000000001,0.5135000000000003
79,0,w0_20260421_220703,19,2689.75,1742.25,3138,0.6925000000000011,0.45050000000000046
79,0,w0_20260421_220703,20,2286.75,2715,2168.25,0.5124999999999997,0.5899999999999995
79,0,w0_20260421_220703,21,3497.75,2284.5,1977.75,0.5930000000000003,0.6700000000000006
79,0,w0_20260421_220703,22,1186.25,2089.5,4334.25,0.6355000000000003,0.23700000000000007
79,0,w0_20260421_220703,23,1837.75,3317.25,2535,0.4199999999999999,0.5600000000000012
79,0,w0_20260421_220703,24,304,3295.5,3880.5,0.4214999999999998,0.30949999999999983
79,0,w0_20260421_220703,25,1151.25,2679,3519.75,0.5140000000000002,0.3585000000000002
79,0,w0_20260421_220703,26,-200,1045.5,2011.5,0.33199999999999924,0.4854999999999996
79,0,w0_20260421_220703,27,572.25,2264.25,4783.5,0.6045000000000006,0.16750000000000026
79,0,w0_20260421_220703,28,-200,530.3377967809924,676.8611780180977,0.20449999999999977,0.627999999999999
79,0,w0_20260421_220703,29,-200,506.25,833.25,0.22149999999999975,0.039
79,0,w0_20260421_220703,30,1397.5,1944,4378.5,0.6680000000000011,0.23150000000000032
79,0,w0_20260421_220703,31,1689.25,2010,3900.75,0.6425000000000007,0.32350000000000045
79,0,w0_20260421_220703,32,556.5,2311.5,4752,0.5870000000000004,0.17999999999999997
79,0,w0_20260421_220703,33,1522.5,2974.5,3183,0.4835000000000007,0.455
79,0,w0_20260421_220703,34,1892,2079,3699,0.6415000000000011,0.35250000000000026
79,0,w0_20260421_220703,35,763.5,3669,3457.5,0.3794999999999999,0.4175000000000002
79,0,w0_20260421_220703,36,3.75,3124.5,3951.75,0.428,0.20499999999999993
79,0,w0_20260421_220703,37,877.5,3147,3625.5,0.44550000000000006,0.38450000000000073
79,0,w0_20260421_220703,38,438,2277.75,4154.25,0.5675000000000003,0.15749999999999972
79,0,w0_20260421_220703,39,1947.75,1466.25,3906,0.7290000000000006,0.2914999999999997
79,0,w0_20260421_220703,40,1860.5,1843.5,4056,0.687500000000001,0.2945000000000007
79,0,w0_20260421_220703,41,812.5,2575.5,4362,0.5500000000000008,0.25300000000000006
79,0,w0_20260421_220703,42,685.25,2499,4545.75,0.5735000000000009,0.2075000000000006
79,0,w0_20260421_220703,43,1599,1935,4176,0.6690000000000002,0.27649999999999975
79,0,w0_20260421_220703,44,1977.5,1759.5,3933,0.7029999999999994,0.3064999999999998
79,0,w0_20260421_220703,45,918.5,2921.25,3740.25,0.4964999999999996,0.3450000000000007
79,0,w0_20260421_220703,46,1366.5,2521.5,3942,0.57,0.3209999999999999
79,0,w0_20260421_220703,47,1454,1911,4215,0.6665000000000001,0.24800000000000055
79,0,w0_20260421_220703,48,370.5,2659.5,4080,0.5005000000000003,0.24800000000000016
79,0,w0_20260421_220703,49,623,2781,4446,0.5255000000000005,0.2409999999999997
79,0,w0_20260421_220703,50,2224.25,2445,3270.75,0.5925000000000004,0.44249999999999967
79,0,w0_20260421_220703,51,1790,2454,3456,0.5750000000000003,0.4040000000000006
79,0,w0_20260421_220703,52,1046.75,3840.75,2842.5,0.33500000000000035,0.5155000000000005
79,0,w0_20260421_220703,53,282,3051,3627,0.4585000000000002,0.2535000000000001
79,0,w0_20260421_220703,54,2446.25,2672.25,2611.5,0.5479999999999999,0.5245000000000004
79,0,w0_20260421_220703,55,2191.75,2347.5,2490.75,0.5655000000000002,0.5160000000000005
79,0,w0_20260421_220703,56,2558.25,2153.25,2878.5,0.6185000000000005,0.4915000000000005
79,0,w0_20260421_220703,57,3227,2857.5,1735.5,0.5215000000000007,0.7019999999999996
79,0,w0_20260421_220703,58,2239.25,2484.75,2916,0.5680000000000001,0.4749999999999996
79,0,w0_20260421_220703,59,1985.75,2166,3488.25,0.6219999999999996,0.37949999999999967
79,0,w0_20260421_220703,60,2910,1465.5,3454.5,0.7510000000000003,0.4205000000000003
79,0,w0_20260421_220703,61,2991.25,1260,3648.75,0.7894999999999986,0.3795000000000002
79,0,w0_20260421_220703,62,135.02719055734565,2812.608963087322,3371.848862783163,0.45000000000000034,0.2725000000000003
79,0,w0_20260421_220703,63,741.75,3052.5,3435.75,0.4455000000000001,0.3824999999999999
79,0,w0_20260421_220703,64,455.75,2700.75,3553.5,0.4919999999999999,0.2640000000000001
79,0,w0_20260421_220703,65,1042,1950,3378,0.6165000000000002,0.25150000000000033
79,0,w0_20260421_220703,66,2167.75,2079,3503.25,0.6455000000000009,0.3905000000000009
79,0,w0_20260421_220703,67,880,2338.5,3901.5,0.5770000000000004,0.2070000000000004
79,0,w0_20260421_220703,68,-160,2625,4185,0.508,0.09550000000000004
79,0,w0_20260421_220703,69,598.5,2481,3940.5,0.5449999999999999,0.21800000000000003
79,0,w0_20260421_220703,70,2416.5,1471.5,3822,0.7509999999999987,0.32000000000000045
79,0,w0_20260421_220703,71,2286.25,1509.75,4164,0.7474999999999997,0.30600000000000027
79,0,w0_20260421_220703,72,2884,1791,3135,0.6970000000000013,0.4539999999999996
79,0,w0_20260421_220703,73,3804.5,1825.5,2280,0.6895000000000011,0.6174999999999992
79,0,w0_20260421_220703,74,2430,2901,2409,0.5000000000000001,0.5934999999999997
79,0,w0_20260421_220703,75,1677.75,2876.25,2946,0.4865000000000006,0.4795
79,0,w0_20260421_220703,76,-77.75,2447.25,3430.5,0.47750000000000026,0.17750000000000007
79,0,w0_20260421_220703,77,-200,1341.3558768,1962.354456,0.5469999999999993,0.5319999999999994
79,0,w0_20260421_220703,78,1583.5,2082,3874.5,0.6275000000000003,0.30950000000000044
79,0,w0_20260421_220703,79,1827,2166,3867,0.6390000000000005,0.3300000000000004
79,0,w0_20260421_220703,80,3192.25,2842.5,1565.25,0.49900000000000005,0.7320000000000013
79,0,w0_20260421_220703,81,996,3840,2844,0.33599999999999985,0.5134999999999994
79,0,w0_20260421_220703,82,-200,2640,2628,0.4144999999999997,0.3979999999999999
79,0,w0_20260421_220703,83,-0.5,3012,3298.5,0.3840000000000002,0.29250000000000026
79,0,w0_20260421_220703,84,-15.25,3663,3692.25,0.3325,0.3360000000000001
79,0,w0_20260421_220703,85,-200,1826.508,1766.004,0.4869999999999999,0.5139999999999995
79,0,w0_20260421_220703,86,1026.5,2326.5,3627,0.5494999999999999,0.2990000000000003
79,0,w0_20260421_220703,87,1086.5,2748,3895.5,0.5369999999999997,0.3295000000000003
79,0,w0_20260421_220703,88,2871,2418,2361,0.586,0.5790000000000002
79,0,w0_20260421_220703,89,1674,2517,3699,0.5694999999999998,0.3834999999999997
79,0,w0_20260421_220703,90,1356,2940,3624,0.5099999999999995,0.3769999999999997
79,0,w0_20260421_220703,91,1244,2997,3639,0.5005000000000001,0.3905000000000001
79,0,w0_20260421_220703,92,1239.25,2496.75,4014,0.5610000000000004,0.3135000000000005
79,0,w0_20260421_220703,93,1124.5,2461.5,3174,0.5070000000000005,0.3670000000000002
79,0,w0_20260421_220703,94,1050.25,3156.75,3123,0.4474999999999996,0.4070000000000001
79,0,w0_20260421_220703,95,351,2952.75,3116.25,0.41999999999999976,0.3080000000000004
79,0,w0_20260421_220703,96,374.25,3726,3459.75,0.3499999999999999,0.3999999999999993
79,0,w0_20260421_220703,97,446.5,3948,3445.5,0.32349999999999995,0.41950000000000054
79,0,w0_20260421_220703,98,409.75,3809.25,2691,0.2555000000000001,0.5380000000000003
79,0,w0_20260421_220703,99,-200,1477.125,917.625,0.41950000000000054,0.6819999999999989
79,0,w0_20260421_220703,100,4153.75,654,3122.25,0.8870000000000006,0.4745
79,1,w1_20260421_220717,1,867.5,1734,3568.5,0.6014999999999998,0.25850000000000045
79,1,w1_20260421_220717,2,322.75,2091,4496.25,0.5994999999999997,0.15149999999999983
79,1,w1_20260421_220717,3,-199.99999999999991,1419.9639942840186,1792.4136955366102,0.5769999999999997,0.21650000000000008
79,1,w1_20260421_220717,4,708.75,1952.25,3999,0.6165000000000002,0.1824999999999999
79,1,w1_20260421_220717,5,-199.0685,2811.495,4193.6835,0.458,0.16099999999999984
79,1,w1_20260421_220717,6,-199.99999999999997,1639.04625,2233.56375,0.5604999999999993,0.183
79,1,w1_20260421_220717,7,1107.5,1801.5,4401,0.685,0.17950000000000002
79,1,w1_20260421_220717,8,812.25,1602.75,4395,0.6915000000000007,0.1394999999999998
79,1,w1_20260421_220717,9,1458.5,2278.5,3603,0.5875000000000001,0.3375000000000001
79,1,w1_20260421_220717,10,1905.25,2583.75,2511,0.5154999999999997,0.4919999999999995
79,1,w1_20260421_220717,11,2684.75,2778.75,2116.5,0.5234999999999999,0.6195000000000005
79,1,w1_20260421_220717,12,3653.5,2676.75,999.75,0.5015000000000007,0.8189999999999991
79,1,w1_20260421_220717,13,4680,1537.5,1282.5,0.7240000000000012,0.7749999999999997
79,1,w1_20260421_220717,14,4129,1658.25,1692.75,0.6940000000000005,0.7010000000000002
79,1,w1_20260421_220717,15,2861.25,1790.25,2728.5,0.6730000000000007,0.511999999999999
79,1,w1_20260421_220717,16,3849.25,2300.25,1330.5,0.5835000000000001,0.7604999999999995
79,1,w1_20260421_220717,17,1904,3576,2100,0.373,0.6245000000000008
79,1,w1_20260421_220717,18,4851.5,1985.25,683.25,0.6604999999999999,0.883
79,1,w1_20260421_220717,19,1949,2197.5,2953.5,0.5819999999999994,0.4420000000000001
79,1,w1_20260421_220717,20,2600.75,1878.75,2440.5,0.6499999999999999,0.5025
79,1,w1_20260421_220717,21,2825.75,1743,3191.25,0.7020000000000006,0.46749999999999986
79,1,w1_20260421_220717,22,3527.5,585,3097.5,0.8935000000000014,0.4184999999999997
79,1,w1_20260421_220717,23,2909.75,469.5,2970.75,0.8955,0.3679999999999999
79,1,w1_20260421_220717,24,2759.5,986.25,3584.25,0.8225000000000006,0.3450000000000004
79,1,w1_20260421_220717,25,1058.25,1628.25,3913.5,0.6700000000000003,0.22349999999999948
79,1,w1_20260421_220717,26,1849.25,1289.25,3841.5,0.7595000000000005,0.259
79,1,w1_20260421_220717,27,2886.75,813,3500.25,0.8435000000000015,0.3399999999999998
79,1,w1_20260421_220717,28,4036,907.5,2806.5,0.8449999999999995,0.5190000000000008
79,1,w1_20260421_220717,29,2350,1068.75,3911.25,0.8130000000000004,0.2835000000000003
79,1,w1_20260421_220717,30,929,2622,3699,0.5390000000000001,0.29100000000000004
79,1,w1_20260421_220717,31,419,1827.75,4853.25,0.6560000000000002,0.09750000000000002
79,1,w1_20260421_220717,32,345.5,2396.25,4358.25,0.569,0.18849999999999997
79,1,w1_20260421_220717,33,1531.75,2802,3206.25,0.5025000000000005,0.4325000000000008
79,1,w1_20260421_220717,34,241.75,3378.75,3859.5,0.388,0.3100000000000003
79,1,w1_20260421_220717,35,-199.99999999999991,1838.0914479492187,2079.377670996094,0.2065,0.25250000000000045
79,1,w1_20260421_220717,36,80.76500000000001,3932.385,3351.45,0.30499999999999994,0.3720000000000004
79,1,w1_20260421_220717,37,298.75,3008.25,4143,0.4575000000000002,0.25699999999999984
79,1,w1_20260421_220717,38,-200,522.6375,962.5875,0.117,0.0569999999999999
79,1,w1_20260421_220717,39,702,2740.5,3667.5,0.4905000000000002,0.3140000000000002
79,1,w1_20260421_220717,40,1392.25,2661.75,3396,0.5450000000000002,0.37349999999999944
79,1,w1_20260421_220717,41,1232.25,1978.5,3749.25,0.6420000000000003,0.2740000000000002
79,1,w1_20260421_220717,42,2092,1265.25,3462.75,0.7740000000000005,0.28750000000000003
79,1,w1_20260421_220717,43,4450.5,752.25,2327.25,0.8695000000000003,0.5874999999999994
79,1,w1_20260421_220717,44,4709,1228.5,1912.5,0.7945000000000004,0.6699999999999993
79,1,w1_20260421_220717,45,1655,1767.75,3767.25,0.6790000000000004,0.2880000000000001
79,1,w1_20260421_220717,46,854.75,2052.75,3112.5,0.581,0.25800000000000006
79,1,w1_20260421_220717,47,439.5,2622,3778.5,0.5159999999999999,0.209
79,1,w1_20260421_220717,48,577.25,3261.75,3471,0.4124999999999997,0.34699999999999953
79,1,w1_20260421_220717,49,-200,522,726,0.099,0.03349999999999998
79,1,w1_20260421_220717,50,-199.99999999999997,628.4127757406719,639.7247075256095,0.07,0.3835
79,1,w1_20260421_220717,51,-200.00000000000009,763.5647568255457,480.0839154964013,0.0325,0.879
79,1,w1_20260421_220717,52,-199.99999999999991,2056.9132688147843,1087.5596779622094,0.05799999999999998,0.773
79,1,w1_20260421_220717,53,-200,1782.8273496853149,2121.67322123011,0.20650000000000024,0.30949999999999966
79,1,w1_20260421_220717,54,-89.75,2967.75,3462,0.35149999999999976,0.22700000000000017
79,1,w1_20260421_220717,55,-200,522.501,536.313,0.044,0.23149999999999996
79,1,w1_20260421_220717,56,10.75,3308.25,3711,0.35650000000000026,0.297
79,1,w1_20260421_220717,57,-200,3318.185625,3437.038125,0.3370000000000002,0.29200000000000015
79,1,w1_20260421_220717,58,-199.99999999999997,864.1950587811854,1269.3017944690837,0.15699999999999997,0.6829999999999999
79,1,w1_20260421_220717,59,3255,3324,1131,0.4350000000000002,0.8000000000000003
79,1,w1_20260421_220717,60,2090.5,3267,2152.5,0.42150000000000015,0.6275000000000003
79,1,w1_20260421_220717,61,-200,846.2212499999999,1010.12625,0.18900000000000028,0.24799999999999991
79,1,w1_20260421_220717,62,1871.5,5063.25,935.25,0.1475000000000005,0.8345000000000014
79,1,w1_20260421_220717,63,513.25,3877.5,2909.25,0.30550000000000027,0.43599999999999967
79,1,w1_20260421_220717,64,-199.99999999999991,724.6790913383487,750.5719812632756,0.2770000000000007,0.07549999999999986
79,1,w1_20260421_220717,65,-47.25,3672.75,3304.5,0.30800000000000083,0.33800000000000013
79,1,w1_20260421_220717,66,213.5,5022,2674.5,0.14949999999999972,0.551999999999999
79,1,w1_20260421_220717,67,2027.75,3881.25,1791,0.3110000000000002,0.6914999999999989
79,1,w1_20260421_220717,68,25.25,4632.75,3222,0.22550000000000037,0.45250000000000007
79,1,w1_20260421_220717,69,-177.5,3704.25,3503.25,0.32800000000000035,0.2945
79,1,w1_20260421_220717,70,-200.00000000000003,952.0065404578316,986.0094457351346,0.25249999999999995,0.6054999999999995
79,1,w1_20260421_220717,71,2389.25,3415.5,1865.25,0.4059999999999999,0.6604999999999999
79,1,w1_20260421_220717,72,2515.5,3439.5,1905,0.4185000000000004,0.6729999999999994
79,1,w1_20260421_220717,73,1145.75,3616.5,2937.75,0.3845000000000003,0.5004999999999994
79,1,w1_20260421_220717,74,267,3477,3396,0.36200000000000015,0.34350000000000025
79,1,w1_20260421_220717,75,1013.5,3248.25,2708.25,0.4245000000000001,0.43249999999999994
79,1,w1_20260421_220717,76,-200,1797.736875,2120.454375,0.6075,0.4720000000000001
79,1,w1_20260421_220717,77,1151.5,2544,2524.5,0.4484999999999998,0.5304999999999999
79,1,w1_20260421_220717,78,788,3621,3411,0.3964999999999998,0.4059999999999993
79,1,w1_20260421_220717,79,1199.25,3534,3246.75,0.4109999999999993,0.4560000000000005
79,1,w1_20260421_220717,80,1261.75,3327,3251.25,0.4319999999999993,0.44850000000000045
79,1,w1_20260421_220717,81,897.25,3204,3648.75,0.4564999999999997,0.3704999999999998
79,1,w1_20260421_220717,82,3714,2422.5,1693.5,0.592000000000001,0.7019999999999997
79,1,w1_20260421_220717,83,3259,2814.75,1676.25,0.518500000000001,0.707499999999999
79,1,w1_20260421_220717,84,1882.5,3159,2848.5,0.46650000000000047,0.5199999999999994
79,1,w1_20260421_220717,85,1868.75,2425.5,2865.75,0.5620000000000002,0.4449999999999995
79,1,w1_20260421_220717,86,3819,2673,1458,0.5545000000000004,0.7564999999999991
79,1,w1_20260421_220717,87,2093,2647.5,2719.5,0.5325000000000002,0.49649999999999905
79,1,w1_20260421_220717,88,1309.25,2893.5,3107.25,0.5100000000000002,0.4034999999999993
79,1,w1_20260421_220717,89,256.25,3084.75,3129,0.4804999999999997,0.17350000000000004
79,1,w1_20260421_220717,90,10.75,3123,2996.25,0.4674999999999999,0.0925
79,1,w1_20260421_220717,91,2263.75,2508,3008.25,0.582,0.4705
79,1,w1_20260421_220717,92,1019.25,1991.25,3409.5,0.5704999999999996,0.2799999999999998
79,1,w1_20260421_220717,93,1112.5,2154,3133.5,0.5589999999999996,0.3315000000000002
79,1,w1_20260421_220717,94,687.75,2599.5,3672.75,0.5619999999999996,0.19149999999999992
79,1,w1_20260421_220717,95,1224.25,2328.75,3237,0.5704999999999995,0.2989999999999996
79,1,w1_20260421_220717,96,457.5,2736.75,3645.75,0.5289999999999996,0.18899999999999992
79,1,w1_20260421_220717,97,645.25,2542.5,3722.25,0.568,0.1910000000000001
79,1,w1_20260421_220717,98,1209.75,2442.75,2917.5,0.5655000000000001,0.3585000000000001
79,1,w1_20260421_220717,99,1077,2166,3777,0.6384999999999995,0.2459999999999999
79,1,w1_20260421_220717,100,2243,1683,3594,0.7194999999999999,0.3359999999999998
80,0,w0_20260421_220730,1,1279,915.75,1745.25,0.6934999999999999,0.4365000000000006
80,0,w0_20260421_220730,2,515.5,1284,2200.5,0.5735000000000001,0.2649999999999996
80,0,w0_20260421_220730,3,921.75,1101.75,2086.5,0.6425000000000004,0.30549999999999966
80,0,w0_20260421_220730,4,923,686.25,2400.75,0.7680000000000001,0.22899999999999968
80,0,w0_20260421_220730,5,1190.25,986.25,3133.5,0.7425,0.2404999999999996
80,0,w0_20260421_220730,6,1552.25,1636.5,3821.25,0.694,0.2594999999999996
80,0,w0_20260421_220730,7,2182.5,1653.75,3183.75,0.6719999999999993,0.3875
80,0,w0_20260421_220730,8,2401.75,1653.75,3124.5,0.6939999999999997,0.4189999999999998
80,0,w0_20260421_220730,9,3178,1449.75,1382.25,0.6759999999999999,0.6969999999999998
80,0,w0_20260421_220730,10,4029,1629.75,911.25,0.6739999999999996,0.7969999999999997
80,0,w0_20260421_220730,11,3088.5,1883.25,1778.25,0.625499999999999,0.6510000000000012
80,0,w0_20260421_220730,12,3428.75,2138.25,1803,0.6204999999999997,0.6855000000000008
80,0,w0_20260421_220730,13,4523.75,1584,1172.25,0.7044999999999996,0.7849999999999998
80,0,w0_20260421_220730,14,3468.25,1339.5,2642.25,0.7524999999999992,0.5435000000000003
80,0,w0_20260421_220730,15,3404,1429.5,2476.5,0.7279999999999999,0.5574999999999999
80,0,w0_20260421_220730,16,4047.25,1824,1818.75,0.6789999999999999,0.6885000000000007
80,0,w0_20260421_220730,17,4175.25,2091.75,1173,0.6409999999999999,0.7920000000000016
80,0,w0_20260421_220730,18,4062,2606.25,891.75,0.5409999999999996,0.850999999999999
80,0,w0_20260421_220730,19,1704.5,2825.25,2810.25,0.49599999999999944,0.4954999999999998
80,0,w0_20260421_220730,20,2329.75,2600.25,2520,0.5409999999999998,0.5350000000000007
80,0,w0_20260421_220730,21,4450,630,2430,0.8915000000000001,0.5639999999999988
80,0,w0_20260421_220730,22,3945,1288.5,2326.5,0.7690000000000002,0.5845000000000007
80,0,w0_20260421_220730,23,3343.75,2634,1652.25,0.5309999999999999,0.7150000000000002
80,0,w0_20260421_220730,24,1277.5,2319,3403.5,0.5659999999999996,0.3395000000000003
80,0,w0_20260421_220730,25,2867,2754,1839,0.5164999999999996,0.6720000000000002
80,0,w0_20260421_220730,26,3419.5,3206.25,884.25,0.44650000000000006,0.8400000000000013
80,0,w0_20260421_220730,27,1104,3964.5,2671.5,0.31550000000000006,0.5385000000000005
80,0,w0_20260421_220730,28,543.5,3213,3853.5,0.4469999999999995,0.3270000000000003
80,0,w0_20260421_220730,29,2959.75,2253,2447.25,0.612,0.5784999999999997
80,0,w0_20260421_220730,30,4400.5,1653,1636.5,0.7074999999999999,0.717499999999999
80,0,w0_20260421_220730,31,1553.5,2005.5,4071,0.6615000000000001,0.279
80,0,w0_20260421_220730,32,802,2400,4458,0.5780000000000004,0.2169999999999996
80,0,w0_20260421_220730,33,-199.99999999999997,3136.22091,4260.03543,0.43249999999999994,0.20850000000000043
80,0,w0_20260421_220730,34,-200,478.5,460.5,0.3280000000000004,0.2810000000000004
80,0,w0_20260421_220730,35,-200.00000000000003,992.9445,1041.9195,0.32300000000000045,0.2850000000000004
80,0,w0_20260421_220730,36,929.5,3198,3712.5,0.44500000000000006,0.37249999999999983
80,0,w0_20260421_220730,37,-200,2158.1332500000003,2903.43,0.5970000000000001,0.21299999999999997
80,0,w0_20260421_220730,38,1413.5,1675.5,4491,0.7054999999999998,0.192
80,0,w0_20260421_220730,39,1460.25,2070,4179.75,0.6374999999999993,0.27450000000000024
80,0,w0_20260421_220730,40,1865.25,2967.75,2847,0.4964999999999998,0.4994999999999994
80,0,w0_20260421_220730,41,-200,701.5125,1441.4625,0.8360000000000001,0.5275000000000004
80,0,w0_20260421_220730,42,1648.5,2088,3973.5,0.6320000000000001,0.3114999999999991
80,0,w0_20260421_220730,43,417.75,2003.25,5379,0.6569999999999996,0.08200000000000002
80,0,w0_20260421_220730,44,1163.25,1737,4329.75,0.67,0.1994999999999998
80,0,w0_20260421_220730,45,629,2631,4380,0.5095000000000001,0.24100000000000055
80,0,w0_20260421_220730,46,1716,2259,3255,0.5755,0.3735000000000002
80,0,w0_20260421_220730,47,55.25,2163,5451.75,0.6265,0.03949999999999999
80,0,w0_20260421_220730,48,246,2139.75,4484.25,0.5619999999999996,0.1290000000000002
80,0,w0_20260421_220730,49,1384,2067,3309,0.5980000000000001,0.32199999999999995
80,0,w0_20260421_220730,50,1963,2116.5,3700.5,0.6375000000000002,0.3699999999999997
80,0,w0_20260421_220730,51,653.25,2588.25,4168.5,0.5194999999999997,0.24649999999999964
80,0,w0_20260421_220730,52,743,2693.25,3813.75,0.4825,0.2999999999999995
80,0,w0_20260421_220730,53,1351.75,3090,3218.25,0.4714999999999999,0.4309999999999997
80,0,w0_20260421_220730,54,617.1098778201265,2890.8508800157815,3655.9926457386687,0.4905000000000001,0.3174999999999995
80,0,w0_20260421_220730,55,3512.5,3027,1270.5,0.47750000000000015,0.7860000000000003
80,0,w0_20260421_220730,56,1863.25,2982.75,3054,0.48999999999999994,0.49100000000000016
80,0,w0_20260421_220730,57,1177.25,2520,3852.75,0.5619999999999995,0.3049999999999999
80,0,w0_20260421_220730,58,1892,2958,2970,0.49049999999999955,0.49349999999999994
80,0,w0_20260421_220730,59,821,2925.75,3413.25,0.4659999999999997,0.33149999999999946
80,0,w0_20260421_220730,60,871.25,2840.25,3658.5,0.4875,0.3170000000000001
80,0,w0_20260421_220730,61,3276.75,2310.75,2332.5,0.6145000000000004,0.6085000000000005
80,0,w0_20260421_220730,62,1672.75,2402.25,3615,0.5840000000000003,0.3640000000000001
80,0,w0_20260421_220730,63,1350.75,1719,3440.25,0.6050000000000001,0.35350000000000004
80,0,w0_20260421_220730,64,1044,1934.25,3891.75,0.5990000000000003,0.2530000000000001
80,0,w0_20260421_220730,65,1365.75,2604.75,3229.5,0.5030000000000002,0.3989999999999993
80,0,w0_20260421_220730,66,767.75,2433,3539.25,0.4870000000000004,0.2844999999999998
80,0,w0_20260421_220730,67,1143,3031.5,3055.5,0.4065000000000004,0.43950000000000033
80,0,w0_20260421_220730,68,-55,3267,3678,0.3975,0.22050000000000008
80,0,w0_20260421_220730,69,383.5,3001.5,3645,0.44350000000000006,0.30600000000000016
80,0,w0_20260421_220730,70,1722,3285,2703,0.4390000000000003,0.5190000000000002
80,0,w0_20260421_220730,71,236,3129,3195,0.3935000000000003,0.32249999999999973
80,0,w0_20260421_220730,72,-51,3226.5,3484.5,0.3700000000000002,0.24900000000000033
80,0,w0_20260421_220730,73,143,3405,2952,0.3140000000000002,0.3830000000000004
80,0,w0_20260421_220730,74,572.25,3425.25,2602.5,0.30099999999999993,0.45899999999999946
80,0,w0_20260421_220730,75,-200,1990.0348125,2201.5655625,0.2849999999999998,0.47450000000000025
80,0,w0_20260421_220730,76,-199.99999998578903,2191.6858623665757,2786.2017938669183,0.31449999999999984,0.24200000000000008
80,0,w0_20260421_220730,77,-129.5,3486,3373.5,0.35200000000000004,0.23800000000000035
80,0,w0_20260421_220730,78,443.75,3123,3203.25,0.3579999999999999,0.3615000000000003
80,0,w0_20260421_220730,79,916,3780,2934,0.33799999999999997,0.47950000000000054
80,0,w0_20260421_220730,80,943.5,3880.5,2976,0.3445,0.48650000000000054
80,0,w0_20260421_220730,81,250.75,3130.5,3438.75,0.3509999999999999,0.34449999999999986
80,0,w0_20260421_220730,82,-144,3045,3369,0.342,0.19149999999999992
80,0,w0_20260421_220730,83,-200.00000000000003,1727.597473201575,2066.5397525708177,0.28749999999999976,0.5165000000000005
80,0,w0_20260421_220730,84,-198.94706786299835,1303.7067092619288,1315.2835361151867,0.2619999999999996,0.5034999999999997
80,0,w0_20260421_220730,85,175.5,3402,2782.5,0.2870000000000001,0.4225000000000002
80,0,w0_20260421_220730,86,713.75,4103.25,2643,0.2570000000000001,0.5430000000000005
80,0,w0_20260421_220730,87,-117.75,3465,3312.75,0.33250000000000013,0.3035000000000001
80,0,w0_20260421_220730,88,89.75,3306,3374.25,0.3260000000000002,0.33600000000000013
80,0,w0_20260421_220730,89,-95,3386.25,3558.75,0.3460000000000001,0.27450000000000047
80,0,w0_20260421_220730,90,-172,3714.75,3257.25,0.2985000000000003,0.2974999999999996
80,0,w0_20260421_220730,91,94.25,3212.25,3463.5,0.3330000000000004,0.31749999999999995
80,0,w0_20260421_220730,92,75.5,3562.5,2952,0.2805000000000003,0.37099999999999966
80,0,w0_20260421_220730,93,444.25,3687,2928.75,0.3060000000000003,0.4339999999999995
80,0,w0_20260421_220730,94,698.5,2553,2758.5,0.43850000000000017,0.34699999999999986
80,0,w0_20260421_220730,95,1100.25,2358.75,2721,0.4805,0.37000000000000033
80,0,w0_20260421_220730,96,718.75,3552.75,2758.5,0.36699999999999994,0.4304999999999995
80,0,w0_20260421_220730,97,806.75,3897.75,2665.5,0.3315000000000002,0.4909999999999995
80,0,w0_20260421_220730,98,1029,3441,2760,0.39000000000000024,0.4445000000000001
80,0,w0_20260421_220730,99,931,2913,3516,0.4985000000000001,0.35650000000000004
80,0,w0_20260421_220730,100,561,2695.5,3403.5,0.47099999999999986,0.31600000000000017
80,1,w1_20260421_220743,1,1657.5,877.5,1215,0.6769999999999997,0.5930000000000001
80,1,w1_20260421_220743,2,313,1326,2361,0.5719999999999998,0.21500000000000025
80,1,w1_20260421_220743,3,574.5,1116.75,2418.75,0.6295,0.19250000000000023
80,1,w1_20260421_220743,4,496.75,806.25,2967,0.7340000000000001,0.10350000000000004
80,1,w1_20260421_220743,5,936.5,1333.5,4740,0.7480000000000002,0.11150000000000004
80,1,w1_20260421_220743,6,-200,2606.484375,4219.171875,0.4765,0.15050000000000016
80,1,w1_20260421_220743,7,1084.2,1999.8,3454.5,0.6014999999999998,0.30299999999999977
80,1,w1_20260421_220743,8,1092.25,2055,3192.75,0.5625000000000001,0.31100000000000017
80,1,w1_20260421_220743,9,2764.75,1947,2468.25,0.6469999999999998,0.5349999999999994
80,1,w1_20260421_220743,10,3748.75,1752.75,1888.5,0.6919999999999998,0.6565000000000001
80,1,w1_20260421_220743,11,4426.75,1768.5,1014.75,0.6799999999999998,0.8149999999999996
80,1,w1_20260421_220743,12,2650.5,2765.25,1874.25,0.5070000000000003,0.6639999999999998
80,1,w1_20260421_220743,13,108.5,2871,4480.5,0.4850000000000001,0.2005000000000005
80,1,w1_20260421_220743,14,3503,2103,1704,0.608,0.6860000000000008
80,1,w1_20260421_220743,15,3140.75,1716.75,2512.5,0.6749999999999993,0.5575000000000009
80,1,w1_20260421_220743,16,3967,1857,1866,0.6765000000000002,0.6795
80,1,w1_20260421_220743,17,3570.75,1833.75,2035.5,0.6869999999999987,0.6375
80,1,w1_20260421_220743,18,3447,2394.75,1718.25,0.5799999999999997,0.7034999999999998
80,1,w1_20260421_220743,19,2409.25,1602.75,3378,0.6844999999999998,0.3810000000000005
80,1,w1_20260421_220743,20,2127,1755,3588,0.6849999999999997,0.33899999999999986
80,1,w1_20260421_220743,21,3270.75,1906.5,2472.75,0.6744999999999999,0.5755000000000012
80,1,w1_20260421_220743,22,4446.75,1691.25,1452,0.6894999999999999,0.7459999999999988
80,1,w1_20260421_220743,23,697,2184.75,4748.25,0.6279999999999999,0.15999999999999998
80,1,w1_20260421_220743,24,332.25,2064.75,5043,0.6395000000000001,0.08900000000000004
80,1,w1_20260421_220743,25,795,2085,4680,0.6419999999999993,0.16899999999999973
80,1,w1_20260421_220743,26,-68.75,2415,5073.75,0.5799999999999992,0.0635
80,1,w1_20260421_220743,27,-199.99999999999997,859.0091170807095,1583.680029672686,0.3829999999999998,0.08749999999999991
80,1,w1_20260421_220743,28,2030.5,1645.5,3774,0.7065000000000002,0.3175000000000003
80,1,w1_20260421_220743,29,1486.5,1738.5,4425,0.6920000000000005,0.232
80,1,w1_20260421_220743,30,553,3118.5,4018.5,0.44799999999999984,0.31650000000000017
80,1,w1_20260421_220743,31,1143.25,2492.25,3994.5,0.5729999999999998,0.2950000000000001
80,1,w1_20260421_220743,32,85,2771.25,4653.75,0.5264999999999997,0.145
80,1,w1_20260421_220743,33,-199.2093605358534,2425.1488325690893,2581.8693926674573,0.4109999999999997,0.28850000000000026
80,1,w1_20260421_220743,34,-200,2086.35,2821.95,0.4649999999999996,0.10100000000000002
80,1,w1_20260421_220743,35,267.25,3603,3939.75,0.3970000000000002,0.3135000000000005
80,1,w1_20260421_220743,36,783.25,4048.5,3008.25,0.301,0.4929999999999995
80,1,w1_20260421_220743,37,1978.75,1421.25,4320,0.7560000000000001,0.2530000000000003
80,1,w1_20260421_220743,38,2377.25,2233.5,2969.25,0.6139999999999987,0.4674999999999998
80,1,w1_20260421_220743,39,331.25,2343,3555.75,0.5510000000000004,0.1285
80,1,w1_20260421_220743,40,1840.25,1069.5,4670.25,0.8149999999999998,0.15699999999999978
80,1,w1_20260421_220743,41,3246.5,877.5,3546,0.8490000000000009,0.3734999999999996
80,1,w1_20260421_220743,42,3320.75,1227,3332.25,0.7925000000000004,0.4389999999999999
80,1,w1_20260421_220743,43,1091.5,2309.25,3659.25,0.5984999999999995,0.25750000000000006
80,1,w1_20260421_220743,44,3049.5,1625.25,2885.25,0.7179999999999996,0.48899999999999993
80,1,w1_20260421_220743,45,4292.5,993,2524.5,0.8314999999999998,0.573500000000001
80,1,w1_20260421_220743,46,3110.75,1924.5,2784.75,0.675,0.5085000000000004
80,1,w1_20260421_220743,47,394.25,2614.5,4091.25,0.5500000000000003,0.16649999999999995
80,1,w1_20260421_220743,48,465,2161.5,3793.5,0.6134999999999998,0.1165
80,1,w1_20260421_220743,49,1089,2371.5,3169.5,0.5819999999999997,0.25449999999999995
80,1,w1_20260421_220743,50,1997.75,2595,3197.25,0.5539999999999998,0.4589999999999997
80,1,w1_20260421_220743,51,2721.5,1358.25,3680.25,0.7675000000000004,0.36550000000000066
80,1,w1_20260421_220743,52,3155.75,705,2309.25,0.8395000000000014,0.5565000000000005
80,1,w1_20260421_220743,53,4018.75,1197,2474.25,0.7954999999999994,0.5684999999999999
80,1,w1_20260421_220743,54,2046,1874.25,3249.75,0.6759999999999997,0.33050000000000035
80,1,w1_20260421_220743,55,920,2221.5,3628.5,0.6044999999999997,0.20300000000000024
80,1,w1_20260421_220743,56,241.75,2304,3374.25,0.5199999999999999,0.1145
80,1,w1_20260421_220743,57,424,2676,3060,0.45749999999999974,0.22849999999999984
80,1,w1_20260421_220743,58,649,2912.25,3438.75,0.458,0.32050000000000023
80,1,w1_20260421_220743,59,716.5,3067.5,3726,0.4524999999999998,0.34500000000000014
80,1,w1_20260421_220743,60,57.5,3302.25,2690.25,0.3669999999999999,0.23299999999999993
80,1,w1_20260421_220743,61,411.25,3360.75,3258,0.4064999999999996,0.33600000000000024
80,1,w1_20260421_220743,62,912.5,3583.5,3264,0.3909999999999997,0.4320000000000004
80,1,w1_20260421_220743,63,2551,3393,1956,0.43449999999999994,0.6680000000000008
80,1,w1_20260421_220743,64,2780.5,3183,1876.5,0.4549999999999999,0.6785000000000005
80,1,w1_20260421_220743,65,1085.5,3384,3340.5,0.4325,0.4135000000000004
80,1,w1_20260421_220743,66,393,2709,3528,0.49749999999999994,0.21599999999999964
80,1,w1_20260421_220743,67,561.5,2334,3334.5,0.5660000000000002,0.18599999999999972
80,1,w1_20260421_220743,68,652.5,2245.5,3132,0.5419999999999997,0.27299999999999974
80,1,w1_20260421_220743,69,990.75,3062.25,3837,0.47649999999999976,0.3604999999999998
80,1,w1_20260421_220743,70,498.75,2303.25,3108,0.5054999999999998,0.20849999999999969
80,1,w1_20260421_220743,71,735.5,1773.75,2730.75,0.5614999999999996,0.249
80,1,w1_20260421_220743,72,1109.25,2384.25,2866.5,0.5494999999999993,0.3524999999999996
80,1,w1_20260421_220743,73,805.25,2220.75,2784,0.5679999999999995,0.21849999999999992
80,1,w1_20260421_220743,74,2186.5,2253,3310.5,0.6149999999999991,0.4094999999999998
80,1,w1_20260421_220743,75,3674.25,2280,1155.75,0.5879999999999995,0.7540000000000013
80,1,w1_20260421_220743,76,2294,2346,3120,0.6034999999999993,0.452499999999999
80,1,w1_20260421_220743,77,1023.25,2913.75,3483,0.5114999999999998,0.2995000000000001
80,1,w1_20260421_220743,78,1342.75,2702.25,2745,0.5079999999999995,0.3970000000000005
80,1,w1_20260421_220743,79,1914.25,2577,3318.75,0.5679999999999995,0.4144999999999998
80,1,w1_20260421_220743,80,3329.5,1846.5,2634,0.6894999999999994,0.5385
80,1,w1_20260421_220743,81,3200,1975.5,2674.5,0.6659999999999995,0.5345000000000004
80,1,w1_20260421_220743,82,1476,2400,3834,0.5984999999999999,0.3120000000000005
80,1,w1_20260421_220743,83,1589.75,2673,3527.25,0.5530000000000004,0.3845000000000004
80,1,w1_20260421_220743,84,1876.75,3167.25,2646,0.46650000000000014,0.5395000000000008
80,1,w1_20260421_220743,85,541.5,2553,2065.5,0.41300000000000026,0.302
80,1,w1_20260421_220743,86,261.75,2154.75,1963.5,0.47600000000000053,0.15949999999999995
80,1,w1_20260421_220743,87,856,3428.25,2535.75,0.405,0.3805000000000001
80,1,w1_20260421_220743,88,2204.25,2055,1770.75,0.6005000000000004,0.4795000000000006
80,1,w1_20260421_220743,89,820.25,2699.25,3790.5,0.5330000000000008,0.2579999999999999
80,1,w1_20260421_220743,90,916.75,2459.25,2994,0.5505000000000004,0.24449999999999997
80,1,w1_20260421_220743,91,1567.25,1947.75,3045,0.6159999999999995,0.31299999999999956
80,1,w1_20260421_220743,92,675.25,2936.25,3448.5,0.49050000000000055,0.2545000000000003
80,1,w1_20260421_220743,93,210.75,2181,1388.25,0.38900000000000007,0.3295000000000005
80,1,w1_20260421_220743,94,283.5,3055.5,2091,0.3799999999999999,0.2845000000000001
80,1,w1_20260421_220743,95,295.5,2796.75,1677.75,0.3330000000000002,0.24849999999999992
80,1,w1_20260421_220743,96,559.5,2124.75,1545.75,0.405,0.3605000000000001
80,1,w1_20260421_220743,97,27,3378,2235,0.3300000000000001,0.4005
80,1,w1_20260421_220743,98,1825.75,4343.25,1401,0.24800000000000025,0.7374999999999987
80,1,w1_20260421_220743,99,372.25,3683.25,2134.5,0.23950000000000016,0.4800000000000005
80,1,w1_20260421_220743,100,-200,3238.2,1631.1,0.23300000000000012,0.36349999999999993
81,0,w0_20260421_220758,1,1040.5,1152.75,2046.75,0.6565000000000003,0.3455
81,0,w0_20260421_220758,2,-200,1057.654261820189,1004.9979156220724,0.43700000000000033,0.22499999999999973
81,0,w0_20260421_220758,3,124.25,2437.5,2738.25,0.3774999999999997,0.297
81,0,w0_20260421_220758,4,276.5,2251.5,2802,0.45350000000000007,0.2909999999999999
81,0,w0_20260421_220758,5,855.75,1837.5,2676.75,0.5600000000000002,0.32
81,0,w0_20260421_220758,6,615.5,2169,3475.5,0.5325000000000001,0.2645
81,0,w0_20260421_220758,7,2273.5,1662.75,2943.75,0.7014999999999995,0.4029999999999997
81,0,w0_20260421_220758,8,3102.75,2772,1505.25,0.5099999999999997,0.7275000000000011
81,0,w0_20260421_220758,9,2431,2801.25,2007.75,0.46300000000000024,0.6305000000000007
81,0,w0_20260421_220758,10,3700.5,2815.5,774,0.4909999999999998,0.8560000000000001
81,0,w0_20260421_220758,11,2001.5,2919.75,1998.75,0.4499999999999998,0.6029999999999999
81,0,w0_20260421_220758,12,2399,1539,3312,0.7190000000000005,0.38249999999999984
81,0,w0_20260421_220758,13,2601.5,2578.5,2040,0.5130000000000001,0.6184999999999993
81,0,w0_20260421_220758,14,4110.75,2184.75,1084.5,0.5880000000000002,0.8100000000000004
81,0,w0_20260421_220758,15,2641,3836.25,912.75,0.3200000000000005,0.837500000000001
81,0,w0_20260421_220758,16,1694.5,1852.5,3633,0.6629999999999993,0.305
81,0,w0_20260421_220758,17,2485.25,3606.75,1248,0.3654999999999998,0.7719999999999998
81,0,w0_20260421_220758,18,3912.5,2571,1036.5,0.5319999999999994,0.8205000000000006
81,0,w0_20260421_220758,19,4879.25,2042.25,688.5,0.6394999999999994,0.8820000000000001
81,0,w0_20260421_220758,20,3749.5,1575.75,2214.75,0.7195000000000001,0.6100000000000004
81,0,w0_20260421_220758,21,2702,2505.75,2282.25,0.5539999999999994,0.5925000000000002
81,0,w0_20260421_220758,22,2930,2914.5,1645.5,0.4700000000000001,0.7029999999999991
81,0,w0_20260421_220758,23,2110.5,1564.5,3975,0.7349999999999988,0.3004999999999993
81,0,w0_20260421_220758,24,1625.25,1950.75,3954,0.6525000000000005,0.3120000000000001
81,0,w0_20260421_220758,25,3715.75,1591.5,2262.75,0.721,0.5964999999999991
81,0,w0_20260421_220758,26,1477.75,3701.25,2451,0.3594999999999996,0.5634999999999992
81,0,w0_20260421_220758,27,996.75,4332,2441.25,0.2679999999999996,0.5759999999999988
81,0,w0_20260421_220758,28,215,3061.5,4363.5,0.4619999999999998,0.24200000000000055
81,0,w0_20260421_220758,29,-197.94036739852953,783.7336921446214,1403.3665589418554,0.5300000000000008,0.3190000000000005
81,0,w0_20260421_220758,30,-200.00000000000003,1886.5446791698969,1944.2845615669523,0.4355000000000005,0.5195000000000005
81,0,w0_20260421_220758,31,1083.25,3201.75,3225,0.403,0.4430000000000001
81,0,w0_20260421_220758,32,1058.25,3828.75,2793,0.34499999999999986,0.5000000000000004
81,0,w0_20260421_220758,33,-200,1885.5706171875,2312.4977109375,0.4760000000000004,0.3165000000000002
81,0,w0_20260421_220758,34,1595.5,2349.75,3714.75,0.5939999999999996,0.3535000000000002
81,0,w0_20260421_220758,35,1841.5,2248.5,3570,0.6099999999999998,0.38350000000000056
81,0,w0_20260421_220758,36,1840.5,1681.5,4308,0.7150000000000005,0.27250000000000035
81,0,w0_20260421_220758,37,1889,1241.25,4629.75,0.7920000000000006,0.19549999999999992
81,0,w0_20260421_220758,38,2322.75,2136.75,3010.5,0.6360000000000006,0.45549999999999985
81,0,w0_20260421_220758,39,1618.75,1759.5,2301.75,0.5514999999999997,0.4624999999999999
81,0,w0_20260421_220758,40,2134.5,3030,2605.5,0.4834999999999998,0.5465000000000003
81,0,w0_20260421_220758,41,1708.75,2998.5,3162.75,0.4974999999999995,0.4640000000000009
81,0,w0_20260421_220758,42,1587,2970,3183,0.4874999999999999,0.4534999999999992
81,0,w0_20260421_220758,43,1413.25,2508,3678.75,0.5670000000000004,0.33800000000000047
81,0,w0_20260421_220758,44,2655.25,1047.75,4077,0.8219999999999991,0.30499999999999944
81,0,w0_20260421_220758,45,1912.5,2239.5,3318,0.608,0.3995000000000001
81,0,w0_20260421_220758,46,777.25,3148.5,3884.25,0.4675,0.3395
81,0,w0_20260421_220758,47,-200,1594.4931465772706,1996.1532524468655,0.4730000000000007,0.5735000000000007
81,0,w0_20260421_220758,48,740,3421.5,3358.5,0.4175000000000002,0.382
81,0,w0_20260421_220758,49,1556.5,2736.75,3486.75,0.5209999999999998,0.41100000000000014
81,0,w0_20260421_220758,50,1866,2939.25,2994.75,0.5050000000000001,0.49249999999999994
81,0,w0_20260421_220758,51,922.75,1911.75,4885.5,0.6755,0.14449999999999988
81,0,w0_20260421_220758,52,3551.75,1218.75,2839.5,0.7885000000000004,0.5120000000000006
81,0,w0_20260421_220758,53,3751,768,2571,0.8640000000000009,0.4900000000000002
81,0,w0_20260421_220758,54,1836,699,5325,0.8780000000000007,0.10249999999999998
81,0,w0_20260421_220758,55,2065.75,642,5162.25,0.891500000000001,0.12900000000000014
81,0,w0_20260421_220758,56,3717,744,3279,0.8704999999999992,0.44400000000000034
81,0,w0_20260421_220758,57,3416.5,1270.5,3243,0.7875000000000005,0.4535
81,0,w0_20260421_220758,58,2489.25,1884,3456.75,0.6835000000000001,0.411
81,0,w0_20260421_220758,59,-6.749999999999982,2451.75,4995,0.5674999999999993,0.08250000000000006
81,0,w0_20260421_220758,60,1711,2529.75,3209.25,0.5580000000000002,0.4080000000000004
81,0,w0_20260421_220758,61,952.5,2637.75,4329.75,0.5599999999999999,0.27299999999999985
81,0,w0_20260421_220758,62,102.87483217942211,2559.92268764481,4581.44466917854,0.5509999999999997,0.1775000000000001
81,0,w0_20260421_220758,63,837.5,2703,4369.5,0.5390000000000004,0.2695000000000007
81,0,w0_20260421_220758,64,363.75,2856.75,4639.5,0.5235000000000002,0.20099999999999985
81,0,w0_20260421_220758,65,1221.5,2460,4078.5,0.5710000000000004,0.3005
81,0,w0_20260421_220758,66,2350,2334,3156,0.5865000000000004,0.47400000000000014
81,0,w0_20260421_220758,67,2892.5,2176.5,2511,0.6295000000000006,0.5475000000000002
81,0,w0_20260421_220758,68,1551.5,2179.5,3939,0.6290000000000004,0.31800000000000017
81,0,w0_20260421_220758,69,949.75,2526.75,4453.5,0.5785000000000002,0.25050000000000017
81,0,w0_20260421_220758,70,-200.00000000000003,2115.0600000000004,4298.895,0.5770000000000002,0.08549999999999999
81,0,w0_20260421_220758,71,792.75,1719.75,4357.5,0.6755000000000004,0.13699999999999998
81,0,w0_20260421_220758,72,271,2475,4614,0.5309999999999996,0.14849999999999972
81,0,w0_20260421_220758,73,894.25,2361.75,4104,0.5505,0.25549999999999995
81,0,w0_20260421_220758,74,1918,2787,3255,0.527,0.4575000000000007
81,0,w0_20260421_220758,75,257,2688,4725,0.5310000000000001,0.17799999999999985
81,0,w0_20260421_220758,76,1003,2286,4311,0.5905000000000001,0.25000000000000006
81,0,w0_20260421_220758,77,138.75,2438.25,4713,0.5714999999999999,0.12449999999999992
81,0,w0_20260421_220758,78,-200,1258.8,2550,0.6870000000000003,0.13149999999999998
81,0,w0_20260421_220758,79,398,2555.25,4896.75,0.5669999999999998,0.16850000000000012
81,0,w0_20260421_220758,80,853.5,2404.5,4692,0.5919999999999999,0.2155000000000001
81,0,w0_20260421_220758,81,-3.75,2286,5277.75,0.6119999999999998,0.087
81,0,w0_20260421_220758,82,1012,1330.5,5017.5,0.7575000000000004,0.05949999999999994
81,0,w0_20260421_220758,83,1093.5,2589.75,3906.75,0.5545000000000001,0.2985
81,0,w0_20260421_220758,84,1370.75,2796,3713.25,0.534,0.36100000000000015
81,0,w0_20260421_220758,85,-200,1006.8,1983.6,0.7110000000000002,0.6080000000000007
81,0,w0_20260421_220758,86,237.25,2902.5,4670.25,0.5095000000000001,0.19999999999999996
81,0,w0_20260421_220758,87,22,3090,4608,0.47050000000000014,0.20450000000000007
81,0,w0_20260421_220758,88,72.25,3037.5,4400.25,0.4864999999999995,0.1975000000000001
81,0,w0_20260421_220758,89,73,2667,4170,0.5149999999999993,0.16649999999999995
81,0,w0_20260421_220758,90,232.75,2474.25,3843,0.5264999999999994,0.11599999999999998
81,0,w0_20260421_220758,91,2317,2253.75,2879.25,0.6124999999999995,0.47499999999999987
81,0,w0_20260421_220758,92,4002.25,1251,1776.75,0.7609999999999996,0.6805
81,0,w0_20260421_220758,93,2629.25,1476,2964.75,0.7364999999999994,0.4059999999999996
81,0,w0_20260421_220758,94,2006.75,1323,3710.25,0.7664999999999993,0.27850000000000025
81,0,w0_20260421_220758,95,3233,1291.5,2755.5,0.7709999999999998,0.47549999999999976
81,0,w0_20260421_220758,96,1565.25,927.75,4707,0.8235000000000001,0.07300000000000001
81,0,w0_20260421_220758,97,-200,843,1185,0.28599999999999937,0.6175000000000007
81,0,w0_20260421_220758,98,125.75,2938.5,3855.75,0.48349999999999965,0.1975000000000001
81,0,w0_20260421_220758,99,1454,2985,3321,0.49199999999999977,0.42149999999999993
81,0,w0_20260421_220758,100,2569,1992,3429,0.6679999999999996,0.42600000000000016
81,1,w1_20260421_220811,1,1022.5,990,2377.5,0.7235000000000007,0.24199999999999977
81,1,w1_20260421_220811,2,-199.99999999999991,935.3095606711402,1006.4387021542888,0.5245000000000006,0.21199999999999988
81,1,w1_20260421_220811,3,-200,940.398046875,779.471484375,0.3604999999999997,0.22799999999999965
81,1,w1_20260421_220811,4,59.5,2370.75,3159.75,0.46850000000000025,0.21149999999999963
81,1,w1_20260421_220811,5,756.5,1547.25,2726.25,0.6060000000000005,0.2464999999999996
81,1,w1_20260421_220811,6,855.5,1584.75,3609.75,0.6549999999999996,0.20249999999999993
81,1,w1_20260421_220811,7,1146.25,1824.75,3699,0.6284999999999996,0.25650000000000006
81,1,w1_20260421_220811,8,298,2963.25,4038.75,0.4765,0.2510000000000005
81,1,w1_20260421_220811,9,1335.7499536879332,3088.380488260467,1359.7099959287486,0.31050000000000005,0.6515000000000006
81,1,w1_20260421_220811,10,2262.25,2764.5,2093.25,0.49800000000000016,0.6185000000000003
81,1,w1_20260421_220811,11,3061.25,2370.75,1788,0.5790000000000004,0.666
81,1,w1_20260421_220811,12,4226.25,1764,1299.75,0.6694999999999997,0.7549999999999999
81,1,w1_20260421_220811,13,1803.5,3377.25,1769.25,0.347,0.6500000000000006
81,1,w1_20260421_220811,14,2607.75,2777.25,1935,0.4779999999999996,0.6544999999999997
81,1,w1_20260421_220811,15,3464,2873.25,1032.75,0.4980000000000001,0.8170000000000005
81,1,w1_20260421_220811,16,3567.5,2463,1339.5,0.5579999999999998,0.7474999999999986
81,1,w1_20260421_220811,17,3677.5,2187,1585.5,0.6209999999999997,0.7204999999999997
81,1,w1_20260421_220811,18,1235,3324.75,2600.25,0.3604999999999999,0.5200000000000007
81,1,w1_20260421_220811,19,2406.25,3209.25,1864.5,0.4055,0.6700000000000007
81,1,w1_20260421_220811,20,3838.25,2780.25,871.5,0.5150000000000001,0.8480000000000011
81,1,w1_20260421_220811,21,713.75,3315,2891.25,0.3635000000000002,0.4304999999999998
81,1,w1_20260421_220811,22,1062.5,2990.25,3107.25,0.4314999999999996,0.4240000000000005
81,1,w1_20260421_220811,23,3130.25,2361.75,2148,0.5919999999999991,0.624000000000001
81,1,w1_20260421_220811,24,1818.25,2394.75,3117,0.5564999999999993,0.44600000000000023
81,1,w1_20260421_220811,25,2075.5,2795.25,2459.25,0.5049999999999993,0.549499999999999
81,1,w1_20260421_220811,26,2193.5,2901,2545.5,0.499,0.5509999999999992
81,1,w1_20260421_220811,27,1956,2595,3219,0.5625000000000007,0.4415000000000008
81,1,w1_20260421_220811,28,2745.5,3001.5,1683,0.46549999999999936,0.6859999999999996
81,1,w1_20260421_220811,29,1755,2928,2637,0.4689999999999999,0.5245000000000009
81,1,w1_20260421_220811,30,856.75,3588,3125.25,0.3700000000000002,0.4525000000000009
81,1,w1_20260421_220811,31,204.75,3702.75,2752.5,0.26100000000000007,0.4439999999999998
81,1,w1_20260421_220811,32,-199.99999999999997,2116.42875,923.37375,0.3620000000000004,0.7200000000000003
81,1,w1_20260421_220811,33,1001.75,3778.5,3069.75,0.3670000000000003,0.473000000000001
81,1,w1_20260421_220811,34,121,3350.25,3378.75,0.3524999999999998,0.3385000000000001
81,1,w1_20260421_220811,35,-200,1025.25,1190.25,0.3894999999999993,0.689
81,1,w1_20260421_220811,36,1626.25,3781.5,2282.25,0.34699999999999986,0.6115000000000006
81,1,w1_20260421_220811,37,837.5,3636,3376.5,0.3740000000000002,0.4294999999999992
81,1,w1_20260421_220811,38,85.5,3330.75,3123.75,0.36099999999999993,0.3454999999999999
81,1,w1_20260421_220811,39,222.25,3699,2478.75,0.21849999999999967,0.47500000000000064
81,1,w1_20260421_220811,40,-200,1406.56125,790.34625,0.44100000000000056,0.6605000000000004
81,1,w1_20260421_220811,41,-80.25,3414.75,3415.5,0.3340000000000004,0.3089999999999993
81,1,w1_20260421_220811,42,-200,971.1895412377436,1206.4281466351742,0.49800000000000066,0.10200000000000024
81,1,w1_20260421_220811,43,-199.99999999964484,718.3848556945203,1153.0057938663404,0.5360000000000009,0.2235
81,1,w1_20260421_220811,44,921.5,3855.75,2862.75,0.3290000000000004,0.5029999999999998
81,1,w1_20260421_220811,45,108.75,4308.75,2542.5,0.1735000000000001,0.5019999999999998
81,1,w1_20260421_220811,46,-200,1170.7875,987.6375,0.17150000000000012,0.5779999999999995
81,1,w1_20260421_220811,47,-200,736.3073447695313,980.6034100664062,0.2169999999999996,0.06399999999999985
81,1,w1_20260421_220811,48,820.75,2839.5,3129.75,0.42949999999999994,0.3605000000000003
81,1,w1_20260421_220811,49,1173,3825.75,2381.25,0.3195000000000001,0.5665000000000007
81,1,w1_20260421_220811,50,2767.75,2676.75,1195.5,0.4695000000000003,0.7494999999999998
81,1,w1_20260421_220811,51,1993.5,3085.5,2361,0.4520000000000002,0.5875000000000002
81,1,w1_20260421_220811,52,2401,2393.25,2355.75,0.5669999999999994,0.5509999999999998
81,1,w1_20260421_220811,53,1441,2381.25,3477.75,0.5679999999999996,0.3815
81,1,w1_20260421_220811,54,2131.5,2669.25,2009.25,0.445999999999999,0.623500000000001
81,1,w1_20260421_220811,55,1061,2330.25,3678.75,0.5459999999999996,0.35649999999999976
81,1,w1_20260421_220811,56,1886.25,2370.75,3153,0.5799999999999996,0.4459999999999999
81,1,w1_20260421_220811,57,4450.5,790.5,1989,0.8575000000000007,0.6370000000000003
81,1,w1_20260421_220811,58,4177,477,3156,0.9195000000000002,0.4620000000000007
81,1,w1_20260421_220811,59,4501.25,188.25,2890.5,0.9670000000000002,0.4895000000000003
81,1,w1_20260421_220811,60,1045,4427.25,2157.75,0.2404999999999999,0.6205000000000008
81,1,w1_20260421_220811,61,568,3295.5,3466.5,0.3979999999999994,0.36750000000000016
81,1,w1_20260421_220811,62,602.5,3654.75,3192.75,0.3504999999999999,0.4405000000000008
81,1,w1_20260421_220811,63,1209.5,3261,2749.5,0.40599999999999975,0.5015
81,1,w1_20260421_220811,64,913.25,3276,3120.75,0.43549999999999967,0.4209999999999997
81,1,w1_20260421_220811,65,827,3031.5,3151.5,0.4459999999999997,0.4090000000000007
81,1,w1_20260421_220811,66,1795.5,2734.5,3210,0.5264999999999991,0.4580000000000005
81,1,w1_20260421_220811,67,503,3009.75,3617.25,0.44199999999999945,0.3135000000000004
81,1,w1_20260421_220811,68,367,2520,3903,0.49849999999999994,0.25050000000000017
81,1,w1_20260421_220811,69,679,3246.75,3464.25,0.4185000000000002,0.3815
81,1,w1_20260421_220811,70,361.5,3390.75,3477.75,0.37850000000000017,0.37999999999999967
81,1,w1_20260421_220811,71,541.5,2577,3331.5,0.4369999999999999,0.33400000000000013
81,1,w1_20260421_220811,72,3098.5,1917,2824.5,0.6785,0.5175
81,1,w1_20260421_220811,73,3566,1422,2892,0.762,0.5135
81,1,w1_20260421_220811,74,1519,2154,3807,0.6109999999999998,0.3179999999999996
81,1,w1_20260421_220811,75,508.25,2893.5,3728.25,0.4605,0.3319999999999998
81,1,w1_20260421_220811,76,-53,2969.25,3783.75,0.4169999999999997,0.25999999999999984
81,1,w1_20260421_220811,77,124.5,1371.75,3453.75,0.6299999999999991,0.08249999999999988
81,1,w1_20260421_220811,78,665,1881,4284,0.6255,0.17349999999999993
81,1,w1_20260421_220811,79,3336,1095,3549,0.8175000000000006,0.4084999999999999
81,1,w1_20260421_220811,80,1548.75,2698.5,3372.75,0.5260000000000004,0.3939999999999998
81,1,w1_20260421_220811,81,288.25,3003.75,3228,0.3790000000000001,0.34050000000000025
81,1,w1_20260421_220811,82,793,3090,3447,0.44100000000000006,0.3680000000000001
81,1,w1_20260421_220811,83,1688.5,2482.5,3579,0.5800000000000004,0.3704999999999995
81,1,w1_20260421_220811,84,643.75,2704.5,3411.75,0.4460000000000008,0.31600000000000034
81,1,w1_20260421_220811,85,853,3327.75,3539.25,0.4305000000000006,0.3805000000000001
81,1,w1_20260421_220811,86,407.75,3942,3500.25,0.31800000000000034,0.4165000000000007
81,1,w1_20260421_220811,87,1104,3358.5,3037.5,0.40300000000000047,0.47199999999999975
81,1,w1_20260421_220811,88,1357.75,3399,2693.25,0.3735000000000003,0.5309999999999996
81,1,w1_20260421_220811,89,2200.25,2063.25,1726.5,0.6220000000000007,0.651999999999999
81,1,w1_20260421_220811,90,1601.25,2759.25,2719.5,0.5085000000000008,0.47850000000000015
81,1,w1_20260421_220811,91,939.75,2871.75,3478.5,0.4810000000000004,0.34400000000000025
81,1,w1_20260421_220811,92,442.25,2270.25,3757.5,0.5020000000000008,0.27250000000000035
81,1,w1_20260421_220811,93,1446,2341.5,3052.5,0.5105000000000005,0.4309999999999999
81,1,w1_20260421_220811,94,2673.75,1611.75,1804.5,0.6569999999999997,0.616
81,1,w1_20260421_220811,95,2105.75,1734.75,3919.5,0.7044999999999998,0.31250000000000044
81,1,w1_20260421_220811,96,1012.25,1966.5,4271.25,0.6429999999999991,0.20250000000000007
81,1,w1_20260421_220811,97,1445.75,1908.75,3595.5,0.6404999999999991,0.3105000000000001
81,1,w1_20260421_220811,98,2828,2225.25,2166.75,0.594999999999999,0.5994999999999993
81,1,w1_20260421_220811,99,1546.75,2456.25,3837,0.5859999999999995,0.3485000000000006
81,1,w1_20260421_220811,100,913,2334,4203,0.5839999999999993,0.2494999999999998
82,0,w0_20260421_220826,1,2052,2619.75,1718.25,0.4525,0.6449999999999995
82,0,w0_20260421_220826,2,1366.75,3366.75,1756.5,0.295,0.6454999999999993
82,0,w0_20260421_220826,3,2284,2634,1902,0.4979999999999996,0.6219999999999991
82,0,w0_20260421_220826,4,2473.25,2571.75,1935,0.5179999999999997,0.6159999999999992
82,0,w0_20260421_220826,5,2860.75,2136.75,2032.5,0.5820000000000003,0.6189999999999991
82,0,w0_20260421_220826,6,1726.5,2917.5,2346,0.4575000000000003,0.5514999999999999
82,0,w0_20260421_220826,7,1372.25,2856.75,3021,0.4794999999999998,0.45149999999999935
82,0,w0_20260421_220826,8,2477.25,2100,2892.75,0.6320000000000003,0.4790000000000004
82,0,w0_20260421_220826,9,2324,1956,3150,0.6350000000000001,0.4474999999999991
82,0,w0_20260421_220826,10,2653.25,1728,2478.75,0.66,0.4889999999999995
82,0,w0_20260421_220826,11,4862.25,889.5,1598.25,0.8135000000000006,0.706
82,0,w0_20260421_220826,12,1713.75,2751.75,2734.5,0.5045000000000004,0.4845000000000004
82,0,w0_20260421_220826,13,3567.5,1515.75,2436.75,0.7360000000000011,0.5660000000000001
82,0,w0_20260421_220826,14,5195.5,1539,865.5,0.733,0.8405000000000009
82,0,w0_20260421_220826,15,4506.5,1929.75,933.75,0.6520000000000005,0.8325000000000011
82,0,w0_20260421_220826,16,5630.5,1177.5,732,0.7930000000000003,0.8649999999999993
82,0,w0_20260421_220826,17,4134.25,2565.75,690,0.5489999999999999,0.8684999999999999
82,0,w0_20260421_220826,18,5709.75,1480.5,399.75,0.7274999999999998,0.9240000000000004
82,0,w0_20260421_220826,19,3163.25,2226.75,2250,0.6050000000000008,0.6089999999999994
82,0,w0_20260421_220826,20,2617.75,3549,1343.25,0.35450000000000004,0.762
82,0,w0_20260421_220826,21,4326.75,2454.75,808.5,0.5675000000000003,0.8569999999999997
82,0,w0_20260421_220826,22,1498.5,3187.5,2724,0.4315000000000005,0.5174999999999995
82,0,w0_20260421_220826,23,1019.75,3012.75,3457.5,0.4720000000000005,0.38350000000000023
82,0,w0_20260421_220826,24,1744,2802,3054,0.4990000000000003,0.46399999999999975
82,0,w0_20260421_220826,25,2719.25,2346,2664.75,0.6025000000000006,0.5365000000000001
82,0,w0_20260421_220826,26,1172.25,2996.25,3451.5,0.4775000000000005,0.3920000000000002
82,0,w0_20260421_220826,27,3064.5,2206.5,2319,0.6195000000000004,0.5920000000000005
82,0,w0_20260421_220826,28,1976.25,2529.75,3264,0.5715000000000008,0.43150000000000033
82,0,w0_20260421_220826,29,951.75,2889.75,3808.5,0.5015000000000008,0.3189999999999999
82,0,w0_20260421_220826,30,3142,2250,2328,0.6129999999999997,0.5855
82,0,w0_20260421_220826,31,2486.75,2564.25,2679,0.5540000000000006,0.5399999999999997
82,0,w0_20260421_220826,32,-200,1541.8125,1203.5625,0.4540000000000006,0.7775
82,0,w0_20260421_220826,33,-200,1120.5,658.5,0.4795000000000006,0.829
82,0,w0_20260421_220826,34,-200,3220.5,1441.5,0.2670000000000001,0.714
82,0,w0_20260421_220826,35,-200,1017.9,518.7,0.46750000000000064,0.8759999999999999
82,0,w0_20260421_220826,36,518,3657.75,2504.25,0.2505000000000001,0.5075000000000006
82,0,w0_20260421_220826,37,953.25,3027,3759.75,0.47900000000000026,0.3515000000000002
82,0,w0_20260421_220826,38,1402.75,3202.5,3144.75,0.4285000000000003,0.4665000000000002
82,0,w0_20260421_220826,39,1190.5,2827.5,3702,0.5190000000000006,0.37000000000000055
82,0,w0_20260421_220826,40,3988.5,1915.5,1806,0.6680000000000009,0.6845000000000004
82,0,w0_20260421_220826,41,2305,1993.5,3451.5,0.6405000000000008,0.42099999999999993
82,0,w0_20260421_220826,42,2356.25,1987.5,3536.25,0.6635000000000011,0.4015000000000004
82,0,w0_20260421_220826,43,2490.25,2238.75,2601,0.5760000000000002,0.5269999999999999
82,0,w0_20260421_220826,44,3030.75,2031.75,2377.5,0.6165000000000004,0.5844999999999999
82,0,w0_20260421_220826,45,3434,1121.25,3174.75,0.8015000000000011,0.46449999999999897
82,0,w0_20260421_220826,46,3866.75,696.75,3166.5,0.8825000000000012,0.4425000000000003
82,0,w0_20260421_220826,47,2637,807,4476,0.8655000000000007,0.24150000000000005
82,0,w0_20260421_220826,48,2389.25,1617.75,3723,0.7010000000000004,0.3785000000000002
82,0,w0_20260421_220826,49,2772.75,2271,2906.25,0.6194999999999995,0.5085000000000002
82,0,w0_20260421_220826,50,2507.25,2525.25,2857.5,0.5769999999999995,0.5119999999999998
82,0,w0_20260421_220826,51,3494.75,2645.25,1650,0.5474999999999995,0.7194999999999999
82,0,w0_20260421_220826,52,1074.75,2878.5,3906.75,0.5059999999999993,0.33949999999999997
82,0,w0_20260421_220826,53,524.5,3082.5,3993,0.46949999999999953,0.29450000000000026
82,0,w0_20260421_220826,54,662,2733,4395,0.5380000000000004,0.24050000000000005
82,0,w0_20260421_220826,55,2632.25,2670,2607.75,0.5490000000000006,0.5589999999999996
82,0,w0_20260421_220826,56,2831,2451,2568,0.5860000000000003,0.5604999999999999
82,0,w0_20260421_220826,57,2679.5,2331,2899.5,0.6115000000000002,0.5144999999999997
82,0,w0_20260421_220826,58,1493.75,2964.75,2491.5,0.47399999999999953,0.5189999999999998
82,0,w0_20260421_220826,59,425.25,2969.25,3505.5,0.4659999999999996,0.3245000000000001
82,0,w0_20260421_220826,60,975.5,3261,3523.5,0.4554999999999996,0.3829999999999999
82,0,w0_20260421_220826,61,-200,1381.5,1039.5,0.05199999999999999,0.24100000000000027
82,0,w0_20260421_220826,62,1026,2960.25,2913.75,0.4539999999999996,0.43949999999999967
82,0,w0_20260421_220826,63,629.25,3585.75,2655,0.32949999999999974,0.46400000000000025
82,0,w0_20260421_220826,64,-200,666.75,537.75,0.1455000000000001,0.11849999999999992
82,0,w0_20260421_220826,65,1220,1896,4704,0.6690000000000005,0.21399999999999963
82,0,w0_20260421_220826,66,1443.75,2201.25,4245,0.6330000000000008,0.26999999999999985
82,0,w0_20260421_220826,67,3627.25,1371.75,2871,0.7655000000000005,0.5215000000000001
82,0,w0_20260421_220826,68,2516.75,1259.25,4074,0.7860000000000013,0.3169999999999997
82,0,w0_20260421_220826,69,2475.75,654,4700.25,0.8895000000000013,0.20700000000000024
82,0,w0_20260421_220826,70,1564.75,2602.5,3642.75,0.5574999999999999,0.3735000000000008
82,0,w0_20260421_220826,71,255.75,2942.25,4542,0.49700000000000016,0.21099999999999963
82,0,w0_20260421_220826,72,744,2757,4329,0.5325000000000002,0.26150000000000007
82,0,w0_20260421_220826,73,905,3051,3864,0.4869999999999996,0.33049999999999996
82,0,w0_20260421_220826,74,1824.5,2617.5,3258,0.5414999999999999,0.4280000000000005
82,0,w0_20260421_220826,75,-200,1045.5,783,0.27700000000000047,0.38350000000000006
82,0,w0_20260421_220826,76,-200,2340.75,2793.75,0.36799999999999977,0.34349999999999964
82,0,w0_20260421_220826,77,443.5,3399.75,3876.75,0.4145000000000001,0.32799999999999996
82,0,w0_20260421_220826,78,2102.25,3423.75,1884,0.3995000000000001,0.6520000000000001
82,0,w0_20260421_220826,79,255.5,3262.5,3732,0.40250000000000064,0.30499999999999966
82,0,w0_20260421_220826,80,-199.99999999999991,903.4103533429484,1263.4640505893808,0.3480000000000001,0.08599999999999981
82,0,w0_20260421_220826,81,-200.00000000000009,1112.5745789163748,1560.3902842578748,0.3739999999999997,0.15250000000000016
82,0,w0_20260421_220826,82,-102,3322.5,4519.5,0.4350000000000005,0.20499999999999963
82,0,w0_20260421_220826,83,880,3021.75,3998.25,0.4915000000000008,0.32049999999999984
82,0,w0_20260421_220826,84,1434,2307,4149,0.609500000000001,0.29700000000000026
82,0,w0_20260421_220826,85,913,2220,4767,0.622000000000001,0.20549999999999963
82,0,w0_20260421_220826,86,871,2307,4782,0.6115000000000009,0.20300000000000004
82,0,w0_20260421_220826,87,2678.25,2232.75,2859,0.617,0.4979999999999999
82,0,w0_20260421_220826,88,2085.5,1896,3148.5,0.6560000000000002,0.37550000000000056
82,0,w0_20260421_220826,89,1969,1755,4266,0.7065,0.2889999999999998
82,0,w0_20260421_220826,90,578.25,2289,5082.75,0.6185,0.14350000000000035
82,0,w0_20260421_220826,91,608.75,2374.5,4956.75,0.6025,0.16549999999999973
82,0,w0_20260421_220826,92,1399,2224.5,4156.5,0.6125000000000005,0.2845
82,0,w0_20260421_220826,93,1464.75,2232,4103.25,0.6150000000000005,0.29100000000000004
82,0,w0_20260421_220826,94,889,2214,4857,0.6310000000000006,0.1854999999999999
82,0,w0_20260421_220826,95,1382,1878,4680,0.6805000000000004,0.21599999999999964
82,0,w0_20260421_220826,96,1487,1914,4569,0.6810000000000003,0.23850000000000032
82,0,w0_20260421_220826,97,498.25,1929,5562.75,0.6785000000000002,0.07049999999999983
82,0,w0_20260421_220826,98,1175,1344,5391,0.7695000000000003,0.0965
82,0,w0_20260421_220826,99,1310,1929,4761,0.6785000000000002,0.2065
82,0,w0_20260421_220826,100,1437.25,1905.75,4587,0.6775000000000004,0.23550000000000015
82,1,w1_20260421_220838,1,1478.25,2854.5,1697.25,0.35950000000000004,0.6214999999999993
82,1,w1_20260421_220838,2,2068.5,2903.25,1868.25,0.4314999999999994,0.6434999999999992
82,1,w1_20260421_220838,3,1341.75,3420,1838.25,0.31749999999999995,0.6219999999999991
82,1,w1_20260421_220838,4,2579.75,2412.75,1897.5,0.5490000000000002,0.6159999999999992
82,1,w1_20260421_220838,5,1932.75,3093,2084.25,0.42,0.6109999999999992
82,1,w1_20260421_220838,6,2221.25,2202.75,2706,0.5899999999999994,0.49300000000000066
82,1,w1_20260421_220838,7,1644.5,2760.75,2964.75,0.4939999999999998,0.4710000000000006
82,1,w1_20260421_220838,8,3298.25,1127.25,3094.5,0.7985000000000011,0.4459999999999999
82,1,w1_20260421_220838,9,3172.5,1260,3157.5,0.7734999999999995,0.4589999999999997
82,1,w1_20260421_220838,10,1676.25,1647.75,3996,0.6995000000000003,0.26599999999999946
82,1,w1_20260421_220838,11,2193.25,1258.5,3938.25,0.7609999999999998,0.30700000000000044
82,1,w1_20260421_220838,12,2320.5,1504.5,3375,0.7180000000000001,0.37000000000000055
82,1,w1_20260421_220838,13,68,3087.75,4364.25,0.4585000000000003,0.21899999999999967
82,1,w1_20260421_220838,14,3134.5,2651.25,1664.25,0.5319999999999999,0.6775000000000001
82,1,w1_20260421_220838,15,2544.5,2685.75,2139.75,0.5050000000000001,0.6224999999999996
82,1,w1_20260421_220838,16,3037,3660,843,0.36699999999999977,0.8474999999999993
82,1,w1_20260421_220838,17,2610,1894.5,2695.5,0.6530000000000001,0.4864999999999988
82,1,w1_20260421_220838,18,2083.5,3070.5,2436,0.4525000000000004,0.5610000000000002
82,1,w1_20260421_220838,19,1585.25,2916,3138.75,0.5004999999999992,0.45400000000000057
82,1,w1_20260421_220838,20,2996.5,2610.75,1902.75,0.5385000000000004,0.667
82,1,w1_20260421_220838,21,4254.75,2217,1118.25,0.5994999999999991,0.804499999999999
82,1,w1_20260421_220838,22,1345.5,3511.5,2823,0.40300000000000025,0.5094999999999991
82,1,w1_20260421_220838,23,1902,3247.5,2170.5,0.4199999999999994,0.6155
82,1,w1_20260421_220838,24,3686.5,2702.25,1151.25,0.5375,0.7970000000000015
82,1,w1_20260421_220838,25,2856.5,2829,2044.5,0.5169999999999996,0.6450000000000005
82,1,w1_20260421_220838,26,2017.5,3914.25,1688.25,0.31800000000000017,0.7049999999999998
82,1,w1_20260421_220838,27,2095.5,2210.25,3284.25,0.6045000000000004,0.4310000000000002
82,1,w1_20260421_220838,28,3150.5,1532.25,2927.25,0.7329999999999992,0.4785
82,1,w1_20260421_220838,29,1983.75,2676,2990.25,0.5385000000000002,0.4670000000000006
82,1,w1_20260421_220838,30,1065.5,3121.5,2733,0.413,0.47049999999999903
82,1,w1_20260421_220838,31,-152.6373323039279,2923.863626210172,3246.7427399322305,0.37000000000000016,0.28399999999999964
82,1,w1_20260421_220838,32,414.7491275120546,2766.599002414672,3315.4360596663873,0.4340000000000002,0.33599999999999974
82,1,w1_20260421_220838,33,2412.25,2441.25,2386.5,0.5619999999999997,0.5655000000000006
82,1,w1_20260421_220838,34,3281,2286.75,1952.25,0.6010000000000004,0.6270000000000006
82,1,w1_20260421_220838,35,522,2987.25,3510.75,0.41300000000000026,0.31299999999999967
82,1,w1_20260421_220838,36,3281.25,1640.25,2758.5,0.7130000000000003,0.5114999999999997
82,1,w1_20260421_220838,37,792.5,2067,4600.5,0.6355000000000001,0.16899999999999996
82,1,w1_20260421_220838,38,861.75,2409,4199.25,0.5770000000000005,0.2235000000000001
82,1,w1_20260421_220838,39,1504,1332,4884,0.7495000000000003,0.16799999999999982
82,1,w1_20260421_220838,40,4656.75,332.25,2721,0.9405000000000002,0.5295000000000002
82,1,w1_20260421_220838,41,2868.25,378.75,4503,0.9335000000000008,0.24500000000000052
82,1,w1_20260421_220838,42,3499.25,405.75,3975,0.932,0.3299999999999998
82,1,w1_20260421_220838,43,2824.5,625.5,4320,0.8935000000000001,0.2644999999999998
82,1,w1_20260421_220838,44,1862.5,1002.75,4824.75,0.8294999999999999,0.17050000000000007
82,1,w1_20260421_220838,45,75.25,3113.25,3871.5,0.4500000000000001,0.21050000000000005
82,1,w1_20260421_220838,46,889,2746.5,3634.5,0.5185,0.29699999999999976
82,1,w1_20260421_220838,47,204,2397,4869,0.5989999999999994,0.07100000000000001
82,1,w1_20260421_220838,48,2939,1263,3528,0.7694999999999996,0.4109999999999998
82,1,w1_20260421_220838,49,5972.25,598.5,1379.25,0.8990000000000015,0.76900000000000035
82,1,w1_20260421_220838,50,3561.75,887.25,3501,0.8465000000000008,0.41149999999999975
82,1,w1_20260421_220838,51,3470.25,1374.75,2985,0.7669999999999996,0.4949999999999997
82,1,w1_20260421_220838,52,1479,1200,5181,0.7964999999999989,0.11899999999999998
82,1,w1_20260421_220838,53,1592,1672.5,4405.5,0.7020000000000003,0.23200000000000065
82,1,w1_20260421_220838,54,769.25,2430.75,3660,0.5634999999999997,0.1900000000000001
82,1,w1_20260421_220838,55,258.5,3081.75,3639.75,0.47099999999999975,0.26550000000000024
82,1,w1_20260421_220838,56,-199.77405637081517,3841.617037283232,3036.7927930759993,0.2950000000000005,0.3484999999999996
82,1,w1_20260421_220838,57,-199.99976520112688,911.0303528765496,992.9748320275486,0.4420000000000005,0.3095
82,1,w1_20260421_220838,58,-200.00000000000003,640.0871386038332,601.6933892271069,0.5015000000000007,0.3850000000000001
82,1,w1_20260421_220838,59,3950,1455,1965,0.7454999999999992,0.6094999999999995
82,1,w1_20260421_220838,60,4170,603,3057,0.899000000000001,0.47399999999999953
82,1,w1_20260421_220838,61,2894,753,3273,0.842500000000001,0.35500000000000015
82,1,w1_20260421_220838,62,4161.75,1062,2306.25,0.8090000000000007,0.5884999999999997
82,1,w1_20260421_220838,63,4190.25,1138.5,2381.25,0.805,0.5745000000000003
82,1,w1_20260421_220838,64,946.5,2121.75,3891.75,0.6064999999999998,0.197
82,1,w1_20260421_220838,65,1589.75,2157,3743.25,0.6255,0.3044999999999995
82,1,w1_20260421_220838,66,2539,2020.5,3190.5,0.6475,0.43899999999999934
82,1,w1_20260421_220838,67,1139.25,2109,3291.75,0.5300000000000004,0.26749999999999985
82,1,w1_20260421_220838,68,1279.75,2795.25,3285,0.5150000000000001,0.40299999999999936
82,1,w1_20260421_220838,69,1430.25,2982.75,3267,0.4804999999999998,0.4279999999999997
82,1,w1_20260421_220838,70,395.75,3189.75,3604.5,0.4355,0.2975000000000001
82,1,w1_20260421_220838,71,298.5,2913.75,3297.75,0.42999999999999994,0.2815
82,1,w1_20260421_220838,72,698,3489,2943,0.40699999999999986,0.37049999999999983
82,1,w1_20260421_220838,73,-199.99999999999991,1652.6483818578745,1557.5127325011745,0.4850000000000007,0.3454999999999999
82,1,w1_20260421_220838,74,367.5,2600.25,3422.25,0.4340000000000001,0.23849999999999968
82,1,w1_20260421_220838,75,638.25,2564.25,3217.5,0.44399999999999984,0.29299999999999987
82,1,w1_20260421_220838,76,683,2583,2994,0.4409999999999998,0.30100000000000005
82,1,w1_20260421_220838,77,240.25,2984.25,3475.5,0.4234999999999998,0.2670000000000002
82,1,w1_20260421_220838,78,543.75,2890.5,3255.75,0.4484999999999996,0.2839999999999995
82,1,w1_20260421_220838,79,454,2887.5,3358.5,0.42949999999999977,0.2579999999999999
82,1,w1_20260421_220838,80,405.25,2803.5,3371.25,0.4594999999999999,0.2160000000000001
82,1,w1_20260421_220838,81,665.5,2426.25,3128.25,0.5059999999999999,0.25849999999999995
82,1,w1_20260421_220838,82,266.75,3685.5,3147.75,0.33399999999999985,0.3789999999999992
82,1,w1_20260421_220838,83,-199.2757136835612,3433.3791799334326,2575.342382013978,0.29899999999999993,0.34299999999999964
82,1,w1_20260421_220838,84,-200.00000000000009,1576.1036592003943,1695.2393410507125,0.5050000000000004,0.3449999999999999
82,1,w1_20260421_220838,85,198.5,2624.25,3197.25,0.4305,0.23149999999999996
82,1,w1_20260421_220838,86,-200,903.7875,854.1375,0.4459999999999988,0.36149999999999993
82,1,w1_20260421_220838,87,-199.99999999999997,1001.0872608904858,1093.8779131823503,0.33600000000000013,0.30949999999999966
82,1,w1_20260421_220838,88,-176.25,2973,2303.25,0.259,0.35300000000000004
82,1,w1_20260421_220838,89,-199.99999999999991,1731.538545629593,1424.309644644787,0.3120000000000003,0.3219999999999999
82,1,w1_20260421_220838,90,367.5,3975,2677.5,0.3024999999999999,0.43950000000000017
82,1,w1_20260421_220838,91,2366.5,3066,1867.5,0.45200000000000023,0.6490000000000006
82,1,w1_20260421_220838,92,1217.75,3333,3119.25,0.4445000000000002,0.4265000000000003
82,1,w1_20260421_220838,93,1502.25,3285,2742.75,0.4525000000000003,0.43999999999999995
82,1,w1_20260421_220838,94,1114.75,3025.5,3309.75,0.4915000000000002,0.3274999999999998
82,1,w1_20260421_220838,95,1846,2883.75,2630.25,0.507,0.48250000000000026
82,1,w1_20260421_220838,96,2915.5,1725,2839.5,0.7095000000000004,0.4824999999999997
82,1,w1_20260421_220838,97,3003.75,1012.5,3723.75,0.8254999999999996,0.3519999999999995
82,1,w1_20260421_220838,98,2729.5,938.25,4232.25,0.8409999999999994,0.2889999999999994
82,1,w1_20260421_220838,99,1369.25,942,5658.75,0.8429999999999994,0.05050000000000002
82,1,w1_20260421_220838,100,1479.25,912.75,4878,0.8444999999999994,0.03
83,0,w0_20260421_220851,1,1824,2711.25,2124.75,0.4510000000000003,0.5835000000000008
83,0,w0_20260421_220851,2,2205.5,2736.75,2067.75,0.49200000000000016,0.6045000000000009
83,0,w0_20260421_220851,3,3054.25,1899,2106.75,0.6305000000000003,0.6055000000000007
83,0,w0_20260421_220851,4,2669.25,2388.75,2082,0.5739999999999998,0.5970000000000009
83,0,w0_20260421_220851,5,1730.25,3342.75,2307,0.39399999999999985,0.5935000000000008
83,0,w0_20260421_220851,6,1897.5,2889.75,2442.75,0.4690000000000001,0.5420000000000008
83,0,w0_20260421_220851,7,1167.25,2821.5,3311.25,0.5115000000000002,0.3905000000000007
83,0,w0_20260421_220851,8,1661.5,2633.25,2525.25,0.4655000000000003,0.5174999999999994
83,0,w0_20260421_220851,9,3835.5,1935.75,1038.75,0.6240000000000002,0.7955000000000001
83,0,w0_20260421_220851,10,4918.5,1073.25,908.25,0.7980000000000008,0.8224999999999996
83,0,w0_20260421_220851,11,3773.75,1311.75,1654.5,0.7429999999999992,0.6695000000000009
83,0,w0_20260421_220851,12,3501,1226.25,2742.75,0.78,0.5100000000000002
83,0,w0_20260421_220851,13,4223.25,1793.25,1453.5,0.677,0.7414999999999989
83,0,w0_20260421_220851,14,2772.5,2661.75,1965.75,0.5189999999999992,0.6590000000000004
83,0,w0_20260421_220851,15,3024.25,1554.75,2691,0.7195000000000001,0.5019999999999996
83,0,w0_20260421_220851,16,4815.25,1217.25,1597.5,0.782,0.7214999999999998
83,0,w0_20260421_220851,17,3263.5,1843.5,2343,0.6670000000000003,0.5864999999999997
83,0,w0_20260421_220851,18,3751.5,2324.25,1064.25,0.5770000000000005,0.8070000000000007
83,0,w0_20260421_220851,19,3843.75,2652.75,1123.5,0.5330000000000006,0.8029999999999984
83,0,w0_20260421_220851,20,4498,1018.5,1993.5,0.8244999999999999,0.6439999999999999
83,0,w0_20260421_220851,21,3320.25,2487.75,852,0.508,0.8284999999999991
83,0,w0_20260421_220851,22,3533.25,2178.75,1638,0.6269999999999994,0.7000000000000012
83,0,w0_20260421_220851,23,1549.75,2202,2798.25,0.5430000000000003,0.4299999999999994
83,0,w0_20260421_220851,24,1805.25,2921.25,2833.5,0.5054999999999998,0.49149999999999927
83,0,w0_20260421_220851,25,3376,1479,2805,0.7464999999999986,0.49749999999999966
83,0,w0_20260421_220851,26,2259.75,2542.5,2787.75,0.5525000000000001,0.5120000000000003
83,0,w0_20260421_220851,27,1114.75,2994.75,2440.5,0.38050000000000006,0.5094999999999998
83,0,w0_20260421_220851,28,1043.5,3342.75,3063.75,0.40849999999999986,0.4384999999999992
83,0,w0_20260421_220851,29,287,3425.25,3327.75,0.34450000000000003,0.3714999999999993
83,0,w0_20260421_220851,30,-200,682.26140625,403.51078125,0.14500000000000016,0.8544999999999999
83,0,w0_20260421_220851,31,2054.5,2964,2671.5,0.4854999999999995,0.5314999999999995
83,0,w0_20260421_220851,32,1075.75,2610,3404.25,0.5054999999999998,0.3440000000000002
83,0,w0_20260421_220851,33,1899.25,3345.75,2235,0.4139999999999999,0.5950000000000003
83,0,w0_20260421_220851,34,2131,2511,3048,0.5580000000000003,0.4694999999999989
83,0,w0_20260421_220851,35,1989,3064.5,2416.5,0.4590000000000002,0.5580000000000002
83,0,w0_20260421_220851,36,2415,2635.5,2539.5,0.5385000000000008,0.5649999999999997
83,0,w0_20260421_220851,37,816.5,2599.5,3984,0.5400000000000007,0.2749999999999999
83,0,w0_20260421_220851,38,2684.5,2047.5,2688,0.6250000000000004,0.5225
83,0,w0_20260421_220851,39,3273.5,1450.5,2556,0.7359999999999998,0.5229999999999998
83,0,w0_20260421_220851,40,3810.5,1147.5,2442,0.7815000000000005,0.5569999999999999
83,0,w0_20260421_220851,41,3019.25,1215,3465.75,0.795000000000001,0.39600000000000074
83,0,w0_20260421_220851,42,1738.5,1135.5,4926,0.8100000000000009,0.1494999999999999
83,0,w0_20260421_220851,43,438,1887,5235,0.669,0.075
83,0,w0_20260421_220851,44,2521.75,1320.75,3727.5,0.7724999999999999,0.347
83,0,w0_20260421_220851,45,2916,1151.25,3522.75,0.8035000000000003,0.36700000000000016
83,0,w0_20260421_220851,46,2129.25,1871.25,3859.5,0.6815000000000001,0.34999999999999987
83,0,w0_20260421_220851,47,2376.5,1975.5,3258,0.6450000000000002,0.4259999999999995
83,0,w0_20260421_220851,48,4496,969,2415,0.8384999999999999,0.5829999999999999
83,0,w0_20260421_220851,49,3007,1428,3345,0.7545000000000002,0.4380000000000001
83,0,w0_20260421_220851,50,2662.25,1208.25,3739.5,0.785,0.3400000000000001
83,0,w0_20260421_220851,51,3833,894,3003,0.8509999999999998,0.4754999999999996
83,0,w0_20260421_220851,52,2144.25,1623.75,4002,0.713,0.32049999999999995
83,0,w0_20260421_220851,53,2350,2163,3297,0.6249999999999999,0.44400000000000056
83,0,w0_20260421_220851,54,1905.5,1533.75,3540.75,0.7080000000000005,0.31500000000000017
83,0,w0_20260421_220851,55,2649.5,1317.75,3312.75,0.7550000000000004,0.3845000000000002
83,0,w0_20260421_220851,56,2991.5,1948.5,1680,0.6065000000000003,0.6450000000000006
83,0,w0_20260421_220851,57,3192.25,1589.25,2248.5,0.6925000000000003,0.5265000000000004
83,0,w0_20260421_220851,58,3376.5,1762.5,2811,0.7060000000000001,0.5235000000000007
83,0,w0_20260421_220851,59,1677.25,1914.75,4308,0.6709999999999997,0.27599999999999947
83,0,w0_20260421_220851,60,1605.75,2073,4121.25,0.6509999999999999,0.28999999999999976
83,0,w0_20260421_220851,61,2211,2319.75,3389.25,0.6034999999999995,0.435
83,0,w0_20260421_220851,62,1593.75,2774.25,3432,0.5194999999999996,0.416
83,0,w0_20260421_220851,63,765,3158.25,3876.75,0.4689999999999997,0.33400000000000013
83,0,w0_20260421_220851,64,1025.75,3177,3617.25,0.4570000000000002,0.38750000000000007
83,0,w0_20260421_220851,65,-200,1546.35,2488.95,0.6305000000000007,0.546
83,0,w0_20260421_220851,66,-200,756,1344,0.5715000000000015,0.7559999999999999
83,0,w0_20260421_220851,67,803,3454.5,3532.5,0.4045000000000002,0.4040000000000006
83,0,w0_20260421_220851,68,1343.75,3521.25,3105,0.41200000000000025,0.4825000000000002
83,0,w0_20260421_220851,69,-200,1356,624,0.3214999999999997,0.7719999999999988
83,0,w0_20260421_220851,70,-200,1328.355,1331.835,0.39050000000000007,0.4940000000000008
83,0,w0_20260421_220851,71,487.4814254218718,3424.785788369485,2974.4966497898176,0.34800000000000025,0.4544999999999999
83,0,w0_20260421_220851,72,108.25,3864.75,3957,0.34350000000000036,0.3404999999999999
83,0,w0_20260421_220851,73,-144.25,3965.25,4149,0.33300000000000035,0.3085000000000004
83,0,w0_20260421_220851,74,-162.5,3926.25,4106.25,0.3275000000000003,0.31
83,0,w0_20260421_220851,75,-200,1113,1467,0.4100000000000002,0.725
83,0,w0_20260421_220851,76,-200,618.2044800000001,582.61344,0.4210000000000003,0.8584999999999999
83,0,w0_20260421_220851,77,-8.75,3962.25,3567,0.29750000000000015,0.35799999999999976
83,0,w0_20260421_220851,78,-200,2632.8,2283.6,0.34349999999999975,0.5805
83,0,w0_20260421_220851,79,-200,543.75,570.75,0.4654999999999992,0.86
83,0,w0_20260421_220851,80,-200,1038.5484,1029.1452,0.4929999999999992,0.801
83,0,w0_20260421_220851,81,2377.25,3373.5,1859.25,0.40000000000000013,0.6649999999999996
83,0,w0_20260421_220851,82,1937.5,3322.5,2580,0.4295000000000001,0.5685
83,0,w0_20260421_220851,83,525,3300,3495,0.4335000000000001,0.29400000000000004
83,0,w0_20260421_220851,84,-15.25,3405,3950.25,0.42349999999999993,0.2709999999999997
83,0,w0_20260421_220851,85,427.5,3264,3748.5,0.4415000000000002,0.3115000000000001
83,0,w0_20260421_220851,86,1069.75,3162,3728.25,0.473,0.3714999999999996
83,0,w0_20260421_220851,87,1809,3286.5,2854.5,0.45149999999999985,0.5169999999999997
83,0,w0_20260421_220851,88,705,3005.25,3909.75,0.4874999999999997,0.294
83,0,w0_20260421_220851,89,-200,822,1276.8,0.2805000000000003,0.5460000000000007
83,0,w0_20260421_220851,90,250.5,2814,3745.5,0.46649999999999975,0.2515
83,0,w0_20260421_220851,91,2849.25,3453.75,1557,0.4194999999999999,0.727
83,0,w0_20260421_220851,92,1195.5,3654,3010.5,0.38550000000000006,0.49350000000000016
83,0,w0_20260421_220851,93,-199.99999999999997,1439.814518751571,1686.2469950727625,0.647500000000001,0.5829999999999999
83,0,w0_20260421_220851,94,714.25,3075,3600.75,0.45050000000000007,0.3245000000000002
83,0,w0_20260421_220851,95,762.75,2683.5,3483.75,0.4809999999999998,0.31800000000000017
83,0,w0_20260421_220851,96,1271.25,2432.25,3406.5,0.5420000000000003,0.3579999999999996
83,0,w0_20260421_220851,97,2638,2355.75,2036.25,0.5335000000000002,0.6004999999999998
83,0,w0_20260421_220851,98,1246.25,3124.5,3569.25,0.4774999999999997,0.3995
83,0,w0_20260421_220851,99,964,2363.25,3882.75,0.5740000000000002,0.25850000000000006
83,0,w0_20260421_220851,100,750.25,2232,4107.75,0.5780000000000001,0.2265000000000003
83,1,w1_20260421_220904,1,1985.5,2943,1921.5,0.422,0.6310000000000006
83,1,w1_20260421_220904,2,2640,2325.75,2084.25,0.5640000000000004,0.6030000000000009
83,1,w1_20260421_220904,3,2964.25,1989,2106.75,0.622,0.6055000000000007
83,1,w1_20260421_220904,4,1964.25,3093.75,2082,0.44749999999999984,0.5970000000000009
83,1,w1_20260421_220904,5,2216.25,2940.75,2343,0.4679999999999999,0.5935000000000008
83,1,w1_20260421_220904,6,1645.5,3631.5,1953,0.31999999999999995,0.6349999999999999
83,1,w1_20260421_220904,7,2663.5,2076,2560.5,0.6385000000000001,0.523500000000001
83,1,w1_20260421_220904,8,1859,1934.25,3666.75,0.6329999999999996,0.3580000000000006
83,1,w1_20260421_220904,9,1882.5,2849.25,2408.25,0.462,0.5635000000000002
83,1,w1_20260421_220904,10,4078.75,1744.5,816.75,0.6454999999999997,0.8445000000000006
83,1,w1_20260421_220904,11,1184.75,2471.25,3534,0.5479999999999994,0.3480000000000003
83,1,w1_20260421_220904,12,1997.5,2322,3250.5,0.6044999999999999,0.4275000000000002
83,1,w1_20260421_220904,13,1649.25,3040.5,2870.25,0.4539999999999996,0.5020000000000002
83,1,w1_20260421_220904,14,3381.75,2303.25,1755,0.5754999999999995,0.6880000000000009
83,1,w1_20260421_220904,15,4317.5,1642.5,1320,0.7029999999999998,0.7339999999999995
83,1,w1_20260421_220904,16,2054.5,3261.75,1923.75,0.3895,0.6405
83,1,w1_20260421_220904,17,3548.75,2004.75,1906.5,0.6289999999999999,0.6714999999999998
83,1,w1_20260421_220904,18,4448.25,2208,603.75,0.5879999999999996,0.8885
83,1,w1_20260421_220904,19,4026.5,1560.75,2082.75,0.7215,0.6344999999999988
83,1,w1_20260421_220904,20,5129.5,1904.25,476.25,0.6675000000000001,0.9155
83,1,w1_20260421_220904,21,3369,2653.5,1357.5,0.5304999999999999,0.7580000000000008
83,1,w1_20260421_220904,22,3628.75,1859.25,1782,0.6675000000000004,0.6704999999999994
83,1,w1_20260421_220904,23,3896.25,2092.5,1421.25,0.6149999999999997,0.7429999999999999
83,1,w1_20260421_220904,24,2177.25,2943.75,2529,0.4990000000000003,0.5534999999999988
83,1,w1_20260421_220904,25,1635.25,2940.75,3084,0.499,0.45599999999999974
83,1,w1_20260421_220904,26,1562.75,3068.25,2979,0.47000000000000014,0.4720000000000006
83,1,w1_20260421_220904,27,1593.25,3655.5,1961.25,0.31150000000000033,0.6389999999999992
83,1,w1_20260421_220904,28,1977.5,3831.75,1680.75,0.32800000000000007,0.6875000000000009
83,1,w1_20260421_220904,29,2308.75,2368.5,2982.75,0.587,0.47649999999999926
83,1,w1_20260421_220904,30,375.5,2230.5,5154,0.6185000000000006,0.0985
83,1,w1_20260421_220904,31,-200,2252.5875,5339.7375,0.5924999999999998,0.0345
83,1,w1_20260421_220904,32,742.25,2638.5,4049.25,0.5089999999999997,0.28050000000000014
83,1,w1_20260421_220904,33,1084.5,2668.5,3717,0.5205000000000002,0.33549999999999996
83,1,w1_20260421_220904,34,1455,1569,4686,0.7250000000000008,0.19049999999999995
83,1,w1_20260421_220904,35,1689.75,2395.5,3534.75,0.5815,0.38300000000000023
83,1,w1_20260421_220904,36,-200,1100.325,1700.025,0.2809999999999992,0.4070000000000005
83,1,w1_20260421_220904,37,2251,2346.75,2942.25,0.5925,0.48599999999999993
83,1,w1_20260421_220904,38,125.75,2535.75,4768.5,0.5404999999999999,0.15149999999999994
83,1,w1_20260421_220904,39,-200,592.921875,1269.609375,0.279999999999999,0.45100000000000057
83,1,w1_20260421_220904,40,1861.25,2401.5,2897.25,0.5614999999999999,0.43750000000000033
83,1,w1_20260421_220904,41,992,3049.5,3658.5,0.483,0.3629999999999992
83,1,w1_20260421_220904,42,311.75,3544.5,3933.75,0.40300000000000014,0.31700000000000056
83,1,w1_20260421_220904,43,34.75,2641.5,4593.75,0.5244999999999995,0.14050000000000012
83,1,w1_20260421_220904,44,657,2471.25,4191.75,0.5539999999999996,0.2415000000000001
83,1,w1_20260421_220904,45,898.5,2625.75,3945.75,0.548,0.25850000000000006
83,1,w1_20260421_220904,46,2984,1644,3132,0.72,0.46949999999999986
83,1,w1_20260421_220904,47,2849.25,1172.25,3328.5,0.7850000000000006,0.3800000000000002
83,1,w1_20260421_220904,48,828.25,2097.75,4704,0.6385000000000003,0.1854999999999998
83,1,w1_20260421_220904,49,1967.5,3253.5,2529,0.43399999999999994,0.5679999999999995
83,1,w1_20260421_220904,50,-14.25,3219.75,4084.5,0.4480000000000001,0.214
83,1,w1_20260421_220904,51,571.75,2463,4415.25,0.5850000000000009,0.18500000000000008
83,1,w1_20260421_220904,52,502,2434.5,4573.5,0.5720000000000005,0.19099999999999984
83,1,w1_20260421_220904,53,1863.25,2928.75,3018,0.4965000000000001,0.4969999999999997
83,1,w1_20260421_220904,54,1088.75,2928.75,3772.5,0.5059999999999999,0.359
83,1,w1_20260421_220904,55,759.75,2944.5,3675.75,0.4944999999999999,0.31800000000000034
83,1,w1_20260421_220904,56,1679,2846.25,3174.75,0.5009999999999998,0.45050000000000023
83,1,w1_20260421_220904,57,2634,2907.75,2198.25,0.49649999999999983,0.6164999999999996
83,1,w1_20260421_220904,58,2124,2994,2832,0.5000000000000001,0.5200000000000002
83,1,w1_20260421_220904,59,1036.25,3067.5,2726.25,0.3880000000000001,0.45850000000000024
83,1,w1_20260421_220904,60,-200,1426.5,1566,0.41500000000000026,0.4460000000000003
83,1,w1_20260421_220904,61,-200,1364.348714325,1654.4875712250002,0.4185000000000004,0.3840000000000004
83,1,w1_20260421_220904,62,46.25,3482.25,3571.5,0.3865000000000002,0.2804999999999998
83,1,w1_20260421_220904,63,-200.00000000000003,1752.770625,1867.513125,0.41300000000000026,0.20049999999999965
83,1,w1_20260421_220904,64,1152.5,2958,3319.5,0.4774999999999997,0.4020000000000001
83,1,w1_20260421_220904,65,3931.75,1881,1967.25,0.6834999999999988,0.663500000000001
83,1,w1_20260421_220904,66,928.25,2754.75,4047,0.5255000000000002,0.30250000000000027
83,1,w1_20260421_220904,67,587.5,2940.75,3711.75,0.4840000000000002,0.26649999999999996
83,1,w1_20260421_220904,68,751.25,2934.75,3624,0.4955000000000004,0.2785000000000001
83,1,w1_20260421_220904,69,982.5,2679,3838.5,0.5470000000000002,0.2645000000000004
83,1,w1_20260421_220904,70,960,3108.75,3251.25,0.4729999999999998,0.3434999999999998
83,1,w1_20260421_220904,71,958,2850,3642,0.49449999999999966,0.3270000000000003
83,1,w1_20260421_220904,72,1537,2807.25,3165.75,0.5244999999999995,0.4000000000000003
83,1,w1_20260421_220904,73,725.75,2795.25,3879,0.5179999999999996,0.25499999999999995
83,1,w1_20260421_220904,74,618.25,3076.5,3395.25,0.4340000000000001,0.3464999999999999
83,1,w1_20260421_220904,75,1872.75,3065.25,2562,0.4524999999999999,0.5399999999999997
83,1,w1_20260421_220904,76,2242.25,2486.25,3091.5,0.5734999999999997,0.4835000000000007
83,1,w1_20260421_220904,77,-75.75,3287.25,3118.5,0.3789999999999999,0.228
83,1,w1_20260421_220904,78,1127,2184.75,3878.25,0.6060000000000004,0.2405000000000002
83,1,w1_20260421_220904,79,392.5,2543.25,3824.25,0.4985000000000001,0.2080000000000003
83,1,w1_20260421_220904,80,2048.75,2262.75,2818.5,0.5839999999999994,0.42750000000000016
83,1,w1_20260421_220904,81,4033,1360.5,1156.5,0.7219999999999991,0.7675000000000007
83,1,w1_20260421_220904,82,3498,1938,2394,0.6549999999999991,0.5965000000000001
83,1,w1_20260421_220904,83,2142.5,2445,3262.5,0.5849999999999994,0.43599999999999967
83,1,w1_20260421_220904,84,140.75,2678.25,3171,0.39449999999999974,0.1959999999999999
83,1,w1_20260421_220904,85,-199.87998560092373,1070.9790351492777,1010.6955659708224,0.6165000000000002,0.17549999999999996
83,1,w1_20260421_220904,86,252.6353459595981,2459.645036300347,2962.270768156845,0.4339999999999994,0.3065
83,1,w1_20260421_220904,87,2559,2822.25,2568.75,0.5284999999999992,0.5655000000000008
83,1,w1_20260421_220904,88,1396.5,2856.75,3666.75,0.5204999999999993,0.3789999999999996
83,1,w1_20260421_220904,89,296.75,2879.25,3504,0.4479999999999997,0.2609999999999996
83,1,w1_20260421_220904,90,222.25,2901.75,3666,0.44299999999999967,0.2365000000000002
83,1,w1_20260421_220904,91,564,3559.5,2716.5,0.3684999999999997,0.3799999999999997
83,1,w1_20260421_220904,92,560,3425.25,2964.75,0.35549999999999976,0.38849999999999985
83,1,w1_20260421_220904,93,393.75,3728.25,3078,0.31249999999999994,0.38850000000000007
83,1,w1_20260421_220904,94,3225.5,1972.5,2472,0.6329999999999993,0.5505000000000007
83,1,w1_20260421_220904,95,5282,768,1890,0.8705000000000008,0.6849999999999997
83,1,w1_20260421_220904,96,4393,723,2844,0.8785000000000006,0.5259999999999996
83,1,w1_20260421_220904,97,3667,732,3501,0.8760000000000007,0.4120000000000004
83,1,w1_20260421_220904,98,2116.5,1294.5,4539,0.7829999999999998,0.24350000000000072
83,1,w1_20260421_220904,99,1850,1563,4467,0.7395,0.22699999999999945
83,1,w1_20260421_220904,100,3356,1513.5,3070.5,0.7465,0.48349999999999943
84,0,w0_20260421_220920,1,1096.75,2177.25,2346,0.49750000000000005,0.4494999999999995
84,0,w0_20260421_220920,2,348.75,1035,2846.25,0.6750000000000003,0.09299999999999992
84,0,w0_20260421_220920,3,-52.25,1520.25,2832,0.5465,0.13150000000000017
84,0,w0_20260421_220920,4,76.75,1734.75,3778.5,0.5649999999999997,0.11700000000000008
84,0,w0_20260421_220920,5,445.5,1478.25,3686.25,0.6015000000000001,0.16200000000000017
84,0,w0_20260421_220920,6,203.75,2289,4517.25,0.576,0.13350000000000029
84,0,w0_20260421_220920,7,604,1171.5,3634.5,0.7180000000000001,0.1135000000000002
84,0,w0_20260421_220920,8,827.25,2347.5,3995.25,0.5575000000000006,0.2525000000000002
84,0,w0_20260421_220920,9,4290,2064,996,0.6310000000000001,0.8084999999999996
84,0,w0_20260421_220920,10,1789.5,3043.5,1737,0.3959999999999998,0.6400000000000001
84,0,w0_20260421_220920,11,3616.5,1907.25,1946.25,0.6510000000000004,0.6545000000000009
84,0,w0_20260421_220920,12,3628.25,2098.5,1283.25,0.5830000000000001,0.7650000000000001
84,0,w0_20260421_220920,13,3263.75,2987.25,909,0.43249999999999994,0.825000000000001
84,0,w0_20260421_220920,14,2282.75,2712,1715.25,0.4620000000000003,0.6640000000000001
84,0,w0_20260421_220920,15,3481.5,1338,2560.5,0.7665000000000003,0.5309999999999997
84,0,w0_20260421_220920,16,5015.5,1542,1102.5,0.7389999999999999,0.8139999999999997
84,0,w0_20260421_220920,17,3057,1120.5,3112.5,0.8004999999999999,0.41550000000000054
84,0,w0_20260421_220920,18,2203.5,2713.5,2403,0.49549999999999966,0.5685000000000009
84,0,w0_20260421_220920,19,1658.75,2993.25,3018,0.47100000000000014,0.4815000000000007
84,0,w0_20260421_220920,20,949.5,2304.75,4155.75,0.5790000000000006,0.25249999999999995
84,0,w0_20260421_220920,21,183.25,3475.5,3971.25,0.38300000000000034,0.31750000000000034
84,0,w0_20260421_220920,22,1965,2714.25,2730.75,0.5220000000000001,0.5075000000000011
84,0,w0_20260421_220920,23,1998,2658,2994,0.5380000000000006,0.4720000000000001
84,0,w0_20260421_220920,24,2045.5,2551.5,2943,0.55,0.4745000000000001
84,0,w0_20260421_220920,25,3209,1293.75,2537.25,0.7504999999999997,0.5170000000000005
84,0,w0_20260421_220920,26,399.75,2717.25,4383,0.4965,0.24250000000000013
84,0,w0_20260421_220920,27,-200,715.3478568257812,621.0508476556737,0.24999999999999997,0.2545
84,0,w0_20260421_220920,28,-199.99999999999991,504.5746280250549,439.9343304450989,0.245,0.12649999999999978
84,0,w0_20260421_220920,29,-200,480.066,556.2180000000001,0.3135,0.2859999999999996
84,0,w0_20260421_220920,30,161.25,3883.5,3455.25,0.31199999999999967,0.37849999999999945
84,0,w0_20260421_220920,31,-200,700.0668750000001,559.569375,0.2705,0.1624999999999998
84,0,w0_20260421_220920,32,-200,524.76,579.48,0.355,0.0975000000000001
84,0,w0_20260421_220920,33,613.5,2146.5,3660,0.5280000000000004,0.2170000000000001
84,0,w0_20260421_220920,34,2388.25,2679.75,1992,0.4780000000000001,0.643
84,0,w0_20260421_220920,35,1037,2800.5,2962.5,0.4055000000000003,0.3979999999999992
84,0,w0_20260421_220920,36,-200,1348.95,1013.85,0.5905000000000007,0.3239999999999996
84,0,w0_20260421_220920,37,-200,534,396,0.7430000000000001,0.665
84,0,w0_20260421_220920,38,241.5,3152.25,3596.25,0.38899999999999985,0.3044999999999997
84,0,w0_20260421_220920,39,639.75,2188.5,3981.75,0.5670000000000002,0.18499999999999997
84,0,w0_20260421_220920,40,2510,2212.5,2047.5,0.5675000000000004,0.5889999999999995
84,0,w0_20260421_220920,41,534,2220.75,4415.25,0.6010000000000003,0.13149999999999995
84,0,w0_20260421_220920,42,390,1029.75,3890.25,0.7630000000000002,0.0175
84,0,w0_20260421_220920,43,1120.75,1967.25,3882,0.6200000000000006,0.2555000000000003
84,0,w0_20260421_220920,44,1496,2849.25,3324.75,0.5030000000000002,0.4280000000000003
84,0,w0_20260421_220920,45,634,2457,3159,0.4545,0.30650000000000016
84,0,w0_20260421_220920,46,595.5,2664,3250.5,0.4715,0.272
84,0,w0_20260421_220920,47,2546.75,2901,1202.25,0.42350000000000015,0.7569999999999999
84,0,w0_20260421_220920,48,-200,2526.75,3807.75,0.4750000000000002,0.11749999999999997
84,0,w0_20260421_220920,49,1047,2661,3612,0.5280000000000005,0.3269999999999995
84,0,w0_20260421_220920,50,3289.5,2515.5,1785,0.5590000000000003,0.6785
84,0,w0_20260421_220920,51,2637.25,2608.5,2264.25,0.5385000000000001,0.5920000000000009
84,0,w0_20260421_220920,52,1161,2886,3453,0.49450000000000033,0.3704999999999994
84,0,w0_20260421_220920,53,-200,2228.25,2909.25,0.4180000000000003,0.3045
84,0,w0_20260421_220920,54,-200,2007.6525,1229.9325,0.2830000000000004,0.3625
84,0,w0_20260421_220920,55,390.75,4048.5,2790.75,0.26849999999999974,0.4895000000000001
84,0,w0_20260421_220920,56,248.5,3787.5,2964,0.3284999999999998,0.37249999999999994
84,0,w0_20260421_220920,57,-200,1207.5,2041.5,0.4310000000000004,0.053
84,0,w0_20260421_220920,58,-200,805.5,1404,0.3980000000000009,0.2155000000000001
84,0,w0_20260421_220920,59,255,3440.25,3414.75,0.3835,0.32600000000000035
84,0,w0_20260421_220920,60,752.75,3456,2171.25,0.30399999999999994,0.5500000000000003
84,0,w0_20260421_220920,61,1125.75,3786,1838.25,0.2705,0.6440000000000009
84,0,w0_20260421_220920,62,142.25,3904.5,3113.25,0.2715000000000001,0.4380000000000003
84,0,w0_20260421_220920,63,472.25,2577,2640.75,0.40099999999999986,0.33999999999999964
84,0,w0_20260421_220920,64,1962.25,2199.75,3048,0.5849999999999999,0.3964999999999998
84,0,w0_20260421_220920,65,850,1348.5,3361.5,0.6865000000000002,0.13749999999999984
84,0,w0_20260421_220920,66,919.5,2234.25,3626.25,0.5425,0.2445
84,0,w0_20260421_220920,67,1693.25,3453.75,2583,0.4145000000000001,0.5415000000000006
84,0,w0_20260421_220920,68,1430,2857.5,2482.5,0.4315,0.4469999999999997
84,0,w0_20260421_220920,69,280.5,2372.25,3047.25,0.5030000000000001,0.1375000000000004
84,0,w0_20260421_220920,70,661.25,2064,2904.75,0.5175000000000002,0.20449999999999996
84,0,w0_20260421_220920,71,2943.5,2779.5,1977,0.5260000000000004,0.6654999999999996
84,0,w0_20260421_220920,72,2436,2454.75,2129.25,0.5495000000000004,0.5904999999999994
84,0,w0_20260421_220920,73,1133.75,2663.25,3993,0.5360000000000005,0.3165000000000003
84,0,w0_20260421_220920,74,477,1976.25,2796.75,0.5345000000000002,0.2265000000000003
84,0,w0_20260421_220920,75,-199.99886203049417,1150.5062945168509,1588.2378725150456,0.4350000000000002,0.13149999999999978
84,0,w0_20260421_220920,76,-200,718.5,837,0.5785000000000003,0.7665000000000012
84,0,w0_20260421_220920,77,2024,4021.5,1294.5,0.2705000000000001,0.7745000000000022
84,0,w0_20260421_220920,78,-200,1537.4329769020312,1384.1758828701563,0.4965000000000001,0.4940000000000006
84,0,w0_20260421_220920,79,-200,1315.8018728284726,1095.7541578631567,0.534,0.4755000000000002
84,0,w0_20260421_220920,80,-200,1017.2175,839.8275,0.6430000000000001,0.48550000000000026
84,0,w0_20260421_220920,81,50,2799,2571,0.33800000000000047,0.4650000000000003
84,0,w0_20260421_220920,82,536.25,3225,1998.75,0.25850000000000034,0.48699999999999966
84,0,w0_20260421_220920,83,321,3785.25,3003.75,0.29800000000000043,0.42399999999999904
84,0,w0_20260421_220920,84,-199.99999999999991,1171.9746236966248,1163.5657203611252,0.27450000000000035,0.5700000000000008
84,0,w0_20260421_220920,85,-200,1583.0625,1148.0625,0.13850000000000007,0.696000000000001
84,0,w0_20260421_220920,86,147.25,2401.5,2351.25,0.3865000000000001,0.2730000000000001
84,0,w0_20260421_220920,87,-200,665.25,500.25,0.0715,0.4629999999999999
84,0,w0_20260421_220920,88,-200,676.35,508.05,0.0365,0.8704999999999999
84,0,w0_20260421_220920,89,-200,1254.75,731.25,0.021,0.8425
84,0,w0_20260421_220920,90,-200,708.075,462.975,0.015,0.8865000000000001
84,0,w0_20260421_220920,91,-200,933,453,0.01349999999999999,0.8805
84,0,w0_20260421_220920,92,-200,693,309,0.012,0.6530000000000012
84,0,w0_20260421_220920,93,-200,579.75,366.75,0.2599999999999999,0.4579999999999994
84,0,w0_20260421_220920,94,-200,586.5,304.5,0.5225000000000005,0.7309999999999988
84,0,w0_20260421_220920,95,836.25,2796,2457.75,0.4365000000000001,0.3744999999999996
84,0,w0_20260421_220920,96,1218,2526,2616,0.5030000000000004,0.4265
84,0,w0_20260421_220920,97,1371.25,2014.5,2444.25,0.5120000000000003,0.4775
84,0,w0_20260421_220920,98,1854.25,2383.5,2642.25,0.47350000000000025,0.4884999999999995
84,0,w0_20260421_220920,99,1442.75,1558.5,1968.75,0.5715,0.4814999999999991
84,0,w0_20260421_220920,100,2181,2859,2670,0.5145000000000004,0.5229999999999992
84,1,w1_20260421_220933,1,1297,1826.25,1506.75,0.482,0.5824999999999992
84,1,w1_20260421_220933,2,638.25,1585.5,1886.25,0.4785000000000003,0.39049999999999935
84,1,w1_20260421_220933,3,585.5,1663.5,1821,0.44050000000000006,0.4079999999999995
84,1,w1_20260421_220933,4,895,2262.75,2492.25,0.45600000000000057,0.40749999999999936
84,1,w1_20260421_220933,5,1989,2001,3030,0.6034999999999998,0.4314999999999995
84,1,w1_20260421_220933,6,2124.25,1869.75,3396,0.6675000000000003,0.3784999999999991
84,1,w1_20260421_220933,7,-75.25,2209.5,4035.75,0.5370000000000003,0.12400000000000024
84,1,w1_20260421_220933,8,2679.5,1480.5,3270,0.7225000000000003,0.4015000000000001
84,1,w1_20260421_220933,9,3014,2033.25,2112.75,0.6250000000000007,0.5955000000000001
84,1,w1_20260421_220933,10,2743.75,2397.75,1618.5,0.5364999999999999,0.6770000000000009
84,1,w1_20260421_220933,11,2023.5,3172.5,2094,0.396,0.6144999999999994
84,1,w1_20260421_220933,12,2380.25,2824.5,605.25,0.32449999999999996,0.8654999999999995
84,1,w1_20260421_220933,13,1797,3136.5,1846.5,0.3745000000000001,0.6335000000000011
84,1,w1_20260421_220933,14,2669.5,2744.25,1796.25,0.49299999999999977,0.6645000000000004
84,1,w1_20260421_220933,15,1916.75,2287.5,2805.75,0.5715000000000007,0.458
84,1,w1_20260421_220933,16,3445.25,2043.75,1611,0.630500000000001,0.6929999999999998
84,1,w1_20260421_220933,17,3881,2336.25,882.75,0.5685000000000003,0.8320000000000004
84,1,w1_20260421_220933,18,3531,1488.75,2210.25,0.7185000000000005,0.6035000000000005
84,1,w1_20260421_220933,19,2650.25,2027.25,2662.5,0.6390000000000003,0.5195000000000011
84,1,w1_20260421_220933,20,4304.25,1317.75,1608,0.7535000000000005,0.6955
84,1,w1_20260421_220933,21,3928.25,1781.25,1240.5,0.6505000000000001,0.7649999999999999
84,1,w1_20260421_220933,22,3807,1386,1587,0.7405000000000003,0.6850000000000002
84,1,w1_20260421_220933,23,4019.5,2039.25,1511.25,0.653,0.7394999999999999
84,1,w1_20260421_220933,24,4876,1551,1113,0.7300000000000005,0.7995000000000005
84,1,w1_20260421_220933,25,3945.5,923.25,2531.25,0.8380000000000001,0.5490000000000012
84,1,w1_20260421_220933,26,2074.5,1668.75,3756.75,0.6860000000000013,0.3505
84,1,w1_20260421_220933,27,4156,2010,924,0.6170000000000004,0.8390000000000011
84,1,w1_20260421_220933,28,2483.75,2878.5,2157.75,0.4905000000000005,0.6250000000000013
84,1,w1_20260421_220933,29,1462,2706,3432,0.5330000000000006,0.39250000000000074
84,1,w1_20260421_220933,30,4191,2023.5,1465.5,0.655,0.7374999999999998
84,1,w1_20260421_220933,31,1151.5,2336.25,4112.25,0.5885000000000009,0.2829999999999998
84,1,w1_20260421_220933,32,1966.5,2030.25,3473.25,0.6370000000000005,0.3710000000000002
84,1,w1_20260421_220933,33,1861.5,1563,4375.5,0.7320000000000002,0.2535000000000005
84,1,w1_20260421_220933,34,1315.5,2633.25,3791.25,0.5485000000000008,0.3399999999999999
84,1,w1_20260421_220933,35,1398.5,2451,3790.5,0.5630000000000007,0.3484999999999998
84,1,w1_20260421_220933,36,1343,2257.5,3889.5,0.6005000000000008,0.3255000000000007
84,1,w1_20260421_220933,37,2241.25,2525.25,2953.5,0.5685000000000003,0.4865000000000003
84,1,w1_20260421_220933,38,1684.25,2548.5,3497.25,0.5670000000000004,0.4040000000000002
84,1,w1_20260421_220933,39,1679,2092.5,3868.5,0.6330000000000002,0.32699999999999996
84,1,w1_20260421_220933,40,718.75,1698.75,5362.5,0.7125000000000005,0.08449999999999999
84,1,w1_20260421_220933,41,-200.00000000000009,2122.2602813145354,4356.8330877337685,0.5065000000000002,0.0799999999999999
84,1,w1_20260421_220933,42,784.75,1870.5,5124.75,0.6845000000000004,0.11849999999999972
84,1,w1_20260421_220933,43,1064.75,2005.5,4779.75,0.6595000000000006,0.1935
84,1,w1_20260421_220933,44,515,3316.5,3928.5,0.4325000000000005,0.3335000000000001
84,1,w1_20260421_220933,45,-200,1765.875,1870.875,0.31099999999999994,0.1305
84,1,w1_20260421_220933,46,3219.25,3150.75,1320,0.4539999999999999,0.7710000000000002
84,1,w1_20260421_220933,47,1514,2520,3786,0.5650000000000003,0.3604999999999997
84,1,w1_20260421_220933,48,192.75,2227.5,5439.75,0.6165,0.08849999999999993
84,1,w1_20260421_220933,49,1615.5,1778.25,4346.25,0.698,0.2365
84,1,w1_20260421_220933,50,281.25,3114.75,4344,0.4595000000000008,0.2490000000000008
84,1,w1_20260421_220933,51,-199.99999999999991,718.2747800209632,930.2708579237704,0.2815,0.16450000000000017
84,1,w1_20260421_220933,52,-200,1701.975,3807.075,0.4805000000000003,0.132
84,1,w1_20260421_220933,53,-200,714,1266,0.31649999999999995,0.30699999999999966
84,1,w1_20260421_220933,54,-200,1760.338125,2577.020625,0.3580000000000001,0.2080000000000001
84,1,w1_20260421_220933,55,2018,2770.5,2881.5,0.5175000000000002,0.4925000000000002
84,1,w1_20260421_220933,56,1406.75,3572.25,2871,0.3950000000000002,0.5079999999999996
84,1,w1_20260421_220933,57,1422,2352,4026,0.5915000000000001,0.31400000000000017
84,1,w1_20260421_220933,58,1123.5,1752.75,4833.75,0.6915,0.16199999999999995
84,1,w1_20260421_220933,59,1091.25,1365.75,5343,0.7689999999999997,0.07999999999999993
84,1,w1_20260421_220933,60,1701.25,2126.25,3802.5,0.6330000000000005,0.3265
84,1,w1_20260421_220933,61,145,3366,4149,0.4204999999999998,0.26649999999999957
84,1,w1_20260421_220933,62,330.25,3767.25,3622.5,0.3475000000000005,0.3835000000000003
84,1,w1_20260421_220933,63,-200,1195.5,1362,0.5299999999999999,0.5804999999999992
84,1,w1_20260421_220933,64,563.5,2445.75,4890.75,0.586499999999999,0.17000000000000015
84,1,w1_20260421_220933,65,408.25,2493,4398.75,0.5465000000000005,0.17200000000000035
84,1,w1_20260421_220933,66,413.75,2517.75,4558.5,0.5580000000000006,0.17949999999999997
84,1,w1_20260421_220933,67,398.5,3058.5,3603,0.4170000000000001,0.3085000000000001
84,1,w1_20260421_220933,68,150.5,3652.5,3327,0.34299999999999997,0.3269999999999998
84,1,w1_20260421_220933,69,-200.00000000000009,3322.1841515006126,3170.627389504463,0.34150000000000036,0.38699999999999934
84,1,w1_20260421_220933,70,-199.99999999999997,2398.246085426813,2602.1973488390868,0.40350000000000014,0.38750000000000034
84,1,w1_20260421_220933,71,-200,2291.1695816948563,2598.899158543921,0.40300000000000064,0.47399999999999975
84,1,w1_20260421_220933,72,-200,640.8,789.6,0.4115000000000006,0.7794999999999994
84,1,w1_20260421_220933,73,1024.5,1910.25,4685.25,0.66849999999999965,0.16250000000000026
84,1,w1_20260421_220933,74,321.75,3148.5,3789.75,0.44149999999999984,0.25850000000000045
84,1,w1_20260421_220933,75,735.5,2670,4264.5,0.5425000000000003,0.25250000000000017
84,1,w1_20260421_220933,76,783.5,2458.5,4488,0.5790000000000003,0.22249999999999975
84,1,w1_20260421_220933,77,83.75,3248.25,4248,0.44200000000000017,0.23399999999999985
84,1,w1_20260421_220933,78,690.75,3273.75,3625.5,0.43799999999999983,0.3580000000000001
84,1,w1_20260421_220933,79,-200.00000000000003,2253.4239506747736,2863.6122272777825,0.4675000000000008,0.37750000000000017
84,1,w1_20260421_220933,80,540.75,2898,3791.25,0.49650000000000033,0.2534999999999999
84,1,w1_20260421_220933,81,828.75,2252.25,3699,0.5900000000000002,0.211
84,1,w1_20260421_220933,82,1340,1928.25,3831.75,0.6365000000000001,0.2540000000000002
84,1,w1_20260421_220933,83,756,2269.5,4384.5,0.6165,0.19149999999999995
84,1,w1_20260421_220933,84,647.25,2037.75,3975,0.6024999999999998,0.14500000000000007
84,1,w1_20260421_220933,85,548.5,2269.5,3372,0.5649999999999997,0.1805000000000003
84,1,w1_20260421_220933,86,305.5,2437.5,3837,0.5829999999999999,0.08850000000000004
84,1,w1_20260421_220933,87,682.25,2202.75,4365,0.6290000000000001,0.16299999999999998
84,1,w1_20260421_220933,88,1722,555,5703,0.9075,0.04950000000000001
84,1,w1_20260421_220933,89,993.25,2369.25,3547.5,0.5325,0.2995000000000001
84,1,w1_20260421_220933,90,300.5,4115.25,2624.25,0.23550000000000007,0.4900000000000004
84,1,w1_20260421_220933,91,-200,990.225,500.925,0.6760000000000005,0.873
84,1,w1_20260421_220933,92,-200,4440.525,1634.325,0.17749999999999994,0.6885000000000008
84,1,w1_20260421_220933,93,-200,543,309,0.601000000000001,0.8945000000000001
84,1,w1_20260421_220933,94,-200,549.75,246.75,0.36149999999999993,0.8909999999999999
84,1,w1_20260421_220933,95,-200,621.3,336.9,0.5410000000000007,0.884
84,1,w1_20260421_220933,96,760.25,3365.25,2824.5,0.3000000000000001,0.4650000000000001
84,1,w1_20260421_220933,97,-155.5,3603,3862.5,0.35150000000000003,0.301
84,1,w1_20260421_220933,98,-199.9488874778929,1569.5473203828433,1760.7734046224627,0.4259999999999997,0.4525
84,1,w1_20260421_220933,99,-199.8880011129581,1613.4048657855708,1635.9890151005409,0.29349999999999954,0.5280000000000001
84,1,w1_20260421_220933,100,805,2403,4752,0.5995000000000006,0.1999999999999996
85,0,w0_20260421_220947,1,2467.5,1029.75,2412.75,0.7405000000000008,0.4640000000000001
85,0,w0_20260421_220947,2,1418.25,2342.25,3289.5,0.5685000000000002,0.36699999999999966
85,0,w0_20260421_220947,3,-31.75,3267,3204.75,0.3539999999999999,0.3049999999999999
85,0,w0_20260421_220947,4,909,1872,4119,0.6289999999999993,0.20649999999999985
85,0,w0_20260421_220947,5,904.25,2058,3957.75,0.5854999999999992,0.23349999999999987
85,0,w0_20260421_220947,6,615,2403.75,3611.25,0.5214999999999996,0.27549999999999986
85,0,w0_20260421_220947,7,456.5,2659.5,3354,0.4545000000000004,0.31399999999999956
85,0,w0_20260421_220947,8,-52.5,2845.5,4197,0.449,0.20849999999999985
85,0,w0_20260421_220947,9,2353,2560.5,2656.5,0.5419999999999995,0.5340000000000005
85,0,w0_20260421_220947,10,410.75,3378.75,3490.5,0.4050000000000004,0.33850000000000036
85,0,w0_20260421_220947,11,2079,2984.25,2316.75,0.4539999999999996,0.5775000000000001
85,0,w0_20260421_220947,12,3119.25,3502.5,998.25,0.3920000000000002,0.8215000000000003
85,0,w0_20260421_220947,13,3057.25,3264,1158.75,0.4265000000000001,0.7894999999999999
85,0,w0_20260421_220947,14,1063.5,3039,3337.5,0.45400000000000057,0.40100000000000013
85,0,w0_20260421_220947,15,2802.25,3483.75,1314,0.3905000000000001,0.772000000000001
85,0,w0_20260421_220947,16,3759,2600.25,1200.75,0.5499999999999995,0.7885000000000001
85,0,w0_20260421_220947,17,2866,2774.25,1689.75,0.4915000000000001,0.7020000000000001
85,0,w0_20260421_220947,18,3300.25,3300,789.75,0.4315000000000001,0.85
85,0,w0_20260421_220947,19,3566.75,2674.5,1008.75,0.5059999999999999,0.8174999999999996
85,0,w0_20260421_220947,20,3774.75,2996.25,819,0.4705,0.8585000000000007
85,0,w0_20260421_220947,21,2917.5,3376.5,1356,0.3989999999999996,0.7684999999999986
85,0,w0_20260421_220947,22,3515,2830.5,1174.5,0.5029999999999997,0.7884999999999995
85,0,w0_20260421_220947,23,2782,2783.25,1884.75,0.4854999999999996,0.6664999999999996
85,0,w0_20260421_220947,24,-200.00000000000003,3177.6216289466197,2705.64252506905,0.2350000000000006,0.3125000000000005
85,0,w0_20260421_220947,25,-199.99999999999997,602.9265518239863,605.8097869719923,0.17349999999999977,0.16899999999999982
85,0,w0_20260421_220947,26,-199.99999999999991,874.0976084591179,810.2926949159968,0.23249999999999996,0.20649999999999977
85,0,w0_20260421_220947,27,-200,594.1365258878285,618.7659910457821,0.26550000000000007,0.16550000000000015
85,0,w0_20260421_220947,28,-199.99999999999997,763.0917785409309,896.7510630563161,0.285,0.17050000000000015
85,0,w0_20260421_220947,29,-199.99999999999991,413.10290096756927,402.22217484123615,0.25799999999999995,0.1710000000000001
85,0,w0_20260421_220947,30,-200,1167.7249989767042,1073.3622570240368,0.4234999999999997,0.1969999999999998
85,0,w0_20260421_220947,31,554.75,3589.5,3555.75,0.3764999999999999,0.38500000000000023
85,0,w0_20260421_220947,32,-200.00000000000003,1128.0763808529243,1505.9043393333477,0.2579999999999993,0.19399999999999995
85,0,w0_20260421_220947,33,-199.99999999999997,638.2722229709103,641.553495989182,0.1825,0.18499999999999997
85,0,w0_20260421_220947,34,-200,866.4950256688708,883.0125485165314,0.6549999999999995,0.18599999999999992
85,0,w0_20260421_220947,35,-200,1198.5,1738.5,0.5929999999999991,0.18200000000000005
85,0,w0_20260421_220947,36,-199.99999999999991,700.5037641115492,589.0831310114613,0.49599999999999944,0.1670000000000002
85,0,w0_20260421_220947,37,-199.9956741324495,2662.051469509009,2801.5193500217833,0.3480000000000001,0.31799999999999984
85,0,w0_20260421_220947,38,-199.99999999999991,1202.9733963295987,1399.114483236236,0.41999999999999976,0.1954999999999998
85,0,w0_20260421_220947,39,606.5,4332.75,2730.75,0.2615000000000004,0.5149999999999993
85,0,w0_20260421_220947,40,1920.75,2803.5,3105.75,0.5265000000000005,0.46800000000000064
85,0,w0_20260421_220947,41,1285.75,2034.75,3259.5,0.5890000000000006,0.35
85,0,w0_20260421_220947,42,3158.5,2131.5,2520,0.6265000000000005,0.5779999999999997
85,0,w0_20260421_220947,43,2259.5,1665.75,3384.75,0.6904999999999994,0.3875000000000004
85,0,w0_20260421_220947,44,1217.75,2372.25,3960,0.5914999999999987,0.27700000000000047
85,0,w0_20260421_220947,45,1089.5,2245.5,3645,0.5709999999999992,0.3105000000000003
85,0,w0_20260421_220947,46,1514,2496,3780,0.5724999999999989,0.3549999999999995
85,0,w0_20260421_220947,47,1436.5,1753.5,4650,0.7040000000000006,0.2029999999999999
85,0,w0_20260421_220947,48,1814.75,1858.5,3696.75,0.664,0.32949999999999974
85,0,w0_20260421_220947,49,1115,1820.25,3564.75,0.6384999999999993,0.2655
85,0,w0_20260421_220947,50,238.25,2506.5,4595.25,0.5639999999999992,0.15150000000000025
85,0,w0_20260421_220947,51,148.25,2241,4170.75,0.5539999999999992,0.16100000000000023
85,0,w0_20260421_220947,52,568.5,2386.5,3255,0.4959999999999994,0.2875
85,0,w0_20260421_220947,53,1133.75,2834.25,2802,0.44249999999999945,0.42649999999999993
85,0,w0_20260421_220947,54,1796.75,2832.75,2350.5,0.4569999999999993,0.534
85,0,w0_20260421_220947,55,1512.75,3296.25,2991,0.4425,0.4895000000000004
85,0,w0_20260421_220947,56,497.75,2516.25,3366,0.4695,0.2889999999999996
85,0,w0_20260421_220947,57,799.5,2817,3703.5,0.4834999999999997,0.31650000000000034
85,0,w0_20260421_220947,58,532.5,2106.75,3720.75,0.5389999999999998,0.23350000000000012
85,0,w0_20260421_220947,59,1564,1836,3030,0.6174999999999995,0.3569999999999998
85,0,w0_20260421_220947,60,5864.5,1282.5,723,0.7850000000000003,0.8734999999999999
85,0,w0_20260421_220947,61,2274.5,1480.5,4125,0.7499999999999991,0.31249999999999917
85,0,w0_20260421_220947,62,266,2381.25,4122.75,0.5584999999999996,0.1620000000000002
85,0,w0_20260421_220947,63,-79,2413.5,4015.5,0.5294999999999997,0.1690000000000001
85,0,w0_20260421_220947,64,-199.7615129605251,2309.6109043379647,3290.414535073269,0.4964999999999997,0.20100000000000015
85,0,w0_20260421_220947,65,274.75,2838.75,3676.5,0.43249999999999944,0.2909999999999994
85,0,w0_20260421_220947,66,219.25,2496,4704.75,0.5494999999999991,0.15900000000000017
85,0,w0_20260421_220947,67,-31,2792.25,4398.75,0.5024999999999991,0.17400000000000002
85,0,w0_20260421_220947,68,199.27568439881736,2174.5154631433497,3075.448270260945,0.5029999999999992,0.2850000000000003
85,0,w0_20260421_220947,69,2520,1729.5,3700.5,0.7109999999999999,0.3789999999999997
85,0,w0_20260421_220947,70,1140,1579.5,5200.5,0.7350000000000011,0.12650000000000017
85,0,w0_20260421_220947,71,605.25,1684.5,5030.25,0.6950000000000013,0.08449999999999994
85,0,w0_20260421_220947,72,1186.75,1533.75,3769.5,0.6865000000000012,0.23450000000000024
85,0,w0_20260421_220947,73,3386.5,1690.5,2013,0.6820000000000012,0.6505000000000001
85,0,w0_20260421_220947,74,1620.75,1478.25,3531,0.7000000000000013,0.31049999999999955
85,0,w0_20260421_220947,75,535,1733.25,5301.75,0.6965000000000012,0.06299999999999986
85,0,w0_20260421_220947,76,1998.25,1454.25,3367.5,0.7180000000000009,0.3615
85,0,w0_20260421_220947,77,1574,1238.25,3627.75,0.7465000000000007,0.2635000000000002
85,0,w0_20260421_220947,78,1178.75,1149,5612.25,0.8075000000000014,0.05749999999999989
85,0,w0_20260421_220947,79,3354.25,561,2814.75,0.8905000000000015,0.4824999999999999
85,0,w0_20260421_220947,80,3130,837,2883,0.8315000000000016,0.4669999999999993
85,0,w0_20260421_220947,81,1643,1121.25,4425.75,0.7945000000000014,0.17350000000000004
85,0,w0_20260421_220947,82,2972.5,998.25,2669.25,0.8015000000000014,0.4515000000000001
85,0,w0_20260421_220947,83,3143,844.5,2902.5,0.8275000000000016,0.49249999999999977
85,0,w0_20260421_220947,84,1844.5,465,4180.5,0.9030000000000014,0.1445000000000001
85,0,w0_20260421_220947,85,2279.5,298.5,3792,0.9365000000000016,0.2234999999999999
85,0,w0_20260421_220947,86,1626.75,522,4181.25,0.8975000000000014,0.11050000000000032
85,0,w0_20260421_220947,87,1539.75,1131,4589.25,0.7775000000000003,0.1624999999999999
85,0,w0_20260421_220947,88,1931.5,1817.25,3131.25,0.647999999999999,0.42999999999999977
85,0,w0_20260421_220947,89,1717.75,2133,3269.25,0.5904999999999994,0.43999999999999984
85,0,w0_20260421_220947,90,353,2591.25,4095.75,0.5424999999999993,0.15750000000000025
85,0,w0_20260421_220947,91,-199.99999999999991,1524.2844425949686,2624.822947325109,0.6120000000000001,0.1360000000000001
85,0,w0_20260421_220947,92,54,2050.5,4075.5,0.5659999999999995,0.09999999999999984
85,0,w0_20260421_220947,93,-199.3522808003308,1513.451766672374,2997.6723457738317,0.6045000000000001,0.13450000000000004
85,0,w0_20260421_220947,94,-200,1013.7375,2157.7875,0.46649999999999936,0.0930000000000001
85,0,w0_20260421_220947,95,-200,2071.5,3979.5,0.5034999999999993,0.09400000000000013
85,0,w0_20260421_220947,96,-200,531.9,792.3,0.32050000000000056,0.1400000000000002
85,0,w0_20260421_220947,97,203,3822,3975,0.3630000000000002,0.33749999999999963
85,0,w0_20260421_220947,98,548,3321.75,3980.25,0.4350000000000007,0.3229999999999997
85,0,w0_20260421_220947,99,1099.25,3020.25,2710.5,0.4150000000000011,0.5139999999999999
85,0,w0_20260421_220947,100,1113.5,1961.25,3455.25,0.6184999999999994,0.25299999999999967
85,1,w1_20260421_220959,1,3450,873,2037,0.7880000000000009,0.5670000000000004
85,1,w1_20260421_220959,2,1781.75,2886.75,2581.5,0.4905000000000006,0.513
85,1,w1_20260421_220959,3,959,3447.75,2543.25,0.3704999999999995,0.4869999999999999
85,1,w1_20260421_220959,4,1772.75,2646,2951.25,0.5115000000000002,0.476
85,1,w1_20260421_220959,5,449.5,2879.25,3221.25,0.44150000000000056,0.3244999999999994
85,1,w1_20260421_220959,6,386.5,1968,3625.5,0.5480000000000003,0.19499999999999992
85,1,w1_20260421_220959,7,852.25,1647.75,3690,0.6389999999999992,0.20899999999999988
85,1,w1_20260421_220959,8,303.5,2261.25,3515.25,0.5124999999999997,0.21899999999999992
85,1,w1_20260421_220959,9,1286.25,2598.75,2745,0.47400000000000025,0.42799999999999955
85,1,w1_20260421_220959,10,4293,1479.75,1457.25,0.7334999999999999,0.7135000000000001
85,1,w1_20260421_220959,11,2560.5,2414.25,1955.25,0.5195,0.6029999999999993
85,1,w1_20260421_220959,12,2956.25,1876.5,2237.25,0.638,0.5540000000000006
85,1,w1_20260421_220959,13,3339.5,3167.25,893.25,0.428,0.8365000000000006
85,1,w1_20260421_220959,14,3517.75,2603.25,1209,0.5205000000000003,0.7789999999999995
85,1,w1_20260421_220959,15,4946.25,1789.5,854.25,0.69,0.8455000000000013
85,1,w1_20260421_220959,16,1241,2147.25,3411.75,0.5880000000000001,0.33299999999999985
85,1,w1_20260421_220959,17,1885,3505.5,1939.5,0.34150000000000025,0.6539999999999999
85,1,w1_20260421_220959,18,3194.5,2931.75,1263.75,0.4935000000000005,0.7699999999999996
85,1,w1_20260421_220959,19,2833.5,2180.25,2216.25,0.5984999999999998,0.5985000000000009
85,1,w1_20260421_220959,20,3131.25,2309.25,2149.5,0.595999999999999,0.6234999999999992
85,1,w1_20260421_220959,21,4316.25,1655.25,1678.5,0.7084999999999989,0.7114999999999992
85,1,w1_20260421_220959,22,3462.5,2785.5,1272,0.5100000000000005,0.7719999999999999
85,1,w1_20260421_220959,23,3342.25,2640.75,1647,0.5414999999999999,0.7144999999999999
85,1,w1_20260421_220959,24,2442.75,1967.25,3330,0.6649999999999995,0.4265000000000002
85,1,w1_20260421_220959,25,2037.25,1893.75,3819,0.6679999999999997,0.354
85,1,w1_20260421_220959,26,2893.25,1376.25,3340.5,0.7664999999999995,0.3954999999999994
85,1,w1_20260421_220959,27,2462,2149.5,2878.5,0.6104999999999992,0.4879999999999991
85,1,w1_20260421_220959,28,-200.00000000000009,1983.73354458646,3002.6950539042077,0.35150000000000053,0.14800000000000005
85,1,w1_20260421_220959,29,-200.00000000000003,401.7692371493585,378.2307689944682,0.12299999999999982,0.17400000000000004
85,1,w1_20260421_220959,30,172,3627.75,3860.25,0.36150000000000015,0.33300000000000063
85,1,w1_20260421_220959,31,-200.00000000000003,1102.2270857615622,1554.3610052312663,0.28450000000000075,0.17850000000000008
85,1,w1_20260421_220959,32,-99.75,3340.5,4379.25,0.4114999999999999,0.2414999999999999
85,1,w1_20260421_220959,33,-200,868.65,1102.05,0.20100000000000037,0.16600000000000015
85,1,w1_20260421_220959,34,646.75,2462.25,4671,0.5839999999999999,0.18949999999999964
85,1,w1_20260421_220959,35,2443.25,1879.5,3197.25,0.6595,0.4384999999999998
85,1,w1_20260421_220959,36,2098.75,2151,3110.25,0.6104999999999996,0.4195
85,1,w1_20260421_220959,37,1171.5,2858.25,3560.25,0.4940000000000002,0.3804999999999999
85,1,w1_20260421_220959,38,2203.75,2130,3476.25,0.6435,0.40099999999999975
85,1,w1_20260421_220959,39,2324.25,2641.5,2714.25,0.5440000000000007,0.5159999999999993
85,1,w1_20260421_220959,40,411.75,3396,4022.25,0.42599999999999993,0.31199999999999994
85,1,w1_20260421_220959,41,-200,720.8400449464997,1014.1762640753536,0.7424999999999998,0.16000000000000025
85,1,w1_20260421_220959,42,1623.75,2893.5,3312.75,0.5059999999999991,0.4460000000000004
85,1,w1_20260421_220959,43,-6.25,3762.75,3643.5,0.3260000000000007,0.32599999999999946
85,1,w1_20260421_220959,44,-199.923561014844,448.63186608203733,678.4869542756616,0.7164999999999996,0.1325000000000002
85,1,w1_20260421_220959,45,2803.25,2200.5,2756.25,0.6279999999999997,0.5335
85,1,w1_20260421_220959,46,1706.75,1860,4223.25,0.6789999999999995,0.2769999999999999
85,1,w1_20260421_220959,47,1994.25,651,4824.75,0.8849999999999997,0.13150000000000042
85,1,w1_20260421_220959,48,2344.5,790.5,4695,0.8660000000000001,0.20450000000000032
85,1,w1_20260421_220959,49,2937.5,1436.25,3356.25,0.7584999999999994,0.4154999999999994
85,1,w1_20260421_220959,50,1748,2862.75,3329.25,0.5224999999999996,0.4444999999999996
85,1,w1_20260421_220959,51,-199.99999553912593,1055.4283866882186,1587.7852241295902,0.5140000000000007,0.16300000000000023
85,1,w1_20260421_220959,52,526.25,2946.75,4017,0.4755000000000005,0.27800000000000036
85,1,w1_20260421_220959,53,161.75,1868.25,3900,0.5845000000000006,0.13000000000000053
85,1,w1_20260421_220959,54,547.75,1845,3857.25,0.6205000000000002,0.18900000000000003
85,1,w1_20260421_220959,55,-199.51372287001263,1792.6993494549392,2586.5862215509846,0.5975000000000006,0.15150000000000025
85,1,w1_20260421_220959,56,-199.99134011804944,698.7497606589901,988.7305932777884,0.7290000000000009,0.1325000000000002
85,1,w1_20260421_220959,57,-200,1057.425,1893.225,0.6810000000000013,0.1435000000000002
85,1,w1_20260421_220959,58,455.75,3175.5,4005.75,0.4449999999999993,0.3024999999999996
85,1,w1_20260421_220959,59,2358.5,3156,2395.5,0.4739999999999999,0.5869999999999999
85,1,w1_20260421_220959,60,1255.75,2936.25,3318,0.4855,0.40450000000000047
85,1,w1_20260421_220959,61,-49.5,2559,4390.5,0.5015000000000001,0.15699999999999983
85,1,w1_20260421_220959,62,874.5,2518.5,4317,0.5499999999999998,0.252
85,1,w1_20260421_220959,63,1800,2268.75,3731.25,0.6109999999999995,0.3709999999999997
85,1,w1_20260421_220959,64,2800.25,1632,3267.75,0.7175,0.4229999999999999
85,1,w1_20260421_220959,65,2837.25,1836,3186.75,0.6880000000000003,0.46200000000000074
85,1,w1_20260421_220959,66,804,2799,4257,0.5299999999999997,0.2784999999999995
85,1,w1_20260421_220959,67,503.25,2607,3339.75,0.45649999999999985,0.32050000000000006
85,1,w1_20260421_220959,68,1111.25,2802.75,3816,0.5235,0.34599999999999964
85,1,w1_20260421_220959,69,2597.25,2135.25,3217.5,0.6384999999999998,0.4599999999999998
85,1,w1_20260421_220959,70,1306.75,2502.75,3880.5,0.5749999999999997,0.31950000000000045
85,1,w1_20260421_220959,71,1105.25,2211.75,3573,0.5794999999999999,0.25999999999999973
85,1,w1_20260421_220959,72,919.25,2366.25,2974.5,0.5195000000000001,0.32250000000000023
85,1,w1_20260421_220959,73,942,3259.5,3598.5,0.4474999999999996,0.3785000000000005
85,1,w1_20260421_220959,74,300.75,2835,4064.25,0.4615000000000002,0.25800000000000006
85,1,w1_20260421_220959,75,1360.75,2845.5,3753.75,0.523999999999999,0.3674999999999999
85,1,w1_20260421_220959,76,2295.75,2497.5,3036.75,0.5715,0.4800000000000007
85,1,w1_20260421_220959,77,-200,2385.75,3909.75,0.5115,0.09650000000000004
85,1,w1_20260421_220959,78,-200,645.579375,1174.036875,0.4865,0.12750000000000017
85,1,w1_20260421_220959,79,-137.0423370072548,1131.1972535136583,2116.4173011308803,0.7005000000000007,0.1474999999999999
85,1,w1_20260421_220959,80,-151.5,3036,4345.5,0.4594999999999999,0.16799999999999998
85,1,w1_20260421_220959,81,52.08794925687809,1957.715171411754,3212.325640705839,0.5890000000000002,0.18599999999999992
85,1,w1_20260421_220959,82,1410,2973.75,3536.25,0.49949999999999967,0.4050000000000003
85,1,w1_20260421_220959,83,2148.5,2898.75,2862.75,0.5104999999999995,0.5150000000000006
85,1,w1_20260421_220959,84,506.75,3772.5,3630.75,0.3574999999999999,0.3924999999999998
85,1,w1_20260421_220959,85,-200,676.567125,925.538625,0.2714999999999995,0.15550000000000025
85,1,w1_20260421_220959,86,-198.84225687500003,819.759031875,1162.005,0.31699999999999967,0.15100000000000027
85,1,w1_20260421_220959,87,31.5,3750,4168.5,0.37500000000000017,0.29650000000000054
85,1,w1_20260421_220959,88,235.25,3825,3909.75,0.36249999999999977,0.34350000000000064
85,1,w1_20260421_220959,89,275.25,2205.75,3789,0.5290000000000007,0.16149999999999973
85,1,w1_20260421_220959,90,556.5,2463,3640.5,0.5155000000000003,0.25250000000000017
85,1,w1_20260421_220959,91,2430.25,2382.75,3117,0.5989999999999995,0.480500000000001
85,1,w1_20260421_220959,92,3701,2421,1878,0.5965000000000016,0.6870000000000012
85,1,w1_20260421_220959,93,368,3174,4428,0.4710000000000006,0.25599999999999956
85,1,w1_20260421_220959,94,336.75,2427.75,3355.5,0.4905000000000002,0.27900000000000014
85,1,w1_20260421_220959,95,392.75,2210.25,3117,0.4805000000000007,0.272
85,1,w1_20260421_220959,96,828.25,3393.75,3708,0.4330000000000003,0.37750000000000034
85,1,w1_20260421_220959,97,575,3618,3807,0.3970000000000001,0.3655000000000002
85,1,w1_20260421_220959,98,1294,2013,4593,0.6644999999999999,0.21799999999999992
85,1,w1_20260421_220959,99,1338.5,1041,4120.5,0.8075,0.13500000000000023
85,1,w1_20260421_220959,100,1560.25,1430.25,4039.5,0.7419999999999999,0.23850000000000016
86,0,w0_20260421_221012,1,2925.75,965.25,789,0.7229999999999999,0.7845000000000009
86,0,w0_20260421_221012,2,1727.25,1596.75,2916,0.674,0.4039999999999992
86,0,w0_20260421_221012,3,1814.75,1176.75,4048.5,0.7729999999999998,0.22149999999999984
86,0,w0_20260421_221012,4,376,2484.75,4379.25,0.5570000000000003,0.17850000000000013
86,0,w0_20260421_221012,5,1337,1755.75,4067.25,0.6575,0.23699999999999977
86,0,w0_20260421_221012,6,1272.5,1722,4405.5,0.686,0.21049999999999983
86,0,w0_20260421_221012,7,1150.25,1914,4395.75,0.6549999999999995,0.20149999999999987
86,0,w0_20260421_221012,8,1422.5,1578,4369.5,0.718500000000001,0.2074999999999999
86,0,w0_20260421_221012,9,3647.5,1506.75,2235.75,0.7319999999999999,0.6030000000000009
86,0,w0_20260421_221012,10,3323.75,1509,2747.25,0.7404999999999999,0.5050000000000007
86,0,w0_20260421_221012,11,3301,2059.5,2239.5,0.6379999999999998,0.5990000000000003
86,0,w0_20260421_221012,12,2835,1949.25,2505.75,0.6440000000000002,0.5409999999999995
86,0,w0_20260421_221012,13,2271.75,1219.5,4068.75,0.7855000000000012,0.28500000000000014
86,0,w0_20260421_221012,14,2640,2975.25,1794.75,0.4660000000000004,0.6719999999999986
86,0,w0_20260421_221012,15,3032.5,1470.75,2826.75,0.7294999999999991,0.49800000000000005
86,0,w0_20260421_221012,16,4231.25,1602,1686.75,0.718,0.703999999999999
86,0,w0_20260421_221012,17,4699.25,1596,1314.75,0.7284999999999988,0.7605000000000004
86,0,w0_20260421_221012,18,4046.75,1461,1982.25,0.7485000000000003,0.6404999999999994
86,0,w0_20260421_221012,19,3327.5,1833,2239.5,0.6575,0.5999999999999999
86,0,w0_20260421_221012,20,490.5,3175.5,4194,0.4700000000000002,0.2795000000000003
86,0,w0_20260421_221012,21,-200,791.9473125,1226.8130625,0.6845000000000004,0.31850000000000045
86,0,w0_20260421_221012,22,2491,1947,2712,0.633,0.4784999999999997
86,0,w0_20260421_221012,23,613.75,1985.25,4851,0.6419999999999998,0.1295000000000002
86,0,w0_20260421_221012,24,1290.25,2025.75,4194,0.6490000000000002,0.2335
86,0,w0_20260421_221012,25,1393.5,1689.75,4626.75,0.716,0.19250000000000003
86,0,w0_20260421_221012,26,276.75,2078.25,5235,0.6225000000000006,0.08649999999999991
86,0,w0_20260421_221012,27,528.25,3291.75,3990,0.44000000000000017,0.3214999999999999
86,0,w0_20260421_221012,28,-200,1075.05,1412.85,0.6600000000000006,0.28150000000000036
86,0,w0_20260421_221012,29,-200.00000000000017,1270.934551442372,2358.0429261958393,0.6140000000000003,0.2015000000000001
86,0,w0_20260421_221012,30,436,2917.5,4006.5,0.4874999999999996,0.24800000000000005
86,0,w0_20260421_221012,31,1860.75,2121,3788.25,0.6289999999999994,0.355499999999999
86,0,w0_20260421_221012,32,2597.25,983.25,4069.5,0.8214999999999998,0.2865000000000001
86,0,w0_20260421_221012,33,3116.25,720,3933.75,0.8774999999999997,0.33550000000000024
86,0,w0_20260421_221012,34,1578.25,2178.75,3693,0.5999999999999993,0.34699999999999986
86,0,w0_20260421_221012,35,213.75,2552.25,4584,0.5514999999999998,0.15899999999999972
86,0,w0_20260421_221012,36,527.5,2346,4996.5,0.6044999999999993,0.14999999999999977
86,0,w0_20260421_221012,37,1238.5,2568,3763.5,0.5534999999999999,0.33650000000000063
86,0,w0_20260421_221012,38,374.75,3545.25,3810,0.3965000000000003,0.3375000000000002
86,0,w0_20260421_221012,39,-58,3585,4263,0.39000000000000024,0.2640000000000007
86,0,w0_20260421_221012,40,-200.00000000000009,1342.0894052053532,2195.697038511755,0.5970000000000004,0.22500000000000003
86,0,w0_20260421_221012,41,661.5,3039.75,3888.75,0.47750000000000026,0.30650000000000033
86,0,w0_20260421_221012,42,252.5,3714,3823.5,0.3559999999999998,0.3575
86,0,w0_20260421_221012,43,-4,3416.25,4167.75,0.4184999999999998,0.2465000000000007
86,0,w0_20260421_221012,44,251.75,2714.25,4314,0.5349999999999998,0.19399999999999967
86,0,w0_20260421_221012,45,548.5,2882.25,4049.25,0.5069999999999998,0.2629999999999997
86,0,w0_20260421_221012,46,-200,3110.25,4203.75,0.4225000000000002,0.1865
86,0,w0_20260421_221012,47,-200,949.5,1786.5,0.6770000000000005,0.23600000000000015
86,0,w0_20260421_221012,48,394.5,3674.25,3701.25,0.3854999999999999,0.3485000000000006
86,0,w0_20260421_221012,49,-131.09219865874982,2699.937979194872,2835.5438836358644,0.4360000000000003,0.27150000000000035
86,0,w0_20260421_221012,50,696.25,3528,3525.75,0.4024999999999996,0.3815
86,0,w0_20260421_221012,51,-200.00000000000003,1066.5,1330.8000000000002,0.6725000000000005,0.2895000000000004
86,0,w0_20260421_221012,52,562.75,2747.25,3360,0.4789999999999997,0.28650000000000003
86,0,w0_20260421_221012,53,2381,2955.75,2453.25,0.501,0.5674999999999999
86,0,w0_20260421_221012,54,404,2602.5,3253.5,0.5134999999999997,0.2315000000000001
86,0,w0_20260421_221012,55,-200,974.7375,1281.8625,0.7000000000000003,0.2370000000000002
86,0,w0_20260421_221012,56,1618.75,2660.25,2811,0.5329999999999998,0.47949999999999976
86,0,w0_20260421_221012,57,1836.75,2585.25,3318,0.5600000000000006,0.41800000000000054
86,0,w0_20260421_221012,58,2181.25,2130.75,2928,0.5959999999999996,0.4685000000000005
86,0,w0_20260421_221012,59,3137.25,2491.5,2081.25,0.5754999999999999,0.6315000000000007
86,0,w0_20260421_221012,60,1024.75,2388,4427.25,0.6014999999999994,0.22900000000000031
86,0,w0_20260421_221012,61,457,2748.75,4154.25,0.5209999999999997,0.21399999999999988
86,0,w0_20260421_221012,62,526.5,2966.25,4097.25,0.4979999999999996,0.24000000000000007
86,0,w0_20260421_221012,63,3214.25,2774.25,1891.5,0.5339999999999994,0.6779999999999995
86,0,w0_20260421_221012,64,4267.5,2667.75,624.75,0.5289999999999998,0.882000000000001
86,0,w0_20260421_221012,65,982,2577,4281,0.557,0.2815
86,0,w0_20260421_221012,66,889,2242.5,4168.5,0.596,0.20299999999999968
86,0,w0_20260421_221012,67,3455.25,2253.75,2061,0.6080000000000002,0.64
86,0,w0_20260421_221012,68,728.75,2372.25,4119,0.5825000000000007,0.20550000000000032
86,0,w0_20260421_221012,69,-165.6,2195.85,3855.75,0.4940000000000002,0.12699999999999992
86,0,w0_20260421_221012,70,-200,1329.75,1863.75,0.5965000000000011,0.2380000000000002
86,0,w0_20260421_221012,71,3058,3813,1059,0.35550000000000026,0.8235000000000013
86,0,w0_20260421_221012,72,1372.75,3456.75,2410.5,0.3775000000000003,0.5664999999999996
86,0,w0_20260421_221012,73,0.75,4029.75,3529.5,0.3160000000000001,0.3679999999999999
86,0,w0_20260421_221012,74,-200,1853.94,1607.85,0.3894999999999998,0.3265000000000008
86,0,w0_20260421_221012,75,-200,924,982.5,0.6004999999999995,0.2960000000000004
86,0,w0_20260421_221012,76,-200,1016.5708345312499,1054.09613015625,0.6684999999999995,0.29900000000000043
86,0,w0_20260421_221012,77,366.5,3027.75,2865.75,0.389,0.37949999999999984
86,0,w0_20260421_221012,78,-200,1374.3,2022.6,0.6214999999999996,0.2340000000000002
86,0,w0_20260421_221012,79,1250,2141.25,3708.75,0.5724999999999993,0.31500000000000034
86,0,w0_20260421_221012,80,938.5,2028,4903.5,0.6609999999999994,0.1730000000000003
86,0,w0_20260421_221012,81,1510.75,1537.5,3981.75,0.7104999999999996,0.22399999999999992
86,0,w0_20260421_221012,82,1809.25,1488,3582.75,0.6889999999999995,0.2590000000000005
86,0,w0_20260421_221012,83,3214.5,846,3499.5,0.8545000000000006,0.3640000000000002
86,0,w0_20260421_221012,84,3729,669,3582,0.8885000000000008,0.3980000000000002
86,0,w0_20260421_221012,85,2717.75,666,4046.25,0.8820000000000008,0.2749999999999999
86,0,w0_20260421_221012,86,2518.5,697.5,4734,0.8835000000000008,0.201
86,0,w0_20260421_221012,87,2555.25,1736.25,2938.5,0.6739999999999996,0.4195
86,0,w0_20260421_221012,88,1375,2501.25,2883.75,0.49000000000000066,0.42699999999999966
86,0,w0_20260421_221012,89,665,2016,3489,0.4959999999999995,0.22349999999999995
86,0,w0_20260421_221012,90,414,2572.5,3523.5,0.4460000000000003,0.26050000000000023
86,0,w0_20260421_221012,91,-188.58283604218013,3153.0033445975973,3362.4387740953343,0.35949999999999976,0.2585000000000004
86,0,w0_20260421_221012,92,350.5,2252.25,3677.25,0.4930000000000002,0.16749999999999995
86,0,w0_20260421_221012,93,-200,755.25,724.65,0.5985,0.28100000000000036
86,0,w0_20260421_221012,94,696,1718.25,3675.75,0.5925000000000005,0.16099999999999992
86,0,w0_20260421_221012,95,659.75,2509.5,3480.75,0.4955000000000006,0.26649999999999996
86,0,w0_20260421_221012,96,-85.100529507848,2829.465411407778,2896.2915559118323,0.3840000000000002,0.32199999999999984
86,0,w0_20260421_221012,97,706.75,3291,3002.25,0.3874999999999998,0.38450000000000023
86,0,w0_20260421_221012,98,303.25,1982.25,4024.5,0.5735,0.09999999999999996
86,0,w0_20260421_221012,99,516,2140.5,3613.5,0.5744999999999998,0.1574999999999999
86,0,w0_20260421_221012,100,898,2472,3630,0.5879999999999991,0.22250000000000025
86,1,w1_20260421_221026,1,2205.5,1362.75,2511.75,0.6759999999999999,0.49149999999999944
86,1,w1_20260421_221026,2,1770.75,1304.25,4095,0.7620000000000001,0.2294999999999998
86,1,w1_20260421_221026,3,1304.5,1644,4111.5,0.6964999999999999,0.21949999999999983
86,1,w1_20260421_221026,4,1119.5,1704,4366.5,0.6880000000000004,0.17850000000000013
86,1,w1_20260421_221026,5,533.5,2547.75,4008.75,0.5145,0.23699999999999977
86,1,w1_20260421_221026,6,328.5,2474.25,4067.25,0.5079999999999993,0.21049999999999983
86,1,w1_20260421_221026,7,695.2921505037514,1138.1402458817097,2699.3915609196097,0.724500000000001,0.20149999999999987
86,1,w1_20260421_221026,8,1701.75,1248,4280.25,0.7625000000000003,0.2074999999999999
86,1,w1_20260421_221026,9,1782,1509,3699,0.7099999999999999,0.3145000000000003
86,1,w1_20260421_221026,10,3417,905.25,3177.75,0.842500000000001,0.41749999999999976
86,1,w1_20260421_221026,11,259.75,3119.25,3981,0.4450000000000003,0.291000000000001
86,1,w1_20260421_221026,12,2602.5,2152.5,2505,0.6165000000000007,0.5490000000000008
86,1,w1_20260421_221026,13,2504.5,1962.75,2472.75,0.6309999999999997,0.5015
86,1,w1_20260421_221026,14,2575.5,1972.5,2862,0.6435000000000004,0.4880000000000006
86,1,w1_20260421_221026,15,3643.75,1869.75,1816.5,0.6494999999999999,0.6745000000000002
86,1,w1_20260421_221026,16,1445.25,2481,3603.75,0.5565000000000004,0.3690000000000005
86,1,w1_20260421_221026,17,1568.25,2181.75,3720,0.6255,0.3130000000000004
86,1,w1_20260421_221026,18,5222.25,813,1194.75,0.8599999999999998,0.7744999999999987
86,1,w1_20260421_221026,19,2588.25,2582.25,1579.5,0.5040000000000003,0.6819999999999997
86,1,w1_20260421_221026,20,2171.5,2281.5,3237,0.619000000000001,0.4279999999999993
86,1,w1_20260421_221026,21,1937.75,3519.75,2242.5,0.38850000000000023,0.6059999999999994
86,1,w1_20260421_221026,22,1684,3627,1779,0.32500000000000023,0.6459999999999987
86,1,w1_20260421_221026,23,1372.25,3756,2361.75,0.3305000000000002,0.5759999999999993
86,1,w1_20260421_221026,24,-0.5,4061.25,3449.25,0.3085,0.37400000000000055
86,1,w1_20260421_221026,25,589.5,4046.25,3074.25,0.3045,0.4749999999999997
86,1,w1_20260421_221026,26,823.75,2772.75,3883.5,0.5070000000000002,0.31900000000000095
86,1,w1_20260421_221026,27,790,1575,5445,0.7279999999999995,0.07
86,1,w1_20260421_221026,28,960,1437,4053,0.703999999999999,0.1320000000000004
86,1,w1_20260421_221026,29,1196.5,2226.75,3816.75,0.5985000000000001,0.29399999999999993
86,1,w1_20260421_221026,30,-200,2607.4875,3883.5375,0.5180000000000003,0.17650000000000005
86,1,w1_20260421_221026,31,1512.75,1706.25,4551,0.7135000000000009,0.22950000000000031
86,1,w1_20260421_221026,32,1464,1746,4440,0.6975000000000002,0.22399999999999975
86,1,w1_20260421_221026,33,2897.25,1897.5,2975.25,0.672000000000001,0.49649999999999944
86,1,w1_20260421_221026,34,1755.25,1299,3285.75,0.7400000000000005,0.2984999999999997
86,1,w1_20260421_221026,35,2548.5,923.25,4298.25,0.8430000000000006,0.256
86,1,w1_20260421_221026,36,1591,874.5,4594.5,0.8470000000000014,0.11749999999999988
86,1,w1_20260421_221026,37,1422.25,1145.25,5032.5,0.807000000000001,0.11799999999999976
86,1,w1_20260421_221026,38,758.5,1668.75,4422.75,0.6610000000000004,0.12449999999999996
86,1,w1_20260421_221026,39,-133.25,2698.5,5244.75,0.5460000000000007,0.10250000000000016
86,1,w1_20260421_221026,40,-199.2336645648637,1180.0626861542746,2062.160332980493,0.6530000000000007,0.19750000000000012
86,1,w1_20260421_221026,41,356.25,2833.5,4370.25,0.5020000000000008,0.21350000000000027
86,1,w1_20260421_221026,42,1071.5,2576.25,4142.25,0.5545,0.3000000000000005
86,1,w1_20260421_221026,43,1639.5,2293.5,3717,0.6154999999999999,0.3415000000000002
86,1,w1_20260421_221026,44,1569.75,1812.75,3907.5,0.6859999999999999,0.24249999999999977
86,1,w1_20260421_221026,45,1593.5,1710,4066.5,0.7025000000000006,0.22000000000000036
86,1,w1_20260421_221026,46,2105,1662,3963,0.7175000000000011,0.29599999999999976
86,1,w1_20260421_221026,47,768.75,1623,5348.25,0.716499999999999,0.07199999999999998
86,1,w1_20260421_221026,48,888.75,2246.25,4695,0.6229999999999991,0.18900000000000017
86,1,w1_20260421_221026,49,-200.00000000000009,1508.930610912346,2864.3880206923013,0.684,0.19149999999999995
86,1,w1_20260421_221026,50,1634.5,2232,4003.5,0.6199999999999991,0.3239999999999999
86,1,w1_20260421_221026,51,1637.25,3013.5,2999.25,0.4865,0.4664999999999999
86,1,w1_20260421_221026,52,1365,3039,3366,0.48400000000000026,0.41649999999999926
86,1,w1_20260421_221026,53,-200.00000000000003,1115.190954540095,1548.4434919341954,0.6830000000000004,0.28050000000000036
86,1,w1_20260421_221026,54,2645.75,1655.25,2619,0.6914999999999999,0.4520000000000003
86,1,w1_20260421_221026,55,1278,2105.25,4356.75,0.6360000000000006,0.2575000000000006
86,1,w1_20260421_221026,56,1358.5,2628,3853.5,0.5620000000000005,0.33650000000000035
86,1,w1_20260421_221026,57,348.25,2970,4641.75,0.5050000000000003,0.21649999999999991
86,1,w1_20260421_221026,58,150.5,2160,5479.5,0.6369999999999996,0.05549999999999996
86,1,w1_20260421_221026,59,1239,1698,4863,0.7129999999999989,0.1615000000000001
86,1,w1_20260421_221026,60,1882,1290,4668,0.7844999999999986,0.191
86,1,w1_20260421_221026,61,2400,1548,3792,0.739999999999999,0.3325000000000005
86,1,w1_20260421_221026,62,1580.75,1871.25,3918,0.6719999999999999,0.24449999999999983
86,1,w1_20260421_221026,63,1016.5,1565.25,5258.25,0.7385000000000009,0.10049999999999998
86,1,w1_20260421_221026,64,539.25,2312.25,4858.5,0.6075,0.14950000000000022
86,1,w1_20260421_221026,65,964,2684.25,4011.75,0.5329999999999997,0.30600000000000005
86,1,w1_20260421_221026,66,782.5,2610,4477.5,0.556,0.24349999999999972
86,1,w1_20260421_221026,67,806.5,2359.5,4644,0.5954999999999997,0.21599999999999964
86,1,w1_20260421_221026,68,2450.25,2389.5,2510.25,0.5630000000000002,0.5414999999999991
86,1,w1_20260421_221026,69,784.75,2815.5,4209.75,0.5304999999999997,0.2725
86,1,w1_20260421_221026,70,337.25,2725.5,4097.25,0.4904999999999995,0.20600000000000024
86,1,w1_20260421_221026,71,2949,2538.75,2072.25,0.5620000000000003,0.6019999999999999
86,1,w1_20260421_221026,72,1733,2434.5,3622.5,0.5929999999999999,0.38850000000000023
86,1,w1_20260421_221026,73,818.5,2363.25,4298.25,0.5934999999999998,0.18650000000000017
86,1,w1_20260421_221026,74,1257.25,2079.75,3753,0.6385000000000001,0.20099999999999987
86,1,w1_20260421_221026,75,1996,1905,3459,0.6705000000000002,0.3440000000000002
86,1,w1_20260421_221026,76,2001.75,2199,3539.25,0.6334999999999996,0.373
86,1,w1_20260421_221026,77,1116.25,2258.25,3715.5,0.5804999999999997,0.2880000000000002
86,1,w1_20260421_221026,78,832.5,2715,4132.5,0.5389999999999999,0.262
86,1,w1_20260421_221026,79,-51.75,3163.5,4178.25,0.4615000000000001,0.14899999999999994
86,1,w1_20260421_221026,80,63.25,2859,4167.75,0.49700000000000016,0.13049999999999984
86,1,w1_20260421_221026,81,429.5,2868,4102.5,0.5145,0.209
86,1,w1_20260421_221026,82,638,2700,3942,0.5314999999999999,0.22500000000000017
86,1,w1_20260421_221026,83,-199.52150287506217,3197.0698666751427,3884.381313115077,0.39050000000000024,0.2390000000000005
86,1,w1_20260421_221026,84,-148.0257090714525,1369.7437727796466,2175.8291347203,0.5479999999999999,0.21400000000000008
86,1,w1_20260421_221026,85,-125.48443766063671,2036.1564845359649,2716.351123511639,0.4585000000000001,0.25050000000000017
86,1,w1_20260421_221026,86,-198.0790503580328,1774.476931407224,2373.9147416878423,0.4425000000000001,0.2565000000000003
86,1,w1_20260421_221026,87,-199.9999999999999,1745.6537108362584,2529.5773798574273,0.523,0.24800000000000025
86,1,w1_20260421_221026,88,-199.99999999999997,1127.7068233926614,1507.696392194413,0.5340000000000003,0.2735000000000003
86,1,w1_20260421_221026,89,866.25,2496.75,4107,0.5390000000000001,0.2505000000000003
86,1,w1_20260421_221026,90,964.5,2581.5,4314,0.5695,0.2589999999999999
86,1,w1_20260421_221026,91,1779,2818.5,2752.5,0.4960000000000008,0.47300000000000025
86,1,w1_20260421_221026,92,510,2655,3585,0.5574999999999997,0.1284999999999998
86,1,w1_20260421_221026,93,181,2913.75,3545.25,0.48950000000000066,0.16549999999999987
86,1,w1_20260421_221026,94,385.5,3231.75,3582.75,0.45650000000000057,0.2650000000000002
86,1,w1_20260421_221026,95,933,3079.5,2737.5,0.47300000000000025,0.3434999999999999
86,1,w1_20260421_221026,96,1824.25,3066.75,2229,0.4875000000000004,0.5209999999999992
86,1,w1_20260421_221026,97,1666,3312,2562,0.4405000000000006,0.5109999999999995
86,1,w1_20260421_221026,98,1007.25,3478.5,2984.25,0.41700000000000054,0.41450000000000053
86,1,w1_20260421_221026,99,115.25,3894,2130.75,0.35100000000000064,0.33800000000000063
86,1,w1_20260421_221026,100,-105.5,2538,2197.5,0.3500000000000006,0.27750000000000025
