seed,world,run_id,episode,investor_return,fair_1,max_1,fair_1_repay,max_1_repay
1,0,w0_20260416_024052,1,230313.75,104991,102575.25,0.7969199999999794,0.16789499999998925
1,0,w0_20260416_024052,2,258302.75,93501.75,50785.5,0.8262449999999785,0.1908149999999895
1,0,w0_20260416_024052,3,259010.75,92421.75,53557.5,0.831104999999965,0.15437499999998394
1,0,w0_20260416_024052,4,271407.25,81267,51975.75,0.8509449999999741,0.16677999999998627
1,0,w0_20260416_024052,5,24615.75,322701,51863.25,0.39516500000001303,0.16241499999998477
1,0,w0_20260416_024052,6,34621,271298.25,46230.75,0.3912900000000051,0.21984999999998928
1,0,w0_20260416_024052,7,147724.5,218319,39826.5,0.6015299999999548,0.3429849999999954
1,0,w0_20260416_024052,8,193245.25,165876,48138.75,0.6980249999999414,0.16843999999999876
1,0,w0_20260416_024052,9,118663,235909.5,60577.5,0.5722049999999729,0.15958999999999177
1,0,w0_20260416_024052,10,143140.25,273015,62904.75,0.48833499999997176,0.5733400000000204
1,0,w0_20260416_024052,11,270440,303087.75,105092.25,0.3960700000000066,0.7902950000000073
1,0,w0_20260416_024052,12,74787.75,255128.25,115704,0.5013050000000171,0.22562999999999905
1,0,w0_20260416_024052,13,226129.25,136797,79143.75,0.7544799999999979,0.2378300000000045
1,0,w0_20260416_024052,14,49508.25,214078.5,236213.25,0.43018999999998014,0.33188000000000245
1,0,w0_20260416_024052,15,277638.25,106803.75,275628,0.8031049999999716,0.37128499999998454
1,0,w0_20260416_024052,16,57734.5,222535.5,226530,0.4489749999999839,0.3126550000000025
1,0,w0_20260416_024052,17,85512,247745.25,276372.75,0.47767500000000235,0.3601000000000127
1,0,w0_20260416_024052,18,233585.5,158334.75,236499.75,0.7146649999999427,0.3938099999999958
1,0,w0_20260416_024052,19,227115,154504.5,190270.5,0.7170399999999694,0.3640999999999917
1,0,w0_20260416_024052,20,228004.5,185830.5,257745,0.6710099999999763,0.41742500000000227
1,0,w0_20260416_024052,21,64767,206673,279030,0.4771200000000129,0.3662749999999913
1,0,w0_20260416_024052,22,187667.25,210309.75,251613,0.62392999999997,0.3789149999999985
1,0,w0_20260416_024052,23,-10000,110317.491,89717.76299999999,0.33290000000001846,0.5371049999999845
1,0,w0_20260416_024052,24,49298.75,277603.5,263817.75,0.3818650000000079,0.376859999999994
1,0,w0_20260416_024052,25,316088,110928,279024,0.8005549999999578,0.429849999999998
1,0,w0_20260416_024052,26,173622.5,220071,263176.5,0.612134999999976,0.35038999999998693
1,0,w0_20260416_024052,27,257296,118991.25,175812.75,0.7864999999999474,0.2914999999999976
1,0,w0_20260416_024052,28,50907.25,291009,231933.75,0.4791949999999947,0.25289499999999204
1,0,w0_20260416_024052,29,269006,114063,189921,0.7902549999999816,0.3387099999999975
1,0,w0_20260416_024052,30,192898.25,215518.5,269153.25,0.6247200000000104,0.3833349999999963
1,0,w0_20260416_024052,31,289917.75,139464.75,300007.5,0.7573549999999791,0.4212699999999884
1,0,w0_20260416_024052,32,278976.75,103079.25,179574,0.8217999999999914,0.27816999999999886
1,0,w0_20260416_024052,33,126918.75,260295.75,192565.5,0.5426349999999662,0.33694999999999864
1,0,w0_20260416_024052,34,194801.5,199684.5,255264,0.6489499999999819,0.3537299999999949
1,0,w0_20260416_024052,35,70492.5,250801.5,225876,0.4465150000000027,0.35286499999998566
1,0,w0_20260416_024052,36,79969.75,246959.25,236121,0.470419999999987,0.3379149999999921
1,0,w0_20260416_024052,37,76725.25,253355.25,202249.5,0.4725850000000074,0.3356699999999891
1,0,w0_20260416_024052,38,130518.5,248450.25,296381.25,0.5160250000000194,0.38872500000000065
1,0,w0_20260416_024052,39,241626,169221,305013,0.6879750000000244,0.41321500000000216
1,0,w0_20260416_024052,40,156654.75,237179.25,297726,0.5292449999999849,0.4125550000000025
1,0,w0_20260416_024052,41,401372.25,48531.75,275616,0.9143099999999382,0.4584649999999967
1,0,w0_20260416_024052,42,167168.25,238636.5,262565.25,0.5889249999999792,0.3400300000000028
1,0,w0_20260416_024052,43,-10000,242370.30798046876,220664.88793359377,0.4182250000000288,0.3115749999999975
1,0,w0_20260416_024052,44,279238.5,101531.25,239150.25,0.8158099999999862,0.3292349999999957
1,0,w0_20260416_024052,45,288943.5,120149.25,227537.25,0.7934949999999448,0.3755949999999992
1,0,w0_20260416_024052,46,33625,311325,222300,0.34204000000000895,0.4518649999999976
1,0,w0_20260416_024052,47,42109.75,169368,168092.25,0.38958500000000057,0.4033899999999984
1,0,w0_20260416_024052,48,129199.5,195703.5,247737,0.5462600000000153,0.3983699999999896
1,0,w0_20260416_024052,49,102611.75,266923.5,272364.75,0.45828499999999506,0.4040200000000037
1,0,w0_20260416_024052,50,78283.25,255496.5,234350.25,0.4260700000000046,0.35401000000001365
1,0,w0_20260416_024052,51,317752.75,111388.5,271308.75,0.8096249999999774,0.41636500000000815
1,0,w0_20260416_024052,52,120671,278708.25,293430.75,0.4413800000000035,0.4281299999999922
1,0,w0_20260416_024052,53,32570.75,215932.5,272946.75,0.28587999999997926,0.4347500000000146
1,0,w0_20260416_024052,54,162864,223687.5,257068.5,0.537469999999982,0.40619499999999953
1,0,w0_20260416_024052,55,79596.25,213675,268998.75,0.45142500000001334,0.33575499999999586
1,0,w0_20260416_024052,56,112384.5,211166.25,291269.25,0.4067400000000008,0.4372099999999999
1,0,w0_20260416_024052,57,95462.75,187779.75,253837.5,0.4919449999999987,0.3695450000000007
1,0,w0_20260416_024052,58,182385,127654.5,192400.5,0.7392300000000117,0.34353499999999426
1,0,w0_20260416_024052,59,163613.25,136405.5,258311.25,0.5753250000000145,0.41731999999999353
1,0,w0_20260416_024052,60,189403.75,130530,226766.25,0.6253950000000023,0.42548499999999506
1,0,w0_20260416_024052,61,217453.5,157208.25,189248.25,0.7208100000000135,0.4225399999999956
1,0,w0_20260416_024052,62,212346,174369,168165,0.688599999999993,0.3815350000000039
1,0,w0_20260416_024052,63,87758,193848,280374,0.486170000000004,0.37800999999999774
1,0,w0_20260416_024052,64,122623.25,145634.25,216772.5,0.666474999999933,0.14410999999999527
1,0,w0_20260416_024052,65,96942.25,201676.5,215861.25,0.5156199999999953,0.4022200000000139
1,0,w0_20260416_024052,66,114729.75,221521.5,238098.75,0.6028050000000004,0.3030449999999741
1,0,w0_20260416_024052,67,136338.5,233733,268918.5,0.5031100000000311,0.4614550000000094
1,0,w0_20260416_024052,68,113821.25,198213,173175.75,0.5495150000000159,0.3934499999999957
1,0,w0_20260416_024052,69,139009.5,204162.75,181887.75,0.5936100000000059,0.4384049999999971
1,0,w0_20260416_024052,70,222845.5,76734,221860.5,0.8470299999999659,0.21074999999998775
1,0,w0_20260416_024052,71,312724,49422,149484,0.915959999999935,0.19632499999999303
1,0,w0_20260416_024052,72,165584.25,176991.75,197814,0.6316450000000469,0.4187049999999908
1,0,w0_20260416_024052,73,136743.5,173681.25,200825.25,0.6663549999999776,0.25004500000001556
1,0,w0_20260416_024052,74,225955.5,162228,234346.5,0.6940700000000052,0.45033000000000567
1,0,w0_20260416_024052,75,150293.75,178138.5,183447.75,0.6637149999999181,0.22575499999999488
1,0,w0_20260416_024052,76,245770.5,145360.5,232749,0.6987399999999881,0.4341099999999942
1,0,w0_20260416_024052,77,66385.5,141238.5,177216,0.480815000000004,0.4220400000000044
1,0,w0_20260416_024052,78,66169.5,173570.25,264710.25,0.3803400000000212,0.39491999999998095
1,0,w0_20260416_024052,79,280896.5,80959.5,147444,0.8458150000000162,0.3163949999999982
1,0,w0_20260416_024052,80,329621.5,52414.5,155874,0.9090199999999864,0.33119500000000845
1,0,w0_20260416_024052,81,185033.25,165348.75,205698,0.6613900000000302,0.38169500000000406
1,0,w0_20260416_024052,82,97067.75,172354.5,227277.75,0.4802050000000183,0.3873250000000249
1,0,w0_20260416_024052,83,151589.25,161834.25,236086.5,0.5991400000000368,0.40241499999999103
1,0,w0_20260416_024052,84,282156,97954.5,152269.5,0.8309200000000324,0.30217500000001885
1,0,w0_20260416_024052,85,23390,176097,161583,0.3674250000000162,0.32351500000000877
1,0,w0_20260416_024052,86,-10000,51553.5,77319,0.6934749999999993,0.48520500000006034
1,0,w0_20260416_024052,87,68596.75,121651.5,150861.75,0.3487900000000216,0.3841000000000181
1,0,w0_20260416_024052,88,44947.25,22084.5,42188.25,0.7103449999999826,0.5297500000000028
1,0,w0_20260416_024052,89,149031.25,77106.75,157242,0.6588000000000416,0.47745500000000846
1,0,w0_20260416_024052,90,235463.5,109827.75,188328.75,0.7609349999998809,0.3680400000000199
1,0,w0_20260416_024052,91,358735,77421.75,236783.25,0.8383399999999587,0.4890449999999877
1,0,w0_20260416_024052,92,99884.75,80244,131411.25,0.599829999999974,0.3644050000000306
1,0,w0_20260416_024052,93,233584.25,113145.75,138690,0.7710900000000486,0.30646000000000373
1,0,w0_20260416_024052,94,103903.75,117939,142097.25,0.4814649999999869,0.3149850000000176
1,0,w0_20260416_024052,95,250763,167421.75,206855.25,0.6279299999999712,0.5267250000000124
1,0,w0_20260416_024052,96,50042,123121.5,133336.5,0.5297800000000109,0.25504000000002086
1,0,w0_20260416_024052,97,152153.75,165828.75,247267.5,0.5975850000000159,0.4140650000000127
1,0,w0_20260416_024052,98,268127,78892.5,190810.5,0.8071900000000141,0.2535300000000149
1,0,w0_20260416_024052,99,48258.75,103442.25,97899,0.5085150000000176,0.1524049999999963
1,0,w0_20260416_024052,100,153848.25,93429,198252.75,0.6309299999999859,0.36544000000001886
1,1,w1_20260416_024920,1,200112.25,137274,104643.75,0.7348399999999771,0.20746999999998503
1,1,w1_20260416_024920,2,283636,69169.5,57544.5,0.872484999999983,0.2009099999999923
1,1,w1_20260416_024920,3,250806.25,102339.75,55554,0.8123949999999793,0.1881549999999974
1,1,w1_20260416_024920,4,255691,97659.75,53729.25,0.8208449999999838,0.16622999999998656
1,1,w1_20260416_024920,5,-3590.5,309157.5,61353,0.3439749999999919,0.2023049999999935
1,1,w1_20260416_024920,6,144294.25,212635.5,42710.25,0.6075199999999752,0.23598499999999523
1,1,w1_20260416_024920,7,79761.75,277512.75,51595.5,0.4915249999999786,0.225440000000012
1,1,w1_20260416_024920,8,42462.25,307130.25,95107.5,0.43209000000000697,0.23993000000001077
1,1,w1_20260416_024920,9,138567.25,209907,115365.75,0.6151949999999683,0.2263550000000092
1,1,w1_20260416_024920,10,185423.5,158996.25,120440.25,0.712719999999984,0.18102000000000032
1,1,w1_20260416_024920,11,173750.5,175471.5,112488,0.6827149999999713,0.24096999999999108
1,1,w1_20260416_024920,12,85786.5,252612.75,166740.75,0.5460099999999903,0.17142500000000524
1,1,w1_20260416_024920,13,247969.75,108282.75,140917.5,0.8070149999999604,0.2715800000000117
1,1,w1_20260416_024920,14,-5969,189143.25,80805.75,0.4645049999999967,0.21322000000000343
1,1,w1_20260416_024920,15,246276.75,99974.25,133029,0.8220299999999457,0.17456499999999556
1,1,w1_20260416_024920,16,144783.75,205663.5,154872.75,0.6346499999999768,0.21370999999999976
1,1,w1_20260416_024920,17,275718.75,240218.25,144483,0.5309249999999732,0.6749849999999639
1,1,w1_20260416_024920,18,115398.25,242270.25,147331.5,0.5710399999999727,0.22724000000000616
1,1,w1_20260416_024920,19,193209,186966,155985,0.6673949999999511,0.32436500000000007
1,1,w1_20260416_024920,20,300188,140862.75,293639.25,0.7499749999999641,0.44516999999997803
1,1,w1_20260416_024920,21,505579.75,82498.5,157521.75,0.8529899999999365,0.717009999999943
1,1,w1_20260416_024920,22,101361,270163.5,264895.5,0.4837899999999938,0.35001500000000585
1,1,w1_20260416_024920,23,238170.25,165436.5,190763.25,0.7087849999999593,0.38989500000000615
1,1,w1_20260416_024920,24,178306.5,235266.75,276696.75,0.587224999999987,0.3964900000000022
1,1,w1_20260416_024920,25,229333,179796,238311,0.6852899999999549,0.38775999999999783
1,1,w1_20260416_024920,26,11351.25,310487.25,291871.5,0.2923299999999963,0.3774900000000129
1,1,w1_20260416_024920,27,286776.5,104893.5,193920,0.8127949999999644,0.3378450000000096
1,1,w1_20260416_024920,28,215010.75,191766,241583.25,0.664484999999957,0.3807849999999986
1,1,w1_20260416_024920,29,337809,104647.5,297703.5,0.8169399999999326,0.4424399999999924
1,1,w1_20260416_024920,30,240369.75,180983.25,274827,0.6860199999999665,0.4022849999999971
1,1,w1_20260416_024920,31,42101.5,249008.25,308030.25,0.41851000000000094,0.36333499999999336
1,1,w1_20260416_024920,32,177913,241194.75,256982.25,0.5781300000000018,0.3915300000000025
1,1,w1_20260416_024920,33,48348.5,132253.5,261738,0.4342000000000045,0.3775549999999903
1,1,w1_20260416_024920,34,172584,247122.75,298313.25,0.5639449999999826,0.408160000000007
1,1,w1_20260416_024920,35,270150.5,148514.25,264575.25,0.7388099999999682,0.4071000000000036
1,1,w1_20260416_024920,36,118258.75,262200,264731.25,0.5137649999999697,0.3547950000000144
1,1,w1_20260416_024920,37,194434.5,234822.75,279822.75,0.5800999999999809,0.43978499999999615
1,1,w1_20260416_024920,38,246739.25,169253.25,247207.5,0.7044849999999893,0.40425000000000766
1,1,w1_20260416_024920,39,314410.75,104688,210161.25,0.819509999999924,0.4384499999999969
1,1,w1_20260416_024920,40,336086,91487.25,223386.75,0.8426549999999968,0.4414800000000043
1,1,w1_20260416_024920,41,245045.25,210903,220401.75,0.5608349999999644,0.5651249999999856
1,1,w1_20260416_024920,42,97472,290515.5,281902.5,0.4649299999999924,0.3683800000000142
1,1,w1_20260416_024920,43,271799.75,159344.25,278556,0.7241549999999217,0.41728500000000074
1,1,w1_20260416_024920,44,135308.25,260946.75,278235,0.4974749999999769,0.4246050000000023
1,1,w1_20260416_024920,45,245343,172058.25,271068.75,0.7048149999999528,0.372130000000003
1,1,w1_20260416_024920,46,194074,221430.75,256955.25,0.4950850000000041,0.5425999999999868
1,1,w1_20260416_024920,47,68194.25,235040.25,285415.5,0.43542499999999007,0.4049949999999881
1,1,w1_20260416_024920,48,77851,266426.25,262002.75,0.47463499999998937,0.3334049999999981
1,1,w1_20260416_024920,49,157500.5,277230.75,289188.75,0.5240049999999427,0.42376499999998907
1,1,w1_20260416_024920,50,224671,193617.75,287051.25,0.6689799999999954,0.3713450000000122
1,1,w1_20260416_024920,51,122420,283483.5,284326.5,0.4795450000000127,0.4019399999999956
1,1,w1_20260416_024920,52,368482.25,63795.75,306432,0.8913299999999679,0.40730000000000893
1,1,w1_20260416_024920,53,168574,232782.75,246863.25,0.6015099999999712,0.3454600000000042
1,1,w1_20260416_024920,54,293503,129635.25,274251.75,0.7794750000000097,0.3982800000000059
1,1,w1_20260416_024920,55,344886,88954.5,291379.5,0.8487949999999941,0.409454999999986
1,1,w1_20260416_024920,56,14996,175125.75,212018.25,0.32241499999999285,0.34908000000000877
1,1,w1_20260416_024920,57,21141.75,59658.75,195409.5,0.3364399999999805,0.38838499999999504
1,1,w1_20260416_024920,58,292414,152297.25,228918.75,0.7278549999999768,0.4982249999999877
1,1,w1_20260416_024920,59,32158,209861.25,231960.75,0.41894000000000015,0.3608999999999966
1,1,w1_20260416_024920,60,279449.5,147537.75,266772.75,0.7474299999999494,0.4200550000000064
1,1,w1_20260416_024920,61,79208.5,126005.25,275846.25,0.49265999999996857,0.44570499999997776
1,1,w1_20260416_024920,62,34865.25,125337.75,174447,0.4269449999999996,0.367770000000018
1,1,w1_20260416_024920,63,309021,122354.25,276984.75,0.7915749999999939,0.41062000000000715
1,1,w1_20260416_024920,64,45774.25,289358.25,296527.5,0.32191999999999515,0.3913499999999865
1,1,w1_20260416_024920,65,5798.5,65975.25,239876.25,0.3493300000000114,0.3452299999999944
1,1,w1_20260416_024920,66,318781,149037,253932,0.7232649999999773,0.5183499999999795
1,1,w1_20260416_024920,67,21159.75,129351,271739.25,0.2734249999999948,0.38233499999999904
1,1,w1_20260416_024920,68,194171.5,174817.5,236511,0.618314999999953,0.4016549999999967
1,1,w1_20260416_024920,69,248202.5,152346.75,236760.75,0.6604399999999766,0.5396900000000087
1,1,w1_20260416_024920,70,73904.25,252475.5,261140.25,0.41358000000000666,0.4034950000000181
1,1,w1_20260416_024920,71,261407.25,166914,288618.75,0.7146849999999564,0.40714000000001305
1,1,w1_20260416_024920,72,115166,298406.25,171207.75,0.4333000000000038,0.5251899999999832
1,1,w1_20260416_024920,73,255828.5,157407,274594.5,0.7258550000000098,0.3966349999999958
1,1,w1_20260416_024920,74,26370.75,270825.75,275863.5,0.37061000000000993,0.3674299999999997
1,1,w1_20260416_024920,75,558234.75,41425.5,184809.75,0.9264349999999588,0.6839149999999942
1,1,w1_20260416_024920,76,294511.5,121829.25,273899.25,0.7926650000000278,0.3878750000000003
1,1,w1_20260416_024920,77,163496.25,242906.25,237307.5,0.5886100000000013,0.35806500000000324
1,1,w1_20260416_024920,78,317422.25,129542.25,277765.5,0.7744950000000025,0.4619899999999939
1,1,w1_20260416_024920,79,228266,180733.5,260830.5,0.6791849999999537,0.4354450000000019
1,1,w1_20260416_024920,80,337963.5,53988,248338.5,0.9009300000000484,0.3742500000000041
1,1,w1_20260416_024920,81,-2611.5,51896.25,10415.25,0.20004499999999065,0.5303699999999962
1,1,w1_20260416_024920,82,141056,58374,166740,0.5922850000000254,0.5084500000000075
1,1,w1_20260416_024920,83,208894,223097.25,238038.75,0.623105,0.4424449999999886
1,1,w1_20260416_024920,84,281426,145116,275898,0.7511549999999458,0.41760499999999984
1,1,w1_20260416_024920,85,207518.75,227894.25,277167,0.6105799999999706,0.44061500000001463
1,1,w1_20260416_024920,86,28044.25,179086.5,137129.25,0.3932100000000077,0.449955000000038
1,1,w1_20260416_024920,87,41083.25,149084.25,221962.5,0.3441699999999956,0.4360000000000152
1,1,w1_20260416_024920,88,12157.5,124431,59311.5,0.38744499999998216,0.4118350000000139
1,1,w1_20260416_024920,89,172031.5,246003.75,174984.75,0.5644499999999817,0.47970000000000845
1,1,w1_20260416_024920,90,145386.5,197913,59470.5,0.6127500000000418,0.4061799999999749
1,1,w1_20260416_024920,91,181130.75,154263,76316.25,0.6649699999999789,0.5118250000000287
1,1,w1_20260416_024920,92,254700.25,48144,149745.75,0.8934949999999577,0.33664500000000874
1,1,w1_20260416_024920,93,42061,300843.75,261575.25,0.32570500000004626,0.4495100000000396
1,1,w1_20260416_024920,94,164653.5,245993.25,270233.25,0.538900000000005,0.42900500000001945
1,1,w1_20260416_024920,95,260643.75,163548.75,253327.5,0.7244899999999986,0.40597500000000464
1,1,w1_20260416_024920,96,57860.25,286012.5,317747.25,0.4124850000000033,0.35059000000000046
1,1,w1_20260416_024920,97,76174.25,282048.75,338997,0.4220199999999841,0.3755700000000192
1,1,w1_20260416_024920,98,332480,98405.25,282384.75,0.8325099999998714,0.40246000000000537
1,1,w1_20260416_024920,99,262301.5,149086.5,257022,0.7446799999999494,0.373755000000007
1,1,w1_20260416_024920,100,340191,45390,240759,0.923074999999933,0.39043000000000777
2,0,w0_20260416_025742,1,232766.5,99539.25,109754.25,0.8047799999999827,0.23270500000000208
2,0,w0_20260416_025742,2,223500.5,123303.75,69435.75,0.7714899999999769,0.18783499999999512
2,0,w0_20260416_025742,3,180818.75,170629.5,56661.75,0.6867199999999695,0.16485999999999226
2,0,w0_20260416_025742,4,-10000,352190.25,49947.75,0.34357000000002635,0.13815999999999434
2,0,w0_20260416_025742,5,-10000,55743,4812,0.4081199999999958,0.1989649999999902
2,0,w0_20260416_025742,6,167762.5,186551.25,45836.25,0.6562449999999941,0.1842149999999935
2,0,w0_20260416_025742,7,2929,202964.25,59316.75,0.38995999999999886,0.2245300000000092
2,0,w0_20260416_025742,8,115540,218544.75,52025.25,0.5684699999999997,0.17136499999999985
2,0,w0_20260416_025742,9,79363,274848,46089,0.4966099999999931,0.1486799999999924
2,0,w0_20260416_025742,10,-10000.000000000013,131680.78968600772,33034.549136029746,0.4836300000000031,0.2013049999999836
2,0,w0_20260416_025742,11,1600,137278.5,48691.5,0.326830000000018,0.33535499999999663
2,0,w0_20260416_025742,12,76344.25,248147.25,53308.5,0.5028350000000231,0.1837449999999985
2,0,w0_20260416_025742,13,-5449.25,103885.5,36663.75,0.31018000000000334,0.2224099999999999
2,0,w0_20260416_025742,14,352845.75,141612,74492.25,0.7385249999999842,0.6550749999999846
2,0,w0_20260416_025742,15,33426.5,316154.25,34139.25,0.4084050000000283,0.1455299999999907
2,0,w0_20260416_025742,16,194272.25,207376.5,243011.25,0.6248099999999814,0.43601000000001233
2,0,w0_20260416_025742,17,22318,154577.25,35004.75,0.426405000000019,0.25069499999999556
2,0,w0_20260416_025742,18,130955.5,204834.75,165969.75,0.623119999999972,0.30528499999999925
2,0,w0_20260416_025742,19,202821.25,119827.5,317081.25,0.7867199999999603,0.2138299999999861
2,0,w0_20260416_025742,20,127752,289797.75,178550.25,0.4669250000000103,0.4508299999999974
2,0,w0_20260416_025742,21,226037.25,220364.25,258058.5,0.6089700000000078,0.4621899999999899
2,0,w0_20260416_025742,22,38009.5,256492.5,158088,0.41366500000002,0.31883999999999674
2,0,w0_20260416_025742,23,137913.25,234444.75,260172,0.5838199999999713,0.318534999999994
2,0,w0_20260416_025742,24,152204,250581,334425,0.5591949999999967,0.37656500000003035
2,0,w0_20260416_025742,25,184274,201999.75,324206.25,0.6419349999999835,0.3423750000000141
2,0,w0_20260416_025742,26,91284.75,273421.5,183123.75,0.5042350000000074,0.3034500000000095
2,0,w0_20260416_025742,27,110290.75,259758,196721.25,0.5447250000000162,0.27727999999998876
2,0,w0_20260416_025742,28,59711,328806,273393,0.41563000000001576,0.3540350000000117
2,0,w0_20260416_025742,29,141484.25,270486,310389.75,0.5248700000000124,0.3911500000000099
2,0,w0_20260416_025742,30,283371.5,90143.25,263735.25,0.8440399999999852,0.29127500000001
2,0,w0_20260416_025742,31,-10000,279939,187665,0.1944350000000002,0.4753999999999676
2,0,w0_20260416_025742,32,13460.25,292914.75,254565,0.3517450000000074,0.37836500000000817
2,0,w0_20260416_025742,33,179456,190782.75,181421.25,0.6617199999999794,0.2724649999999916
2,0,w0_20260416_025742,34,19392.25,186150.75,132687,0.31094500000000647,0.3292500000000125
2,0,w0_20260416_025742,35,24039,155422.5,164638.5,0.2696700000000214,0.366424999999998
2,0,w0_20260416_025742,36,24612.75,99942.75,151954.5,0.4534700000000099,0.3302349999999923
2,0,w0_20260416_025742,37,212456,141171,263253,0.6921199999999923,0.4355449999999992
2,0,w0_20260416_025742,38,107251.5,265687.5,248661,0.4724000000000326,0.39072500000001553
2,0,w0_20260416_025742,39,102758,226998,295674,0.4608999999999799,0.4124250000000004
2,0,w0_20260416_025742,40,343775.5,55867.5,264897,0.8954799999999709,0.37887000000001425
2,0,w0_20260416_025742,41,104587,252372,213831,0.5109050000000087,0.37924499999998607
2,0,w0_20260416_025742,42,323971.5,131018.25,180710.25,0.6942299999999862,0.6570249999999873
2,0,w0_20260416_025742,43,95976.25,282603,242310.75,0.4401750000000312,0.412605000000002
2,0,w0_20260416_025742,44,202036.5,228961.5,231282,0.5950249999999918,0.4493250000000182
2,0,w0_20260416_025742,45,312372,100916.25,207471.75,0.8247799999999242,0.38377500000000175
2,0,w0_20260416_025742,46,158838.5,267118.5,195303,0.5370000000000089,0.4208350000000057
2,0,w0_20260416_025742,47,114312.25,299233.5,201614.25,0.4735750000000183,0.3953399999999951
2,0,w0_20260416_025742,48,174035.25,251065.5,143669.25,0.5433400000000008,0.4809350000000012
2,0,w0_20260416_025742,49,373153.75,66253.5,178842.75,0.8819200000000068,0.4816000000000056
2,0,w0_20260416_025742,50,10896.25,217917,175686.75,0.28404500000000665,0.29026499999999705
2,0,w0_20260416_025742,51,419647.25,48812.25,239350.5,0.9029650000000298,0.4961449999999965
2,0,w0_20260416_025742,52,343596,51497.25,159936.75,0.9123650000000068,0.33048000000000816
2,0,w0_20260416_025742,53,271620.75,135609.75,189949.5,0.7685849999999964,0.3662999999999966
2,0,w0_20260416_025742,54,275675,127385.25,166689.75,0.78287500000001,0.32882500000000353
2,0,w0_20260416_025742,55,26435,86682.75,190682.25,0.3849799999999832,0.4149100000000015
2,0,w0_20260416_025742,56,356307.25,40701.75,188091,0.9048499999999792,0.4067050000000048
2,0,w0_20260416_025742,57,31894,145914.75,188021.25,0.3672349999999871,0.4259749999999975
2,0,w0_20260416_025742,58,55324.25,45561.75,226794,0.39400500000000127,0.4631100000000204
2,0,w0_20260416_025742,59,325363.5,83970.75,251505.75,0.8393699999999852,0.3878800000000064
2,0,w0_20260416_025742,60,52577.25,260874,181458.75,0.4076600000000093,0.3488299999999946
2,0,w0_20260416_025742,61,21297,101165.25,198537.75,0.3947349999999782,0.3603749999999936
2,0,w0_20260416_025742,62,19072.5,144955.5,174552,0.3692999999999798,0.2530050000000043
2,0,w0_20260416_025742,63,347469.75,67941.75,256198.5,0.8545549999999744,0.4609299999999964
2,0,w0_20260416_025742,64,177023.75,194961,291785.25,0.6689150000000426,0.2726549999999917
2,0,w0_20260416_025742,65,343617,41565.75,265037.25,0.9273400000000048,0.3052300000000074
2,0,w0_20260416_025742,66,276252.25,120858.75,232479,0.7943700000000211,0.33202500000000607
2,0,w0_20260416_025742,67,177217.5,207684,172528.5,0.6418750000000105,0.31798999999999134
2,0,w0_20260416_025742,68,306475.5,97903.5,230331,0.833225000000029,0.3753250000000065
2,0,w0_20260416_025742,69,31006.75,201135.75,173077.5,0.3949799999999949,0.2915149999999978
2,0,w0_20260416_025742,70,1969,128370.75,258080.25,0.42143500000000206,0.3448799999999957
2,0,w0_20260416_025742,71,324040.5,55872,185977.5,0.9026099999999496,0.241379999999994
2,0,w0_20260416_025742,72,146112.75,269123.25,293484,0.5457900000000021,0.37587500000001106
2,0,w0_20260416_025742,73,37054.25,194091,165534.75,0.42147000000002127,0.3138850000000003
2,0,w0_20260416_025742,74,48331.75,171954.75,177163.5,0.4415200000000088,0.31282500000000507
2,0,w0_20260416_025742,75,34360.5,59253.75,167055.75,0.5965650000000152,0.3180000000000044
2,0,w0_20260416_025742,76,88067.5,200103,172639.5,0.4813800000000093,0.3479800000000137
2,0,w0_20260416_025742,77,109655.75,112275.75,251248.5,0.6242899999999593,0.3588200000000073
2,0,w0_20260416_025742,78,307327.5,101559,250573.5,0.8100099999999392,0.4068999999999971
2,0,w0_20260416_025742,79,84922.5,159192.75,109734.75,0.515749999999995,0.24116500000000188
2,0,w0_20260416_025742,80,344887.75,43652.25,140940,0.9265699999999288,0.31392500000000334
2,0,w0_20260416_025742,81,-10000,85094.27811049545,45114.32070020387,0.17243999999996476,0.4172600000000051
2,0,w0_20260416_025742,82,19222.5,113068.5,77589,0.43536500000001327,0.22197999999999893
2,0,w0_20260416_025742,83,289159.75,100224,64886.25,0.8246299999999481,0.3242499999999938
2,0,w0_20260416_025742,84,167419,228186,135615,0.6169700000000081,0.3105100000000026
2,0,w0_20260416_025742,85,-10000,11597.25,29982,0.2659349999999734,0.5063699999999729
2,0,w0_20260416_025742,86,-7638.5,44654.25,81554.25,0.3179549999999719,0.25398500000000646
2,0,w0_20260416_025742,87,5013.5,76872.75,148443.75,0.24294499999995728,0.31216000000001365
2,0,w0_20260416_025742,88,112288.25,55953,91188.75,0.6641999999999705,0.27702499999998537
2,0,w0_20260416_025742,89,233293.25,155190,169086.75,0.7385999999999849,0.2461250000000015
2,0,w0_20260416_025742,90,49619.25,215660.25,142900.5,0.4381549999999912,0.3403499999999934
2,0,w0_20260416_025742,91,15151,99477,76422,0.21528499999998735,0.6598149999999938
2,0,w0_20260416_025742,92,72514.25,75446.25,158119.5,0.6163850000000044,0.3531200000000026
2,0,w0_20260416_025742,93,269208,88405.5,143386.5,0.812644999999958,0.3872399999999966
2,0,w0_20260416_025742,94,108482.75,254134.5,223302.75,0.547330000000028,0.2911250000000078
2,0,w0_20260416_025742,95,322721.75,46008,207080.25,0.9206899999998944,0.2427699999999931
2,0,w0_20260416_025742,96,336755.25,31379.25,128275.5,0.9471899999999946,0.2035249999999944
2,0,w0_20260416_025742,97,361001.75,23503.5,165954.75,0.9599949999999232,0.3495400000000082
2,0,w0_20260416_025742,98,384100.5,53196,201403.5,0.901795000000027,0.4444050000000191
2,0,w0_20260416_025742,99,47426.75,174177,141266.25,0.41512500000003766,0.3852399999999878
2,0,w0_20260416_025742,100,523057,44854.5,163348.5,0.9090550000000096,0.6401800000000253
2,1,w1_20260416_030549,1,205243,123047.25,102729.75,0.7544749999999606,0.18647000000000535
2,1,w1_20260416_030549,2,217313.75,131509.5,74346.75,0.7565999999999737,0.21078500000000808
2,1,w1_20260416_030549,3,175267,177387.75,61745.25,0.6722749999999836,0.21263500000000987
2,1,w1_20260416_030549,4,58875,295402.5,48832.5,0.4556949999999977,0.20613000000000417
2,1,w1_20260416_030549,5,39211.5,313539,70489.5,0.4241550000000067,0.2221150000000029
2,1,w1_20260416_030549,6,67783.25,275087.25,65269.5,0.4853749999999997,0.1458099999999928
2,1,w1_20260416_030549,7,13271.75,228435.75,60292.5,0.406420000000006,0.20426
2,1,w1_20260416_030549,8,89457.75,233328,43424.25,0.523890000000001,0.18076499999999768
2,1,w1_20260416_030549,9,133906.25,286131.75,181482,0.42954500000003254,0.5260600000000142
2,1,w1_20260416_030549,10,225281.5,132768,65950.5,0.7590499999999641,0.16914499999999302
2,1,w1_20260416_030549,11,118242.75,241824.75,45622.5,0.5591749999999983,0.22936000000000048
2,1,w1_20260416_030549,12,23903,266938.5,327718.5,0.37737500000000856,0.36225499999998584
2,1,w1_20260416_030549,13,200841.25,162851.25,46447.5,0.7055149999999927,0.2182899999999944
2,1,w1_20260416_030549,14,49514.75,308760,66575.25,0.4302550000000122,0.2788550000000074
2,1,w1_20260416_030549,15,116014.5,244255.5,66570,0.5612800000000032,0.1593199999999932
2,1,w1_20260416_030549,16,84832.75,271399.5,138927.75,0.49365500000001294,0.32742999999998523
2,1,w1_20260416_030549,17,159455,200244.75,73280.25,0.6343499999999995,0.27299000000000895
2,1,w1_20260416_030549,18,17635.5,213180,156994.5,0.394250000000011,0.2971549999999917
2,1,w1_20260416_030549,19,223097.5,129069.75,61872.75,0.7646199999999512,0.15136499999999448
2,1,w1_20260416_030549,20,161692.5,199608.75,72348.75,0.6361699999999938,0.27847000000001165
2,1,w1_20260416_030549,21,92384.25,203704.5,140531.25,0.54215999999998,0.28515499999999916
2,1,w1_20260416_030549,22,54327,229968.75,133004.25,0.4117299999999992,0.24905999999999776
2,1,w1_20260416_030549,23,95822.5,233520,180277.5,0.5222649999999961,0.26474000000000064
2,1,w1_20260416_030549,24,94177.25,224310,235962.75,0.4833399999999986,0.36987500000000295
2,1,w1_20260416_030549,25,165692.75,223066.5,203100.75,0.5840149999999786,0.3390050000000056
2,1,w1_20260416_030549,26,143199.75,223170,226910.25,0.5360199999999967,0.39308499999998814
2,1,w1_20260416_030549,27,113259.75,272541,244319.25,0.491025000000005,0.3613849999999894
2,1,w1_20260416_030549,28,75182.25,205578,276549.75,0.4419049999999829,0.387870000000008
2,1,w1_20260416_030549,29,176504.25,202695,275400.75,0.6075199999999829,0.3863449999999944
2,1,w1_20260416_030549,30,172605.25,172117.5,279647.25,0.5957650000000009,0.44746499999999023
2,1,w1_20260416_030549,31,335544,169797.75,245168.25,0.6960999999999467,0.5651149999999767
2,1,w1_20260416_030549,32,82876,223137,278217,0.45952500000000174,0.38625999999999566
2,1,w1_20260416_030549,33,213359,188620.5,299320.5,0.6581099999999626,0.3846600000000002
2,1,w1_20260416_030549,34,82014.25,245052,281163.75,0.44576000000001725,0.3830650000000128
2,1,w1_20260416_030549,35,192648.25,228765.75,304146,0.5749549999999978,0.4455750000000034
2,1,w1_20260416_030549,36,138406,260277.75,286316.25,0.5178799999999953,0.3832850000000004
2,1,w1_20260416_030549,37,168626.75,247554.75,302518.5,0.5446600000000084,0.4288100000000164
2,1,w1_20260416_030549,38,43768.75,191406,284015.25,0.34166000000001706,0.4005050000000021
2,1,w1_20260416_030549,39,246892.75,175982.25,265755,0.6785149999999808,0.45341499999998297
2,1,w1_20260416_030549,40,254499.75,181945.5,270294.75,0.6689399999999911,0.46147999999999983
2,1,w1_20260416_030549,41,159817,231549,197364,0.5550250000000133,0.42428000000000704
2,1,w1_20260416_030549,42,229514.5,180551.25,155474.25,0.6711799999999828,0.47480500000001263
2,1,w1_20260416_030549,43,154193.75,220180.5,228375.75,0.539424999999993,0.41786000000000995
2,1,w1_20260416_030549,44,15345.5,77026.5,251598,0.16311499999999546,0.3755650000000104
2,1,w1_20260416_030549,45,231500.5,174593.25,271646.25,0.6170650000000304,0.4858500000000071
2,1,w1_20260416_030549,46,87341.75,207660.75,290257.5,0.3913650000000003,0.3995299999999957
2,1,w1_20260416_030549,47,165728.75,130449,261482.25,0.6192550000000056,0.45369499999998714
2,1,w1_20260416_030549,48,200916,181658.25,255945.75,0.575865000000009,0.49728500000000575
2,1,w1_20260416_030549,49,121624,162636.75,264659.25,0.43853000000000586,0.4029200000000164
2,1,w1_20260416_030549,50,125117.5,188097,198475.5,0.5019949999999928,0.3776900000000076
2,1,w1_20260416_030549,51,192947,190271.25,225981.75,0.5089700000000122,0.5118449999999859
2,1,w1_20260416_030549,52,305646,42807.75,171776.25,0.901195000000022,0.3223699999999963
2,1,w1_20260416_030549,53,290542,148575.75,221822.25,0.7422499999999904,0.433574999999987
2,1,w1_20260416_030549,54,268423,163233,294144,0.7053500000000137,0.44011500000002635
2,1,w1_20260416_030549,55,144200.25,188932.5,287237.25,0.5395749999999953,0.44933999999999713
2,1,w1_20260416_030549,56,330008.5,61924.5,201297,0.88988999999997,0.2776249999999921
2,1,w1_20260416_030549,57,81483.75,142443,259433.25,0.5409150000000406,0.4089950000000157
2,1,w1_20260416_030549,58,217415.25,211644.75,262560,0.6256150000000049,0.4345799999999863
2,1,w1_20260416_030549,59,300595,90604.5,188050.5,0.8422699999999721,0.2990650000000051
2,1,w1_20260416_030549,60,103036.5,174965.25,195758.25,0.4648850000000097,0.34664000000000295
2,1,w1_20260416_030549,61,159108.75,174582.75,233188.5,0.5103550000000033,0.40217500000000966
2,1,w1_20260416_030549,62,107089.5,152712.75,247047.75,0.4520050000000108,0.4197250000000134
2,1,w1_20260416_030549,63,353511.25,76799.25,304519.5,0.8684049999999921,0.41100499999998746
2,1,w1_20260416_030549,64,130880.25,122389.5,223910.25,0.4841299999999876,0.4390649999999991
2,1,w1_20260416_030549,65,44992.75,177228,176279.25,0.3539499999999977,0.4538150000000096
2,1,w1_20260416_030549,66,207360.5,158820.75,268998.75,0.6314549999999984,0.4318500000000213
2,1,w1_20260416_030549,67,308584,147270,260526,0.7472150000000012,0.4722500000000017
2,1,w1_20260416_030549,68,210515,180441,258714,0.5951250000000183,0.4575900000000006
2,1,w1_20260416_030549,69,345270.75,78768.75,295870.5,0.8632899999999992,0.3913950000000041
2,1,w1_20260416_030549,70,318492.75,109404.75,193702.5,0.8146899999999764,0.45342500000002744
2,1,w1_20260416_030549,71,178353.75,160217.25,237579,0.5922499999999807,0.4480800000000217
2,1,w1_20260416_030549,72,99253,300554.25,176082.75,0.19863999999998577,0.6375699999999616
2,1,w1_20260416_030549,73,201354,172443.75,211082.25,0.6782849999999683,0.3650200000000079
2,1,w1_20260416_030549,74,155223.75,118992,258134.25,0.615544999999989,0.4256000000000114
2,1,w1_20260416_030549,75,382797.5,55605,248527.5,0.904685,0.443885
2,1,w1_20260416_030549,76,11426.5,48909,53344.5,0.762019999999906,0.37080499999998173
2,1,w1_20260416_030549,77,57079,71019,80952,0.5589499999999649,0.5187399999999738
2,1,w1_20260416_030549,78,202786.25,160399.5,260474.25,0.6123749999999692,0.4941949999999993
2,1,w1_20260416_030549,79,140007,81344.25,155358.75,0.7370750000000207,0.3395549999999961
2,1,w1_20260416_030549,80,439184.5,79231.5,204234,0.8592449999999814,0.5836650000000217
2,1,w1_20260416_030549,81,350043.5,101003.25,223373.25,0.8279449999999456,0.4640649999999948
2,1,w1_20260416_030549,82,208534,136779.75,225716.25,0.6124499999999885,0.4984299999999915
2,1,w1_20260416_030549,83,54791,92967,186522,0.3838799999999707,0.5236549999999828
2,1,w1_20260416_030549,84,387435.75,42079.5,193584.75,0.9182599999999502,0.4685199999999993
2,1,w1_20260416_030549,85,194719,161733,217878,0.6888999999999651,0.2915150000000003
2,1,w1_20260416_030549,86,143093.25,160950.75,284676,0.5542850000000237,0.39455500000001315
2,1,w1_20260416_030549,87,181909,157270.5,277420.5,0.6227949999999914,0.4042499999999989
2,1,w1_20260416_030549,88,107767,130155,231288,0.4875199999999949,0.3990450000000136
2,1,w1_20260416_030549,89,127041.25,163575,289023.75,0.5055550000000072,0.3923199999999996
2,1,w1_20260416_030549,90,10864,70013.25,116772.75,0.37393500000004953,0.35645000000001703
2,1,w1_20260416_030549,91,152863.75,60689.25,233367,0.633309999999977,0.44568499999999056
2,1,w1_20260416_030549,92,110762.5,89760,244117.5,0.44674499999998224,0.42431499999999633
2,1,w1_20260416_030549,93,164821,208982.25,261336.75,0.4602649999999978,0.4947449999999882
2,1,w1_20260416_030549,94,124925.25,182345.25,299899.5,0.5107399999999989,0.3963149999999977
2,1,w1_20260416_030549,95,114995.75,187496.25,281658,0.44338500000000775,0.4419549999999991
2,1,w1_20260416_030549,96,166754.25,147343.5,279992.25,0.6056399999999796,0.3772899999999927
2,1,w1_20260416_030549,97,234563,152853,279864,0.7075949999999744,0.3844799999999898
2,1,w1_20260416_030549,98,94450,242436.75,253253.25,0.3284050000000174,0.46170500000000647
2,1,w1_20260416_030549,99,114764.25,240980.25,314365.5,0.5200600000000174,0.3386150000000032
2,1,w1_20260416_030549,100,219611.5,173181.75,253416.75,0.6413449999999972,0.4638949999999968
3,0,w0_20260416_031400,1,123018.75,129069,95882.25,0.5808749999999924,0.18606500000000795
3,0,w0_20260416_031400,2,131142,74902.5,56095.5,0.6784349999999946,0.13918499999999942
3,0,w0_20260416_031400,3,140690.25,164237.25,48142.5,0.6161399999999791,0.14673500000000023
3,0,w0_20260416_031400,4,116549.75,161472,48728.25,0.633744999999989,0.17290500000000017
3,0,w0_20260416_031400,5,-10000,88230,9558,0.4424300000000126,0.1538450000000003
3,0,w0_20260416_031400,6,34058,302835,43107,0.40710500000001326,0.19560499999999803
3,0,w0_20260416_031400,7,123022.75,230764.5,41352.75,0.5716000000000138,0.20037499999999583
3,0,w0_20260416_031400,8,171964.75,191823,38312.25,0.6526049999999635,0.24585999999999697
3,0,w0_20260416_031400,9,163937.5,195271.5,42891,0.6463849999999686,0.14034000000000607
3,0,w0_20260416_031400,10,147182.25,214884,38253.75,0.6094799999999684,0.2099850000000008
3,0,w0_20260416_031400,11,102007.25,252491.25,44731.5,0.5346049999999971,0.179554999999989
3,0,w0_20260416_031400,12,19568,147858,56364,0.46274500000001406,0.18165999999999877
3,0,w0_20260416_031400,13,181655.75,176443.5,48660.75,0.6793349999999694,0.1801199999999952
3,0,w0_20260416_031400,14,19833,203159.25,34707.75,0.3979050000000161,0.1920349999999919
3,0,w0_20260416_031400,15,220381.5,139550.25,39158.25,0.74474999999996,0.16038500000000402
3,0,w0_20260416_031400,16,49483.25,247119.75,38517,0.4572900000000096,0.1565799999999904
3,0,w0_20260416_031400,17,202735.5,155375.25,45299.25,0.7144949999999529,0.12994499999999473
3,0,w0_20260416_031400,18,35332.5,201291.75,31395.75,0.4066050000000046,0.26923999999999854
3,0,w0_20260416_031400,19,315499.25,151396.5,181064.25,0.7128399999999436,0.5737499999999538
3,0,w0_20260416_031400,20,168776.25,201068.25,97915.5,0.631064999999961,0.31064499999999085
3,0,w0_20260416_031400,21,236963.5,225243,204793.5,0.5921499999999708,0.5154550000000321
3,0,w0_20260416_031400,22,221856,173882.25,269331.75,0.6868099999999271,0.3757150000000001
3,0,w0_20260416_031400,23,68628.75,289888.5,168522.75,0.449030000000001,0.3120600000000077
3,0,w0_20260416_031400,24,200330.25,179965.5,221084.25,0.681094999999975,0.32099500000001047
3,0,w0_20260416_031400,25,239138,214218.75,184703.25,0.5180199999999838,0.6373650000000234
3,0,w0_20260416_031400,26,240651.25,216656.25,254692.5,0.578369999999978,0.5341600000000334
3,0,w0_20260416_031400,27,209867.75,173232.75,237739.5,0.6926349999999355,0.313529999999998
3,0,w0_20260416_031400,28,222686.75,169873.5,270309.75,0.6982849999999741,0.34613000000000427
3,0,w0_20260416_031400,29,159397.75,226279.5,229302.75,0.6003999999999804,0.3109900000000033
3,0,w0_20260416_031400,30,38540.5,184978.5,218661,0.35605500000001045,0.3569050000000147
3,0,w0_20260416_031400,31,275995.25,103029,210585.75,0.8135249999999775,0.29143500000001155
3,0,w0_20260416_031400,32,316519,43155.75,191405.25,0.9221699999999712,0.25092000000000314
3,0,w0_20260416_031400,33,73375.25,183329.25,222475.5,0.5000000000000026,0.3699900000000112
3,0,w0_20260416_031400,34,98596.75,173539.5,256143.75,0.4897749999999828,0.44627999999999984
3,0,w0_20260416_031400,35,170305.5,251632.5,306402,0.5598549999999952,0.40904999999998976
3,0,w0_20260416_031400,36,288162.75,110336.25,227391,0.806039999999968,0.35037000000000845
3,0,w0_20260416_031400,37,293153,101166.75,213500.25,0.8226699999999774,0.3551549999999982
3,0,w0_20260416_031400,38,97300.25,271344,145455.75,0.5192449999999893,0.2561250000000017
3,0,w0_20260416_031400,39,148878,266658,271824,0.4959449999999999,0.4452049999999878
3,0,w0_20260416_031400,40,115160.75,251084.25,150975,0.5313099999999963,0.3329500000000236
3,0,w0_20260416_031400,41,123309.75,237430.5,273099.75,0.4581399999999965,0.4295649999999855
3,0,w0_20260416_031400,42,156553.25,264933,280473.75,0.533634999999992,0.4116349999999984
3,0,w0_20260416_031400,43,53473,214565.25,182661.75,0.4378550000000187,0.3488800000000107
3,0,w0_20260416_031400,44,269084,78262.5,188383.5,0.8487499999999792,0.33514499999999336
3,0,w0_20260416_031400,45,268544.75,130983.75,273661.5,0.7683599999999748,0.38417999999998664
3,0,w0_20260416_031400,46,106768.75,185689.5,252591.75,0.4604000000000121,0.4234500000000191
3,0,w0_20260416_031400,47,71562,141259.5,172378.5,0.4876499999999962,0.3571250000000221
3,0,w0_20260416_031400,48,78309.75,125205,266165.25,0.44573499999998967,0.37544499999999464
3,0,w0_20260416_031400,49,156196.5,197306.25,266027.25,0.5704400000000067,0.3941549999999912
3,0,w0_20260416_031400,50,320907,65990.25,217302.75,0.8772299999999345,0.36290000000000383
3,0,w0_20260416_031400,51,354451.75,54481.5,274266.75,0.9021249999999018,0.38838000000000256
3,0,w0_20260416_031400,52,308774,100495.5,268870.5,0.8169549999999394,0.4232749999999899
3,0,w0_20260416_031400,53,96024.25,152876.25,293839.5,0.4577500000000226,0.3996400000000053
3,0,w0_20260416_031400,54,83725,99997.5,239617.5,0.5458900000000019,0.3942600000000024
3,0,w0_20260416_031400,55,146038,152506.5,270385.5,0.5869099999999703,0.3992499999999932
3,0,w0_20260416_031400,56,215762.25,177299.25,254998.5,0.6665450000000082,0.3857850000000207
3,0,w0_20260416_031400,57,7406.25,34254,140559.75,0.4898600000000518,0.34569500000000697
3,0,w0_20260416_031400,58,204581.75,98526.75,248971.5,0.7236050000000434,0.45133499999999505
3,0,w0_20260416_031400,59,309432.25,93384.75,277143,0.8339399999999676,0.3701299999999962
3,0,w0_20260416_031400,60,252658.75,168588.75,294412.5,0.7139599999999493,0.388549999999999
3,0,w0_20260416_031400,61,59405.25,144165.75,259779,0.4286650000000014,0.38971500000000464
3,0,w0_20260416_031400,62,135136,194915.25,299598.75,0.5161149999999916,0.36601999999999374
3,0,w0_20260416_031400,63,14813.25,80115.75,224931,0.3449499999999799,0.37052500000000493
3,0,w0_20260416_031400,64,87093.5,139545,292741.5,0.4038100000000079,0.3960549999999981
3,0,w0_20260416_031400,65,418426.5,28918.5,291645,0.9454199999999936,0.4460450000000061
3,0,w0_20260416_031400,66,407953.5,66027.75,250398.75,0.8873899999998798,0.490949999999998
3,0,w0_20260416_031400,67,191620.25,238958.25,309181.5,0.5865349999999804,0.40825999999999263
3,0,w0_20260416_031400,68,147944.75,146382.75,289312.5,0.5101200000000053,0.40283499999999867
3,0,w0_20260416_031400,69,340575,87003,267822,0.8493849999999799,0.4116649999999982
3,0,w0_20260416_031400,70,219426.75,199568.25,278505,0.6585300000000082,0.3945049999999927
3,0,w0_20260416_031400,71,154273.75,191937.75,289648.5,0.5367649999999856,0.4058799999999964
3,0,w0_20260416_031400,72,120373.25,87347.25,305119.5,0.5530550000000113,0.4103050000000126
3,0,w0_20260416_031400,73,191424.5,188372.25,290303.25,0.6107599999999751,0.425544999999991
3,0,w0_20260416_031400,74,109012.25,163808.25,282169.5,0.5125499999999968,0.4020750000000029
3,0,w0_20260416_031400,75,205319.25,108339,278901.75,0.6735749999999627,0.48128999999998495
3,0,w0_20260416_031400,76,204086.75,137214,277289.25,0.5705349999999729,0.4972350000000056
3,0,w0_20260416_031400,77,245728.75,123673.5,248697.75,0.7368949999999426,0.3567250000000096
3,0,w0_20260416_031400,78,47233,149325,184752,0.42275000000000473,0.31886500000000295
3,0,w0_20260416_031400,79,156916.5,33212.25,130691.25,0.7484599999999713,0.26393500000000186
3,0,w0_20260416_031400,80,70542,124738.5,116479.5,0.4144250000000246,0.5054299999999888
3,0,w0_20260416_031400,81,268754.75,96503.25,294252,0.7918699999999644,0.44921500000001086
3,0,w0_20260416_031400,82,72913.5,62834.25,93032.25,0.6783999999999917,0.2717800000000009
3,0,w0_20260416_031400,83,177690.25,182429.25,265720.5,0.6013699999999513,0.42842499999999584
3,0,w0_20260416_031400,84,328824,56185.5,177940.5,0.902309999999961,0.4312249999999848
3,0,w0_20260416_031400,85,220596.25,185008.5,273095.25,0.6625100000000064,0.4090149999999986
3,0,w0_20260416_031400,86,133329.75,191667.75,335512.5,0.5330899999999792,0.3853450000000023
3,0,w0_20260416_031400,87,206753.25,163921.5,258155.25,0.7077199999999566,0.3390249999999968
3,0,w0_20260416_031400,88,276622,150130.5,285907.5,0.7365350000000194,0.4205500000000062
3,0,w0_20260416_031400,89,235518.5,172733.25,287528.25,0.6906849999999947,0.39811999999999287
3,0,w0_20260416_031400,90,248674.75,148209,268226.25,0.696959999999937,0.4458800000000003
3,0,w0_20260416_031400,91,71734.25,250539.75,227826,0.4204199999999909,0.3929900000000116
3,0,w0_20260416_031400,92,169878.75,221091.75,287119.5,0.6081649999999796,0.3635549999999979
3,0,w0_20260416_031400,93,53786.25,149235,239808.75,0.4978299999999871,0.3282600000000116
3,0,w0_20260416_031400,94,110336.75,233370.75,330262.5,0.5251349999999831,0.3732100000000041
3,0,w0_20260416_031400,95,-10000,106874.25,243252.65537126956,0.3625500000000176,0.4463350000000002
3,0,w0_20260416_031400,96,320359,141725.25,252765.75,0.7221499999999895,0.5250299999999879
3,0,w0_20260416_031400,97,198714,204222.75,299213.25,0.6350449999999846,0.3767950000000072
3,0,w0_20260416_031400,98,164159.75,166975.5,259944.75,0.6386499999999854,0.3784549999999932
3,0,w0_20260416_031400,99,223796.25,149656.5,238007.25,0.7310200000000108,0.3509850000000107
3,0,w0_20260416_031400,100,308514.25,87819.75,312006,0.8396499999999338,0.3757200000000031
3,1,w1_20260416_032206,1,130138.5,140180.25,95501.25,0.5858749999999965,0.19866500000000065
3,1,w1_20260416_032206,2,127243,88176,62661,0.6148149999999928,0.19699000000000316
3,1,w1_20260416_032206,3,177025.75,145752,80372.25,0.7004149999999747,0.1606899999999963
3,1,w1_20260416_032206,4,198595.5,143847.75,93606.75,0.7360399999999924,0.15082999999998942
3,1,w1_20260416_032206,5,-3292.75,182209.5,53723.25,0.4361350000000032,0.15492499999999376
3,1,w1_20260416_032206,6,109511.75,241008,52700.25,0.5541449999999865,0.17001499999999314
3,1,w1_20260416_032206,7,114823.5,233521.5,68055,0.5720099999999995,0.13293999999999206
3,1,w1_20260416_032206,8,47587,270380.25,61692.75,0.4469250000000013,0.22827499999999723
3,1,w1_20260416_032206,9,177863,174975,56952,0.6772099999999794,0.17825999999999423
3,1,w1_20260416_032206,10,197906.5,158504.25,48569.25,0.7097199999999958,0.1537950000000028
3,1,w1_20260416_032206,11,-5127.25,208449.75,52867.5,0.33088500000002546,0.1961649999999956
3,1,w1_20260416_032206,12,64281,276230.25,183198.75,0.4875599999999954,0.2385449999999999
3,1,w1_20260416_032206,13,212859.5,154353,47647.5,0.7197449999999872,0.27347999999999395
3,1,w1_20260416_032206,14,371533.5,158122.5,135174,0.7062749999999753,0.6782249999999941
3,1,w1_20260416_032206,15,112211,300972,234387,0.4191050000000052,0.4512300000000002
3,1,w1_20260416_032206,16,186465.5,186313.5,235821,0.6662399999999506,0.31832000000000954
3,1,w1_20260416_032206,17,270217.25,90164.25,205288.5,0.840289999999949,0.23013000000000497
3,1,w1_20260416_032206,18,101349.75,289265.25,150915,0.484890000000011,0.34525000000001405
3,1,w1_20260416_032206,19,196492.5,211536,219181.5,0.49300000000000194,0.5768399999999899
3,1,w1_20260416_032206,20,129688.5,262787.25,243224.25,0.5336599999999847,0.35332500000001243
3,1,w1_20260416_032206,21,158067,266388.75,286064.25,0.5270999999999827,0.4118149999999906
3,1,w1_20260416_032206,22,248763.25,150412.5,188024.25,0.735539999999948,0.4183750000000125
3,1,w1_20260416_032206,23,110244,301514.25,216591.75,0.4656900000000101,0.401230000000029
3,1,w1_20260416_032206,24,-10000.000000000002,186326.7,205753.905,0.32505999999999075,0.4982299999999967
3,1,w1_20260416_032206,25,8480,173993.25,260556.75,0.3334600000000127,0.3431350000000173
3,1,w1_20260416_032206,26,268418,111609,216513,0.804499999999959,0.2854950000000078
3,1,w1_20260416_032206,27,289308.75,91271.25,229890,0.8401299999999712,0.294755000000008
3,1,w1_20260416_032206,28,85262.75,179559.75,296527.5,0.4296650000000066,0.42725999999999087
3,1,w1_20260416_032206,29,250210.25,127377,179832.75,0.7712749999999499,0.28480000000000466
3,1,w1_20260416_032206,30,162521.75,229264.5,189843.75,0.5944299999999894,0.334855000000006
3,1,w1_20260416_032206,31,121668.25,264558,174873.75,0.5319900000000081,0.3206450000000095
3,1,w1_20260416_032206,32,196846.75,202228.5,222654.75,0.64523999999996,0.3787750000000143
3,1,w1_20260416_032206,33,229802.5,189008.25,205589.25,0.6734699999999729,0.412925000000001
3,1,w1_20260416_032206,34,279731.25,99441,193287.75,0.8267799999999681,0.2945700000000057
3,1,w1_20260416_032206,35,204013,194094.75,208292.25,0.6628349999999601,0.34936500000000625
3,1,w1_20260416_032206,36,155031.25,246234,223914.75,0.5601099999999992,0.36714500000000033
3,1,w1_20260416_032206,37,282881.5,124431.75,200586.75,0.7847449999999789,0.37233000000001254
3,1,w1_20260416_032206,38,206170.75,204893.25,214026,0.6454699999999542,0.3872850000000011
3,1,w1_20260416_032206,39,296188.25,93462,198939.75,0.8382349999999876,0.3188800000000033
3,1,w1_20260416_032206,40,24694.25,140239.5,235316.25,0.20012499999998343,0.4175199999999805
3,1,w1_20260416_032206,41,374511.75,71838.75,234799.5,0.8719449999999656,0.4651750000000035
3,1,w1_20260416_032206,42,210851.25,204900.75,260838,0.6471549999999479,0.3890250000000157
3,1,w1_20260416_032206,43,114212,249669,245259,0.5345950000000027,0.3036999999999995
3,1,w1_20260416_032206,44,370855.5,48776.25,183818.25,0.9163249999999484,0.3904999999999883
3,1,w1_20260416_032206,45,42538.5,84591,281170.5,0.15620499999999737,0.42728500000001113
3,1,w1_20260416_032206,46,1911.5,26632.5,304776,0.5208300000000371,0.34652999999999706
3,1,w1_20260416_032206,47,377297.75,56478,202124.25,0.9032799999999888,0.4577849999999885
3,1,w1_20260416_032206,48,302230,127538.25,240351.75,0.7807799999999656,0.4030350000000062
3,1,w1_20260416_032206,49,168331,218128.5,282400.5,0.5532549999999794,0.4106000000000072
3,1,w1_20260416_032206,50,21027,85105.5,296197.5,0.2969999999999868,0.3572099999999849
3,1,w1_20260416_032206,51,263350.5,73012.5,228087,0.8205999999999675,0.3625849999999921
3,1,w1_20260416_032206,52,100800.75,219786,220733.25,0.485909999999992,0.3971449999999933
3,1,w1_20260416_032206,53,118178.75,177881.25,220650,0.5395099999999793,0.38889499999999705
3,1,w1_20260416_032206,54,335709.5,87021,229309.5,0.8496549999999763,0.4290899999999954
3,1,w1_20260416_032206,55,397261,38874,256125,0.9336400000000212,0.42140000000000394
3,1,w1_20260416_032206,56,99503.5,183308.25,256508.25,0.42297999999999264,0.40229000000000126
3,1,w1_20260416_032206,57,308246,112275,231639,0.8031099999999628,0.389409999999987
3,1,w1_20260416_032206,58,300358.5,125415,200926.5,0.7868549999999441,0.45746499999998685
3,1,w1_20260416_032206,59,169745.25,190680,257604.75,0.6185349999999604,0.40042500000000864
3,1,w1_20260416_032206,60,112602.25,220098.75,259869,0.4699499999999884,0.4373700000000028
3,1,w1_20260416_032206,61,378096.5,51288,260755.5,0.908894999999996,0.415209999999996
3,1,w1_20260416_032206,62,258082,151139.25,166608.75,0.7437550000000135,0.4229699999999864
3,1,w1_20260416_032206,63,23096,47502,237282,0.36428000000003624,0.35805999999999333
3,1,w1_20260416_032206,64,98041.75,71192.25,193506,0.4334699999999971,0.461904999999993
3,1,w1_20260416_032206,65,297770.5,113363.25,212216.25,0.7727499999999462,0.43994000000001143
3,1,w1_20260416_032206,66,213195.5,214110,302854.5,0.6367999999999644,0.3928150000000049
3,1,w1_20260416_032206,67,144749.5,140838,199342.5,0.6397099999999712,0.3879600000000014
3,1,w1_20260416_032206,68,132246.5,169413.75,277179.75,0.5198899999999987,0.400300000000014
3,1,w1_20260416_032206,69,361714.5,65544,248881.5,0.8854900000000531,0.42987000000000225
3,1,w1_20260416_032206,70,183710.25,233041.5,260588.25,0.6051749999999593,0.3831800000000137
3,1,w1_20260416_032206,71,328900.75,59895,169964.25,0.8915849999999762,0.3852650000000082
3,1,w1_20260416_032206,72,229546.25,155755.5,196838.25,0.7197599999999573,0.33999000000001045
3,1,w1_20260416_032206,73,44743.75,58484.25,126312,0.45609000000001415,0.3355949999999879
3,1,w1_20260416_032206,74,156557.75,122978.25,286704,0.5837499999999952,0.36484499999999215
3,1,w1_20260416_032206,75,157734.25,67092,253653.75,0.6620249999999626,0.34092500000000137
3,1,w1_20260416_032206,76,165929.25,88174.5,304106.25,0.5343050000000166,0.3688449999999967
3,1,w1_20260416_032206,77,109872.25,88623.75,275304,0.4694649999999916,0.3822999999999877
3,1,w1_20260416_032206,78,303676,123937.5,228646.5,0.7846999999999263,0.4383199999999819
3,1,w1_20260416_032206,79,137899,73975.5,264985.5,0.6166449999999606,0.32143500000000524
3,1,w1_20260416_032206,80,-9999.999999999998,36100.5,256385.6088213694,0.477455000000022,0.4500350000000209
3,1,w1_20260416_032206,81,35896.5,44682.75,322140.75,0.5414900000000203,0.36072499999999896
3,1,w1_20260416_032206,82,208843.25,91338.75,293538,0.7758399999999721,0.3838750000000126
3,1,w1_20260416_032206,83,49533,89340.75,306836.25,0.4032450000000028,0.3735750000000059
3,1,w1_20260416_032206,84,334386.75,40228.5,334914.75,0.9292699999999324,0.29097500000000925
3,1,w1_20260416_032206,85,83168.5,55707.75,215793.75,0.2899300000000092,0.5299350000000163
3,1,w1_20260416_032206,86,399850.25,29154,296925.75,0.9388150000000044,0.44001500000000177
3,1,w1_20260416_032206,87,127136.75,139341.75,281971.5,0.500354999999977,0.41563000000000383
3,1,w1_20260416_032206,88,274731.5,121099.5,249519,0.7713549999999758,0.4096199999999957
3,1,w1_20260416_032206,89,51053,109526.25,269340.75,0.3315150000000143,0.4035299999999867
3,1,w1_20260416_032206,90,343231.25,96972,261966.75,0.8332349999999132,0.4387549999999722
3,1,w1_20260416_032206,91,336468.25,110618.25,253843.5,0.8135199999999477,0.4424699999999984
3,1,w1_20260416_032206,92,87938.5,182691,262750.5,0.4820599999999845,0.3908150000000103
3,1,w1_20260416_032206,93,174511.25,236615.25,293143.5,0.5762749999999822,0.41736499999999577
3,1,w1_20260416_032206,94,60998.25,147496.5,249965.25,0.3852099999999911,0.38610999999999657
3,1,w1_20260416_032206,95,218421.25,208607.25,241861.5,0.6393849999999833,0.4254349999999887
3,1,w1_20260416_032206,96,395115.25,32083.5,209111.25,0.9450100000000252,0.3729300000000264
3,1,w1_20260416_032206,97,95526.5,84978,99295.5,0.6810599999999084,0.3788099999999929
3,1,w1_20260416_032206,98,4215,99077.25,209907.75,0.4569849999999977,0.28548999999997754
3,1,w1_20260416_032206,99,128288,116430.75,245381.25,0.6214999999999721,0.407379999999998
3,1,w1_20260416_032206,100,49102.75,119882.25,221895,0.37786000000001113,0.4277599999999984
4,0,w0_20260416_033010,1,105026.5,204980.25,71723.25,0.5657899999999983,0.168604999999989
4,0,w0_20260416_033010,2,275023.75,75951.75,63304.5,0.8602749999999827,0.21376499999999152
4,0,w0_20260416_033010,3,156313.75,197517.75,50848.5,0.6366699999999976,0.2184149999999929
4,0,w0_20260416_033010,4,108410.75,244812.75,47626.5,0.5500049999999759,0.15279499999999435
4,0,w0_20260416_033010,5,-10000,79770.60353863255,8578.880343937499,0.36995499999997983,0.19926999999999517
4,0,w0_20260416_033010,6,-10000,85171.5,38890.5,0.5761000000000067,0.2495599999999888
4,0,w0_20260416_033010,7,84526.5,269646.75,40326.75,0.5044250000000164,0.17961999999999506
4,0,w0_20260416_033010,8,1500.25,127355.25,41284.5,0.39345999999999853,0.2191750000000006
4,0,w0_20260416_033010,9,-6902.25,157533,72329.25,0.3541800000000237,0.2630899999999989
4,0,w0_20260416_033010,10,201462,158271.75,68906.25,0.7114149999999909,0.2731650000000001
4,0,w0_20260416_033010,11,269414.25,79509,114786.75,0.8563799999999862,0.23699000000000237
4,0,w0_20260416_033010,12,92248.5,228559.5,96432,0.5596199999999998,0.2560350000000058
4,0,w0_20260416_033010,13,4687.25,212295.75,72507,0.38645500000001354,0.2503299999999985
4,0,w0_20260416_033010,14,26229.75,254158.5,101391.75,0.4125299999999936,0.3254750000000079
4,0,w0_20260416_033010,15,29732.25,263451,70116.75,0.3970600000000104,0.23381999999998976
4,0,w0_20260416_033010,16,192763.5,165706.5,76110,0.7024799999999995,0.21312499999999843
4,0,w0_20260416_033010,17,7181.5,246613.5,59835,0.38522499999999926,0.11821499999999271
4,0,w0_20260416_033010,18,96057.75,260464.5,57687.75,0.5222800000000116,0.25628000000000084
4,0,w0_20260416_033010,19,78836.5,263498.25,47705.25,0.4847899999999872,0.2435949999999953
4,0,w0_20260416_033010,20,152229,212625,43236,0.6185099999999517,0.27417000000000996
4,0,w0_20260416_033010,21,165698,205234.5,39697.5,0.6363799999999914,0.2658800000000031
4,0,w0_20260416_033010,22,35437.25,241709.25,30013.5,0.4207550000000293,0.14834499999999332
4,0,w0_20260416_033010,23,143351.75,214836,45392.25,0.60234499999997,0.19263499999998832
4,0,w0_20260416_033010,24,138036,235811.25,32532.75,0.5769799999999924,0.31975500000001705
4,0,w0_20260416_033010,25,35911.5,207051,24277.5,0.42840500000001214,0.2040449999999869
4,0,w0_20260416_033010,26,27161.75,167057.25,22851,0.3812000000000057,0.22396999999999503
4,0,w0_20260416_033010,27,62072,288902.25,18495.75,0.4416500000000109,0.5575399999999994
4,0,w0_20260416_033010,28,29633.5,150451.5,54675,0.4123800000000077,0.28804500000001815
4,0,w0_20260416_033010,29,151489.75,223968.75,90091.5,0.5975899999999743,0.414759999999992
4,0,w0_20260416_033010,30,208016.25,150221.25,57442.5,0.7252899999999761,0.2498449999999903
4,0,w0_20260416_033010,31,52671.75,214017,22571.25,0.4861799999999994,0.19646999999999076
4,0,w0_20260416_033010,32,109711.25,200196,41202.75,0.5557749999999926,0.10933499999999367
4,0,w0_20260416_033010,33,98829.25,217998.75,35832,0.5097349999999907,0.20019499999999477
4,0,w0_20260416_033010,34,273592.5,103873.5,55254,0.8164949999999174,0.3431399999999979
4,0,w0_20260416_033010,35,134567.25,258834,223188.75,0.543615000000015,0.3768850000000116
4,0,w0_20260416_033010,36,112797.75,207753.75,42388.5,0.5275899999999862,0.22193000000000157
4,0,w0_20260416_033010,37,51365.5,196503,62671.5,0.4199300000000137,0.2627449999999946
4,0,w0_20260416_033010,38,105181.75,202059.75,35368.5,0.5603549999999915,0.10290999999999528
4,0,w0_20260416_033010,39,123177.75,242025,165647.25,0.5444150000000063,0.3799999999999938
4,0,w0_20260416_033010,40,-234.25,108147.75,64276.5,0.47040499999994584,0.21375999999999576
4,0,w0_20260416_033010,41,291588.5,70098,71833.5,0.8601549999999434,0.2306699999999977
4,0,w0_20260416_033010,42,207650.25,170802,66507.75,0.7064499999999901,0.25200999999999396
4,0,w0_20260416_033010,43,197041.75,176508,73520.25,0.691209999999993,0.3505100000000074
4,0,w0_20260416_033010,44,290263,73662.75,115694.25,0.8664799999999931,0.3137300000000098
4,0,w0_20260416_033010,45,325375.5,38662.5,92022,0.9326400000000024,0.3076800000000096
4,0,w0_20260416_033010,46,59391.75,169581.75,65626.5,0.4529900000000126,0.1363699999999975
4,0,w0_20260416_033010,47,37835.5,139743.75,43290.75,0.43402500000000854,0.24192499999999972
4,0,w0_20260416_033010,48,68500.5,216050.25,23189.25,0.4727349999999969,0.07224999999999948
4,0,w0_20260416_033010,49,214379,162666,46935,0.7102399999999758,0.3106900000000187
4,0,w0_20260416_033010,50,78505,244255.5,18949.5,0.4862399999999948,0.1869899999999892
4,0,w0_20260416_033010,51,176311.75,170417.25,134931,0.5987000000000063,0.5588150000000298
4,0,w0_20260416_033010,52,197094,173844,182922,0.6143649999999853,0.4917850000000137
4,0,w0_20260416_033010,53,367262.25,42078.75,281229,0.9267150000000458,0.386160000000023
4,0,w0_20260416_033010,54,337499.75,61693.5,173616.75,0.8951649999998744,0.3844350000000019
4,0,w0_20260416_033010,55,166747.75,210189.75,186892.5,0.5545399999999968,0.42863999999998886
4,0,w0_20260416_033010,56,168187.75,194429.25,259443,0.59260999999999,0.3678000000000064
4,0,w0_20260416_033010,57,127860.25,188629.5,165350.25,0.5511099999999897,0.3008149999999827
4,0,w0_20260416_033010,58,124951.25,191382.75,48996,0.5864950000000058,0.16709500000000166
4,0,w0_20260416_033010,59,162978.5,213222,210979.5,0.5089449999999841,0.49772000000000255
4,0,w0_20260416_033010,60,193221.5,195161.25,241187.25,0.5618249999999839,0.46959999999996654
4,0,w0_20260416_033010,61,187013.75,177268.5,282117.75,0.5641049999999608,0.4119649999999846
4,0,w0_20260416_033010,62,259819,111966,202995,0.672079999999991,0.5635549999999809
4,0,w0_20260416_033010,63,167860.75,146047.5,265731.75,0.610679999999997,0.4081949999999984
4,0,w0_20260416_033010,64,83271.5,190297.5,145971,0.4960549999999997,0.33139499999999855
4,0,w0_20260416_033010,65,218725.5,146991.75,169872.75,0.7288750000000004,0.3484199999999953
4,0,w0_20260416_033010,66,299054.25,78081.75,213324,0.8600499999999518,0.3367850000000016
4,0,w0_20260416_033010,67,139197,209148.75,122774.25,0.5536650000000358,0.32129999999998365
4,0,w0_20260416_033010,68,232497.75,171155.25,258237,0.6976049999999901,0.3574050000000127
4,0,w0_20260416_033010,69,120244.5,144791.25,98114.25,0.596695000000045,0.19455999999998969
4,0,w0_20260416_033010,70,313808.5,78407.25,124214.25,0.8629599999999896,0.4069250000000022
4,0,w0_20260416_033010,71,284924.75,150282.75,222412.5,0.7164299999999993,0.4994149999999968
4,0,w0_20260416_033010,72,206036.25,206881.5,228902.25,0.617389999999994,0.45016499999999193
4,0,w0_20260416_033010,73,118647.75,186676.5,170595.75,0.5456499999999966,0.3377399999999791
4,0,w0_20260416_033010,74,80912.5,131451,164176.5,0.5227800000000326,0.33508499999997604
4,0,w0_20260416_033010,75,219771.25,148255.5,204833.25,0.6913399999999784,0.35368999999998174
4,0,w0_20260416_033010,76,177753.25,203604,270612.75,0.5700750000000234,0.38893500000000775
4,0,w0_20260416_033010,77,376818.25,96155.25,253216.5,0.8318599999999855,0.4951750000000163
4,0,w0_20260416_033010,78,96911.25,181875,220833.75,0.5966649999999704,0.34272499999999256
4,0,w0_20260416_033010,79,180973.25,161048.25,122008.5,0.6932500000000092,0.33538999999998775
4,0,w0_20260416_033010,80,168337,323707.5,215335.5,0.3840200000000049,0.598344999999993
4,0,w0_20260416_033010,81,160933.5,192978,164278.5,0.617409999999997,0.32865999999999174
4,0,w0_20260416_033010,82,201408.5,183519.75,185781.75,0.6746999999999659,0.376529999999996
4,0,w0_20260416_033010,83,158274.5,194370.75,114504.75,0.6295949999999845,0.33306999999999426
4,0,w0_20260416_033010,84,121755.25,235261.5,171653.25,0.5509149999999926,0.3686499999999939
4,0,w0_20260416_033010,85,70173,216902.25,90684.75,0.5167350000000217,0.2835949999999894
4,0,w0_20260416_033010,86,298903.75,90009,123107.25,0.840324999999959,0.38307500000000366
4,0,w0_20260416_033010,87,352795.5,22737.75,138696.75,0.9617000000000168,0.33656000000000946
4,0,w0_20260416_033010,88,95025,192003,110562,0.5496100000000166,0.2890049999999865
4,0,w0_20260416_033010,89,347324.25,40952.25,201973.5,0.9246850000000096,0.34019499999999187
4,0,w0_20260416_033010,90,48088.75,155543.25,110988,0.4081000000000062,0.35512499999999625
4,0,w0_20260416_033010,91,139859,161760.75,148580.25,0.6030699999999901,0.3242199999999997
4,0,w0_20260416_033010,92,137154.5,191070,187285.5,0.5987900000000059,0.370365000000005
4,0,w0_20260416_033010,93,57928.5,124158,106993.5,0.47472499999998247,0.17865499999998066
4,0,w0_20260416_033010,94,105765.75,186519,256595.25,0.4879150000000174,0.38747000000002224
4,0,w0_20260416_033010,95,339125,39651,113154,0.9307649999999312,0.21684999999998875
4,0,w0_20260416_033010,96,154041.5,194956.5,113202,0.6045549999999956,0.33672499999998573
4,0,w0_20260416_033010,97,361857.75,17608.5,103683.75,0.9638749999999708,0.24407999999998528
4,0,w0_20260416_033010,98,152994.75,170715,185390.25,0.6205999999999825,0.3632099999999937
4,0,w0_20260416_033010,99,119646.25,172054.5,34319.25,0.5910699999999998,0.16594999999999685
4,0,w0_20260416_033010,100,297930.25,75671.25,27148.5,0.8706299999999976,0.09018000000000116
4,1,w1_20260416_033812,1,97880.75,216226.5,72792.75,0.5510749999999958,0.1824849999999921
4,1,w1_20260416_033812,2,252608.5,65501.25,57710.25,0.8672999999999652,0.18061999999999007
4,1,w1_20260416_033812,3,142530,203172,49218,0.6203099999999879,0.1888849999999917
4,1,w1_20260416_033812,4,93242.5,259875.75,47001.75,0.522734999999984,0.16940499999999034
4,1,w1_20260416_033812,5,49784.5,309324,40081.5,0.4315149999999915,0.24665999999999677
4,1,w1_20260416_033812,6,-10000.000000000002,70533.25111195313,7798.513346015625,0.4773549999999717,0.28238999999998604
4,1,w1_20260416_033812,7,-10000,63059.25,9935.25,0.3545399999999918,0.3156200000000072
4,1,w1_20260416_033812,8,-10000,37567.65166875,19805.87544375,0.37560999999998873,0.36295500000001446
4,1,w1_20260416_033812,9,29217,153329.25,52203.75,0.47213500000000486,0.19405499999998543
4,1,w1_20260416_033812,10,251899.25,102579,78651.75,0.8131199999999673,0.21615499999999693
4,1,w1_20260416_033812,11,86645,269062.5,38392.5,0.5042099999999826,0.16242999999998636
4,1,w1_20260416_033812,12,15352.75,273882,42215.25,0.3859349999999923,0.17050999999999197
4,1,w1_20260416_033812,13,127859.75,235710,40100.25,0.5733699999999781,0.27749499999999877
4,1,w1_20260416_033812,14,146178.25,228523.5,35528.25,0.591294999999987,0.4003249999999967
4,1,w1_20260416_033812,15,70711,292896.75,34472.25,0.47498499999999383,0.13692999999998942
4,1,w1_20260416_033812,16,115216,257028.75,50675.25,0.5408399999999856,0.31998999999999794
4,1,w1_20260416_033812,17,143916.25,227392.5,54851.25,0.5964249999999872,0.2723400000000001
4,1,w1_20260416_033812,18,141568.25,231300.75,69891,0.5909999999999834,0.32182500000000175
4,1,w1_20260416_033812,19,18517.5,304358.25,65114.25,0.3351100000000102,0.4671649999999717
4,1,w1_20260416_033812,20,113309.5,252760.5,54120,0.550719999999975,0.2514250000000093
4,1,w1_20260416_033812,21,106395.5,263480.25,67874.25,0.5377450000000004,0.25533499999999026
4,1,w1_20260416_033812,22,202210,166985.25,103674.75,0.7063999999999527,0.3040550000000002
4,1,w1_20260416_033812,23,-10000.000000000002,187241.085,98514.705,0.32439999999997476,0.3388799999999694
4,1,w1_20260416_033812,24,33078.75,270970.5,76890.75,0.41904999999999265,0.21783499999999625
4,1,w1_20260416_033812,25,49062.75,287132.25,71655,0.4614250000000013,0.1721149999999935
4,1,w1_20260416_033812,26,781.5,221457,91741.5,0.3610200000000008,0.2077899999999962
4,1,w1_20260416_033812,27,122775.25,223041.75,92283,0.5809499999999765,0.2828099999999943
4,1,w1_20260416_033812,28,151780.5,217928.25,89261.25,0.6194049999999688,0.26290000000001035
4,1,w1_20260416_033812,29,184494,188026.5,93979.5,0.6715799999999782,0.3169600000000209
4,1,w1_20260416_033812,30,102724,257776.5,105859.5,0.5444349999999827,0.2317949999999966
4,1,w1_20260416_033812,31,230422.75,142352.25,57765,0.753865000000008,0.17506999999999337
4,1,w1_20260416_033812,32,22632.5,232020,78757.5,0.4063199999999929,0.2740250000000032
4,1,w1_20260416_033812,33,-10000,89755.5,69335.40000000001,0.44314000000000914,0.35090999999998507
4,1,w1_20260416_033812,34,236584.75,128814.75,159580.5,0.7704399999999834,0.2851850000000083
4,1,w1_20260416_033812,35,30875.75,256694.25,77250,0.4015150000000012,0.2166300000000031
4,1,w1_20260416_033812,36,54215,246969,66726,0.46881999999998936,0.19771999999999496
4,1,w1_20260416_033812,37,11721.75,139473.75,50944.5,0.319674999999978,0.3967799999999976
4,1,w1_20260416_033812,38,58876.25,275859.75,127704,0.463694999999995,0.27753999999999346
4,1,w1_20260416_033812,39,45023.75,183798,150368.25,0.4830999999999756,0.30819000000000546
4,1,w1_20260416_033812,40,68665.25,277476,269268.75,0.4721849999999875,0.32162500000001526
4,1,w1_20260416_033812,41,73107,237548.25,97764.75,0.4789850000000203,0.2161749999999956
4,1,w1_20260416_033812,42,116814.75,247224,126941.25,0.5610250000000172,0.34162499999999246
4,1,w1_20260416_033812,43,211253.5,161186.25,124010.25,0.7179349999999999,0.3111400000000053
4,1,w1_20260416_033812,44,249304.25,140542.5,195233.25,0.7357949999999889,0.4229050000000134
4,1,w1_20260416_033812,45,117404.75,245012.25,155343,0.5668300000000072,0.22834499999999489
4,1,w1_20260416_033812,46,180972.25,192223.5,49904.25,0.6609099999999813,0.21997499999999273
4,1,w1_20260416_033812,47,192216.75,187074,30179.25,0.6666099999999795,0.29475500000002947
4,1,w1_20260416_033812,48,90916.25,227418,100125.75,0.5307750000000143,0.17277999999999702
4,1,w1_20260416_033812,49,138905,258102,249633,0.5319099999999961,0.37598000000001824
4,1,w1_20260416_033812,50,190653.25,186477,59349.75,0.668419999999996,0.43316500000000085
4,1,w1_20260416_033812,51,206171.5,187367.25,80681.25,0.6793899999999861,0.5116300000000058
4,1,w1_20260416_033812,52,64921,222510.75,94898.25,0.5216799999999973,0.28667999999999527
4,1,w1_20260416_033812,53,31524,174846.75,37829.25,0.3844449999999864,0.15699000000000343
4,1,w1_20260416_033812,54,382293.25,59882.25,165394.5,0.8872399999999229,0.5392000000000008
4,1,w1_20260416_033812,55,186739.25,194226,112104.75,0.6695200000000151,0.32908499999999546
4,1,w1_20260416_033812,56,309021,118664.25,223284.75,0.7985699999999636,0.42160999999999665
4,1,w1_20260416_033812,57,216856.25,189140.25,200953.5,0.6777250000000019,0.3468000000000056
4,1,w1_20260416_033812,58,246548,103143.75,94508.25,0.813324999999965,0.2758149999999994
4,1,w1_20260416_033812,59,237578.25,145350.75,116181,0.7527999999999936,0.3212150000000008
4,1,w1_20260416_033812,60,5950.5,137286,86893.5,0.27081499999998193,0.34788999999997816
4,1,w1_20260416_033812,61,23505.5,161865,174079.5,0.37167499999999226,0.3002000000000038
4,1,w1_20260416_033812,62,-2191.75,180579,186912.75,0.3784999999999968,0.16829999999999254
4,1,w1_20260416_033812,63,35064.5,182487,185308.5,0.44671999999999334,0.22120999999999552
4,1,w1_20260416_033812,64,195399,186385.5,145435.5,0.6738249999999915,0.29580499999999826
4,1,w1_20260416_033812,65,25917.5,136860,140152.5,0.435984999999992,0.25187000000000076
4,1,w1_20260416_033812,66,246603.5,155883.75,241512.75,0.7031799999999717,0.3989849999999968
4,1,w1_20260416_033812,67,84310.75,225380.25,218949,0.5184350000000036,0.28596999999999545
4,1,w1_20260416_033812,68,63784.25,225736.5,190949.25,0.4406099999999983,0.32832999999999224
4,1,w1_20260416_033812,69,123989.25,212617.5,281903.25,0.576560000000016,0.30579500000000404
4,1,w1_20260416_033812,70,78363,226242,218475,0.49780500000002265,0.26949500000000326
4,1,w1_20260416_033812,71,74284.5,242301,206224.5,0.48061499999999185,0.29716999999999755
4,1,w1_20260416_033812,72,182743.25,167907.75,232869,0.6823799999999763,0.2982550000000079
4,1,w1_20260416_033812,73,118873.75,217503.75,219982.5,0.5822299999999971,0.27850000000000336
4,1,w1_20260416_033812,74,65166,266153.25,193290.75,0.4687800000000034,0.318230000000005
4,1,w1_20260416_033812,75,203131.75,173534.25,215604,0.6896149999999673,0.31145000000000733
4,1,w1_20260416_033812,76,133494.5,234009,217876.5,0.5845900000000002,0.2907350000000095
4,1,w1_20260416_033812,77,207073,199088.25,250698.75,0.6539799999999993,0.3973200000000013
4,1,w1_20260416_033812,78,-9999.999999999984,114572.55598500736,83479.01293846882,0.4221300000000077,0.42735499999998855
4,1,w1_20260416_033812,79,5646.75,68771.25,229932,0.38836500000002777,0.3647449999999973
4,1,w1_20260416_033812,80,235594.5,154218,223897.5,0.7229399999999725,0.3844350000000028
4,1,w1_20260416_033812,81,167276.75,227253.75,227599.5,0.5463250000000062,0.45312500000000344
4,1,w1_20260416_033812,82,34820.25,78408.75,169251,0.23464999999999467,0.4572700000000127
4,1,w1_20260416_033812,83,47986.75,119815.5,206217.75,0.2730050000000149,0.4100949999999961
4,1,w1_20260416_033812,84,182905,215802,242223,0.5915500000000068,0.4153699999999964
4,1,w1_20260416_033812,85,161003,216986.25,242640.75,0.523959999999996,0.4559750000000177
4,1,w1_20260416_033812,86,91433.5,288676.5,304440,0.4812599999999967,0.32599500000001885
4,1,w1_20260416_033812,87,70569.25,269999.25,295471.5,0.4377199999999942,0.33983000000001673
4,1,w1_20260416_033812,88,215805.75,202802.25,231072,0.6525749999999896,0.3703600000000044
4,1,w1_20260416_033812,89,359341.75,67800.75,206707.5,0.8828649999999899,0.43126000000002807
4,1,w1_20260416_033812,90,381390,62074.5,160045.5,0.8954649999999609,0.4944399999999908
4,1,w1_20260416_033812,91,154763.5,245668.5,264198,0.5547049999999946,0.3649050000000128
4,1,w1_20260416_033812,92,33502.5,56163,261304.5,0.2479549999999764,0.4042649999999931
4,1,w1_20260416_033812,93,37021.5,64644.75,247113.75,0.2922950000000047,0.4253300000000025
4,1,w1_20260416_033812,94,104920.25,279957.75,256932,0.4352549999999922,0.4441250000000047
4,1,w1_20260416_033812,95,42255.25,317007,269547.75,0.35918000000000827,0.4009600000000027
4,1,w1_20260416_033812,96,151756,258811.5,256012.5,0.5196449999999886,0.4122950000000153
4,1,w1_20260416_033812,97,130271,298284.75,290804.25,0.4582950000000251,0.43672499999999936
4,1,w1_20260416_033812,98,271232,150156.75,256961.25,0.7390749999999167,0.38954500000000136
4,1,w1_20260416_033812,99,97739.5,292014.75,214065.75,0.4217349999999944,0.4275050000000214
4,1,w1_20260416_033812,100,334437.75,75924.75,192907.5,0.8691699999999175,0.37256500000000664
5,0,w0_20260416_034619,1,234428.5,92933.25,99068.25,0.8120899999999716,0.1473399999999913
5,0,w0_20260416_034619,2,196561.5,151807.5,56931,0.7192499999999995,0.15261499999999772
5,0,w0_20260416_034619,3,189901.5,158229.75,56238.75,0.7066849999999999,0.16504500000000008
5,0,w0_20260416_034619,4,143024.75,210360.75,45604.5,0.6128299999999882,0.16039999999999874
5,0,w0_20260416_034619,5,144225,209974.5,48400.5,0.6174300000000047,0.17002499999999604
5,0,w0_20260416_034619,6,153260.75,202071.75,47227.5,0.6319899999999669,0.16599499999999554
5,0,w0_20260416_034619,7,77437.25,279117,46305.75,0.4914399999999937,0.16277499999999623
5,0,w0_20260416_034619,8,94919.25,263428.5,43532.25,0.5213199999999943,0.16185500000000344
5,0,w0_20260416_034619,9,9158.25,247538.25,65203.5,0.3813649999999951,0.16940999999999629
5,0,w0_20260416_034619,10,80236,252325.5,40438.5,0.4823899999999999,0.31005000000000515
5,0,w0_20260416_034619,11,76550.75,253915.5,47853.75,0.48664499999999405,0.19862999999999664
5,0,w0_20260416_034619,12,1511.5,118228.5,46260,0.3433399999999962,0.1292499999999964
5,0,w0_20260416_034619,13,-10000,91644.6,15777,0.4187950000000034,0.1562799999999953
5,0,w0_20260416_034619,14,155220.25,202195.5,42674.25,0.6286099999999623,0.12295999999999728
5,0,w0_20260416_034619,15,115438,230563.5,47248.5,0.5681499999999742,0.17725500000000077
5,0,w0_20260416_034619,16,-1723.75,170593.5,31700.25,0.3796099999999853,0.17227999999999305
5,0,w0_20260416_034619,17,157627.25,197852.25,35320.5,0.6261499999999637,0.31599999999999123
5,0,w0_20260416_034619,18,74478.25,215291.25,60580.5,0.5045049999999838,0.27412999999999665
5,0,w0_20260416_034619,19,116487.75,220590,41312.25,0.5710799999999926,0.19069999999999465
5,0,w0_20260416_034619,20,11277.25,73941.75,28311,0.3772049999999717,0.2846700000000101
5,0,w0_20260416_034619,21,28157.25,294424.5,92378.25,0.41111000000001274,0.2605699999999942
5,0,w0_20260416_034619,22,40240.5,288581.25,34478.25,0.4227700000000049,0.18513499999999783
5,0,w0_20260416_034619,23,703.5,214842.75,26823.75,0.32956000000000774,0.18693500000000063
5,0,w0_20260416_034619,24,155938,209756.25,114495.75,0.6088350000000048,0.39673000000001774
5,0,w0_20260416_034619,25,231341.25,133623,133815.75,0.761874999999958,0.334409999999996
5,0,w0_20260416_034619,26,107346.5,259886.25,65297.25,0.5373950000000222,0.2552600000000045
5,0,w0_20260416_034619,27,182852.75,173874,119423.25,0.6844849999999991,0.2630250000000034
5,0,w0_20260416_034619,28,382406.25,140297.25,187516.5,0.7506449999999651,0.6158050000000193
5,0,w0_20260416_034619,29,43882.25,265491,36036.75,0.41097500000002546,0.23722000000000415
5,0,w0_20260416_034619,30,320671.25,48513.75,95265,0.9130250000000112,0.2643500000000147
5,0,w0_20260416_034619,31,7336,177697.5,35836.5,0.3935099999999952,0.2348150000000011
5,0,w0_20260416_034619,32,327811,101699.25,284169.75,0.8205149999999832,0.40904499999998634
5,0,w0_20260416_034619,33,-9999.999999999998,112377.63378340824,64584.65137513175,0.40121999999994734,0.2565700000000154
5,0,w0_20260416_034619,34,13012.25,124312.5,78725.25,0.4059100000000088,0.2086499999999971
5,0,w0_20260416_034619,35,150627.25,246770.25,223792.5,0.5616849999999928,0.35740499999999176
5,0,w0_20260416_034619,36,306969.25,118857.75,274233,0.7925699999999553,0.4049399999999861
5,0,w0_20260416_034619,37,95720.75,221224.5,192114.75,0.4979499999999909,0.2948400000000065
5,0,w0_20260416_034619,38,64754,159003,231453,0.4253799999999696,0.3674899999999997
5,0,w0_20260416_034619,39,112336.25,286266,295527.75,0.4971649999999804,0.35626000000001046
5,0,w0_20260416_034619,40,313205.75,183162,187562.25,0.6119049999999724,0.6559599999999985
5,0,w0_20260416_034619,41,112740.75,196486.5,318372.75,0.417130000000004,0.41892000000000246
5,0,w0_20260416_034619,42,143203.75,193616.25,168840,0.63294,0.23901999999999324
5,0,w0_20260416_034619,43,38042.25,196331.25,72826.5,0.4686600000000068,0.4471150000000239
5,0,w0_20260416_034619,44,107977,169048.5,296794.5,0.5078899999999998,0.4105950000000159
5,0,w0_20260416_034619,45,210899.75,184814.25,322866,0.6600600000000011,0.375150000000002
5,0,w0_20260416_034619,46,136,114758.25,109245.75,0.4823900000000428,0.16174499999999586
5,0,w0_20260416_034619,47,136206,74659.5,281584.5,0.6149899999999927,0.39729499999999385
5,0,w0_20260416_034619,48,88830.75,146921.25,292368,0.422990000000008,0.4323550000000061
5,0,w0_20260416_034619,49,310235.5,83176.5,281928,0.8404199999999707,0.3404600000000105
5,0,w0_20260416_034619,50,229719,164684.25,269826.75,0.6922399999999904,0.38370000000001175
5,0,w0_20260416_034619,51,91276.5,141015.75,251487.75,0.4285749999999837,0.3480149999999912
5,0,w0_20260416_034619,52,213979.5,118419,287821.5,0.6384899999999719,0.4681700000000048
5,0,w0_20260416_034619,53,180169.5,229429.5,277221,0.6067000000000027,0.3701899999999887
5,0,w0_20260416_034619,54,135455.5,191054.25,271400.25,0.5189699999999836,0.4003449999999998
5,0,w0_20260416_034619,55,62348.25,115713.75,316338,0.3846350000000539,0.41204499999999705
5,0,w0_20260416_034619,56,283193.5,99931.5,250815,0.8225499999999724,0.3039800000000183
5,0,w0_20260416_034619,57,85871.5,172793.25,267395.25,0.5032399999999883,0.3195999999999883
5,0,w0_20260416_034619,58,216700.25,66351.75,377448,0.8836549999999839,0.09409999999999448
5,0,w0_20260416_034619,59,385506,165972.75,203411.25,0.7089750000000158,0.6334250000000141
5,0,w0_20260416_034619,60,67422.75,212104.5,271992.75,0.24601999999999444,0.4821800000000235
5,0,w0_20260416_034619,61,334295.75,63909.75,255184.5,0.8906599999998787,0.3459900000000073
5,0,w0_20260416_034619,62,53696,14970,332004,0.3375749999999917,0.36497000000000057
5,0,w0_20260416_034619,63,89658.75,174223.5,251547.75,0.5527599999999879,0.29571499999998496
5,0,w0_20260416_034619,64,105030,157082.25,224877.75,0.35302999999999507,0.5824250000000084
5,0,w0_20260416_034619,65,20024.25,171246,259269.75,0.39209499999999914,0.3558949999999955
5,0,w0_20260416_034619,66,10478.5,67968.75,170112.75,0.5859699999999551,0.3149700000000205
5,0,w0_20260416_034619,67,375090.75,41291.25,173208,0.9301149999998662,0.4519900000000131
5,0,w0_20260416_034619,68,402758.25,53211,281760.75,0.9098249999998828,0.4479750000000016
5,0,w0_20260416_034619,69,215652,211488,271140,0.6326699999999911,0.4397549999999889
5,0,w0_20260416_034619,70,144789.5,124580.25,206210.25,0.5355949999999768,0.3706849999999969
5,0,w0_20260416_034619,71,-10000,79742.25,56337.75,0.34184999999996496,0.1047599999999958
5,0,w0_20260416_034619,72,-10000,50771.25,89942.25,0.2663249999999801,0.5441699999999982
5,0,w0_20260416_034619,73,45354.5,112164.75,192120.75,0.3531499999999948,0.3395499999999814
5,0,w0_20260416_034619,74,67733,104787,112380,0.3452200000000088,0.2375550000000016
5,0,w0_20260416_034619,75,281719.5,37416.75,251313.75,0.8818299999999822,0.3080599999999961
5,0,w0_20260416_034619,76,372785.5,37816.5,280188,0.93130499999996,0.36393499999999346
5,0,w0_20260416_034619,77,80351,44412,231597,0.11922999999998772,0.46902499999998026
5,0,w0_20260416_034619,78,131190.25,207417.75,317562,0.571169999999942,0.3345749999999887
5,0,w0_20260416_034619,79,17395.75,198915,211859.25,0.3269199999999973,0.2745550000000107
5,0,w0_20260416_034619,80,4273,230916.75,212450.25,0.30510500000001606,0.30721000000000614
5,0,w0_20260416_034619,81,51143.75,254301,235775.25,0.40463000000001703,0.31462499999999743
5,0,w0_20260416_034619,82,172695.5,290331,232753.5,0.44241500000000017,0.527329999999987
5,0,w0_20260416_034619,83,-10000,246961.9125,212301.8625,0.23500500000000576,0.3607999999999908
5,0,w0_20260416_034619,84,133375.25,213985.5,304019.25,0.4023899999999817,0.4388549999999991
5,0,w0_20260416_034619,85,314431.75,140943.75,266104.5,0.7375549999999295,0.4935299999999942
5,0,w0_20260416_034619,86,135919.75,239082.75,344347.5,0.5527399999999966,0.3644549999999981
5,0,w0_20260416_034619,87,23695.25,225966.75,211158,0.3020699999999819,0.3725450000000089
5,0,w0_20260416_034619,88,97617.75,231125.25,273387,0.5095799999999501,0.3633599999999991
5,0,w0_20260416_034619,89,297742.25,66148.5,236819.25,0.8733250000000177,0.2896800000000081
5,0,w0_20260416_034619,90,41492,190089,297729,0.20248999999998765,0.4275800000000062
5,0,w0_20260416_034619,91,105293.5,158409.75,311916.75,0.38474500000003464,0.44967999999998326
5,0,w0_20260416_034619,92,211885.5,125607.75,189216.75,0.7485949999999711,0.2299599999999898
5,0,w0_20260416_034619,93,287234.25,110784,258231.75,0.796169999999966,0.38679999999999987
5,0,w0_20260416_034619,94,35438.5,252383.25,252428.25,0.3694999999999936,0.33630500000000413
5,0,w0_20260416_034619,95,104043.75,190337.25,218139,0.31419999999999054,0.5760299999999821
5,0,w0_20260416_034619,96,247085.5,130854,194620.5,0.7574349999999348,0.34307000000000337
5,0,w0_20260416_034619,97,62020.75,193238.25,185061,0.4429699999999802,0.3911550000000207
5,0,w0_20260416_034619,98,378695,61797.75,208577.25,0.8290599999999327,0.5841849999999956
5,0,w0_20260416_034619,99,208209.25,207108,232392.75,0.6277449999999961,0.4164950000000007
5,0,w0_20260416_034619,100,199637.25,123228,219234.75,0.746379999999989,0.2464799999999995
5,1,w1_20260416_035442,1,210723.75,100303.5,100212.75,0.7824649999999698,0.17090499999999975
5,1,w1_20260416_035442,2,188311,161466.75,60632.25,0.7023299999999953,0.16366999999999796
5,1,w1_20260416_035442,3,175120.5,174215.25,56384.25,0.6779349999999972,0.1648849999999966
5,1,w1_20260416_035442,4,103340,246477.75,70232.25,0.5409049999999879,0.22362500000000335
5,1,w1_20260416_035442,5,117513.5,237492,67714.5,0.5609600000000009,0.2890600000000038
5,1,w1_20260416_035442,6,152421.5,194331,73747.5,0.6413249999999703,0.15715999999999755
5,1,w1_20260416_035442,7,123343.25,230095.5,65051.25,0.5801699999999786,0.179439999999993
5,1,w1_20260416_035442,8,122500.75,234318.75,49420.5,0.5737649999999845,0.18718999999999403
5,1,w1_20260416_035442,9,132936.5,237370.5,99273,0.5605699999999678,0.4135049999999852
5,1,w1_20260416_035442,10,146951,214734,80295,0.6097849999999824,0.311634999999997
5,1,w1_20260416_035442,11,125232.5,229440,66277.5,0.5816249999999984,0.2029650000000007
5,1,w1_20260416_035442,12,175569.5,185433,59977.5,0.6675749999999863,0.18824499999999109
5,1,w1_20260416_035442,13,-10000,55609.5,8344.5,0.3808500000000572,0.33496999999998844
5,1,w1_20260416_035442,14,1547.75,249579.75,75022.5,0.3309799999999898,0.22789499999999271
5,1,w1_20260416_035442,15,271750,89955,44145,0.836294999999946,0.17811499999998978
5,1,w1_20260416_035442,16,172138.75,193702.5,284028.75,0.6276849999999942,0.3485049999999996
5,1,w1_20260416_035442,17,192297.75,184074.75,106147.5,0.6734949999999632,0.30195000000000816
5,1,w1_20260416_035442,18,82940.75,266560.5,102408.75,0.5034150000000016,0.2640899999999992
5,1,w1_20260416_035442,19,46599.75,172079.25,81621,0.48094500000000223,0.2312750000000001
5,1,w1_20260416_035442,20,34121.5,168183,60925.5,0.4017249999999983,0.26974999999998794
5,1,w1_20260416_035442,21,209752.25,161708.25,43159.5,0.7148949999999747,0.1996499999999918
5,1,w1_20260416_035442,22,165139.75,201065.25,118305,0.6378949999999816,0.3042200000000049
5,1,w1_20260416_035442,23,75957.5,236929.5,113313,0.4683199999999978,0.26077000000000555
5,1,w1_20260416_035442,24,312589,116734.5,196576.5,0.7688649999999857,0.5127150000000346
5,1,w1_20260416_035442,25,338453.75,153240.75,109045.5,0.6685599999999902,0.7274649999999607
5,1,w1_20260416_035442,26,498.75,121089,230882.25,0.2843650000000143,0.35300000000001486
5,1,w1_20260416_035442,27,149248,185959.5,275662.5,0.5715749999999936,0.3760800000000072
5,1,w1_20260416_035442,28,115481.25,135293.25,156085.5,0.5357050000000103,0.34321000000000607
5,1,w1_20260416_035442,29,262180.25,118764,278745.75,0.7822999999999781,0.3371600000000229
5,1,w1_20260416_035442,30,310993.5,74006.25,294710.25,0.8711499999999989,0.3312900000000158
5,1,w1_20260416_035442,31,49074.75,101433.75,279511.5,0.42521499999999834,0.3745300000000049
5,1,w1_20260416_035442,32,130901.75,157875,130643.25,0.630239999999975,0.2991699999999996
5,1,w1_20260416_035442,33,132346.5,173827.5,210036,0.5872250000000028,0.3474100000000212
5,1,w1_20260416_035442,34,127194.75,170505,282710.25,0.5593449999999868,0.3807700000000041
5,1,w1_20260416_035442,35,135281.75,133344.75,238273.5,0.5845850000000035,0.35099999999999204
5,1,w1_20260416_035442,36,296942.75,98832,232805.25,0.8281099999999922,0.3321199999999987
5,1,w1_20260416_035442,37,167248.5,179572.5,279669,0.6028799999999889,0.4242649999999985
5,1,w1_20260416_035442,38,89230.75,130849.5,241389.75,0.4681999999999922,0.38814000000000987
5,1,w1_20260416_035442,39,262900,129335.25,138924.75,0.771179999999957,0.3074700000000083
5,1,w1_20260416_035442,40,159312.5,176760,269317.5,0.5502699999999757,0.4094500000000133
5,1,w1_20260416_035442,41,210680,184353.75,233696.25,0.6620949999999836,0.3393300000000089
5,1,w1_20260416_035442,42,299037.75,91593.75,174118.5,0.8404749999999737,0.3256700000000046
5,1,w1_20260416_035442,43,276263.5,130515.75,267000.75,0.7748199999999691,0.34656500000000584
5,1,w1_20260416_035442,44,176562.25,159332.25,277105.5,0.6338099999999959,0.3841650000000115
5,1,w1_20260416_035442,45,272364.5,135543.75,265821.75,0.7664299999999825,0.3555300000000054
5,1,w1_20260416_035442,46,242734.5,165150,277345.5,0.7105299999999596,0.36909000000001096
5,1,w1_20260416_035442,47,220121.25,185975.25,246073.5,0.6789899999999911,0.3500250000000124
5,1,w1_20260416_035442,48,164635.25,121652.25,272362.5,0.575224999999998,0.4027149999999952
5,1,w1_20260416_035442,49,197637.5,130179.75,244542.75,0.5466599999999886,0.5044600000000059
5,1,w1_20260416_035442,50,249102.75,60538.5,279348.75,0.7183000000000263,0.4571900000000153
5,1,w1_20260416_035442,51,264554.5,143512.5,246633,0.750704999999992,0.3674800000000001
5,1,w1_20260416_035442,52,185533.5,220692,232534.5,0.6120099999999844,0.3718550000000129
5,1,w1_20260416_035442,53,206885,104796.75,283148.25,0.6188350000000048,0.4768500000000084
5,1,w1_20260416_035442,54,115617.5,177543,270829.5,0.5049000000000015,0.4030650000000109
5,1,w1_20260416_035442,55,17982.5,172991.25,329726.25,0.3767450000000061,0.3289799999999975
5,1,w1_20260416_035442,56,226147.25,143355.75,250767,0.7192150000000419,0.3459950000000068
5,1,w1_20260416_035442,57,91291.75,125565.75,294562.5,0.46845499999998874,0.4497250000000079
5,1,w1_20260416_035442,58,218723.5,176944.5,194232,0.6875449999999852,0.34635500000001135
5,1,w1_20260416_035442,59,71845,129451.5,306823.5,0.4480849999999894,0.392419999999991
5,1,w1_20260416_035442,60,291658.25,127305,282186.75,0.7692049999999582,0.423269999999999
5,1,w1_20260416_035442,61,59920,134334,326466,0.4308750000000065,0.396979999999987
5,1,w1_20260416_035442,62,134490.25,146023.5,263846.25,0.5682750000000024,0.399430000000009
5,1,w1_20260416_035442,63,40124,97745.25,329610.75,0.44546000000002367,0.3716099999999893
5,1,w1_20260416_035442,64,300578.75,121334.25,257637,0.793389999999982,0.3949999999999992
5,1,w1_20260416_035442,65,111384.25,236676.75,299439,0.5110999999999887,0.3975050000000095
5,1,w1_20260416_035442,66,83469.25,96356.25,314074.5,0.5980999999999799,0.4113950000000032
5,1,w1_20260416_035442,67,300705.75,105274.5,204639.75,0.8149099999999604,0.4032250000000102
5,1,w1_20260416_035442,68,190515.25,228942.75,234042,0.6019100000000022,0.4260300000000032
5,1,w1_20260416_035442,69,133009,270604.5,263686.5,0.489299999999999,0.4405250000000021
5,1,w1_20260416_035442,70,59490.25,270780.75,300249,0.37395000000000106,0.3852300000000099
5,1,w1_20260416_035442,71,29580.75,160314.75,302344.5,0.3944750000000032,0.3842249999999984
5,1,w1_20260416_035442,72,316128,127641,257181,0.7652049999999927,0.48900000000001137
5,1,w1_20260416_035442,73,279587.75,139227,263495.25,0.7546199999999672,0.4102100000000077
5,1,w1_20260416_035442,74,364940.75,65537.25,259092,0.8886899999999981,0.43352499999998545
5,1,w1_20260416_035442,75,217014.5,201523.5,242262,0.643374999999985,0.4206650000000076
5,1,w1_20260416_035442,76,390342,31624.5,258583.5,0.9456249999999704,0.4191950000000091
5,1,w1_20260416_035442,77,311330,125202.75,254957.25,0.7880700000000145,0.4191649999999916
5,1,w1_20260416_035442,78,54008.5,197581.5,280320,0.38949500000002585,0.39732500000000853
5,1,w1_20260416_035442,79,237978,182730.75,128201.25,0.681949999999989,0.5134699999999988
5,1,w1_20260416_035442,80,302600.75,153030.75,200758.5,0.7405599999999779,0.4922499999999919
5,1,w1_20260416_035442,81,89843,215497.5,312559.5,0.46269500000000846,0.3915499999999946
5,1,w1_20260416_035442,82,5611.5,91370.25,306398.25,0.3109850000000032,0.35354999999999115
5,1,w1_20260416_035442,83,62898,45884.25,333957.75,0.7050000000000124,0.3419200000000023
5,1,w1_20260416_035442,84,27056.5,156826.5,125367,0.5328349999999886,0.3399150000000083
5,1,w1_20260416_035442,85,101316.5,131407.5,296046,0.4918950000000128,0.4256249999999864
5,1,w1_20260416_035442,86,317059,72756.75,232004.25,0.8769299999999818,0.3837900000000009
5,1,w1_20260416_035442,87,107982.75,191799.75,290467.5,0.5371399999999836,0.4176000000000162
5,1,w1_20260416_035442,88,261487.5,180788.25,223034.25,0.6926650000000121,0.4537149999999789
5,1,w1_20260416_035442,89,73167.25,236331,303831.75,0.30333000000000504,0.4410199999999881
5,1,w1_20260416_035442,90,309869.25,98646.75,145134,0.8181499999999403,0.49739000000000216
5,1,w1_20260416_035442,91,98001.25,213846,230562.75,0.5038750000000447,0.4225950000000126
5,1,w1_20260416_035442,92,170183.25,156067.5,287249.25,0.6526799999999977,0.4134600000000099
5,1,w1_20260416_035442,93,347104.25,61974,155721.75,0.8857299999999781,0.421524999999987
5,1,w1_20260416_035442,94,44197.25,193182.75,143460,0.389129999999999,0.26448500000001535
5,1,w1_20260416_035442,95,360800,55297.5,196942.5,0.8854700000000381,0.4743250000000019
5,1,w1_20260416_035442,96,116593,81881.25,101385.75,0.7401849999999924,0.21023000000000197
5,1,w1_20260416_035442,97,361840.5,44073,114136.5,0.9210150000000532,0.37242000000001496
5,1,w1_20260416_035442,98,21414.75,122162.25,273213,0.4055599999999782,0.3957500000000032
5,1,w1_20260416_035442,99,32313.75,56904,302072.25,0.37752999999998155,0.38996999999998894
5,1,w1_20260416_035442,100,175646.5,182091.75,100491.75,0.6522249999999772,0.4060449999999757
6,0,w0_20260416_040312,1,218044.5,118589.25,118976.25,0.7748299999999779,0.19238999999999928
6,0,w0_20260416_040312,2,105034.5,242730,68035.5,0.5489750000000064,0.1844499999999984
6,0,w0_20260416_040312,3,70462.25,246935.25,55222.5,0.4951900000000125,0.16499999999999718
6,0,w0_20260416_040312,4,25835.25,184827,47817.75,0.4271349999999934,0.20066999999999832
6,0,w0_20260416_040312,5,127839.5,184099.5,43491,0.6215750000000131,0.18045000000000447
6,0,w0_20260416_040312,6,-10000.000000000002,81162.38962499998,18019.61296875,0.3763999999999856,0.23907499999999904
6,0,w0_20260416_040312,7,-9999.999999999998,46860.25603132744,16578.198565631435,0.3535400000000353,0.16135000000000113
6,0,w0_20260416_040312,8,41288.75,196648.5,43092.75,0.4573249999999995,0.164935000000007
6,0,w0_20260416_040312,9,162791.75,163924.5,49443.75,0.6603950000000167,0.27121499999999377
6,0,w0_20260416_040312,10,-1747.25,127954.5,55542.75,0.34753000000001255,0.198105000000004
6,0,w0_20260416_040312,11,216542.5,123830.25,58667.25,0.7593200000000169,0.31212000000000634
6,0,w0_20260416_040312,12,109220.5,225468.75,45810.75,0.5595150000000001,0.22534500000000135
6,0,w0_20260416_040312,13,39168.25,279909,53532.75,0.40926500000000504,0.30954499999998486
6,0,w0_20260416_040312,14,52197,231725.25,41727.75,0.44002500000000266,0.2803149999999957
6,0,w0_20260416_040312,15,194155,154569,96576,0.7176649999999828,0.2067249999999962
6,0,w0_20260416_040312,16,19641.75,211971,34097.25,0.33878500000001044,0.18332499999999244
6,0,w0_20260416_040312,17,308914,77022,159234,0.8616299999999725,0.410434999999985
6,0,w0_20260416_040312,18,80827.5,272599.5,63033,0.5016050000000302,0.12081999999999424
6,0,w0_20260416_040312,19,109913.5,170625.75,32670.75,0.5384049999999762,0.17362499999999942
6,0,w0_20260416_040312,20,277501.5,85929,64759.5,0.8478000000000023,0.13506499999999425
6,0,w0_20260416_040312,21,124850.25,243167.25,64102.5,0.5590450000000059,0.3384349999999922
6,0,w0_20260416_040312,22,190247.5,157002,38050.5,0.6949950000000048,0.19741499999999568
6,0,w0_20260416_040312,23,223226.25,162720,187353.75,0.7106250000000236,0.39631499999998304
6,0,w0_20260416_040312,24,194250.5,177194.25,70025.25,0.6838749999999992,0.3925199999999732
6,0,w0_20260416_040312,25,105671,304172.25,223686.75,0.4231900000000122,0.48345499999997327
6,0,w0_20260416_040312,26,25903.25,184146,51570.75,0.4539500000000079,0.2314949999999938
6,0,w0_20260416_040312,27,107085.5,169884.75,51189.75,0.5217500000000317,0.23912999999999737
6,0,w0_20260416_040312,28,154480,211798.5,44371.5,0.6197650000000207,0.19654999999999703
6,0,w0_20260416_040312,29,210098.75,189882,252719.25,0.6211900000000116,0.4522700000000189
6,0,w0_20260416_040312,30,90857.75,201147,71465.25,0.5574050000000128,0.2829499999999997
6,0,w0_20260416_040312,31,101851,199965.75,122663.25,0.552974999999996,0.31393000000000404
6,0,w0_20260416_040312,32,317295,57529.5,174145.5,0.9002850000000184,0.3170900000000122
6,0,w0_20260416_040312,33,63798.5,255885.75,235125.75,0.4755950000000091,0.3102249999999791
6,0,w0_20260416_040312,34,65205.5,246648.75,238695.75,0.4378199999999973,0.3405049999999952
6,0,w0_20260416_040312,35,148078,313672.5,232609.5,0.389035000000007,0.5673500000000252
6,0,w0_20260416_040312,36,128202.75,217502.25,258045,0.585825000000016,0.30622999999999984
6,0,w0_20260416_040312,37,306117.75,66672,122480.25,0.8851250000000161,0.22541000000000455
6,0,w0_20260416_040312,38,291366,81204.75,108479.25,0.8590949999999421,0.21361499999999695
6,0,w0_20260416_040312,39,-10000,88476,70539,0.3162650000000152,0.17418999999999524
6,0,w0_20260416_040312,40,64925,193704.75,60830.25,0.5088250000000062,0.20784499999999023
6,0,w0_20260416_040312,41,155426,228840,237354,0.5814799999999979,0.3664150000000101
6,0,w0_20260416_040312,42,277275.5,114673.5,244401,0.797229999999991,0.33671999999999286
6,0,w0_20260416_040312,43,136656,224766.75,48437.25,0.5820100000000231,0.19545499999998853
6,0,w0_20260416_040312,44,303673.25,72723.75,80193,0.8730049999999941,0.28275499999998954
6,0,w0_20260416_040312,45,93135,268361.25,111933.75,0.48991000000003887,0.33685999999999516
6,0,w0_20260416_040312,46,17885.75,203548.5,91245.75,0.428695000000007,0.34322999999997084
6,0,w0_20260416_040312,47,-1389.25,118886.25,314733,0.25789000000000556,0.37012499999999654
6,0,w0_20260416_040312,48,156377.25,157926.75,185796,0.6196649999999766,0.32274000000001324
6,0,w0_20260416_040312,49,265641.25,115447.5,124331.25,0.7936299999999971,0.3375999999999842
6,0,w0_20260416_040312,50,230492.75,144550.5,187806.75,0.7171549999999883,0.3321799999999804
6,0,w0_20260416_040312,51,141752.75,206485.5,261741.75,0.4732650000000075,0.4386899999999865
6,0,w0_20260416_040312,52,23423.75,99314.25,279072,0.36352500000000554,0.30927999999997996
6,0,w0_20260416_040312,53,-9999.999999999998,74624.27699999999,78345.75,0.18706999999999743,0.3519249999999841
6,0,w0_20260416_040312,54,268591.75,55476.75,191371.5,0.8240699999999495,0.3968449999999741
6,0,w0_20260416_040312,55,225913,180190.5,171286.5,0.3960899999999949,0.6715549999999555
6,0,w0_20260416_040312,56,371361.75,37840.5,278847.75,0.9298650000000042,0.36804499999999424
6,0,w0_20260416_040312,57,185233.75,196758,162038.25,0.6630050000000101,0.2882349999999812
6,0,w0_20260416_040312,58,136338.5,190673.25,210098.25,0.5726499999999752,0.346889999999996
6,0,w0_20260416_040312,59,18802.25,123430.5,310877.25,0.2389049999999774,0.374360000000005
6,0,w0_20260416_040312,60,-10000.000000000002,46899.92460176548,227867.0879030191,0.20081500000000227,0.4378599999999826
6,0,w0_20260416_040312,61,20575.75,21594.75,313309.5,0.28658000000001455,0.3713449999999884
6,0,w0_20260416_040312,62,15675.5,56711.25,307883.25,0.36855999999997774,0.3558400000000161
6,0,w0_20260416_040312,63,325682.75,47349.75,208657.5,0.903079999999917,0.28199999999999453
6,0,w0_20260416_040312,64,349131,59092.5,206806.5,0.8994200000000155,0.34591499999999104
6,0,w0_20260416_040312,65,33079.5,76643.25,272267.25,0.22823000000000057,0.4027300000000095
6,0,w0_20260416_040312,66,61717.75,42201.75,286990.5,0.2275650000000268,0.4556599999999792
6,0,w0_20260416_040312,67,51389,55138.5,222652.5,0.5963300000000095,0.29771000000000736
6,0,w0_20260416_040312,68,295923.25,121815,253611.75,0.7796100000000102,0.42897000000000846
6,0,w0_20260416_040312,69,39418,165278.25,182373.75,0.3809699999999863,0.36700500000000286
6,0,w0_20260416_040312,70,357333.5,63786.75,259299.75,0.8823800000000301,0.4165500000000056
6,0,w0_20260416_040312,71,241276,180235.5,225538.5,0.6924399999999867,0.4058650000000124
6,0,w0_20260416_040312,72,70963.25,211322.25,197644.5,0.4583600000000155,0.36396499999998966
6,0,w0_20260416_040312,73,92824.5,147900,180745.5,0.5413000000000183,0.3324700000000027
6,0,w0_20260416_040312,74,138619.75,123642.75,241357.5,0.6833050000000014,0.3200549999999908
6,0,w0_20260416_040312,75,267680.75,136683.75,223705.5,0.764479999999995,0.3670199999999903
6,0,w0_20260416_040312,76,296021.25,185182.5,226376.25,0.6883799999999931,0.5376900000000037
6,0,w0_20260416_040312,77,424612.25,35966.25,206071.5,0.9325450000000172,0.5268200000000064
6,0,w0_20260416_040312,78,170417,138468.75,265064.25,0.5813400000000142,0.4458949999999777
6,0,w0_20260416_040312,79,155525.75,178443.75,254650.5,0.5947999999999993,0.30765999999999544
6,0,w0_20260416_040312,80,324206.25,51386.25,272437.5,0.9013250000000426,0.34873500000000507
6,0,w0_20260416_040312,81,301825.25,116115.75,273279,0.8004400000000214,0.3954550000000034
6,0,w0_20260416_040312,82,114375,118131,225504,0.48838499999997714,0.4540849999999944
6,0,w0_20260416_040312,83,62759.5,143727.75,284322.75,0.4247400000000075,0.4082000000000027
6,0,w0_20260416_040312,84,385889.75,52642.5,256137.75,0.901494999999939,0.4390150000000055
6,0,w0_20260416_040312,85,290608,121470,273342,0.7877749999999796,0.35544999999999966
6,0,w0_20260416_040312,86,204462.75,145146.75,284440.5,0.6281799999999997,0.37610500000000624
6,0,w0_20260416_040312,87,80244.25,141153.75,230232,0.5149199999999952,0.33994499999999955
6,0,w0_20260416_040312,88,181637.5,158601.75,248100.75,0.5874800000000188,0.45741000000000376
6,0,w0_20260416_040312,89,254369.75,108614.25,289716,0.7194499999999971,0.42045499999999786
6,0,w0_20260416_040312,90,193627,186951,272052,0.6102500000000045,0.4012200000000016
6,0,w0_20260416_040312,91,406641.75,66643.5,188484.75,0.8675499999999254,0.6088149999999909
6,0,w0_20260416_040312,92,193109,51566.25,220584.75,0.7059900000000155,0.504555000000005
6,0,w0_20260416_040312,93,204901.75,150441,280277.25,0.5978499999999564,0.3839599999999931
6,0,w0_20260416_040312,94,197132.25,139164,269253.75,0.651975000000005,0.3407300000000016
6,0,w0_20260416_040312,95,30652.75,138846.75,297940.5,0.46615000000001855,0.4019499999999995
6,0,w0_20260416_040312,96,179947.75,133846.5,297315.75,0.6233449999999919,0.3762449999999885
6,0,w0_20260416_040312,97,351229,56261.25,311889.75,0.8861099999999906,0.39090499999999223
6,0,w0_20260416_040312,98,312766.5,54170.25,250463.25,0.8893049999999797,0.30105999999998545
6,0,w0_20260416_040312,99,395522,14727,258351,0.9741150000000042,0.3626049999999899
6,0,w0_20260416_040312,100,316211.25,76362,275286.75,0.8466849999999922,0.39198499999998854
6,1,w1_20260416_041140,1,197715.25,143898,110466.75,0.7320199999999895,0.1934199999999891
6,1,w1_20260416_041140,2,122023.5,227368.5,58818,0.5786299999999764,0.18356499999999065
6,1,w1_20260416_041140,3,111992.5,226569.75,53037.75,0.5662499999999865,0.20052000000000425
6,1,w1_20260416_041140,4,161902.75,170409.75,53947.5,0.6672649999999876,0.22637999999999728
6,1,w1_20260416_041140,5,90790.25,244128.75,60831,0.5330849999999798,0.19704500000000527
6,1,w1_20260416_041140,6,91183.75,237625.5,51630.75,0.5314700000000021,0.18520499999999135
6,1,w1_20260416_041140,7,121739.75,208946.25,71004,0.5750999999999987,0.2270050000000027
6,1,w1_20260416_041140,8,110120.5,222513,68716.5,0.5636650000000036,0.20766999999999936
6,1,w1_20260416_041140,9,27033.25,268167.75,70419,0.41210999999999887,0.24294999999999728
6,1,w1_20260416_041140,10,153914.25,183270.75,152955,0.64903499999999,0.25486000000000747
6,1,w1_20260416_041140,11,67650.5,265954.5,79785,0.49482500000000834,0.1640049999999961
6,1,w1_20260416_041140,12,158283.75,195612.75,62953.5,0.642779999999993,0.21037999999999893
6,1,w1_20260416_041140,13,16779.25,208566.75,85284,0.4018499999999868,0.23397999999999125
6,1,w1_20260416_041140,14,29016.5,201804,79669.5,0.446289999999992,0.24153000000000252
6,1,w1_20260416_041140,15,283546.25,75294.75,96339,0.8650649999999726,0.2579750000000034
6,1,w1_20260416_041140,16,140063.5,224540.25,42416.25,0.5980800000000052,0.1818449999999905
6,1,w1_20260416_041140,17,31137.5,306575.25,148487.25,0.3610300000000054,0.3854450000000107
6,1,w1_20260416_041140,18,286561,78890.25,50718.75,0.8593749999999837,0.1595749999999934
6,1,w1_20260416_041140,19,274362.25,97730.25,38287.5,0.8269499999999688,0.2092200000000022
6,1,w1_20260416_041140,20,233981.5,140776.5,41022,0.7525699999999776,0.25411000000000267
6,1,w1_20260416_041140,21,173623,187485,50742,0.6599599999999977,0.20790999999999835
6,1,w1_20260416_041140,22,54694.75,273484.5,50820.75,0.4555750000000077,0.14845499999999545
6,1,w1_20260416_041140,23,289003.5,84856.5,49500,0.8494049999999732,0.32535999999999593
6,1,w1_20260416_041140,24,361273.25,98886,200490.75,0.8258399999999738,0.5243549999999657
6,1,w1_20260416_041140,25,-10000,100482,53700,0.6263650000001015,0.4048449999999718
6,1,w1_20260416_041140,26,76196.75,212936.25,87087,0.5115900000000125,0.279550000000013
6,1,w1_20260416_041140,27,242810.25,127007.25,72772.5,0.7741399999999857,0.2580399999999911
6,1,w1_20260416_041140,28,53694.25,255333.75,50232,0.43541000000000024,0.13775999999999447
6,1,w1_20260416_041140,29,123312,213061.5,275836.5,0.5833149999999884,0.30717000000002626
6,1,w1_20260416_041140,30,112372.5,244260,81997.5,0.553270000000002,0.21992000000000553
6,1,w1_20260416_041140,31,65110.25,244245,46434.75,0.4569399999999989,0.16138499999999736
6,1,w1_20260416_041140,32,238577,136062.75,68300.25,0.761239999999961,0.295374999999998
6,1,w1_20260416_041140,33,406964,66749.25,251826.75,0.8824249999999735,0.5016900000000238
6,1,w1_20260416_041140,34,119430.25,242692.5,228497.25,0.4890500000000192,0.4003900000000162
6,1,w1_20260416_041140,35,105575.5,240101.25,54503.25,0.5390350000000003,0.232255000000003
6,1,w1_20260416_041140,36,221844.5,230424.75,202710.75,0.5741100000000265,0.4933550000000051
6,1,w1_20260416_041140,37,126469.25,244689.75,255111,0.5319250000000121,0.34708000000000766
6,1,w1_20260416_041140,38,228803,137585.25,154371.75,0.7590849999999693,0.2850499999999955
6,1,w1_20260416_041140,39,149272.5,228165,81652.5,0.6028149999999952,0.27583499999999833
6,1,w1_20260416_041140,40,92001.75,234602.25,47166,0.496255000000046,0.25816000000000855
6,1,w1_20260416_041140,41,301757.25,72204,101028.75,0.872409999999966,0.19565499999999955
6,1,w1_20260416_041140,42,144057.5,225073.5,45309,0.6021200000000237,0.3492099999999937
6,1,w1_20260416_041140,43,-9999.999999999998,49188.22059375,23460.26446875,0.35235999999994183,0.5640250000000426
6,1,w1_20260416_041140,44,267354.25,123894,180411.75,0.782039999999936,0.3877999999999911
6,1,w1_20260416_041140,45,286198.75,106298.25,188043,0.817725000000011,0.34560499999999195
6,1,w1_20260416_041140,46,101636.5,259434,291679.5,0.44449999999999645,0.4454449999999864
6,1,w1_20260416_041140,47,171450,181476,126354,0.6552449999999858,0.2891799999999882
6,1,w1_20260416_041140,48,187314.25,185067,135768.75,0.6564949999999772,0.38712999999999326
6,1,w1_20260416_041140,49,186934.5,184565.25,248300.25,0.5960299999999829,0.4627150000000023
6,1,w1_20260416_041140,50,211333.25,186146.25,313690.5,0.6525999999999894,0.3882499999999805
6,1,w1_20260416_041140,51,94786.25,226150.5,286793.25,0.4790600000000061,0.34256500000000395
6,1,w1_20260416_041140,52,73523,218553,264474,0.4306600000000216,0.3680649999999897
6,1,w1_20260416_041140,53,275908.25,119347.5,186944.25,0.7894499999999443,0.34771500000000705
6,1,w1_20260416_041140,54,114836.5,231864,233179.5,0.5529699999999985,0.34091999999999906
6,1,w1_20260416_041140,55,248245.25,151081.5,274403.25,0.7305449999999567,0.369699999999992
6,1,w1_20260416_041140,56,184632,199230,282738,0.5804300000000007,0.42220500000000577
6,1,w1_20260416_041140,57,56366.25,226654.5,173039.25,0.41199500000002326,0.2972250000000134
6,1,w1_20260416_041140,58,279186.75,110577,169706.25,0.8001499999999561,0.3122049999999837
6,1,w1_20260416_041140,59,73748.75,194371.5,300639.75,0.3649999999999898,0.40336999999999024
6,1,w1_20260416_041140,60,-10000,38401.5,23391,0.3506650000000249,0.2651150000000194
6,1,w1_20260416_041140,61,-1487.5,83149.5,107148,0.4690100000000525,0.33986500000001335
6,1,w1_20260416_041140,62,70664.75,153583.5,245211.75,0.3702600000000053,0.346159999999991
6,1,w1_20260416_041140,63,106678.25,217417.5,166754.25,0.5107900000000264,0.32653000000001386
6,1,w1_20260416_041140,64,346852.5,81448.5,223119,0.8542349999999597,0.4216199999999832
6,1,w1_20260416_041140,65,347807.5,114045.75,287016.75,0.8023799999999849,0.46497500000000136
6,1,w1_20260416_041140,66,72226.75,144894.75,211588.5,0.4174349999999864,0.37448999999998595
6,1,w1_20260416_041140,67,106208.5,139543.5,167898,0.3966000000000085,0.477819999999977
6,1,w1_20260416_041140,68,67527.25,138614.25,214168.5,0.1451850000000009,0.5249099999999592
6,1,w1_20260416_041140,69,136989.75,194081.25,237009,0.6470149999999611,0.24876000000000223
6,1,w1_20260416_041140,70,333523.75,35454,289202.25,0.937614999999977,0.2648749999999913
6,1,w1_20260416_041140,71,134296.5,156313.5,187230,0.5805650000000031,0.2832999999999994
6,1,w1_20260416_041140,72,137438,111686.25,154335.75,0.5488099999999974,0.4302200000000187
6,1,w1_20260416_041140,73,109647.25,130951.5,119771.25,0.628074999999971,0.3222150000000176
6,1,w1_20260416_041140,74,192754.5,147103.5,109002,0.5479999999999755,0.5920899999998965
6,1,w1_20260416_041140,75,293044.5,106803.75,290211.75,0.801009999999955,0.3620349999999999
6,1,w1_20260416_041140,76,315665.25,99593.25,272641.5,0.8311299999999621,0.3709849999999911
6,1,w1_20260416_041140,77,119725,142140.75,321884.25,0.4977099999999755,0.36420499999999106
6,1,w1_20260416_041140,78,175494.75,172861.5,264453.75,0.5807849999999879,0.4043750000000057
6,1,w1_20260416_041140,79,178264.5,175680,233725.5,0.6242549999999699,0.35958499999999854
6,1,w1_20260416_041140,80,100439.5,136509,145891.5,0.5296699999999944,0.3476700000000041
6,1,w1_20260416_041140,81,113872.5,28320.75,102276.75,0.5083899999999835,0.5089649999999915
6,1,w1_20260416_041140,82,-9999.999999999998,115908.954,112777.362,0.31912000000001745,0.467944999999979
6,1,w1_20260416_041140,83,-9999.999999999998,7956.000042968528,60922.33937568712,0.4265050000000211,0.4561549999999728
6,1,w1_20260416_041140,84,34353,101672.25,163914.75,0.6195149999999848,0.4440249999999993
6,1,w1_20260416_041140,85,78575.25,37116,169368.75,0.6908649999999803,0.3599300000000066
6,1,w1_20260416_041140,86,61259.5,139413.75,103716.75,0.5558349999999737,0.3725550000000227
6,1,w1_20260416_041140,87,211242.25,167130.75,272787,0.6826899999999673,0.3989999999999992
6,1,w1_20260416_041140,88,274101.75,82246.5,140301.75,0.8481649999999605,0.32861500000002974
6,1,w1_20260416_041140,89,84965.25,170185.5,149189.25,0.5332000000000037,0.29249000000000475
6,1,w1_20260416_041140,90,34336.75,163317,28976.25,0.48267499999998525,0.5788999999999553
6,1,w1_20260416_041140,91,190263.5,183148.5,212598,0.6509749999999666,0.3517899999999913
6,1,w1_20260416_041140,92,348235.75,40876.5,173637.75,0.9295450000000014,0.3169049999999902
6,1,w1_20260416_041140,93,237736.5,145255.5,117768,0.7540949999999553,0.27780999999998496
6,1,w1_20260416_041140,94,330252.5,91340.25,231197.25,0.8467299999999295,0.38786499999999663
6,1,w1_20260416_041140,95,338192.75,95306.25,174141,0.839724999999958,0.4065399999999956
6,1,w1_20260416_041140,96,85247.5,174666,207526.5,0.5212449999999988,0.26762000000000485
6,1,w1_20260416_041140,97,177122,189471.75,95816.25,0.6713249999999439,0.17930499999998795
6,1,w1_20260416_041140,98,312378,56405.25,215286.75,0.904284999999968,0.2231049999999773
6,1,w1_20260416_041140,99,162967,208952.25,140310.75,0.6485950000000035,0.2693149999999981
6,1,w1_20260416_041140,100,341411.25,49014,87024.75,0.9148849999999362,0.3172849999999984
7,0,w0_20260416_042000,1,195540.75,138732.75,102466.5,0.7395449999999861,0.16000499999999118
7,0,w0_20260416_042000,2,139728,209430.75,54491.25,0.6130450000000014,0.17088999999998974
7,0,w0_20260416_042000,3,137794,213492.75,50243.25,0.6071349999999942,0.1666749999999894
7,0,w0_20260416_042000,4,155397.5,197808.75,48273.75,0.6369850000000119,0.161464999999988
7,0,w0_20260416_042000,5,64044,288632.25,48033.75,0.4707850000000048,0.1419699999999908
7,0,w0_20260416_042000,6,205016.5,150591.75,43911.75,0.7226149999999795,0.21620999999999263
7,0,w0_20260416_042000,7,141327.25,216496.5,45656.25,0.6044300000000107,0.1814799999999902
7,0,w0_20260416_042000,8,-10000,96046.5,20643,0.5155349999999785,0.12964499999999127
7,0,w0_20260416_042000,9,22425,213522.75,106592.25,0.33039000000001045,0.35811999999999927
7,0,w0_20260416_042000,10,252008,123912.75,111569.25,0.7757049999999758,0.3741750000000118
7,0,w0_20260416_042000,11,212265.75,158601.75,53302.5,0.7130750000000122,0.2421149999999967
7,0,w0_20260416_042000,12,124575.25,239265,105699.75,0.5680099999999905,0.27382000000000223
7,0,w0_20260416_042000,13,146244.5,252600.75,250704.75,0.5452049999999999,0.3774349999999907
7,0,w0_20260416_042000,14,167827.5,240546,269026.5,0.535804999999983,0.4504849999999708
7,0,w0_20260416_042000,15,98150,245147.25,256932.75,0.49268499999999305,0.3886150000000151
7,0,w0_20260416_042000,16,204328.5,172950.75,189360.75,0.6865999999999941,0.3889700000000056
7,0,w0_20260416_042000,17,79518,296995.5,235336.5,0.4509250000000191,0.3637950000000102
7,0,w0_20260416_042000,18,336673.25,73892.25,207664.5,0.8622849999999971,0.4739200000000239
7,0,w0_20260416_042000,19,123145.5,273203.25,262511.25,0.4827600000000123,0.42757999999999774
7,0,w0_20260416_042000,20,45343.75,279582,242834.25,0.36902000000000146,0.39082500000001186
7,0,w0_20260416_042000,21,283913.25,105452.25,221284.5,0.8091549999999613,0.3597200000000152
7,0,w0_20260416_042000,22,201785.5,194022.75,220491.75,0.6516899999999926,0.3826200000000157
7,0,w0_20260416_042000,23,85912.75,196209,198128.25,0.5056950000000199,0.3400700000000184
7,0,w0_20260416_042000,24,98273,219285,183852,0.4967400000000085,0.33676000000001116
7,0,w0_20260416_042000,25,93236,194700,216684,0.4443650000000032,0.44021500000000335
7,0,w0_20260416_042000,26,200244.5,193951.5,212094,0.6416249999999828,0.4105700000000137
7,0,w0_20260416_042000,27,236967.25,183266.25,251716.5,0.6695749999999789,0.4122299999999951
7,0,w0_20260416_042000,28,309469,98418,217383,0.8279249999999558,0.3844199999999912
7,0,w0_20260416_042000,29,300240,87753,213567,0.8471399999999981,0.3265399999999967
7,0,w0_20260416_042000,30,109935.5,211771.5,259053,0.4132750000000127,0.47769999999999607
7,0,w0_20260416_042000,31,-9999.999999999998,36755.43233676403,48842.02497460908,0.6813450000000938,0.5715449999999986
7,0,w0_20260416_042000,32,141520.75,236592,205007.25,0.575699999999973,0.3177849999999889
7,0,w0_20260416_042000,33,103654.75,228600.75,233914.5,0.5590249999999815,0.32214500000000085
7,0,w0_20260416_042000,34,250428.5,189112.5,213459,0.6321600000000009,0.5471349999999978
7,0,w0_20260416_042000,35,298801,106335.75,285623.25,0.816309999999985,0.37048500000000223
7,0,w0_20260416_042000,36,59015.25,215865.75,253119,0.45307000000000064,0.3706949999999973
7,0,w0_20260416_042000,37,221420,127372.5,188167.5,0.4242399999999959,0.6540950000000205
7,0,w0_20260416_042000,38,34279.75,121068,298652.25,0.14810499999999627,0.420579999999987
7,0,w0_20260416_042000,39,20970.25,24585.75,291594,0.21789000000000736,0.38151499999999855
7,0,w0_20260416_042000,40,163515.5,236868,227116.5,0.5739049999999752,0.4023949999999916
7,0,w0_20260416_042000,41,89928.25,228979.5,275042.25,0.4359800000000031,0.38167999999999447
7,0,w0_20260416_042000,42,134478.25,185697,272124.75,0.5617150000000017,0.37701
7,0,w0_20260416_042000,43,31502,36006.75,297281.25,0.2329300000000111,0.38814000000001
7,0,w0_20260416_042000,44,76336,20559.75,285524.25,0.27665000000008255,0.47016500000000344
7,0,w0_20260416_042000,45,199466.75,195768,276785.25,0.640839999999999,0.37543999999999833
7,0,w0_20260416_042000,46,42908,104230.5,277831.5,0.49107000000003537,0.361069999999993
7,0,w0_20260416_042000,47,149161.25,108228,297630.75,0.6402100000000163,0.45632999999999
7,0,w0_20260416_042000,48,172313.25,160902,272334.75,0.6544550000000108,0.3840250000000073
7,0,w0_20260416_042000,49,136255.5,150991.5,227553,0.5785299999999778,0.3454499999999992
7,0,w0_20260416_042000,50,150760,116074.5,209575.5,0.6159299999999801,0.3756449999999995
7,0,w0_20260416_042000,51,134960.5,160634.25,254615.25,0.5855350000000236,0.38902999999999505
7,0,w0_20260416_042000,52,130344.75,144336.75,248428.5,0.6185500000000071,0.35877000000000775
7,0,w0_20260416_042000,53,134457.5,177273.75,266598.75,0.5252250000000163,0.361659999999994
7,0,w0_20260416_042000,54,131877,207630.75,283772.25,0.4699899999999941,0.4967149999999773
7,0,w0_20260416_042000,55,168468.25,133227.75,292974,0.6114350000000163,0.3689450000000028
7,0,w0_20260416_042000,56,124418.25,170211,266490.75,0.5956149999999946,0.3313150000000031
7,0,w0_20260416_042000,57,299383.25,93594,215652.75,0.8217549999999879,0.44543999999999606
7,0,w0_20260416_042000,58,156275.5,141383.25,271121.25,0.6089700000000055,0.418769999999976
7,0,w0_20260416_042000,59,61014.5,187191.75,177393.75,0.5319300000000168,0.3051750000000156
7,0,w0_20260416_042000,60,117369.25,147438,219192.75,0.5737250000000201,0.33248000000000877
7,0,w0_20260416_042000,61,130860.5,195350.25,254849.25,0.5628599999999857,0.35685499999999887
7,0,w0_20260416_042000,62,41825,139259.25,139785.75,0.48017000000002663,0.28686499999997556
7,0,w0_20260416_042000,63,302183,110239.5,289507.5,0.8056299999999478,0.401505000000008
7,0,w0_20260416_042000,64,156785.5,167103.75,290100.75,0.5849450000000146,0.3528999999999998
7,0,w0_20260416_042000,65,224757,119822.25,198210.75,0.7619749999999803,0.25570500000000335
7,0,w0_20260416_042000,66,210337,151705.5,288067.5,0.6095799999999791,0.4126299999999968
7,0,w0_20260416_042000,67,174371.75,122491.5,283986.75,0.6206949999999665,0.4231300000000027
7,0,w0_20260416_042000,68,325434.25,94923.75,288792,0.8369799999999171,0.38926500000000813
7,0,w0_20260416_042000,69,214343.75,173106,273470.25,0.6753450000000066,0.36705000000000376
7,0,w0_20260416_042000,70,120737.25,189777.75,296625,0.5490399999999905,0.3573100000000009
7,0,w0_20260416_042000,71,69630.5,277857,272002.5,0.3379749999999774,0.5171549999999989
7,0,w0_20260416_042000,72,57053.75,168738.75,317197.5,0.44664999999999866,0.3618600000000072
7,0,w0_20260416_042000,73,177658,199387.5,131134.5,0.6447350000000025,0.22241499999998668
7,0,w0_20260416_042000,74,171820.75,88103.25,306576,0.7476249999999646,0.3967800000000029
7,0,w0_20260416_042000,75,372988,55002.75,318809.25,0.9065150000000114,0.39456500000001227
7,0,w0_20260416_042000,76,319895.5,118858.5,315816,0.799394999999929,0.41010000000001384
7,0,w0_20260416_042000,77,96823.75,169086,64730.25,0.5639200000000177,0.20994999999998687
7,0,w0_20260416_042000,78,-9999.999999999996,98411.9605116837,278962.6878509909,0.4452149999999024,0.3467100000000239
7,0,w0_20260416_042000,79,148118.75,252315.75,280915.5,0.5635449999999852,0.3522850000000016
7,0,w0_20260416_042000,80,137240.5,215179.5,298740,0.5287399999999827,0.41644499999999735
7,0,w0_20260416_042000,81,142320,200132.25,288387.75,0.5346749999999999,0.4127150000000093
7,0,w0_20260416_042000,82,274113.75,130555.5,258120.75,0.7702850000000787,0.36498999999999454
7,0,w0_20260416_042000,83,337524,118293.75,280172.25,0.800379999999971,0.4436799999999785
7,0,w0_20260416_042000,84,259509.5,133139.25,251861.25,0.6844299999999738,0.5105450000000082
7,0,w0_20260416_042000,85,71829,171695.25,284055.75,0.4136199999999913,0.376699999999998
7,0,w0_20260416_042000,86,235414,159488.25,293007.75,0.7124099999999657,0.341874999999998
7,0,w0_20260416_042000,87,257222.5,118926.75,282180.75,0.7393249999999368,0.3760700000000055
7,0,w0_20260416_042000,88,307823,98121.75,278555.25,0.8276099999999764,0.37900000000000783
7,0,w0_20260416_042000,89,185266.75,123318.75,279454.5,0.5722450000000026,0.4727700000000136
7,0,w0_20260416_042000,90,69033.25,131261.25,257365.5,0.4993300000000032,0.44587000000000815
7,0,w0_20260416_042000,91,21486.75,40275.75,181117.5,0.4116249999999817,0.3994400000000177
7,0,w0_20260416_042000,92,331931.25,65415,177573.75,0.8750050000000108,0.3768050000000074
7,0,w0_20260416_042000,93,263417,90814.5,258268.5,0.8294349999999869,0.2585500000000029
7,0,w0_20260416_042000,94,176300,162074.25,297375.75,0.6154400000000313,0.3913199999999943
7,0,w0_20260416_042000,95,186065,193046.25,303768.75,0.5886250000000235,0.43794999999999135
7,0,w0_20260416_042000,96,115565.75,184108.5,295965.75,0.5054800000000008,0.3818750000000043
7,0,w0_20260416_042000,97,175727.75,167216.25,274956,0.5957749999999854,0.3830049999999968
7,0,w0_20260416_042000,98,214088,189534,250278,0.6673199999999913,0.365129999999984
7,0,w0_20260416_042000,99,175696.25,197047.5,236756.25,0.6054199999999837,0.39287999999999734
7,0,w0_20260416_042000,100,25069.5,186446.25,183524.25,0.35506999999998723,0.35723500000000913
7,1,w1_20260416_042824,1,184484.5,137955.75,91389.75,0.7228949999999783,0.16349499999999936
7,1,w1_20260416_042824,2,115126.5,231197.25,59036.25,0.5697050000000022,0.17615000000000056
7,1,w1_20260416_042824,3,148447,197892,50121,0.6323349999999821,0.1536449999999986
7,1,w1_20260416_042824,4,181259.25,170611.5,47399.25,0.6852099999999913,0.17708999999999905
7,1,w1_20260416_042824,5,-10000,290811,39297,0.4062749999999982,0.16417999999999658
7,1,w1_20260416_042824,6,118548.75,227918.25,60933,0.576484999999994,0.15094999999999936
7,1,w1_20260416_042824,7,-9999.999999999996,53475.376992640464,25714.596194052658,0.3294699999999963,0.18418499999999577
7,1,w1_20260416_042824,8,-10000,49503.061646491624,9694.086121625614,0.4530700000000213,0.2385499999999939
7,1,w1_20260416_042824,9,177660.5,184663.5,36666,0.6562750000000054,0.3186800000000057
7,1,w1_20260416_042824,10,110010.75,260204.25,62925,0.526760000000001,0.3594800000000007
7,1,w1_20260416_042824,11,6711.75,223669.5,40698.75,0.35987500000000716,0.20260999999999343
7,1,w1_20260416_042824,12,267610.5,95471.25,77978.25,0.8251299999999712,0.30442999999999837
7,1,w1_20260416_042824,13,125666.5,291163.5,192360,0.4522450000000035,0.4592349999999793
7,1,w1_20260416_042824,14,296304.75,81046.5,225018.75,0.8542599999999863,0.31021999999999966
7,1,w1_20260416_042824,15,87297.75,262527,79505.25,0.5094100000000149,0.24176999999999965
7,1,w1_20260416_042824,16,172412.75,214015.5,284241.75,0.6053999999999904,0.3858900000000036
7,1,w1_20260416_042824,17,58281.5,259392.75,110415.75,0.45689499999999944,0.250990000000004
7,1,w1_20260416_042824,18,144341.75,260159.25,253389,0.4301649999999991,0.5338299999999947
7,1,w1_20260416_042824,19,306053.25,126993.75,232083,0.7653149999999901,0.4896500000000088
7,1,w1_20260416_042824,20,111669.5,234021.75,277338.75,0.5563100000000044,0.3056950000000188
7,1,w1_20260416_042824,21,251355.25,133211.25,197473.5,0.7608250000000164,0.35845499999999664
7,1,w1_20260416_042824,22,85960,232893.75,329426.25,0.467260000000029,0.3775249999999951
7,1,w1_20260416_042824,23,104918.5,194016.75,244674.75,0.5398900000000173,0.2984100000000184
7,1,w1_20260416_042824,24,105213.25,194265,257061.75,0.5287550000000169,0.3133049999999985
7,1,w1_20260416_042824,25,62185.25,227806.5,292298.25,0.4681400000000106,0.3508200000000098
7,1,w1_20260416_042824,26,190148,176091.75,262730.25,0.6757500000000075,0.3690500000000036
7,1,w1_20260416_042824,27,269771,91372.5,217096.5,0.8361099999999846,0.2669200000000096
7,1,w1_20260416_042824,28,156247.25,258780,298902.75,0.5336850000000056,0.4224349999999973
7,1,w1_20260416_042824,29,384703,88539.75,263327.25,0.8403949999999262,0.5114500000000072
7,1,w1_20260416_042824,30,94108.5,193929.75,237951.75,0.5171650000000098,0.3650849999999991
7,1,w1_20260416_042824,31,103190.5,214656.75,205542.75,0.5069500000000082,0.3434350000000047
7,1,w1_20260416_042824,32,79105.5,190211.25,239873.25,0.4990300000000119,0.35869500000000604
7,1,w1_20260416_042824,33,92014,167706,248670,0.5372650000000131,0.3587399999999999
7,1,w1_20260416_042824,34,115370.75,194913.75,273985.5,0.5005349999999894,0.3665050000000124
7,1,w1_20260416_042824,35,373968.25,63275.25,280486.5,0.8802549999999326,0.4514599999999974
7,1,w1_20260416_042824,36,296765,77184.75,204260.25,0.8633999999999911,0.26915500000001125
7,1,w1_20260416_042824,37,64520,180492.75,226847.25,0.4109150000000327,0.3649799999999946
7,1,w1_20260416_042824,38,145347.75,194796.75,275275.5,0.5490500000000256,0.4059150000000093
7,1,w1_20260416_042824,39,340804,134331,271035,0.7665149999999548,0.49956000000001033
7,1,w1_20260416_042824,40,266183.25,136947.75,240459,0.7639749999999664,0.3607499999999998
7,1,w1_20260416_042824,41,157937.75,141337.5,244854.75,0.6378149999999957,0.3631650000000054
7,1,w1_20260416_042824,42,124717,193222.5,297760.5,0.4911700000000047,0.3919149999999996
7,1,w1_20260416_042824,43,219743,170364,222933,0.6862900000000095,0.35468999999999773
7,1,w1_20260416_042824,44,132684.5,123351.75,266343.75,0.44432500000002384,0.4527399999999889
7,1,w1_20260416_042824,45,131117.5,136863.75,290178.75,0.5722999999999738,0.37325499999999767
7,1,w1_20260416_042824,46,140223.5,152170.5,243546,0.5794349999999897,0.3291050000000091
7,1,w1_20260416_042824,47,166863.75,235337.25,299109,0.5827599999999951,0.369324999999996
7,1,w1_20260416_042824,48,104330.5,144830.25,258359.25,0.4942350000000072,0.3445600000000009
7,1,w1_20260416_042824,49,135501.5,132933,284455.5,0.5584299999999784,0.3592399999999999
7,1,w1_20260416_042824,50,145822.25,124820.25,286417.5,0.6256449999999947,0.3922150000000064
7,1,w1_20260416_042824,51,73016,129707.25,221016.75,0.45840000000001174,0.3433850000000041
7,1,w1_20260416_042824,52,170438.75,200251.5,231519.75,0.6325500000000497,0.33803499999999737
7,1,w1_20260416_042824,53,149688.25,118815.75,286836,0.5900399999999952,0.3823249999999988
7,1,w1_20260416_042824,54,327327,107040,257613,0.8135250000000088,0.4305550000000013
7,1,w1_20260416_042824,55,304066.75,183610.5,277032.75,0.683835000000013,0.5046500000000157
7,1,w1_20260416_042824,56,156794.25,208088.25,299497.5,0.5436799999999866,0.4220600000000044
7,1,w1_20260416_042824,57,265794.25,192081.75,293784,0.6724850000000056,0.4540750000000019
7,1,w1_20260416_042824,58,102918.75,175730.25,291471,0.48943999999999377,0.37613499999999944
7,1,w1_20260416_042824,59,83561,102240.75,259238.25,0.48545000000001254,0.3684249999999937
7,1,w1_20260416_042824,60,57020.5,30429.75,316449.75,0.5768749999999945,0.39920999999999934
7,1,w1_20260416_042824,61,86154,41281.5,296944.5,0.6544049999999917,0.4073400000000013
7,1,w1_20260416_042824,62,334347.5,38323.5,169809,0.929709999999965,0.28731499999999605
7,1,w1_20260416_042824,63,304918.5,86660.25,210851.25,0.8527150000000138,0.32202500000002643
7,1,w1_20260416_042824,64,13568.75,48405.75,136135.5,0.39397000000001225,0.42371999999996707
7,1,w1_20260416_042824,65,9592.75,7963.5,93363.75,0.4987450000000714,0.3978799999999806
7,1,w1_20260416_042824,66,5505,15291,57864,0.3664600000000467,0.33143499999996573
7,1,w1_20260416_042824,67,248654.75,200514.75,251740.5,0.6375699999999871,0.4855499999999909
7,1,w1_20260416_042824,68,25384.75,83946,126089.25,0.4365799999999976,0.40266499999998456
7,1,w1_20260416_042824,69,209746,221385.75,259628.25,0.6018600000000278,0.4661300000000027
7,1,w1_20260416_042824,70,224210.75,188079.75,154219.5,0.6786149999999622,0.4171850000000047
7,1,w1_20260416_042824,71,161074.75,257890.5,274974.75,0.5631100000000014,0.393129999999987
7,1,w1_20260416_042824,72,40196,127367.25,223596.75,0.41496999999999906,0.3788349999999915
7,1,w1_20260416_042824,73,251465.75,221447.25,240447,0.6134449999999926,0.513265000000007
7,1,w1_20260416_042824,74,28532.5,94170,290527.5,0.3979499999999978,0.34821499999999894
7,1,w1_20260416_042824,75,78492.25,287859.75,276318,0.49032500000000384,0.28012500000000334
7,1,w1_20260416_042824,76,235747.5,168136.5,187896,0.7160449999999965,0.4005499999999952
7,1,w1_20260416_042824,77,152701.25,236915.25,199483.5,0.6002799999999944,0.29591500000000887
7,1,w1_20260416_042824,78,84600.25,249160.5,303029.25,0.4587200000000023,0.34156500000000267
7,1,w1_20260416_042824,79,34706.75,116243.25,210870,0.3826050000000137,0.4191099999999903
7,1,w1_20260416_042824,80,69761,76228.5,214960.5,0.4083799999999975,0.3781499999999841
7,1,w1_20260416_042824,81,21635.75,211404,252860.25,0.4330200000000118,0.29971000000000386
7,1,w1_20260416_042824,82,211791.5,127293.75,124224.75,0.7467300000000271,0.366450000000014
7,1,w1_20260416_042824,83,78015.75,63243,108191.25,0.6300299999999954,0.32109999999999334
7,1,w1_20260416_042824,84,99166.5,230304.75,280368.75,0.4144599999999807,0.428770000000008
7,1,w1_20260416_042824,85,120746.25,113983.5,241130.25,0.5620499999999895,0.455659999999996
7,1,w1_20260416_042824,86,25923.75,178798.5,157917.75,0.39358500000001695,0.31689499999999754
7,1,w1_20260416_042824,87,107545.25,148474.5,229940.25,0.5323999999999953,0.3262000000000142
7,1,w1_20260416_042824,88,323998.5,15798,256963.5,0.9427399999999716,0.3021749999999942
7,1,w1_20260416_042824,89,330006,46280.25,232683.75,0.9059749999999598,0.3175399999999954
7,1,w1_20260416_042824,90,354849.25,68655.75,252015,0.8840849999999748,0.3825499999999971
7,1,w1_20260416_042824,91,167340.25,209625.75,181314,0.6341099999999958,0.30160500000000406
7,1,w1_20260416_042824,92,31384.75,186822,207833.25,0.34644999999999304,0.3450399999999907
7,1,w1_20260416_042824,93,310163,81767.25,218289.75,0.8495849999999359,0.36374499999998977
7,1,w1_20260416_042824,94,61718,180982.5,199609.5,0.5311699999999797,0.34425999999999385
7,1,w1_20260416_042824,95,275194.5,106520.25,243905.25,0.8030799999999243,0.33098499999999903
7,1,w1_20260416_042824,96,125333.5,164254.5,369222,0.7035099999999394,0.11755000000000324
7,1,w1_20260416_042824,97,88091.5,157088.25,214580.25,0.5234799999999667,0.35379499999999725
7,1,w1_20260416_042824,98,112546.5,180226.5,212967,0.5598600000000169,0.3131300000000052
7,1,w1_20260416_042824,99,91346,106278.75,218615.25,0.514789999999988,0.32898499999999276
7,1,w1_20260416_042824,100,37616.25,132137.25,196516.5,0.42891000000001334,0.32038499999999126
8,0,w0_20260416_043651,1,129073.75,210858,103298.25,0.5996249999999964,0.23945000000001837
8,0,w0_20260416_043651,2,247282.25,97656,107511.75,0.8198749999999678,0.246124999999994
8,0,w0_20260416_043651,3,146086,208272.75,66881.25,0.6182449999999813,0.20246500000000095
8,0,w0_20260416_043651,4,153146.25,209328.75,56385,0.6159399999999818,0.29410999999999377
8,0,w0_20260416_043651,5,-8122.75,234147.75,214185,0.35295500000002705,0.3203300000000106
8,0,w0_20260416_043651,6,76867,245137.5,99325.5,0.5166049999999833,0.232005000000004
8,0,w0_20260416_043651,7,53291.75,276912.75,105475.5,0.4393599999999845,0.3035650000000197
8,0,w0_20260416_043651,8,116075.75,244883.25,91191,0.5555899999999864,0.31058500000000105
8,0,w0_20260416_043651,9,179601.25,198675.75,117033,0.6394049999999648,0.4334150000000136
8,0,w0_20260416_043651,10,91759.25,259323,95727.75,0.524950000000023,0.2162549999999911
8,0,w0_20260416_043651,11,69492.5,257671.5,124896,0.4488649999999911,0.3169900000000128
8,0,w0_20260416_043651,12,260982.75,99346.5,64680.75,0.8202249999999957,0.19517499999999105
8,0,w0_20260416_043651,13,55698.5,214028.25,124703.25,0.41338999999997705,0.2946950000000063
8,0,w0_20260416_043651,14,222679.25,139668,75882.75,0.742419999999977,0.30800500000000064
8,0,w0_20260416_043651,15,77861.75,220566,62102.25,0.5036799999999869,0.2610900000000018
8,0,w0_20260416_043651,16,168220.25,192855,69534.75,0.6497699999999766,0.23449499999998624
8,0,w0_20260416_043651,17,131057,264152.25,250440.75,0.4901849999999884,0.4306400000000087
8,0,w0_20260416_043651,18,145286.25,197920.5,71543.25,0.6137049999999702,0.24566500000000888
8,0,w0_20260416_043651,19,69746.75,194721,105722.25,0.5206549999999793,0.2280799999999964
8,0,w0_20260416_043651,20,212223.5,160499.25,105527.25,0.7120550000000039,0.4261300000000035
8,0,w0_20260416_043651,21,87103.25,251027.25,146269.5,0.5090699999999849,0.3701550000000076
8,0,w0_20260416_043651,22,186184,179034,128652,0.6832650000000059,0.2390850000000163
8,0,w0_20260416_043651,23,55629.75,224918.25,58812,0.4431699999999965,0.1965699999999855
8,0,w0_20260416_043651,24,212491.25,167154.75,270114,0.6925899999999724,0.3527500000000138
8,0,w0_20260416_043651,25,26417.75,166470.75,28651.5,0.4042799999999936,0.25158500000000633
8,0,w0_20260416_043651,26,99237,220998.75,200174.25,0.34843000000001145,0.5294199999999981
8,0,w0_20260416_043651,27,134288,234972,137010,0.579089999999992,0.28011999999999704
8,0,w0_20260416_043651,28,101908.5,262145.25,273446.25,0.5077749999999868,0.3449250000000068
8,0,w0_20260416_043651,29,121297,234457.5,43915.5,0.5732049999999865,0.1433400000000013
8,0,w0_20260416_043651,30,148538,216640.5,213121.5,0.589694999999971,0.3716749999999849
8,0,w0_20260416_043651,31,200320.75,178845.75,180163.5,0.685059999999997,0.2796199999999959
8,0,w0_20260416_043651,32,54428.75,231537.75,193303.5,0.4605499999999979,0.3125900000000005
8,0,w0_20260416_043651,33,121309.25,230213.25,242797.5,0.4432300000000131,0.4801350000000345
8,0,w0_20260416_043651,34,65194,265956,306390,0.37440500000003296,0.4150050000000039
8,0,w0_20260416_043651,35,114054.25,239355,302010.75,0.4523199999999958,0.4537950000000261
8,0,w0_20260416_043651,36,19500.25,204441,315768.75,0.3836950000000263,0.33197499999999763
8,0,w0_20260416_043651,37,161444.5,212283.75,270831.75,0.6151349999999718,0.33554499999998294
8,0,w0_20260416_043651,38,47464.25,186342,298293.75,0.35940000000002287,0.3682500000000047
8,0,w0_20260416_043651,39,102135.75,234900.75,294553.5,0.4745799999999937,0.3830850000000103
8,0,w0_20260416_043651,40,247618,88140.75,251201.25,0.8437399999999756,0.29136500000002197
8,0,w0_20260416_043651,41,231940.5,166755.75,258603.75,0.714039999999967,0.3524200000000011
8,0,w0_20260416_043651,42,242769,157807.5,288823.5,0.7181899999999445,0.3714850000000038
8,0,w0_20260416_043651,43,176666.25,249045.75,280458,0.55133499999997,0.4297650000000095
8,0,w0_20260416_043651,44,115071.75,266628.75,294709.5,0.4900500000000058,0.3645700000000169
8,0,w0_20260416_043651,45,178901.5,208976.25,257642.25,0.5901599999999847,0.39746999999999433
8,0,w0_20260416_043651,46,62459.75,170414.25,244956,0.44349999999999873,0.3169750000000064
8,0,w0_20260416_043651,47,178408.5,180445.5,267486,0.6340799999999899,0.4222850000000139
8,0,w0_20260416_043651,48,301787.25,78975,224547.75,0.8634699999999895,0.29796999999999935
8,0,w0_20260416_043651,49,77011.5,228549,264649.5,0.46395499999999074,0.3682900000000076
8,0,w0_20260416_043651,50,30970.5,100142.25,232907.25,0.5173200000000273,0.33432500000000565
8,0,w0_20260416_043651,51,336246.5,71229,250324.5,0.8705299999999748,0.403589999999999
8,0,w0_20260416_043651,52,229792.25,195769.5,284708.25,0.6644750000000059,0.3989299999999929
8,0,w0_20260416_043651,53,263343.5,144541.5,268635,0.7441199999999996,0.3824200000000084
8,0,w0_20260416_043651,54,358726.25,43300.5,208463.25,0.9191049999999954,0.3730049999999994
8,0,w0_20260416_043651,55,209720.25,189297.75,183972,0.6693500000000684,0.3841049999999919
8,0,w0_20260416_043651,56,67622.75,145226.25,251901,0.43045000000001066,0.3749100000000157
8,0,w0_20260416_043651,57,168524,103676.25,247779.75,0.669154999999975,0.35240999999998457
8,0,w0_20260416_043651,58,81327.5,94144.5,221208,0.5150699999999755,0.49393999999995586
8,0,w0_20260416_043651,59,141452.75,188115.75,261541.5,0.5370800000000187,0.3592100000000029
8,0,w0_20260416_043651,60,36044.5,148574.25,288101.25,0.3332650000000475,0.3703699999999947
8,0,w0_20260416_043651,61,298778.25,111723,243198.75,0.7931249999999557,0.41231999999999625
8,0,w0_20260416_043651,62,76382,160508.25,253389.75,0.3813900000000148,0.45265999999999373
8,0,w0_20260416_043651,63,204805.25,117077.25,296107.5,0.6653400000000347,0.4037549999999933
8,0,w0_20260416_043651,64,105343.25,190894.5,260342.25,0.5416899999999928,0.36906999999999945
8,0,w0_20260416_043651,65,388482,31469.25,200448.75,0.9442749999999908,0.41638999999999105
8,0,w0_20260416_043651,66,328667.75,53214,216848.25,0.909284999999958,0.29367500000001306
8,0,w0_20260416_043651,67,302545,109414.5,169450.5,0.8143149999999485,0.4043650000000081
8,0,w0_20260416_043651,68,326781.25,98046,204072.75,0.8245849999999584,0.44540999999999314
8,0,w0_20260416_043651,69,69955.25,197739.75,227715,0.393134999999981,0.3983850000000011
8,0,w0_20260416_043651,70,66947,262479,257154,0.40433499999999867,0.3431099999999962
8,0,w0_20260416_043651,71,20305,85173.75,276821.25,0.49081500000003053,0.3513750000000015
8,0,w0_20260416_043651,72,296969.5,96735.75,248904.75,0.832084999999979,0.33448500000000536
8,0,w0_20260416_043651,73,62791.75,161160,285248.25,0.3759799999999838,0.3748400000000105
8,0,w0_20260416_043651,74,52793.5,106067.25,260639.25,0.43247000000000063,0.3663550000000141
8,0,w0_20260416_043651,75,10851.5,139336.5,270252,0.3215350000000435,0.3574249999999975
8,0,w0_20260416_043651,76,346244,62183.25,245292.75,0.8788099999999204,0.3899400000000052
8,0,w0_20260416_043651,77,293566,122400.75,222143.25,0.7933550000000075,0.3556450000000017
8,0,w0_20260416_043651,78,167186.75,190249.5,194613.75,0.6179949999999669,0.331565000000005
8,0,w0_20260416_043651,79,44612.75,132711,179876.25,0.45534000000001434,0.4350899999999698
8,0,w0_20260416_043651,80,113066.75,188470.5,238812.75,0.5512799999999958,0.34450999999999316
8,0,w0_20260416_043651,81,246746.5,144491.25,197972.25,0.743110000000002,0.3689300000000171
8,0,w0_20260416_043651,82,205979,245004.75,308546.25,0.5799150000000027,0.4451450000000113
8,0,w0_20260416_043651,83,82522.5,157383,254914.5,0.48483000000001686,0.3783900000000144
8,0,w0_20260416_043651,84,80388,196891.5,276100.5,0.518399999999983,0.3402800000000172
8,0,w0_20260416_043651,85,21997.25,101065.5,139487.25,0.42384500000003417,0.30947000000001845
8,0,w0_20260416_043651,86,132528.5,101851.5,238830,0.5004850000000187,0.4549250000000192
8,0,w0_20260416_043651,87,132706,123562.5,266731.5,0.5226150000000153,0.3982450000000139
8,0,w0_20260416_043651,88,274040.5,116340,224329.5,0.7996649999999568,0.3256099999999997
8,0,w0_20260416_043651,89,35196.5,100636.5,141207,0.40719000000004346,0.4536950000000206
8,0,w0_20260416_043651,90,156278,65045.25,239076.75,0.7459599999999842,0.4359549999999775
8,0,w0_20260416_043651,91,45109.25,305035.5,238205.25,0.2530499999999732,0.4735899999999909
8,0,w0_20260416_043651,92,320259.75,74599.5,267630.75,0.8575899999999401,0.3449600000000075
8,0,w0_20260416_043651,93,399737.75,27303.75,275338.5,0.9535650000000782,0.3856999999999991
8,0,w0_20260416_043651,94,179398.25,204782.25,259699.5,0.6180949999999837,0.352650000000019
8,0,w0_20260416_043651,95,241015,162051,217014,0.7020249999999958,0.4046500000000055
8,0,w0_20260416_043651,96,228913,174492.75,239174.25,0.688009999999988,0.3734100000000012
8,0,w0_20260416_043651,97,303128.5,108789,259732.5,0.8158349999999687,0.35754000000000724
8,0,w0_20260416_043651,98,227250.75,217272,168887.25,0.628779999999959,0.5069149999999891
8,0,w0_20260416_043651,99,263462,135831,280197,0.7509699999999777,0.36833499999999125
8,0,w0_20260416_043651,100,301648.5,119586.75,277284.75,0.7918549999999948,0.3871450000000014
8,1,w1_20260416_044513,1,116057.75,215712.75,90829.5,0.5755099999999952,0.2097249999999965
8,1,w1_20260416_044513,2,256098,91401.75,74900.25,0.8278899999999596,0.25972000000001033
8,1,w1_20260416_044513,3,223250.5,129122.25,76397.25,0.7635499999999972,0.2166550000000055
8,1,w1_20260416_044513,4,97903.25,271299,70917.75,0.5026649999999973,0.3485249999999853
8,1,w1_20260416_044513,5,19743.25,197123.25,62113.5,0.466470000000024,0.1939349999999935
8,1,w1_20260416_044513,6,43111.25,219922.5,44816.25,0.4236349999999954,0.2678900000000069
8,1,w1_20260416_044513,7,71151,229380.75,60158.25,0.47601499999998487,0.2251749999999971
8,1,w1_20260416_044513,8,38235.25,205216.5,84488.25,0.4364799999999904,0.18935500000000272
8,1,w1_20260416_044513,9,138539.25,209044.5,87596.25,0.6129849999999761,0.18144500000000088
8,1,w1_20260416_044513,10,120217,243132.75,79970.25,0.5536549999999751,0.27491500000000135
8,1,w1_20260416_044513,11,213041.75,150075,76103.25,0.7286749999999587,0.27748499999999227
8,1,w1_20260416_044513,12,8904,228446.25,67059.75,0.362449999999995,0.20363500000000156
8,1,w1_20260416_044513,13,154944,236959.5,282166.5,0.5689249999999723,0.3828399999999775
8,1,w1_20260416_044513,14,127324.75,224496,201539.25,0.580914999999976,0.25900999999999863
8,1,w1_20260416_044513,15,141556.5,224326.5,195207,0.5992099999999972,0.258179999999997
8,1,w1_20260416_044513,16,-10000,62217.2601375,31678.2415875,0.6401550000000822,0.3484399999999827
8,1,w1_20260416_044513,17,272793.5,89810.25,132056.25,0.8399999999999731,0.21270499999999737
8,1,w1_20260416_044513,18,109276.75,223827,282476.25,0.5197449999999793,0.3863850000000123
8,1,w1_20260416_044513,19,207777.75,188742.75,209599.5,0.6638699999999766,0.3723750000000078
8,1,w1_20260416_044513,20,-4331.25,102975.75,179275.5,0.23268000000002056,0.294305000000009
8,1,w1_20260416_044513,21,-3135,126520.5,169054.5,0.26257499999999323,0.2580450000000052
8,1,w1_20260416_044513,22,-731.75,83780.25,212671.5,0.2948050000000029,0.3674150000000071
8,1,w1_20260416_044513,23,243128.25,162036,258285.75,0.7027899999999804,0.4180900000000109
8,1,w1_20260416_044513,24,91711.25,254374.5,216074.25,0.4055299999999959,0.4807349999999946
8,1,w1_20260416_044513,25,83605.5,263577.75,193776.75,0.4976199999999968,0.2508700000000023
8,1,w1_20260416_044513,26,232471.25,162894,177444.75,0.7100899999999879,0.44764500000001417
8,1,w1_20260416_044513,27,214718.25,171102.75,147369,0.698589999999954,0.3224899999999965
8,1,w1_20260416_044513,28,164806.5,226914,157879.5,0.5996349999999637,0.3487950000000167
8,1,w1_20260416_044513,29,49166,274876.5,215797.5,0.38819499999998874,0.3462549999999947
8,1,w1_20260416_044513,30,149201.75,184211.25,254457,0.5722549999999665,0.3971000000000049
8,1,w1_20260416_044513,31,173349.25,232583.25,203107.5,0.5902149999999392,0.3859450000000281
8,1,w1_20260416_044513,32,40844.75,142617,256148.25,0.31184500000000603,0.4262699999999941
8,1,w1_20260416_044513,33,8594,72188.25,214827.75,0.3534099999999776,0.34988500000000805
8,1,w1_20260416_044513,34,60202.75,160205.25,239292,0.3662499999999872,0.4271200000000076
8,1,w1_20260416_044513,35,96890,248860.5,233059.5,0.47884499999999014,0.3880600000000078
8,1,w1_20260416_044513,36,66876.75,155983.5,215739.75,0.4048650000000013,0.36536500000000544
8,1,w1_20260416_044513,37,139691,229299,176460,0.5651649999999766,0.3073950000000067
8,1,w1_20260416_044513,38,111272,233335.5,252562.5,0.4840499999999894,0.4321049999999933
8,1,w1_20260416_044513,39,57077.5,236799.75,269562.75,0.3946749999999839,0.3897650000000167
8,1,w1_20260416_044513,40,102142.75,218392.5,247044.75,0.45071499999999515,0.4267000000000029
8,1,w1_20260416_044513,41,146879,227761.5,260389.5,0.4914749999999838,0.44990500000000866
8,1,w1_20260416_044513,42,50471.5,243174,271444.5,0.3361100000000035,0.4003400000000045
8,1,w1_20260416_044513,43,317570.25,100574.25,260485.5,0.8044400000000106,0.4440949999999787
8,1,w1_20260416_044513,44,22021.25,150730.5,229358.25,0.2220900000000167,0.3969200000000114
8,1,w1_20260416_044513,45,95020,212622.75,273767.25,0.4042999999999914,0.4271450000000104
8,1,w1_20260416_044513,46,40418.75,128979,278822.25,0.2965649999999858,0.4031100000000012
8,1,w1_20260416_044513,47,101508.5,267226.5,280665,0.40352500000001174,0.42859500000000506
8,1,w1_20260416_044513,48,26459.25,83962.5,226328.25,0.31081500000001183,0.3734050000000124
8,1,w1_20260416_044513,49,359899.75,129632.25,246888,0.7682449999999971,0.5321149999999866
8,1,w1_20260416_044513,50,51136.25,191910.75,281793,0.24419500000000513,0.438040000000005
8,1,w1_20260416_044513,51,136118.25,155925.75,207366,0.5613599999999892,0.3568450000000078
8,1,w1_20260416_044513,52,94458.75,166879.5,263271.75,0.2923300000000052,0.5085799999999873
8,1,w1_20260416_044513,53,50075.5,51562.5,275952,0.28953999999998153,0.4338499999999925
8,1,w1_20260416_044513,54,372430,75795,236985,0.8453400000000535,0.5064800000000008
8,1,w1_20260416_044513,55,108067.75,278818.5,214653.75,0.4867149999999853,0.3566399999999894
8,1,w1_20260416_044513,56,269474.75,253077.75,211597.5,0.553609999999993,0.5897149999999897
8,1,w1_20260416_044513,57,324733.75,82411.5,316584.75,0.8579750000000244,0.3627349999999743
8,1,w1_20260416_044513,58,375587.5,90810,250132.5,0.8430949999999587,0.48927500000000207
8,1,w1_20260416_044513,59,51172.75,191405.25,291972,0.28281500000001153,0.42840999999999085
8,1,w1_20260416_044513,60,41382.25,80628,299349.75,0.46765499999997745,0.39400500000001487
8,1,w1_20260416_044513,61,221998.75,182512.5,259038.75,0.6869549999999527,0.3890449999999969
8,1,w1_20260416_044513,62,178909.5,215918.25,224312.25,0.6241149999999455,0.3798500000000104
8,1,w1_20260416_044513,63,286418.5,126026.25,168005.25,0.7816300000000073,0.4842199999999899
8,1,w1_20260416_044513,64,3603,77776.5,53770.5,0.16345500000000326,0.4427850000000184
8,1,w1_20260416_044513,65,189673.5,116530.5,140496,0.6384799999999908,0.5793649999999717
8,1,w1_20260416_044513,66,278725.25,97668.75,104916,0.8254,0.25746499999998584
8,1,w1_20260416_044513,67,33671.75,148315.5,274752.75,0.30472499999996555,0.4021199999999976
8,1,w1_20260416_044513,68,214561.5,109452,108376.5,0.6998700000000647,0.3981949999999985
8,1,w1_20260416_044513,69,27839,121875.75,246335.25,0.3254499999999787,0.4157150000000109
8,1,w1_20260416_044513,70,-9945.5,38811.75,129183.75,0.2776250000000219,0.3044950000000107
8,1,w1_20260416_044513,71,297557.75,125985,159767.25,0.7684749999999685,0.5428900000000021
8,1,w1_20260416_044513,72,71492.25,255606.75,197211,0.4419799999999863,0.35087500000000105
8,1,w1_20260416_044513,73,88503.75,199302.75,199273.5,0.3982850000000029,0.5107349999999911
8,1,w1_20260416_044513,74,95239.5,234571.5,264159,0.4461800000000067,0.4148299999999875
8,1,w1_20260416_044513,75,77124,170911.5,232924.5,0.4229200000000092,0.4021800000000018
8,1,w1_20260416_044513,76,355475.5,48356.25,147128.25,0.9175100000000452,0.41926500000002
8,1,w1_20260416_044513,77,56797,181107,187776,0.32736999999999605,0.3795849999999944
8,1,w1_20260416_044513,78,113078.25,126230.25,179641.5,0.4029199999999945,0.5619899999999722
8,1,w1_20260416_044513,79,70465.75,159496.5,235437.75,0.43113500000001614,0.455270000000004
8,1,w1_20260416_044513,80,111684.25,174709.5,268496.25,0.549470000000015,0.4189450000000028
8,1,w1_20260416_044513,81,78272.75,73671.75,227665.5,0.5362700000000141,0.40117499999999207
8,1,w1_20260416_044513,82,118272.5,149634.75,249942.75,0.6405550000000098,0.4004199999999965
8,1,w1_20260416_044513,83,78183,146973.75,195203.25,0.5777800000000075,0.36953500000000106
8,1,w1_20260416_044513,84,101549.75,88342.5,251577.75,0.5360799999999419,0.4360299999999742
8,1,w1_20260416_044513,85,118969.75,205056,220724.25,0.5318599999999932,0.3604950000000052
8,1,w1_20260416_044513,86,50482.5,154507.5,208320,0.3660450000000098,0.4609749999999882
8,1,w1_20260416_044513,87,121177.5,179011.5,186291,0.4992000000000067,0.46504000000000795
8,1,w1_20260416_044513,88,282281.25,109865.25,269533.5,0.7841300000000044,0.38679999999998615
8,1,w1_20260416_044513,89,308355.75,105114,269900.25,0.8165300000000714,0.364010000000009
8,1,w1_20260416_044513,90,113772,192232.5,235045.5,0.4310400000000124,0.4102550000000082
8,1,w1_20260416_044513,91,103413.25,208110,180036.75,0.4418450000000078,0.4453850000000112
8,1,w1_20260416_044513,92,158323,183019.5,164257.5,0.5646250000000166,0.5200000000000122
8,1,w1_20260416_044513,93,108887.5,138217.5,130035,0.4763299999999908,0.5119300000000014
8,1,w1_20260416_044513,94,333074.75,90288.75,285526.5,0.8331699999999388,0.41556000000001175
8,1,w1_20260416_044513,95,373302,27765,179253,0.9504949999999984,0.431539999999998
8,1,w1_20260416_044513,96,158057.25,94608.75,253314,0.587815000000042,0.4747199999999954
8,1,w1_20260416_044513,97,253171.5,158502,279856.5,0.7097899999999964,0.4316550000000097
8,1,w1_20260416_044513,98,305856.25,114714.75,251949,0.8057249999999954,0.38307500000001354
8,1,w1_20260416_044513,99,68379.25,120141.75,259749,0.3198500000000314,0.4615600000000054
8,1,w1_20260416_044513,100,41484,49962,289344,0.24404000000001247,0.4045750000000205
9,0,w0_20260416_045340,1,154550,174146.25,106533.75,0.6652649999999808,0.13560999999999906
9,0,w0_20260416_045340,2,252647.25,94968.75,65094,0.8232549999999623,0.18917999999999552
9,0,w0_20260416_045340,3,265295.5,84755.25,59279.25,0.8444999999999749,0.1472749999999908
9,0,w0_20260416_045340,4,264901.75,89958,56540.25,0.8345149999999921,0.22113999999999204
9,0,w0_20260416_045340,5,49720.5,305890.5,45459,0.4386050000000077,0.21321999999999783
9,0,w0_20260416_045340,6,145954.5,219641.25,53774.25,0.5971049999999973,0.3793700000000058
9,0,w0_20260416_045340,7,90472.75,255608.25,58599,0.5196999999999979,0.2084399999999817
9,0,w0_20260416_045340,8,185508.5,173575.5,53796,0.6858249999999824,0.22311000000000328
9,0,w0_20260416_045340,9,142641.25,218358.75,58920,0.601110000000014,0.27717999999999743
9,0,w0_20260416_045340,10,48958.5,287586,44575.5,0.43882000000002447,0.13423499999999244
9,0,w0_20260416_045340,11,91457,261045,70518,0.5164699999999859,0.26068000000001335
9,0,w0_20260416_045340,12,109894.25,252380.25,79555.5,0.5466349999999947,0.25171000000000365
9,0,w0_20260416_045340,13,56329.75,284448.75,173311.5,0.28310000000000657,0.5236599999999645
9,0,w0_20260416_045340,14,76298,208737,316035,0.4619950000000121,0.3794750000000154
9,0,w0_20260416_045340,15,228088.75,141999,184982.25,0.7427949999999605,0.3230200000000117
9,0,w0_20260416_045340,16,151984.5,218139.75,244785.75,0.6073550000000014,0.29502499999999826
9,0,w0_20260416_045340,17,144546.25,220341,168942.75,0.6026650000000173,0.28183500000000283
9,0,w0_20260416_045340,18,238982,119364,259344,0.7859749999999527,0.28599500000000455
9,0,w0_20260416_045340,19,111964.25,266530.5,267215.25,0.448605000000011,0.4352850000000067
9,0,w0_20260416_045340,20,271907.5,220370.25,221702.25,0.5840400000000131,0.5803449999999977
9,0,w0_20260416_045340,21,313160.25,64882.5,294737.25,0.8833549999999936,0.3204249999999981
9,0,w0_20260416_045340,22,138331.25,233214.75,262344,0.5545649999999926,0.3733450000000102
9,0,w0_20260416_045340,23,141695.25,234447,221757.75,0.5680299999999999,0.3406450000000019
9,0,w0_20260416_045340,24,157177.5,240372.75,257679.75,0.5116900000000126,0.4540349999999922
9,0,w0_20260416_045340,25,152679.5,236623.5,241827,0.5716450000000045,0.3548050000000074
9,0,w0_20260416_045340,26,28254.75,185099.25,218856,0.3522449999999955,0.33828499999999506
9,0,w0_20260416_045340,27,331367.25,73368,266364.75,0.857224999999968,0.3913800000000098
9,0,w0_20260416_045340,28,218613.5,211370.25,280136.25,0.6302099999999756,0.4163450000000066
9,0,w0_20260416_045340,29,103571,103638.75,264170.25,0.3584599999999926,0.5166900000000101
9,0,w0_20260416_045340,30,287393,112821,248136,0.7944699999999689,0.37851999999999336
9,0,w0_20260416_045340,31,164180.5,231005.25,219644.25,0.5959250000000025,0.33687000000001605
9,0,w0_20260416_045340,32,132138.25,243986.25,207475.5,0.5292849999999953,0.352064999999992
9,0,w0_20260416_045340,33,40260.5,132608.25,239231.25,0.4240449999999794,0.38899999999999874
9,0,w0_20260416_045340,34,126040.25,181404,182475.75,0.5442850000000299,0.3605300000000058
9,0,w0_20260416_045340,35,323273.75,119726.25,261000,0.7887199999999774,0.4565899999999845
9,0,w0_20260416_045340,36,160620,136292.25,243867.75,0.5943249999999713,0.37732500000000424
9,0,w0_20260416_045340,37,270548.5,149514,254437.5,0.7356299999999435,0.4078450000000103
9,0,w0_20260416_045340,38,221984,83966.25,258519.75,0.7160700000000281,0.4991750000000019
9,0,w0_20260416_045340,39,175397,86553.75,270779.25,0.592130000000019,0.41591000000000294
9,0,w0_20260416_045340,40,168281.5,71622.75,258345.75,0.5886350000000099,0.3736700000000055
9,0,w0_20260416_045340,41,210474.25,61661.25,262894.5,0.7793899999999585,0.4178300000000016
9,0,w0_20260416_045340,42,162529.25,47031,285159.75,0.5464050000000524,0.4290900000000149
9,0,w0_20260416_045340,43,188201.5,216603,288115.5,0.6079100000000106,0.3954599999999884
9,0,w0_20260416_045340,44,263438.5,139243.5,299028,0.7554400000000208,0.36801499999999343
9,0,w0_20260416_045340,45,206169.5,102609,288691.5,0.6771249999999729,0.39882499999999904
9,0,w0_20260416_045340,46,198792.5,84881.25,298586.25,0.723609999999962,0.4064600000000038
9,0,w0_20260416_045340,47,186067.75,188107.5,269994.75,0.6214399999999918,0.358599999999998
9,0,w0_20260416_045340,48,184986,91607.25,197886.75,0.7884999999999414,0.3132799999999957
9,0,w0_20260416_045340,49,84593.75,109715.25,187461,0.25356000000001616,0.5420700000000074
9,0,w0_20260416_045340,50,183409,139875.75,246335.25,0.6507899999999975,0.3935749999999841
9,0,w0_20260416_045340,51,151086.75,129567,197006.25,0.6050100000000008,0.4095049999999942
9,0,w0_20260416_045340,52,5155,75159.75,201185.25,0.2802999999999457,0.3238500000000015
9,0,w0_20260416_045340,53,116081.5,71891.25,288107.25,0.657254999999925,0.41526999999999487
9,0,w0_20260416_045340,54,271882.25,123460.5,280247.25,0.7770799999999648,0.3678649999999954
9,0,w0_20260416_045340,55,231781.25,158344.5,251654.25,0.6629299999999958,0.4351699999999909
9,0,w0_20260416_045340,56,223174.75,106424.25,293871,0.6847649999999972,0.4428399999999893
9,0,w0_20260416_045340,57,227860.5,103956.75,303582.75,0.6613550000000331,0.4375599999999754
9,0,w0_20260416_045340,58,209918,147610.5,261421.5,0.6952449999999756,0.3537049999999993
9,0,w0_20260416_045340,59,301147,88245.75,272867.25,0.8453999999999494,0.33304000000000117
9,0,w0_20260416_045340,60,567368.5,35777.25,169334.25,0.9376099999999848,0.7034449999999945
9,0,w0_20260416_045340,61,172713,128188.5,328078.5,0.513100000000007,0.3919399999999986
9,0,w0_20260416_045340,62,290852,111840,277128,0.7977099999999746,0.40714999999998747
9,0,w0_20260416_045340,63,95429.5,96024,296986.5,0.5257000000000193,0.40324499999999186
9,0,w0_20260416_045340,64,330220,74916,266784,0.8615650000000958,0.38416499999998566
9,0,w0_20260416_045340,65,314745.75,102661.5,284532.75,0.8254250000000278,0.3968000000000017
9,0,w0_20260416_045340,66,202376.75,82820.25,311853,0.5834199999999782,0.40673999999998994
9,0,w0_20260416_045340,67,176138.5,126609.75,311151.75,0.6257099999999974,0.36278000000000016
9,0,w0_20260416_045340,68,309542.5,76396.5,306621,0.8329750000000544,0.4055250000000017
9,0,w0_20260416_045340,69,199653.75,97043.25,316953,0.591990000000005,0.41674999999999246
9,0,w0_20260416_045340,70,17195.25,151749.75,297975,0.25529499999998045,0.32920999999999856
9,0,w0_20260416_045340,71,148819,109266,296025,0.5328150000000061,0.4400049999999817
9,0,w0_20260416_045340,72,123690.5,97500,292069.5,0.6456950000000446,0.40474500000000574
9,0,w0_20260416_045340,73,354523.75,28595.25,250671,0.9421199999999628,0.41302500000000153
9,0,w0_20260416_045340,74,11828.5,80379.75,208161.75,0.518315000000016,0.30870000000000203
9,0,w0_20260416_045340,75,13035,64656,262209,0.1175000000000014,0.4015349999999989
9,0,w0_20260416_045340,76,99650.25,164777.25,207292.5,0.5512999999999962,0.30434000000000194
9,0,w0_20260416_045340,77,186315,210498.75,262586.25,0.5205150000000276,0.4879549999999928
9,0,w0_20260416_045340,78,286742.25,156717,259680.75,0.7135149999999995,0.48209499999996497
9,0,w0_20260416_045340,79,225238.25,131397,282504.75,0.7737299999999557,0.24216000000000343
9,0,w0_20260416_045340,80,64155,190050.75,294044.25,0.42529500000000325,0.39461500000001626
9,0,w0_20260416_045340,81,66073,94778.25,309918.75,0.4980050000000094,0.45543499999999376
9,0,w0_20260416_045340,82,158534.75,190892.25,313323,0.4562799999999996,0.4370699999999837
9,0,w0_20260416_045340,83,104448.25,168477.75,187914,0.5366350000000104,0.27290999999999904
9,0,w0_20260416_045340,84,221043.5,90921,218695.5,0.7673349999999404,0.31943000000000016
9,0,w0_20260416_045340,85,398959.75,12387,285443.25,0.9791649999999928,0.3828399999999969
9,0,w0_20260416_045340,86,53592.75,113564.25,145353,0.6338749999999993,0.373095000000002
9,0,w0_20260416_045340,87,19550.75,66045,98684.25,0.37492499999999473,0.5551399999999821
9,0,w0_20260416_045340,88,2443,46437.75,83999.25,0.6119549999999762,0.22688499999999157
9,0,w0_20260416_045340,89,53254.5,85674,272821.5,0.5148650000000117,0.44030000000001446
9,0,w0_20260416_045340,90,127708.75,80979.75,285421.5,0.6530449999999562,0.3869500000000115
9,0,w0_20260416_045340,91,112563,168788.25,265848.75,0.4680550000000336,0.4480450000000069
9,0,w0_20260416_045340,92,204709.25,151373.25,180727.5,0.7155300000000416,0.30722000000000826
9,0,w0_20260416_045340,93,128281.75,169963.5,140154.75,0.6583850000000165,0.14401999999999687
9,0,w0_20260416_045340,94,207613.25,129712.5,251444.25,0.7135600000000015,0.4346199999999932
9,0,w0_20260416_045340,95,25954,152679.75,244286.25,0.3493550000000038,0.3850200000000013
9,0,w0_20260416_045340,96,9709,70868.25,112752.75,0.4088500000000105,0.184089999999996
9,0,w0_20260416_045340,97,176491,155754.75,163904.25,0.6885849999999935,0.2720950000000014
9,0,w0_20260416_045340,98,352340.75,17532,191837.25,0.962384999999985,0.2794000000000154
9,0,w0_20260416_045340,99,175840.5,232726.5,295323,0.6022299999999966,0.374025000000004
9,0,w0_20260416_045340,100,69042.75,207828.75,139258.5,0.4550250000000133,0.2238850000000004
9,1,w1_20260416_050208,1,150834.75,183716.25,100959,0.6469499999999826,0.20107499999998169
9,1,w1_20260416_050208,2,164641.75,185069.25,58359,0.6569399999999854,0.22327999999999415
9,1,w1_20260416_050208,3,224952.25,126291.75,50976,0.7673349999999733,0.1685899999999912
9,1,w1_20260416_050208,4,126563.75,227865,48191.25,0.5822449999999859,0.1811399999999939
9,1,w1_20260416_050208,5,56376.25,293884.5,48119.25,0.4555700000000119,0.18891499999999548
9,1,w1_20260416_050208,6,112234.75,284350.5,120804.75,0.4629349999999962,0.432580000000007
9,1,w1_20260416_050208,7,159842.25,227476.5,194741.25,0.5498250000000082,0.4749450000000099
9,1,w1_20260416_050208,8,284685.75,228337.5,194916.75,0.5674099999999963,0.6302899999999994
9,1,w1_20260416_050208,9,121641.5,232932,95386.5,0.5782300000000041,0.22967999999998456
9,1,w1_20260416_050208,10,54987,282558.75,154964.25,0.4864300000000169,0.2040349999999867
9,1,w1_20260416_050208,11,172938.25,191448.75,92493,0.6544849999999871,0.3024500000000067
9,1,w1_20260416_050208,12,89839.75,264050.25,162360,0.5212949999999825,0.25965999999998723
9,1,w1_20260416_050208,13,215502,156778.5,153529.5,0.717754999999954,0.34229999999999505
9,1,w1_20260416_050208,14,146178.75,210862.5,88488.75,0.6195149999999873,0.1950399999999864
9,1,w1_20260416_050208,15,87600.5,266702.25,67967.25,0.5139500000000047,0.21783499999998457
9,1,w1_20260416_050208,16,98971.5,278418.75,312969.75,0.4987350000000029,0.3307300000000063
9,1,w1_20260416_050208,17,285565.25,81183,99501.75,0.8551699999999651,0.2733250000000045
9,1,w1_20260416_050208,18,293258.25,94165.5,121976.25,0.832225,0.2850599999999948
9,1,w1_20260416_050208,19,55240,291319.5,287710.5,0.39130500000001234,0.387154999999998
9,1,w1_20260416_050208,20,130800.75,243231,123398.25,0.5579300000000083,0.34128999999998294
9,1,w1_20260416_050208,21,172748.75,197100.75,121960.5,0.6454799999999724,0.22721499999999228
9,1,w1_20260416_050208,22,250945.25,112308.75,108786,0.8011999999999753,0.190209999999991
9,1,w1_20260416_050208,23,264239.5,110403,56497.5,0.8071749999999546,0.2501499999999982
9,1,w1_20260416_050208,24,170330,206507.25,46722.75,0.63751499999994,0.23893999999998933
9,1,w1_20260416_050208,25,104648.25,268169.25,54382.5,0.5242950000000254,0.2565449999999949
9,1,w1_20260416_050208,26,215997.25,190944.75,143328,0.6629349999999982,0.5001000000000184
9,1,w1_20260416_050208,27,295027.5,105756,154426.5,0.814944999999995,0.38455499999999504
9,1,w1_20260416_050208,28,288363.75,102336.75,61039.5,0.8226449999999824,0.44892999999997774
9,1,w1_20260416_050208,29,-9999.999999999998,106692.47048290011,40101.10702596534,0.6849499999999995,0.5158549999999945
9,1,w1_20260416_050208,30,260671.75,117118.5,55929.75,0.7927599999999264,0.22042999999999
9,1,w1_20260416_050208,31,91882.5,242365.5,248952,0.4381049999999778,0.34069000000000393
9,1,w1_20260416_050208,32,109270.25,177770.25,204739.5,0.5655000000000343,0.27532499999999255
9,1,w1_20260416_050208,33,325914,55930.5,96505.5,0.9021049999999498,0.3275249999999966
9,1,w1_20260416_050208,34,104230.25,157273.5,192836.25,0.515360000000063,0.43191999999999425
9,1,w1_20260416_050208,35,284748.75,101424.75,180526.5,0.819429999999993,0.3213449999999969
9,1,w1_20260416_050208,36,304192,69833.25,140814.75,0.8765549999999588,0.32097500000001006
9,1,w1_20260416_050208,37,125659.75,174672,233798.25,0.5246900000000351,0.49193500000000057
9,1,w1_20260416_050208,38,135344,186267.75,277508.25,0.4374749999999952,0.44233499999999537
9,1,w1_20260416_050208,39,328388.25,71688,254223.75,0.8730449999999904,0.3326850000000106
9,1,w1_20260416_050208,40,81813,185815.5,260131.5,0.5011900000000158,0.3240750000000167
9,1,w1_20260416_050208,41,74576.5,221217.75,283935.75,0.453100000000019,0.40345000000000014
9,1,w1_20260416_050208,42,128471.25,176724.75,256614,0.6132949999999768,0.4242100000000005
9,1,w1_20260416_050208,43,247854,196425.75,282800.25,0.653994999999992,0.4512250000000081
9,1,w1_20260416_050208,44,291140.5,145505.25,245384.25,0.7365400000000002,0.4928250000000023
9,1,w1_20260416_050208,45,9219.25,71409.75,230811,0.3403000000000243,0.3357749999999942
9,1,w1_20260416_050208,46,77078.5,213034.5,167187,0.46366500000002514,0.37700000000000394
9,1,w1_20260416_050208,47,116210.25,184764,240615.75,0.5156749999999918,0.3875050000000032
9,1,w1_20260416_050208,48,53384.5,205314.75,179580.75,0.4804099999999959,0.36880499999999944
9,1,w1_20260416_050208,49,36328.75,76571.25,300930,0.2538299999999843,0.4312350000000113
9,1,w1_20260416_050208,50,334447.25,98541.75,233031,0.8132149999999748,0.47995499999998154
9,1,w1_20260416_050208,51,189057.75,205556.25,262416,0.6472949999999893,0.3416350000000046
9,1,w1_20260416_050208,52,221333.5,159791.25,157595.25,0.7218199999999375,0.32606000000000485
9,1,w1_20260416_050208,53,72280,150588.75,221621.25,0.4718300000000335,0.4158949999999992
9,1,w1_20260416_050208,54,159650.25,192826.5,243653.25,0.5803499999999837,0.43506999999999607
9,1,w1_20260416_050208,55,147410,227496,263334,0.5709700000000268,0.39644999999999103
9,1,w1_20260416_050208,56,261369.5,129720.75,254769.75,0.7630849999999866,0.37687499999999446
9,1,w1_20260416_050208,57,357199.75,31572,297938.25,0.9368649999999872,0.34795999999998645
9,1,w1_20260416_050208,58,35604.75,62757,325778.25,0.1901200000000049,0.4113899999999871
9,1,w1_20260416_050208,59,205630,128424,291966,0.687429999999981,0.391839999999986
9,1,w1_20260416_050208,60,46807.75,225305.25,317697,0.35317500000001095,0.378394999999992
9,1,w1_20260416_050208,61,40535.5,38940,340054.5,0.6076949999999531,0.385275
9,1,w1_20260416_050208,62,147270,83030.25,135549.75,0.5586699999999232,0.3443149999999966
9,1,w1_20260416_050208,63,137465.5,127470,159664.5,0.5264999999999918,0.4190150000000017
9,1,w1_20260416_050208,64,384325.75,50308.5,283545.75,0.9091849999999936,0.4375750000000304
9,1,w1_20260416_050208,65,38735.75,199818,170846.25,0.33972500000001876,0.3069200000000037
9,1,w1_20260416_050208,66,378481.25,34052.25,305476.5,0.9256049999999794,0.388009999999995
9,1,w1_20260416_050208,67,211688.5,151399.5,224712,0.7114349999999937,0.3251550000000044
9,1,w1_20260416_050208,68,351719.75,34487.25,302403,0.9391999999999748,0.3328149999999988
9,1,w1_20260416_050208,69,95284.25,152904.75,182181,0.4224300000000056,0.5270399999999814
9,1,w1_20260416_050208,70,297047.75,116070.75,246571.5,0.7777249999999718,0.4326800000000069
9,1,w1_20260416_050208,71,241808.25,124545,176526.75,0.7610199999999264,0.28086000000000433
9,1,w1_20260416_050208,72,-10000,96219.1875,174929.4375,0.3645549999999818,0.2784949999999966
9,1,w1_20260416_050208,73,95258.5,135176.25,288305.25,0.4702900000000046,0.4045499999999962
9,1,w1_20260416_050208,74,70022.75,81242.25,271065,0.5143550000000305,0.3859700000000134
9,1,w1_20260416_050208,75,279634.5,107632.5,116403,0.8092099999999512,0.3965150000000018
9,1,w1_20260416_050208,76,75967.25,118536.75,166146,0.449045000000012,0.37472499999999553
9,1,w1_20260416_050208,77,154442.5,139105.5,256632,0.5875549999999693,0.40979499999999935
9,1,w1_20260416_050208,78,141987,123808.5,135154.5,0.6537099999999622,0.3491749999999866
9,1,w1_20260416_050208,79,156140.5,126489,52120.5,0.6828200000000025,0.1309349999999848
9,1,w1_20260416_050208,80,174756.25,133032,31431.75,0.6262899999999894,0.3820000000000213
9,1,w1_20260416_050208,81,103614,166278.75,67937.25,0.4377700000000159,0.4089399999999607
9,1,w1_20260416_050208,82,172977.5,116709,62863.5,0.6824550000000076,0.4152299999999903
9,1,w1_20260416_050208,83,221220.75,109736.25,151983,0.7604150000000023,0.38805499999998977
9,1,w1_20260416_050208,84,107167.25,108559.5,230003.25,0.5621149999999869,0.3894600000000051
9,1,w1_20260416_050208,85,204932.25,103599,133428.75,0.7841199999999694,0.3810149999999869
9,1,w1_20260416_050208,86,79190.75,114906.75,228862.5,0.4692400000000076,0.3584699999999933
9,1,w1_20260416_050208,87,176316.5,138310.5,236973,0.6786850000000028,0.3490649999999904
9,1,w1_20260416_050208,88,192432.25,193644.75,234093,0.6645049999999926,0.35606999999999905
9,1,w1_20260416_050208,89,159344.25,146664.75,62421,0.6849000000000075,0.17210999999999682
9,1,w1_20260416_050208,90,208998.5,132845.25,113516.25,0.7091349999999551,0.28922999999999927
9,1,w1_20260416_050208,91,179913.5,128188.5,51888,0.6935849999999691,0.2689450000000184
9,1,w1_20260416_050208,92,133051.25,132840,105858.75,0.5743299999999959,0.3345500000000082
9,1,w1_20260416_050208,93,197941.25,171891,232377.75,0.6726899999999834,0.3570699999999915
9,1,w1_20260416_050208,94,69824,175095,96711,0.4647299999999949,0.30610999999999833
9,1,w1_20260416_050208,95,105467,113166,83817,0.5708649999999906,0.26237500000000724
9,1,w1_20260416_050208,96,277587.75,105619.5,81372.75,0.8171499999999534,0.1904899999999911
9,1,w1_20260416_050208,97,39722.25,113501.25,57406.5,0.531474999999993,0.1821999999999871
9,1,w1_20260416_050208,98,372738.25,16944,20427.75,0.9674550000000216,0.18907999999998748
9,1,w1_20260416_050208,99,43621,117242.25,81156.75,0.525770000000012,0.34426500000001425
9,1,w1_20260416_050208,100,-10000,55155.75,29069.25,0.09301499999999222,0.27813500000000624
10,0,w0_20260416_051032,1,154628.25,178713,130878.75,0.6657899999999854,0.1781799999999828
10,0,w0_20260416_051032,2,8657.75,300972.75,85249.5,0.36028500000000524,0.19533499999998943
10,0,w0_20260416_051032,3,119133.25,219941.25,58885.5,0.5716299999999931,0.1932549999999824
10,0,w0_20260416_051032,4,123190.25,190599,74820.75,0.6153399999999977,0.1972749999999936
10,0,w0_20260416_051032,5,88864.25,230379,58056.75,0.5389050000000036,0.1895649999999818
10,0,w0_20260416_051032,6,107276.25,197047.5,53156.25,0.5742599999999987,0.26554499999999864
10,0,w0_20260416_051032,7,125067.25,198093,55659.75,0.5853999999999959,0.27444499999999494
10,0,w0_20260416_051032,8,146109.25,181272,63348.75,0.6352300000000086,0.2581699999999949
10,0,w0_20260416_051032,9,137195,193615.5,55249.5,0.6187250000000029,0.16203999999999286
10,0,w0_20260416_051032,10,158236,180005.25,55788.75,0.6480499999999868,0.22057499999999292
10,0,w0_20260416_051032,11,26279.5,242008.5,48732,0.4066000000000288,0.15070499999999448
10,0,w0_20260416_051032,12,304715.5,79881,127933.5,0.8498599999999685,0.36211500000000113
10,0,w0_20260416_051032,13,243001,128373,171576,0.7566899999999922,0.29454500000001616
10,0,w0_20260416_051032,14,205056.75,162906,128837.25,0.6898799999999773,0.2878249999999984
10,0,w0_20260416_051032,15,214178,198813,203679,0.6314899999999827,0.4098400000000067
10,0,w0_20260416_051032,16,229583.5,111734.25,285272.25,0.8010249999999923,0.23160500000000256
10,0,w0_20260416_051032,17,289377.75,85563,218399.25,0.8481599999999422,0.30065500000001305
10,0,w0_20260416_051032,18,80909.75,277314,236426.25,0.47548000000001395,0.3206249999999939
10,0,w0_20260416_051032,19,234138,155143.5,254818.5,0.7243649999999884,0.3509150000000218
10,0,w0_20260416_051032,20,58705.5,234976.5,228948,0.42233000000001186,0.3742399999999926
10,0,w0_20260416_051032,21,45241.75,221634,264764.25,0.3715950000000003,0.361944999999997
10,0,w0_20260416_051032,22,114332,260865.75,275942.25,0.5158299999999739,0.3371600000000045
10,0,w0_20260416_051032,23,316715,94263.75,279341.25,0.8348349999999307,0.3844300000000031
10,0,w0_20260416_051032,24,162375,225365.25,278079.75,0.5780849999999979,0.38256500000000415
10,0,w0_20260416_051032,25,118302.75,251988.75,238318.5,0.5379250000000005,0.3175599999999954
10,0,w0_20260416_051032,26,121518.5,259116.75,228444.75,0.5321500000000055,0.33990499999999463
10,0,w0_20260416_051032,27,271051,172228.5,278560.5,0.6934799999999787,0.4568300000000117
10,0,w0_20260416_051032,28,304806,228789,200085,0.5833449999999967,0.6359750000000048
10,0,w0_20260416_051032,29,119171.25,268173,269085.75,0.4933800000000048,0.3847800000000007
10,0,w0_20260416_051032,30,69348,189764.25,236487.75,0.4538099999999848,0.3278449999999972
10,0,w0_20260416_051032,31,303066.75,166884,264449.25,0.7084499999999798,0.49567499999999626
10,0,w0_20260416_051032,32,120153.25,160522.5,201524.25,0.17173999999999495,0.5935449999999921
10,0,w0_20260416_051032,33,154040.75,91659,236060.25,0.5482949999999821,0.5116799999999792
10,0,w0_20260416_051032,34,41831.25,196080.75,297798,0.30327500000000196,0.40311500000000833
10,0,w0_20260416_051032,35,116941.5,180967.5,281991,0.4928700000000043,0.4442800000000016
10,0,w0_20260416_051032,36,151011.25,228894.75,269574,0.4883550000000019,0.4610100000000113
10,0,w0_20260416_051032,37,286003,110924.25,286512.75,0.804814999999953,0.3555949999999853
10,0,w0_20260416_051032,38,359149.75,56601,293159.25,0.9015999999999762,0.38454000000002186
10,0,w0_20260416_051032,39,407951.5,46503,283765.5,0.9202549999999874,0.45151999999998815
10,0,w0_20260416_051032,40,334514.5,49359.75,201675.75,0.915384999999998,0.2947649999999933
10,0,w0_20260416_051032,41,210127,186919.5,220303.5,0.6781799999999696,0.3496399999999995
10,0,w0_20260416_051032,42,161153.75,241476.75,225649.5,0.585414999999985,0.3506650000000004
10,0,w0_20260416_051032,43,4780.25,60079.5,205160.25,0.18387499999999857,0.4056400000000041
10,0,w0_20260416_051032,44,323592.5,64780.5,196647,0.8752099999999913,0.3212650000000061
10,0,w0_20260416_051032,45,71475.5,173321.25,268703.25,0.36537000000000064,0.45691999999998034
10,0,w0_20260416_051032,46,54303.5,92150.25,285446.25,0.13861500000000085,0.47396999999996914
10,0,w0_20260416_051032,47,345518,62640.75,290891.25,0.8480949999999536,0.3919199999999993
10,0,w0_20260416_051032,48,340630.25,56578.5,209711.25,0.9037499999999574,0.3203050000000028
10,0,w0_20260416_051032,49,57579,249303,290748,0.34767000000000603,0.4121200000000077
10,0,w0_20260416_051032,50,157577.5,230154.75,277467.75,0.5427499999999864,0.4027200000000044
10,0,w0_20260416_051032,51,110893.25,210217.5,266069.25,0.5263500000000066,0.36050000000001
10,0,w0_20260416_051032,52,173021.5,217775.25,232013.25,0.5853849999999935,0.3959550000000063
10,0,w0_20260416_051032,53,426078,36771,223971,0.9316849999999834,0.503285000000013
10,0,w0_20260416_051032,54,375583.5,30909.75,248196.75,0.9475549999999648,0.36936000000000063
10,0,w0_20260416_051032,55,152656,164991.75,177932.25,0.15599499999999647,0.6458549999999793
10,0,w0_20260416_051032,56,53357.75,89785.5,266226.75,0.5197149999999675,0.38379500000000255
10,0,w0_20260416_051032,57,122359.5,180141,284989.5,0.5403549999999941,0.4458099999999848
10,0,w0_20260416_051032,58,383186.5,50063.25,269390.25,0.9138699999999796,0.439619999999997
10,0,w0_20260416_051032,59,324774,91305.75,259700.25,0.8433149999999707,0.3778849999999944
10,0,w0_20260416_051032,60,245983.25,165717,258429.75,0.7188699999999905,0.35382499999999506
10,0,w0_20260416_051032,61,100681.5,197460.75,277407.75,0.5020000000000046,0.4091850000000103
10,0,w0_20260416_051032,62,86683.5,170559.75,253026.75,0.32633499999999926,0.4954150000000234
10,0,w0_20260416_051032,63,91552.75,178588.5,302028.75,0.4384900000000104,0.35244000000001213
10,0,w0_20260416_051032,64,366797.25,35984.25,227278.5,0.9323049999999908,0.3353550000000048
10,0,w0_20260416_051032,65,363697,55488,235095,0.906264999999978,0.4261550000000071
10,0,w0_20260416_051032,66,386883.75,36189.75,235246.5,0.9385849999999888,0.41233499999999784
10,0,w0_20260416_051032,67,262511,116010.75,188978.25,0.7738799999999814,0.5590449999999716
10,0,w0_20260416_051032,68,144032.25,193290.75,247407,0.5750499999999799,0.3643149999999958
10,0,w0_20260416_051032,69,130506.5,176110.5,266733,0.4924749999999913,0.4366849999999961
10,0,w0_20260416_051032,70,94015.25,138236.25,276718.5,0.450834999999978,0.43313000000002067
10,0,w0_20260416_051032,71,104925.25,132087.75,292557,0.5132999999999939,0.4306649999999874
10,0,w0_20260416_051032,72,99308.25,146694,311967.75,0.5647350000000101,0.36163500000000537
10,0,w0_20260416_051032,73,72073,153213,254994,0.25375499999998463,0.45413499999998275
10,0,w0_20260416_051032,74,93767,121317.75,313565.25,0.5171649999999642,0.4130099999999933
10,0,w0_20260416_051032,75,51046.5,127755.75,304977.75,0.46483499999999395,0.4092800000000024
10,0,w0_20260416_051032,76,-10000.000000000002,16125.8448,75165.49740000001,0.40249999999997016,0.38590000000001207
10,0,w0_20260416_051032,77,57366.5,54681.75,165291.75,0.36199500000000073,0.5223099999999821
10,0,w0_20260416_051032,78,-470.5,96602.25,124418.25,0.3052099999999922,0.23985000000000217
10,0,w0_20260416_051032,79,-10000.000000000002,38715.43125012001,12179.81517852296,0.07719499999999364,0.3769199999999905
10,0,w0_20260416_051032,80,36877,98081.25,224841.75,0.41702999999997337,0.4300749999999738
10,0,w0_20260416_051032,81,17503,114040.5,223486.5,0.4628200000000045,0.3743200000000002
10,0,w0_20260416_051032,82,409937.75,28686,248006.25,0.9434049999999512,0.4302300000000072
10,0,w0_20260416_051032,83,67777.5,178369.5,304863,0.3585799999999996,0.41398999999999314
10,0,w0_20260416_051032,84,85987,103333.5,309559.5,0.4402499999999917,0.4166500000000001
10,0,w0_20260416_051032,85,328144,52508.25,223137.75,0.9017249999999668,0.3402750000000164
10,0,w0_20260416_051032,86,68440.25,143181,192018.75,0.440704999999989,0.4330050000000204
10,0,w0_20260416_051032,87,325973.75,142275.75,244780.5,0.719054999999949,0.542194999999999
10,0,w0_20260416_051032,88,140169,125317.5,274393.5,0.42427999999999366,0.496164999999982
10,0,w0_20260416_051032,89,143161,211818,309171,0.61197500000001,0.3129550000000068
10,0,w0_20260416_051032,90,104718.25,181431.75,179280,0.606509999999974,0.2949600000000101
10,0,w0_20260416_051032,91,92287.75,47867.25,135765,0.8254299999999537,0.16422500000001283
10,0,w0_20260416_051032,92,62651.75,55168.5,142509.75,0.3507249999999805,0.4225000000000166
10,0,w0_20260416_051032,93,187721.25,146145,170343.75,0.519694999999993,0.5996300000000339
10,0,w0_20260416_051032,94,49907.25,95724,265578.75,0.3453099999999905,0.3772599999999923
10,0,w0_20260416_051032,95,40250.5,36100.5,143139,0.4063200000000056,0.33718500000001816
10,0,w0_20260416_051032,96,102846,145410.75,249593.25,0.48457499999998965,0.40381
10,0,w0_20260416_051032,97,214892.75,134481,165776.25,0.6963649999999423,0.35176999999999053
10,0,w0_20260416_051032,98,146608.5,129645,166246.5,0.6804199999999684,0.26181999999999855
10,0,w0_20260416_051032,99,152557.75,225103.5,288288.75,0.514889999999995,0.43505499999999975
10,0,w0_20260416_051032,100,183772.75,121695,231032.25,0.6923349999999743,0.37861999999999024
10,1,w1_20260416_051855,1,148422.5,182919,91048.5,0.6504699999999888,0.17657499999997928
10,1,w1_20260416_051855,2,1013.5,343467,59449.5,0.3509800000000124,0.2034799999999885
10,1,w1_20260416_051855,3,132241.5,214195.5,56313,0.5907799999999974,0.19905499999998577
10,1,w1_20260416_051855,4,145592.5,203866.5,50751,0.6149949999999881,0.2307199999999979
10,1,w1_20260416_051855,5,96690.25,251757.75,46782,0.5288049999999969,0.17291999999998992
10,1,w1_20260416_051855,6,56381,288181.5,49537.5,0.4561499999999976,0.22522499999999432
10,1,w1_20260416_051855,7,259081.5,74030.25,174008.25,0.8640649999999791,0.195334999999981
10,1,w1_20260416_051855,8,173538.5,190938.75,65262.75,0.6490299999999871,0.3457199999999906
10,1,w1_20260416_051855,9,43267.75,264117.75,56884.5,0.4280499999999977,0.3136950000000154
10,1,w1_20260416_051855,10,58530.75,283102.5,98826.75,0.43557999999999686,0.3448749999999852
10,1,w1_20260416_051855,11,148963.75,203250,64886.25,0.6269699999999853,0.23158999999999796
10,1,w1_20260416_051855,12,85650,271959,74151,0.4831500000000035,0.3786349999999883
10,1,w1_20260416_051855,13,228899,126696,69915,0.7672199999999866,0.1927399999999912
10,1,w1_20260416_051855,14,45904.25,290082.75,67893,0.42286999999999086,0.25550000000000667
10,1,w1_20260416_051855,15,73555,263121,153684,0.4651399999999874,0.33642499999997455
10,1,w1_20260416_051855,16,138801,228197.25,146541.75,0.5794149999999995,0.3240949999999877
10,1,w1_20260416_051855,17,213487,160683.75,87599.25,0.7078299999999914,0.3437650000000013
10,1,w1_20260416_051855,18,132050.25,285181.5,245648.25,0.4671099999999905,0.4710650000000299
10,1,w1_20260416_051855,19,369036.25,111428.25,215875.5,0.7998949999999684,0.5601549999999984
10,1,w1_20260416_051855,20,97012.25,240465.75,155322,0.5255399999999909,0.33095999999999215
10,1,w1_20260416_051855,21,145681.75,204057.75,89950.5,0.611619999999954,0.21708999999999645
10,1,w1_20260416_051855,22,100718,227241.75,153560.25,0.5505049999999866,0.2714500000000021
10,1,w1_20260416_051855,23,180857.5,188532.75,115929.75,0.6591799999999673,0.31088500000001257
10,1,w1_20260416_051855,24,236117,148255.5,163117.5,0.7369449999999733,0.3889799999999892
10,1,w1_20260416_051855,25,270571,125965.5,201043.5,0.7756849999999739,0.408474999999991
10,1,w1_20260416_051855,26,199961.25,169992,139176.75,0.6979449999999681,0.26932499999999177
10,1,w1_20260416_051855,27,146965.25,230354.25,219910.5,0.5832549999999779,0.34391000000001043
10,1,w1_20260416_051855,28,132823.75,274733.25,309033,0.5129899999999847,0.389215000000002
10,1,w1_20260416_051855,29,58324.5,250993.5,198612,0.43210000000000026,0.29285499999999587
10,1,w1_20260416_051855,30,133572.25,224476.5,86681.25,0.5956049999999831,0.16907499999999012
10,1,w1_20260416_051855,31,170853.25,232893.75,204993,0.5426949999999678,0.4413699999999916
10,1,w1_20260416_051855,32,195330.75,177818.25,181971,0.6854349999999952,0.30328499999998415
10,1,w1_20260416_051855,33,337311.75,196116,128252.25,0.5483699999999841,0.7565749999999453
10,1,w1_20260416_051855,34,88479.5,223666.5,267714,0.5168400000000132,0.3441650000000023
10,1,w1_20260416_051855,35,255190.5,152540.25,265379.25,0.6991449999999803,0.45348500000000824
10,1,w1_20260416_051855,36,461239.75,67029,208301.25,0.8806749999999818,0.6125650000000242
10,1,w1_20260416_051855,37,318100,72336.75,300623.25,0.8739949999999546,0.3301800000000127
10,1,w1_20260416_051855,38,134693,203557.5,279409.5,0.5792150000000047,0.3419650000000225
10,1,w1_20260416_051855,39,348078.5,81369.75,272211.75,0.8557549999999906,0.4120100000000167
10,1,w1_20260416_051855,40,76666.75,191718.75,219334.5,0.4281849999999998,0.3097750000000143
10,1,w1_20260416_051855,41,94805.75,161945.25,245739,0.4492649999999973,0.3569850000000242
10,1,w1_20260416_051855,42,113351.75,197266.5,279531.75,0.512264999999984,0.3928050000000118
10,1,w1_20260416_051855,43,157230.75,174401.25,257568,0.5656649999999779,0.3963500000000283
10,1,w1_20260416_051855,44,175475.75,164422.5,250611.75,0.5645149999999765,0.4170800000000125
10,1,w1_20260416_051855,45,3801,125013.75,240875.25,0.2551199999999754,0.4087100000000245
10,1,w1_20260416_051855,46,26042.5,74929.5,298548,0.5334899999999637,0.37200000000001066
10,1,w1_20260416_051855,47,173525.5,166076.25,259958.25,0.651624999999961,0.4115200000000036
10,1,w1_20260416_051855,48,144992.5,81420.75,231216.75,0.7296099999999986,0.38237500000001934
10,1,w1_20260416_051855,49,24653,102647.25,254019.75,0.4027950000000165,0.3468300000000136
10,1,w1_20260416_051855,50,69978.5,159661.5,174390,0.4498149999999893,0.28369000000001315
10,1,w1_20260416_051855,51,399744,55397.25,247578.75,0.8934149999999367,0.4974600000000232
10,1,w1_20260416_051855,52,343999,83172,261789,0.8546399999999912,0.4214099999999854
10,1,w1_20260416_051855,53,48286.25,156903,258810.75,0.4025749999999984,0.3705750000000432
10,1,w1_20260416_051855,54,180465.75,190791,288173.25,0.5882549999999678,0.4230299999999932
10,1,w1_20260416_051855,55,361498.25,73139.25,235252.5,0.8738449999999442,0.44970999999999783
10,1,w1_20260416_051855,56,338608.25,65205.75,224586,0.8891699999999566,0.36033000000000054
10,1,w1_20260416_051855,57,307845,95937.75,211457.25,0.83568999999997,0.3481050000000015
10,1,w1_20260416_051855,58,166417.5,207038.25,279134.25,0.4861949999999957,0.43660499999999647
10,1,w1_20260416_051855,59,230213.25,172400.25,231406.5,0.6967799999999877,0.35633499999999624
10,1,w1_20260416_051855,60,135425.75,241161.75,241432.5,0.5337149999999762,0.386645000000009
10,1,w1_20260416_051855,61,174422,196122,292956,0.5853300000000017,0.4049750000000185
10,1,w1_20260416_051855,62,316654,102580.5,266635.5,0.8237799999999861,0.3932850000000011
10,1,w1_20260416_051855,63,263332.75,139663.5,206163.75,0.7587349999999526,0.38622000000000634
10,1,w1_20260416_051855,64,330024.5,78993,250462.5,0.8652949999999789,0.36625500000000266
10,1,w1_20260416_051855,65,179835.5,189735,247039.5,0.6356449999999921,0.39403500000001895
10,1,w1_20260416_051855,66,163666,130101.75,263282.25,0.5745599999999581,0.45680999999999966
10,1,w1_20260416_051855,67,85209.75,141846,254594.25,0.4816999999999893,0.38719000000000103
10,1,w1_20260416_051855,68,143447.25,133360.5,214382.25,0.6115449999999857,0.3660800000000023
10,1,w1_20260416_051855,69,325353.5,62774.25,227702.25,0.8851100000000044,0.3750249999999985
10,1,w1_20260416_051855,70,-10000,53503.875,122613.375,0.6983449999999164,0.5164249999999928
10,1,w1_20260416_051855,71,51507.25,67557.75,281205,0.5876000000000086,0.39551000000001607
10,1,w1_20260416_051855,72,273707.5,110526,240886.5,0.7839099999999878,0.3918849999999999
10,1,w1_20260416_051855,73,154547.5,203325,236707.5,0.6138249999999863,0.3570100000000013
10,1,w1_20260416_051855,74,192397.5,198724.5,266268,0.6471949999999635,0.3686250000000045
10,1,w1_20260416_051855,75,155594.25,155236.5,271169.25,0.5644199999999758,0.38421500000001274
10,1,w1_20260416_051855,76,83623,95316.75,242540.25,0.5410299999999978,0.3609199999999979
10,1,w1_20260416_051855,77,248374.75,164847,269678.25,0.6876599999999479,0.42662999999999945
10,1,w1_20260416_051855,78,259863.25,168180.75,285876,0.7121549999999384,0.41047500000000864
10,1,w1_20260416_051855,79,328079.25,81734.25,204406.5,0.8622999999999287,0.39888000000001
10,1,w1_20260416_051855,80,123820.25,121403.25,273676.5,0.6012650000000068,0.3468800000000059
10,1,w1_20260416_051855,81,195591.25,103086.75,274392,0.5776350000000242,0.4142549999999972
10,1,w1_20260416_051855,82,136906.5,75530.25,281783.25,0.5760099999999854,0.35936000000000845
10,1,w1_20260416_051855,83,187182.75,137808,286769.25,0.6066649999999915,0.414974999999993
10,1,w1_20260416_051855,84,92022.5,65251.5,216786,0.5824899999999636,0.3177400000000273
10,1,w1_20260416_051855,85,55801.25,103669.5,197849.25,0.4432849999999933,0.3368150000000159
10,1,w1_20260416_051855,86,105863.5,68994,243322.5,0.5943149999999813,0.3953849999999884
10,1,w1_20260416_051855,87,409037.5,45347.25,276785.25,0.9208299999999404,0.4651649999999965
10,1,w1_20260416_051855,88,42744.25,97224,229701.75,0.5267899999999645,0.38694000000000106
10,1,w1_20260416_051855,89,207100.75,174936.75,224272.5,0.6808149999999837,0.3881449999999949
10,1,w1_20260416_051855,90,79151.25,101053.5,235655.25,0.6060200000000053,0.3163450000000116
10,1,w1_20260416_051855,91,99171,165437.25,282621.75,0.5200899999999921,0.404235000000005
10,1,w1_20260416_051855,92,13910.25,80056.5,194153.25,0.616984999999945,0.3461200000000087
10,1,w1_20260416_051855,93,37896,123962.25,258351.75,0.4150949999999938,0.36987000000001335
10,1,w1_20260416_051855,94,68684.75,100183.5,298341.75,0.5864449999999821,0.34724499999999364
10,1,w1_20260416_051855,95,101603,143733,268284,0.6340599999999889,0.3565200000000181
10,1,w1_20260416_051855,96,111727.75,113551.5,261810.75,0.5958600000000017,0.3518800000000146
10,1,w1_20260416_051855,97,198774,183027,188589,0.6739549999999963,0.3564699999999951
10,1,w1_20260416_051855,98,45711.5,137542.5,303516,0.37234500000000087,0.3701599999999986
10,1,w1_20260416_051855,99,69906.25,115346.25,247657.5,0.5381249999999989,0.3438200000000109
10,1,w1_20260416_051855,100,-10000,62529,98073,0.5282449999999764,0.3745200000000107
11,0,w0_20260416_052722,1,218744.75,113946,109739.25,0.7791149999999762,0.20790999999999693
11,0,w0_20260416_052722,2,269563.5,80238,57148.5,0.8508799999999864,0.1939449999999907
11,0,w0_20260416_052722,3,66523.5,285427.5,68259,0.4739850000000006,0.22894499999999557
11,0,w0_20260416_052722,4,172890.5,181095.75,52593.75,0.6670399999999674,0.1838199999999935
11,0,w0_20260416_052722,5,50719.25,299946.75,57414,0.44559499999999513,0.19935999999999343
11,0,w0_20260416_052722,6,141055,215411.25,45843.75,0.6073149999999978,0.1880799999999951
11,0,w0_20260416_052722,7,41886.75,317112,41741.25,0.42431499999999234,0.17701499999998588
11,0,w0_20260416_052722,8,-10000,83876.55,14575.5,0.3419900000000247,0.18604499999999588
11,0,w0_20260416_052722,9,186864.75,174762,54173.25,0.685439999999987,0.2588850000000045
11,0,w0_20260416_052722,10,-10000,44288.25,20592.75,0.2926350000000027,0.18873999999998897
11,0,w0_20260416_052722,11,173337.5,174531,41341.5,0.6722949999999854,0.21665499999999116
11,0,w0_20260416_052722,12,42440.75,266268.75,75280.5,0.4362700000000071,0.2245100000000051
11,0,w0_20260416_052722,13,240157.5,110099.25,90323.25,0.8017799999999703,0.14563999999999272
11,0,w0_20260416_052722,14,27977.75,189912,50090.25,0.3345949999999928,0.40375499999999315
11,0,w0_20260416_052722,15,262843.25,109571.25,38875.5,0.8016149999999876,0.43528499999998793
11,0,w0_20260416_052722,16,66633.75,274125.75,42190.5,0.45154499999999215,0.22757500000000008
11,0,w0_20260416_052722,17,287403.25,73624.5,109622.25,0.8675899999999883,0.2643899999999959
11,0,w0_20260416_052722,18,11068.5,187051.5,78750,0.2960000000000074,0.22146499999999036
11,0,w0_20260416_052722,19,158868.5,199814.25,56597.25,0.6341850000000047,0.2213650000000045
11,0,w0_20260416_052722,20,33928.25,196217.25,42034.5,0.3434400000000062,0.17396999999999851
11,0,w0_20260416_052722,21,156223.75,203406.75,50029.5,0.6213899999999926,0.2279249999999942
11,0,w0_20260416_052722,22,112409,154381.5,51949.5,0.5289700000000006,0.22764500000000237
11,0,w0_20260416_052722,23,307389.75,59202,87548.25,0.8953899999999909,0.3029900000000052
11,0,w0_20260416_052722,24,15677.25,91800,59922.75,0.5362500000000118,0.24582499999999924
11,0,w0_20260416_052722,25,302514,62192.25,72363.75,0.890734999999971,0.17913999999999708
11,0,w0_20260416_052722,26,990.75,141823.5,137595.75,0.3532400000000279,0.4352800000000475
11,0,w0_20260416_052722,27,139181.25,163169.25,30319.5,0.6330699999999835,0.20942499999998485
11,0,w0_20260416_052722,28,76443,263116.5,27910.5,0.4915299999999963,0.3192400000000119
11,0,w0_20260416_052722,29,46726,267179.25,57744.75,0.4214649999999824,0.19284999999999303
11,0,w0_20260416_052722,30,56044,224664,47052,0.4280499999999907,0.2159100000000039
11,0,w0_20260416_052722,31,67151.75,222238.5,42519.75,0.44586000000000375,0.15899999999999578
11,0,w0_20260416_052722,32,155657,178410,158703,0.6228200000000048,0.2681199999999908
11,0,w0_20260416_052722,33,454191,118521.75,98117.25,0.7898400000000089,0.7678750000000208
11,0,w0_20260416_052722,34,222750,169171.5,164788.5,0.705229999999976,0.29684500000000497
11,0,w0_20260416_052722,35,423789.75,89256.75,193663.5,0.8448449999999837,0.5542399999999877
11,0,w0_20260416_052722,36,11162.75,227807.25,32850,0.31888500000001274,0.09079499999999986
11,0,w0_20260416_052722,37,355620.75,111429,245870.25,0.797789999999994,0.4681700000000019
11,0,w0_20260416_052722,38,-554.5,132945,41509.5,0.2339800000000184,0.17719500000000252
11,0,w0_20260416_052722,39,6213.5,72632.25,44984.25,0.5464299999999875,0.2268549999999989
11,0,w0_20260416_052722,40,-468.75,47781,85377.75,0.3847799999999964,0.2603099999999941
11,0,w0_20260416_052722,41,32449,162346.5,45574.5,0.5391650000000056,0.18206499999999645
11,0,w0_20260416_052722,42,31363,161411.25,26265.75,0.4161500000000062,0.2228500000000014
11,0,w0_20260416_052722,43,73486.25,132489,33024.75,0.5327199999999928,0.1205049999999993
11,0,w0_20260416_052722,44,51500,233298.75,30191.25,0.454849999999991,0.17384500000000463
11,0,w0_20260416_052722,45,150482.75,206565.75,52351.5,0.6383449999999689,0.12731500000000048
11,0,w0_20260416_052722,46,85160.5,281085,52384.5,0.4988050000000315,0.1476299999999903
11,0,w0_20260416_052722,47,288896.75,101825.25,171528,0.8241599999999684,0.32680999999999594
11,0,w0_20260416_052722,48,186321.75,224596.5,278001.75,0.5718399999999959,0.4471849999999978
11,0,w0_20260416_052722,49,232903.25,188009.25,285247.5,0.6757699999999611,0.40287000000000345
11,0,w0_20260416_052722,50,207134.5,172361.25,250274.25,0.6242899999999982,0.4520949999999888
11,0,w0_20260416_052722,51,264172.25,98049,84888.75,0.8266699999999538,0.20575999999999675
11,0,w0_20260416_052722,52,84790.25,278139,102480.75,0.48554999999997345,0.3225150000000048
11,0,w0_20260416_052722,53,171586,220182,242532,0.5822949999999725,0.3755100000000043
11,0,w0_20260416_052722,54,187972,216303.75,273494.25,0.5248549999999939,0.4778899999999927
11,0,w0_20260416_052722,55,308743.25,101261.25,281845.5,0.8070699999999638,0.39907500000000223
11,0,w0_20260416_052722,56,315710.25,112985.25,282184.5,0.7972049999999593,0.41782500000001166
11,0,w0_20260416_052722,57,60852.5,117174.75,275982.75,0.47085000000001737,0.4204050000000001
11,0,w0_20260416_052722,58,89019.5,232104.75,179835.75,0.5016499999999954,0.32826999999999645
11,0,w0_20260416_052722,59,166375.25,219913.5,259631.25,0.5339249999999879,0.4405000000000068
11,0,w0_20260416_052722,60,493643,50847,204780,0.910339999999974,0.6211899999999958
11,0,w0_20260416_052722,61,442981.25,36210,269868.75,0.938435000000026,0.49125000000000346
11,0,w0_20260416_052722,62,57273.25,124185,279891.75,0.35881500000000865,0.4545450000000158
11,0,w0_20260416_052722,63,407383.25,30762.75,311424,0.934530000000005,0.42312000000001343
11,0,w0_20260416_052722,64,323329,99731.25,285369.75,0.8310499999999756,0.38072000000000006
11,0,w0_20260416_052722,65,167360,255589.5,281740.5,0.5686149999999881,0.3697049999999977
11,0,w0_20260416_052722,66,236943.5,196006.5,274470,0.6682450000000043,0.4014300000000024
11,0,w0_20260416_052722,67,164431.25,250779.75,289989,0.5475849999999651,0.3944350000000071
11,0,w0_20260416_052722,68,137237.5,281997.75,299274.75,0.47438999999996806,0.42694500000000407
11,0,w0_20260416_052722,69,235133.75,197287.5,302928.75,0.6660399999999479,0.39620999999998546
11,0,w0_20260416_052722,70,175970.75,265467,301502.25,0.5281449999999727,0.4439449999999887
11,0,w0_20260416_052722,71,151344.75,215478.75,246886.5,0.5853350000000024,0.33606000000000213
11,0,w0_20260416_052722,72,26720.5,234786.75,155922.75,0.3460200000000459,0.33707500000003265
11,0,w0_20260416_052722,73,133815.5,187365,181039.5,0.5971349999999566,0.2964700000000019
11,0,w0_20260416_052722,74,377826,100395.75,250538.25,0.8296649999999894,0.4858750000000064
11,0,w0_20260416_052722,75,178323.25,268908.75,314358,0.5391149999999628,0.43183499999999697
11,0,w0_20260416_052722,76,89021.25,228082.5,261656.25,0.34392000000001394,0.4755950000000059
11,0,w0_20260416_052722,77,-10000,78376.2,59216.1,0.18968500000000907,0.7699449999999831
11,0,w0_20260416_052722,78,334440.25,54417,209712.75,0.9060049999999792,0.30097999999999214
11,0,w0_20260416_052722,79,32834.5,211929.75,162825.75,0.3369650000000464,0.3617550000000097
11,0,w0_20260416_052722,80,65137.5,54512.25,253490.25,0.43692500000003104,0.46910500000000166
11,0,w0_20260416_052722,81,328642.25,117435.75,298302,0.7936849999999557,0.4309199999999837
11,0,w0_20260416_052722,82,205879,239583,314388,0.5817899999999687,0.4381100000000021
11,0,w0_20260416_052722,83,377275.75,30859.5,316434.75,0.948065000000005,0.3498200000000028
11,0,w0_20260416_052722,84,52095.5,162292.5,297192,0.410439999999988,0.3757249999999984
11,0,w0_20260416_052722,85,-9999.999999999998,53143.33726803679,86098.26364639036,0.18772500000000836,0.3954149999999841
11,0,w0_20260416_052722,86,-10000,27482.25,26556.75,0.37429999999998487,0.35901500000003367
11,0,w0_20260416_052722,87,47951.25,130572.75,192066,0.4505100000000385,0.35903499999999994
11,0,w0_20260416_052722,88,101260.75,122961.75,257377.5,0.4310299999999943,0.4252400000000086
11,0,w0_20260416_052722,89,258756.5,163453.5,251040,0.7234049999999527,0.3881650000000017
11,0,w0_20260416_052722,90,81632.75,204171,255896.25,0.36065499999999334,0.4239250000000047
11,0,w0_20260416_052722,91,22745,178976.25,322038.75,0.31580500000001593,0.39267499999998223
11,0,w0_20260416_052722,92,148930.5,208109.25,240560.25,0.5856699999999847,0.35894499999999946
11,0,w0_20260416_052722,93,1395,73817.25,353457.75,0.36195499999997305,0.3470700000000063
11,0,w0_20260416_052722,94,177973,196288.5,298858.5,0.6146949999999326,0.3941350000000081
11,0,w0_20260416_052722,95,234860.75,187673.25,329046,0.6829399999999533,0.3955399999999946
11,0,w0_20260416_052722,96,368824.25,53236.5,323969.25,0.9087900000000264,0.3932850000000008
11,0,w0_20260416_052722,97,73119.75,242373,280937.25,0.4270050000000056,0.3906049999999968
11,0,w0_20260416_052722,98,137749.5,207974.25,286946.25,0.5283849999999883,0.37533000000000094
11,0,w0_20260416_052722,99,209975.75,212087.25,325317,0.6382749999999864,0.38613499999999024
11,0,w0_20260416_052722,100,352156,48501.75,358502.25,0.9102599999999692,0.353640000000016
11,1,w1_20260416_053548,1,174247.5,161463,122359.5,0.6946849999999853,0.19328499999998833
11,1,w1_20260416_053548,2,262461.5,87114.75,59703.75,0.8391699999999782,0.1724199999999975
11,1,w1_20260416_053548,3,149243.25,203040.75,49386,0.6256349999999942,0.1822749999999869
11,1,w1_20260416_053548,4,172529.25,181318.5,55022.25,0.6657800000000147,0.2084599999999858
11,1,w1_20260416_053548,5,44276,308619.75,53024.25,0.4306900000000287,0.22096999999999983
11,1,w1_20260416_053548,6,6397.75,147471,51011.25,0.4393400000000279,0.19252499999999356
11,1,w1_20260416_053548,7,55589.75,273651,41429.25,0.448115000000016,0.16951499999998834
11,1,w1_20260416_053548,8,69976.5,275414.25,43739.25,0.483925000000011,0.17632999999999904
11,1,w1_20260416_053548,9,61656.5,229212,66751.5,0.4567800000000155,0.2610049999999983
11,1,w1_20260416_053548,10,165434.25,190385.25,54340.5,0.6521549999999972,0.22815499999999037
11,1,w1_20260416_053548,11,40641.75,197559.75,202648.5,0.3767500000000221,0.33612999999999066
11,1,w1_20260416_053548,12,126432.25,215846.25,67291.5,0.5847699999999941,0.22689999999999985
11,1,w1_20260416_053548,13,229766,130976.25,91437.75,0.7615299999999795,0.22992500000000715
11,1,w1_20260416_053548,14,6787.5,215828.25,110144.25,0.3089900000000161,0.2390250000000034
11,1,w1_20260416_053548,15,140614.25,185094,134151.75,0.6113199999999974,0.45508000000001086
11,1,w1_20260416_053548,16,360642,119097,182931,0.7653200000000153,0.5985799999999644
11,1,w1_20260416_053548,17,261733.25,149130.75,282726,0.7217699999999865,0.4272100000000083
11,1,w1_20260416_053548,18,137628.5,245163.75,232917.75,0.5243950000000213,0.3791349999999992
11,1,w1_20260416_053548,19,87661,221112,251697,0.429785000000004,0.3827699999999915
11,1,w1_20260416_053548,20,101700.25,169430.25,226309.5,0.4278600000000118,0.46604500000001353
11,1,w1_20260416_053548,21,212029.25,160953,237867.75,0.6781949999999876,0.3622849999999952
11,1,w1_20260416_053548,22,231431.5,169510.5,238428,0.6941799999999795,0.36820000000000547
11,1,w1_20260416_053548,23,128905.25,259528.5,196556.25,0.49196500000001736,0.4199650000000222
11,1,w1_20260416_053548,24,176398.75,191278.5,176502.75,0.6065849999999976,0.3560400000000034
11,1,w1_20260416_053548,25,287335.5,133862.25,245042.25,0.7527399999999999,0.4170400000000105
11,1,w1_20260416_053548,26,206561,186963,207516,0.6540250000000137,0.3719899999999977
11,1,w1_20260416_053548,27,204594.75,174875.25,173010,0.6754449999999828,0.33326000000000616
11,1,w1_20260416_053548,28,42574,172445.25,178920.75,0.3229250000000128,0.42078500000002605
11,1,w1_20260416_053548,29,96096,168378.75,210245.25,0.5054800000000186,0.3928650000000078
11,1,w1_20260416_053548,30,118046.5,172932,244231.5,0.4765400000000112,0.42948000000000136
11,1,w1_20260416_053548,31,304302,90678.75,124319.25,0.8372549999999881,0.4345350000000275
11,1,w1_20260416_053548,32,31331.75,91562.25,75666,0.4643350000000177,0.335684999999993
11,1,w1_20260416_053548,33,92827.75,204858.75,190753.5,0.5000050000000237,0.27759500000002224
11,1,w1_20260416_053548,34,50249.5,75024,114016.5,0.5598350000000073,0.33082499999999654
11,1,w1_20260416_053548,35,371327,50307.75,186155.25,0.9117250000000008,0.4361400000000036
11,1,w1_20260416_053548,36,105920.25,189676.5,168623.25,0.42099999999999727,0.383395000000002
11,1,w1_20260416_053548,37,101668,94769.25,160302.75,0.418105000000032,0.407580000000002
11,1,w1_20260416_053548,38,112657,155355,141768,0.5460600000000106,0.299320000000002
11,1,w1_20260416_053548,39,94230.25,162705,184104.75,0.4287600000000125,0.474654999999982
11,1,w1_20260416_053548,40,109295.75,154496.25,125208,0.5768300000000115,0.2731300000000017
11,1,w1_20260416_053548,41,315600.75,56742,123917.25,0.8946100000000002,0.28546999999999895
11,1,w1_20260416_053548,42,271988.25,107081.25,134950.5,0.7958199999999529,0.3754000000000349
11,1,w1_20260416_053548,43,171622.5,141134.25,102383.25,0.6913699999999686,0.25107499999999094
11,1,w1_20260416_053548,44,114388.25,157299,110412.75,0.6297049999999998,0.2254099999999966
11,1,w1_20260416_053548,45,43410.5,110880,111559.5,0.45464000000003424,0.33033500000000665
11,1,w1_20260416_053548,46,104997.75,194009.25,97143,0.56949999999998,0.21119499999998315
11,1,w1_20260416_053548,47,332265.75,32868.75,83455.5,0.93994499999996,0.16726499999999808
11,1,w1_20260416_053548,48,197911.5,175091.25,80747.25,0.6993249999999487,0.19156999999999724
11,1,w1_20260416_053548,49,193273,124795.5,101941.5,0.761079999999975,0.2791699999999926
11,1,w1_20260416_053548,50,133002,236472,47706,0.5745750000000035,0.3870400000000015
11,1,w1_20260416_053548,51,60182.25,84108.75,74349,0.5643850000000107,0.3020749999999806
11,1,w1_20260416_053548,52,72941.25,116340,81378.75,0.5831349999999783,0.25392999999998844
11,1,w1_20260416_053548,53,78624,164698.5,249907.5,0.48197500000002264,0.3807900000000163
11,1,w1_20260416_053548,54,164511.75,180710.25,123198,0.663164999999989,0.1793749999999865
11,1,w1_20260416_053548,55,330007,78023.25,196359.75,0.8636199999999713,0.3312800000000162
11,1,w1_20260416_053548,56,41125.75,101208.75,65095.5,0.47729000000001215,0.2651599999999927
11,1,w1_20260416_053548,57,112523.5,112154.25,68792.25,0.5714449999999882,0.2786199999999865
11,1,w1_20260416_053548,58,70831,131075.25,43023.75,0.63667499999993,0.35169999999999224
11,1,w1_20260416_053548,59,-7762.75,73014.75,69138,0.4927799999999799,0.3613049999999947
11,1,w1_20260416_053548,60,88226.5,100555.5,54888,0.6424149999999755,0.27462999999999144
11,1,w1_20260416_053548,61,307727.5,61852.5,188820,0.8930199999999809,0.1900899999999952
11,1,w1_20260416_053548,62,36966,192213.75,54410.25,0.4885300000000049,0.25566000000000527
11,1,w1_20260416_053548,63,-4196,97034.25,49161.75,0.3072600000000002,0.29809499999999234
11,1,w1_20260416_053548,64,2014,113976.75,67679.25,0.3077249999999864,0.386025000000007
11,1,w1_20260416_053548,65,451566.5,26101.5,233772,0.9460099999999962,0.5505300000000092
11,1,w1_20260416_053548,66,411503.25,31070.25,278416.5,0.9473699999999984,0.4455599999999933
11,1,w1_20260416_053548,67,273032.25,115026.75,210051,0.7978649999999801,0.32378499999999183
11,1,w1_20260416_053548,68,323556,142552.5,257401.5,0.7449200000000008,0.498760000000007
11,1,w1_20260416_053548,69,105302.75,235975.5,145131.75,0.5624299999999924,0.2260999999999866
11,1,w1_20260416_053548,70,81467.25,119682,102630.75,0.6829599999999814,0.27625499999999503
11,1,w1_20260416_053548,71,198662.25,205029,253428.75,0.6391249999999935,0.4265199999999845
11,1,w1_20260416_053548,72,136697.75,194509.5,235602.75,0.5927949999999883,0.38180500000000583
11,1,w1_20260416_053548,73,334383.25,132232.5,233594.25,0.7620849999999745,0.5251449999999726
11,1,w1_20260416_053548,74,98881,215020.5,122368.5,0.5745699999999593,0.2715450000000316
11,1,w1_20260416_053548,75,111239.25,161436,246984.75,0.529645000000022,0.4004449999999925
11,1,w1_20260416_053548,76,64574.5,218955.75,100869.75,0.48635999999999896,0.1738249999999915
11,1,w1_20260416_053548,77,225606,169751.25,224952.75,0.655794999999975,0.4498799999999915
11,1,w1_20260416_053548,78,164400,169992,59268,0.6518300000000098,0.3921999999999909
11,1,w1_20260416_053548,79,36076,181311,89793,0.42871500000000623,0.1924349999999836
11,1,w1_20260416_053548,80,5966.5,197502.75,134760.75,0.3850049999999986,0.2972399999999956
11,1,w1_20260416_053548,81,310925.25,52074.75,221700,0.8945249999999635,0.302320000000004
11,1,w1_20260416_053548,82,332197.5,47967.75,157434.75,0.9193499999999596,0.23941999999999347
11,1,w1_20260416_053548,83,195883.75,194597.25,29439,0.6709249999999909,0.18126499999999116
11,1,w1_20260416_053548,84,129550.25,228225.75,52164,0.5829349999999704,0.1843349999999888
11,1,w1_20260416_053548,85,143904.75,178378.5,47436.75,0.6604199999999989,0.2079449999999824
11,1,w1_20260416_053548,86,314191.5,59080.5,46788,0.8957499999999698,0.3589099999999893
11,1,w1_20260416_053548,87,151520.25,200239.5,33770.25,0.6299699999999789,0.16364999999999105
11,1,w1_20260416_053548,88,101758.5,192443.25,53468.25,0.5720399999999656,0.19959499999999375
11,1,w1_20260416_053548,89,59322.25,165457.5,42020.25,0.45265000000002864,0.2771249999999867
11,1,w1_20260416_053548,90,121084,157607.25,44178.75,0.6071349999999486,0.3099750000000011
11,1,w1_20260416_053548,91,84369,172095,50076,0.5595950000000111,0.16360499999999106
11,1,w1_20260416_053548,92,201061,177712.5,33586.5,0.695694999999979,0.2553600000000076
11,1,w1_20260416_053548,93,320652.5,59930.25,38177.25,0.8978099999999164,0.21598999999999463
11,1,w1_20260416_053548,94,66030.25,110721.75,29088,0.480970000000016,0.46778499999998546
11,1,w1_20260416_053548,95,303056.75,60972,35531.25,0.887044999999846,0.2096099999999859
11,1,w1_20260416_053548,96,18048,95561.25,88890.75,0.35347499999994564,0.3810950000000032
11,1,w1_20260416_053548,97,74721.75,144717.75,231070.5,0.4230150000000118,0.446435000000009
11,1,w1_20260416_053548,98,47271.25,83769,182049.75,0.5693850000000262,0.35688000000000353
11,1,w1_20260416_053548,99,34217.75,95938.5,66063.75,0.5708550000000107,0.463844999999982
11,1,w1_20260416_053548,100,245425,136989.75,153155.25,0.7531399999999046,0.378910000000025
12,0,w0_20260416_054421,1,242397.75,90782.25,98640,0.82413499999996,0.16682000000000338
12,0,w0_20260416_054421,2,180795.25,171128.25,50746.5,0.684090000000024,0.18106500000000353
12,0,w0_20260416_054421,3,95531,255681.75,50777.25,0.5308700000000056,0.1385549999999995
12,0,w0_20260416_054421,4,43557.75,305606.25,53676,0.4323850000000128,0.18536999999999323
12,0,w0_20260416_054421,5,-2448,225660.75,72107.25,0.3407400000000105,0.15129999999999436
12,0,w0_20260416_054421,6,137003,210929.25,62847.75,0.6086400000000063,0.1730000000000029
12,0,w0_20260416_054421,7,73765.25,267579.75,47325,0.49117500000001335,0.15101999999999624
12,0,w0_20260416_054421,8,33014.75,158559,40736.25,0.41549000000002606,0.19338499999999967
12,0,w0_20260416_054421,9,8609,147640.5,50980.5,0.43680500000000705,0.16354500000000444
12,0,w0_20260416_054421,10,146354.75,216956.25,36729,0.6004150000000152,0.3653949999999976
12,0,w0_20260416_054421,11,67686.5,252217.5,34836,0.4905950000000048,0.2610300000000086
12,0,w0_20260416_054421,12,216674.5,138306.75,68898.75,0.751925000000017,0.1264849999999974
12,0,w0_20260416_054421,13,53996.5,229011.75,51591.75,0.4834399999999964,0.1547399999999921
12,0,w0_20260416_054421,14,137175.25,252326.25,83938.5,0.5157900000000031,0.44735999999997295
12,0,w0_20260416_054421,15,444917.25,186105.75,85887,0.6581550000000298,0.8148399999999668
12,0,w0_20260416_054421,16,299241,142039.5,293299.5,0.7352249999999415,0.4707750000000108
12,0,w0_20260416_054421,17,133289.25,235461.75,182739,0.5669350000000101,0.30317999999997947
12,0,w0_20260416_054421,18,114281.5,258618.75,217509.75,0.5400450000000188,0.2985000000000163
12,0,w0_20260416_054421,19,159423.5,277072.5,241224,0.5032450000000028,0.4332249999999946
12,0,w0_20260416_054421,20,235920.75,197700.75,259888.5,0.6520850000000071,0.4332949999999971
12,0,w0_20260416_054421,21,156070,270750.75,279419.25,0.5203500000000073,0.424499999999999
12,0,w0_20260416_054421,22,277098.25,124474.5,251537.25,0.7793099999999751,0.375810000000016
12,0,w0_20260416_054421,23,241602.5,161357.25,271370.25,0.7149700000000025,0.3697200000000039
12,0,w0_20260416_054421,24,226472,195038.25,281319.75,0.6595949999999743,0.416519999999996
12,0,w0_20260416_054421,25,54818.25,181113,249408.75,0.28314000000001377,0.4993099999999831
12,0,w0_20260416_054421,26,226394,199430.25,276645.75,0.6432849999999826,0.43089500000001374
12,0,w0_20260416_054421,27,274980,162774.75,279425.25,0.7075249999999731,0.4506349999999943
12,0,w0_20260416_054421,28,77700.25,239217,278772.75,0.4936049999999811,0.3400749999999989
12,0,w0_20260416_054421,29,185338.75,216797.25,240744,0.6198450000000031,0.3399799999999938
12,0,w0_20260416_054421,30,339834,69257.25,247668.75,0.8792599999999012,0.3816400000000081
12,0,w0_20260416_054421,31,140486.5,248368.5,298905,0.5094900000000017,0.41673000000001587
12,0,w0_20260416_054421,32,73611,273672,251097,0.42673000000001177,0.3401149999999915
12,0,w0_20260416_054421,33,346549.75,77508.75,273001.5,0.8661449999999861,0.41631500000001487
12,0,w0_20260416_054421,34,61865.75,267354,247940.25,0.4031399999999926,0.3538750000000072
12,0,w0_20260416_054421,35,-3207.25,302712,243485.25,0.3725699999999958,0.2046299999999986
12,0,w0_20260416_054421,36,201088.75,231172.5,269598.75,0.580000000000015,0.4553000000000138
12,0,w0_20260416_054421,37,6631.5,119584.5,167694,0.28424499999999886,0.32733500000000904
12,0,w0_20260416_054421,38,215475.25,167526.75,195018,0.6961199999999712,0.3257500000000081
12,0,w0_20260416_054421,39,339507.25,48289.5,258893.25,0.9167699999999346,0.32083
12,0,w0_20260416_054421,40,146042.75,245772,186995.25,0.5772149999999974,0.33804500000001164
12,0,w0_20260416_054421,41,265740.75,115884.75,184054.5,0.7990099999999422,0.2904200000000095
12,0,w0_20260416_054421,42,17336.5,155514,214939.5,0.29950500000000946,0.3528749999999961
12,0,w0_20260416_054421,43,238131.5,157444.5,241404,0.7154450000000601,0.3793099999999988
12,0,w0_20260416_054421,44,217284.75,162120,191195.25,0.7184849999999564,0.267565000000007
12,0,w0_20260416_054421,45,160488.75,178130.25,223791,0.4270900000000005,0.5529499999999913
12,0,w0_20260416_054421,46,283351.75,157201.5,280236.75,0.72384999999994315,0.4425999999999952
12,0,w0_20260416_054421,47,235611.5,178948.5,275490,0.6935799999999787,0.3846399999999885
12,0,w0_20260416_054421,48,325100.75,62778.75,248140.5,0.8927749999999827,0.31613499999999056
12,0,w0_20260416_054421,49,93217.25,293316.75,240936,0.4823599999999933,0.34518499999999747
12,0,w0_20260416_054421,50,103387.25,289802.25,258160.5,0.49475499999998984,0.38065499999999824
12,0,w0_20260416_054421,51,152467.5,259915.5,280737,0.4949300000000123,0.4372900000000021
12,0,w0_20260416_054421,52,149412.75,232071.75,220315.5,0.5990199999999897,0.308710000000005
12,0,w0_20260416_054421,53,111763.5,157329.75,225456.75,0.5131499999999878,0.3819300000000002
12,0,w0_20260416_054421,54,117087.75,246717.75,199444.5,0.5516499999999686,0.3392400000000118
12,0,w0_20260416_054421,55,118770.25,181021.5,217478.25,0.5730100000000046,0.31199500000000213
12,0,w0_20260416_054421,56,279925,108106.5,202048.5,0.8125099999999761,0.3519099999999997
12,0,w0_20260416_054421,57,150406,116853.75,239450.25,0.7060699999999678,0.31890499999999694
12,0,w0_20260416_054421,58,142651.5,81524.25,165074.25,0.5650050000000073,0.3766399999999994
12,0,w0_20260416_054421,59,172790,121788.75,279731.25,0.6658699999999739,0.3767750000000036
12,0,w0_20260416_054421,60,176941.5,102850.5,236718,0.5435200000000056,0.4315749999999891
12,0,w0_20260416_054421,61,132743,47911.5,194185.5,0.5994600000000049,0.2797149999999978
12,0,w0_20260416_054421,62,188739.5,66255.75,263664.75,0.7372599999999782,0.359594999999996
12,0,w0_20260416_054421,63,239634,87261.75,238154.25,0.6587300000000076,0.5033449999999992
12,0,w0_20260416_054421,64,408578,48915.75,288116.25,0.9158949999999816,0.450259999999984
12,0,w0_20260416_054421,65,112998.25,105988.5,293483.25,0.6376300000000243,0.3160599999999998
12,0,w0_20260416_054421,66,178093,70189.5,297907.5,0.6267349999999725,0.37502499999999783
12,0,w0_20260416_054421,67,168709,113407.5,260293.5,0.6348549999999901,0.3628649999999964
12,0,w0_20260416_054421,68,101793,148570.5,306016.5,0.5555899999999987,0.3949199999999952
12,0,w0_20260416_054421,69,81518,120381,208941,0.5762199999999814,0.3163849999999952
12,0,w0_20260416_054421,70,69998,127157.25,219204.75,0.4595350000000174,0.3022849999999962
12,0,w0_20260416_054421,71,360098.75,73815.75,261835.5,0.8623499999999842,0.42257499999998965
12,0,w0_20260416_054421,72,107245,79726.5,164968.5,0.7582199999999698,0.2220249999999955
12,0,w0_20260416_054421,73,98194.75,94841.25,117474,0.5882999999999923,0.32676999999999484
12,0,w0_20260416_054421,74,41359.25,210107.25,253123.5,0.5604099999999906,0.08990999999999857
12,0,w0_20260416_054421,75,113570.75,48444,170375.25,0.7591349999999976,0.22863999999999984
12,0,w0_20260416_054421,76,154888.5,79781.25,167990.25,0.709814999999974,0.3070900000000061
12,0,w0_20260416_054421,77,241462,108204,168894,0.7931149999999284,0.14341499999998977
12,0,w0_20260416_054421,78,335927.5,45978.75,102693.75,0.9191849999999642,0.2470799999999999
12,0,w0_20260416_054421,79,334379.75,64876.5,58383.75,0.8904550000000024,0.21566499999999583
12,0,w0_20260416_054421,80,103112.5,95905.5,38922,0.4953700000000006,0.4623799999999972
12,0,w0_20260416_054421,81,-10000,69639.75,54601.95,0.2406549999999952,0.4312449999999917
12,0,w0_20260416_054421,82,180322,49588.5,210979.5,0.6784499999999781,0.5449099999999899
12,0,w0_20260416_054421,83,117145,117880.5,196474.5,0.5945350000000263,0.31338999999999584
12,0,w0_20260416_054421,84,22444,130087.5,175468.5,0.3394299999999914,0.35769999999999724
12,0,w0_20260416_054421,85,87726,25709.25,189234.75,0.7212499999999364,0.383239999999985
12,0,w0_20260416_054421,86,188235.25,98559.75,255555,0.6508349999999826,0.45127499999998033
12,0,w0_20260416_054421,87,266662.75,154935,248072.25,0.6101199999999819,0.52438999999998
12,0,w0_20260416_054421,88,-10000,62607.1875,86232.9375,0.40720999999996926,0.4214850000000335
12,0,w0_20260416_054421,89,-10000,16992.75,38109.45,0.6125499999999544,0.4448700000000109
12,0,w0_20260416_054421,90,418449.75,32501.25,219999,0.9436349999999498,0.47518000000000155
12,0,w0_20260416_054421,91,222682.5,181512,241375.5,0.6580249999999831,0.3638499999999872
12,0,w0_20260416_054421,92,121383.5,85338.75,254907.75,0.6187049999999854,0.3030749999999955
12,0,w0_20260416_054421,93,63944.5,107868.75,250626.75,0.4888399999999912,0.2867699999999986
12,0,w0_20260416_054421,94,284537.25,34087.5,276035.25,0.9122599999999836,0.20297999999999003
12,0,w0_20260416_054421,95,244932.75,89352.75,189214.5,0.8299650000000124,0.2409449999999917
12,0,w0_20260416_054421,96,63639.75,139673.25,288537,0.4207749999999972,0.3477800000000038
12,0,w0_20260416_054421,97,370539,28914,152007,0.9466100000000124,0.3960650000000138
12,0,w0_20260416_054421,98,54016.5,72142.5,185691,0.49259499999999334,0.4464649999999979
12,0,w0_20260416_054421,99,359900.75,129877.5,146091.75,0.6730000000000104,0.701829999999988
12,0,w0_20260416_054421,100,87976.5,148584.75,157848.75,0.3209249999999899,0.5417499999999963
12,1,w1_20260416_055250,1,230189.75,99412.5,105297.75,0.8008399999999728,0.20816499999998656
12,1,w1_20260416_055250,2,166599,190567.5,51313.5,0.6475800000000104,0.2836949999999967
12,1,w1_20260416_055250,3,144054.5,205379.25,66356.25,0.6214700000000078,0.1724149999999943
12,1,w1_20260416_055250,4,105023.25,243808.5,83138.25,0.5520899999999831,0.18969499999999276
12,1,w1_20260416_055250,5,105710,243597.75,69302.25,0.5534049999999936,0.16600999999999183
12,1,w1_20260416_055250,6,99398.75,248397,66104.25,0.5432049999999846,0.1471149999999956
12,1,w1_20260416_055250,7,131049.25,218195.25,77635.5,0.6028349999999891,0.1625749999999948
12,1,w1_20260416_055250,8,161101.5,189534.75,80493.75,0.6565849999999961,0.16269499999999315
12,1,w1_20260416_055250,9,146975,205550.25,85944.75,0.6283749999999891,0.17240999999999815
12,1,w1_20260416_055250,10,93329.75,242742,146588.25,0.5602749999999974,0.1561449999999959
12,1,w1_20260416_055250,11,164400.25,238511.25,201688.5,0.5582599999999651,0.4228749999999933
12,1,w1_20260416_055250,12,293884,121378.5,288157.5,0.7818349999999931,0.41364000000000434
12,1,w1_20260416_055250,13,196068.5,116565.75,297795.75,0.7895499999999536,0.19438499999999215
12,1,w1_20260416_055250,14,17605.5,276675.75,115488.75,0.4117249999999824,0.18039999999999584
12,1,w1_20260416_055250,15,214173.75,117506.25,179580,0.7890249999999723,0.14289999999999378
12,1,w1_20260416_055250,16,115719.75,245851.5,219498.75,0.559534999999993,0.266094999999999
12,1,w1_20260416_055250,17,318554.5,142511.25,261764.25,0.7449849999999834,0.48816999999999905
12,1,w1_20260416_055250,18,212908.25,176559,267072.75,0.6756099999999748,0.3809600000000004
12,1,w1_20260416_055250,19,102432.5,251504.25,99743.25,0.5473599999999864,0.2147050000000044
12,1,w1_20260416_055250,20,51254.25,253339.5,107546.25,0.4279849999999853,0.3277600000000093
12,1,w1_20260416_055250,21,163330,198236.25,182433.75,0.6462700000000233,0.24195000000000025
12,1,w1_20260416_055250,22,366459.75,142617,229523.25,0.74749499999999,0.5633800000000069
12,1,w1_20260416_055250,23,175464,218015.25,268470.75,0.6103300000000064,0.373564999999994
12,1,w1_20260416_055250,24,97513.75,251817,79019.25,0.5385999999999808,0.15884000000000145
12,1,w1_20260416_055250,25,74553.5,256089,240877.5,0.4635749999999799,0.32162500000000416
12,1,w1_20260416_055250,26,212873.25,201182.25,305194.5,0.6464749999999962,0.39295000000000424
12,1,w1_20260416_055250,27,33937,203889,238584,0.35050999999998456,0.3807550000000011
12,1,w1_20260416_055250,28,226420.25,181473.75,266196,0.68280499999997335,0.3812350000000125
12,1,w1_20260416_055250,29,232329.75,167450.25,282600,0.707760000000021,0.3572500000000096
12,1,w1_20260416_055250,30,154623.5,225240.75,265905.75,0.5948599999999952,0.34872000000001235
12,1,w1_20260416_055250,31,38025.25,107009.25,231175.5,0.4953899999999994,0.3547399999999986
12,1,w1_20260416_055250,32,78462.25,261732,266925.75,0.4499749999999928,0.34766000000000485
12,1,w1_20260416_055250,33,145471.5,228751.5,252567,0.5686649999999865,0.3463250000000075
12,1,w1_20260416_055250,34,14860.25,84172.5,250937.25,0.2652749999999945,0.38010500000000574
12,1,w1_20260416_055250,35,322469.5,51708,284032.5,0.903109999999964,0.3266050000000117
12,1,w1_20260416_055250,36,269953.5,125758.5,246948,0.7825100000000013,0.3360100000000151
12,1,w1_20260416_055250,37,105386.75,170346.75,231886.5,0.4631499999999936,0.369905000000008
12,1,w1_20260416_055250,38,266695.75,132273,257861.25,0.7618250000000014,0.36615500000001105
12,1,w1_20260416_055250,39,242744.25,174467.25,268048.5,0.6926350000000303,0.4010549999999859
12,1,w1_20260416_055250,40,159793.75,191871.75,264664.5,0.5725749999999743,0.362035000000013
12,1,w1_20260416_055250,41,178887.5,136557.75,285564.75,0.6282049999999813,0.3867800000000131
12,1,w1_20260416_055250,42,173896,144822,243342,0.5964849999999822,0.4491850000000066
12,1,w1_20260416_055250,43,177717,185136,246657,0.6370599999999732,0.3564150000000056
12,1,w1_20260416_055250,44,128720.5,171423.75,250815.75,0.6022099999999768,0.3530900000000009
12,1,w1_20260416_055250,45,24827.25,178071,188451.75,0.38451999999997666,0.32981499999999836
12,1,w1_20260416_055250,46,252374,135024,231372,0.7621849999999718,0.33070500000001624
12,1,w1_20260416_055250,47,217236.75,170845.5,209157.75,0.7052249999999867,0.31785000000001784
12,1,w1_20260416_055250,48,108758,165344.25,208227.75,0.47170499999999693,0.3548399999999947
12,1,w1_20260416_055250,49,192133.25,168924.75,228972,0.642569999999996,0.3821350000000235
12,1,w1_20260416_055250,50,162307.5,137688.75,230283.75,0.5518349999999966,0.45177000000000944
12,1,w1_20260416_055250,51,267470.75,133809.75,211999.5,0.7702249999999925,0.3612900000000087
12,1,w1_20260416_055250,52,151408,155158.5,227293.5,0.6139199999999773,0.3545400000000054
12,1,w1_20260416_055250,53,112591.25,114999.75,174069,0.5739249999999931,0.27081500000000835
12,1,w1_20260416_055250,54,238386.5,162350.25,208073.25,0.7084799999999805,0.3957600000000051
12,1,w1_20260416_055250,55,160038.75,111501.75,181519.5,0.43533499999998593,0.5102500000000084
12,1,w1_20260416_055250,56,290820,93600,225750,0.8341349999999748,0.3134500000000062
12,1,w1_20260416_055250,57,307948.25,94179.75,231492,0.8301649999999666,0.3987949999999929
12,1,w1_20260416_055250,58,129806.75,106900.5,205872.75,0.5297249999999982,0.33419500000001073
12,1,w1_20260416_055250,59,237653,115059.75,244517.25,0.726869999999984,0.42781500000000694
12,1,w1_20260416_055250,60,224568.25,78858,253053.75,0.699309999999977,0.46661999999999154
12,1,w1_20260416_055250,61,62836,160493.25,185250.75,0.5030899999999893,0.3101199999999981
12,1,w1_20260416_055250,62,2992.5,149004.75,82212.75,0.28658500000000314,0.23294499999999824
12,1,w1_20260416_055250,63,81087.75,128871,89711.25,0.4679099999999686,0.27699000000000085
12,1,w1_20260416_055250,64,248689.5,119819.25,158291.25,0.7864299999999461,0.2558349999999977
12,1,w1_20260416_055250,65,121810.25,111045.75,82914,0.5916650000000016,0.26449000000001893
12,1,w1_20260416_055250,66,232933,83790,216867,0.7257749999999599,0.5339349999999925
12,1,w1_20260416_055250,67,93834.25,139450.5,75665.25,0.603949999999969,0.27389499999998723
12,1,w1_20260416_055250,68,-2434.75,112209.75,108885,0.3046049999999979,0.2432050000000131
12,1,w1_20260416_055250,69,205249.25,90505.5,171065.25,0.6069049999999881,0.5312499999999925
12,1,w1_20260416_055250,70,186531.5,158570.25,42158.25,0.6712199999999512,0.2577000000000101
12,1,w1_20260416_055250,71,263781.5,110278.5,74760,0.7958649999999443,0.341454999999996
12,1,w1_20260416_055250,72,288643.5,88102.5,66954,0.835839999999981,0.3251200000000094
12,1,w1_20260416_055250,73,218269.5,135304.5,149856,0.7100949999999819,0.4226699999999971
12,1,w1_20260416_055250,74,109579.5,119511.75,109758.75,0.5474899999999925,0.2565099999999956
12,1,w1_20260416_055250,75,114865.25,139361.25,267973.5,0.5737949999999873,0.33618000000000786
12,1,w1_20260416_055250,76,142115.25,108535.5,300719.25,0.6244299999999795,0.3452900000000015
12,1,w1_20260416_055250,77,41694.5,163532.25,342653.25,0.3614649999999881,0.35461499999999674
12,1,w1_20260416_055250,78,-10000,28379.053125,42393.140625,0.1816949999999542,0.5696049999999592
12,1,w1_20260416_055250,79,128354.5,179841,311314.5,0.6339699999999793,0.3200400000000027
12,1,w1_20260416_055250,80,116592,140243.25,304344.75,0.49254499999998086,0.4149249999999957
12,1,w1_20260416_055250,81,85111.5,127665.75,268092.75,0.5458449999999788,0.3090199999999985
12,1,w1_20260416_055250,82,366516,104415,172119,0.7994599999999453,0.5878849999999812
12,1,w1_20260416_055250,83,216136,142977.75,190826.25,0.7259149999999926,0.36006999999999983
12,1,w1_20260416_055250,84,30210.75,113346,256523.25,0.35004499999995764,0.3550500000000011
12,1,w1_20260416_055250,85,19431.75,57799.5,84048.75,0.36440499999998827,0.232539999999995
12,1,w1_20260416_055250,86,92764.25,110562,245283.75,0.5504399999999787,0.2865299999999946
12,1,w1_20260416_055250,87,150643.25,181991.25,271315.5,0.5911149999999963,0.34667000000000237
12,1,w1_20260416_055250,88,38183.25,49170.75,191526,0.5677299999999946,0.23583500000000063
12,1,w1_20260416_055250,89,104483,112342.5,161074.5,0.6442449999999715,0.24628000000000083
12,1,w1_20260416_055250,90,35748.5,108229.5,186342,0.4745549999999842,0.2605500000000021
12,1,w1_20260416_055250,91,80307.5,152352.75,162879.75,0.5454149999999881,0.25406000000000106
12,1,w1_20260416_055250,92,57537.25,137220,112602.75,0.4820200000000072,0.29009500000001526
12,1,w1_20260416_055250,93,101386.25,95511,101262.75,0.5645599999999856,0.3605650000000187
12,1,w1_20260416_055250,94,341805.5,21672,130432.5,0.9602399999999892,0.4189850000000122
12,1,w1_20260416_055250,95,54914.5,166062.75,58992.75,0.4707100000000061,0.34340000000002435
12,1,w1_20260416_055250,96,40770.25,134094,98055.75,0.4303499999999821,0.2998400000000025
12,1,w1_20260416_055250,97,9844.5,188958.75,52446.75,0.34573499999998364,0.21324000000000265
12,1,w1_20260416_055250,98,121475.5,197142,61012.5,0.5706249999999911,0.25352000000000285
12,1,w1_20260416_055250,99,270995,123167.25,51327.75,0.7918200000000664,0.5954449999999742
12,1,w1_20260416_055250,100,73562.25,190385.25,168262.5,0.4810450000000049,0.347720000000029
13,0,w0_20260416_060116,1,185209.25,149636.25,105724.5,0.7147599999999902,0.18482000000000323
13,0,w0_20260416_060116,2,168896,180681,56913,0.661984999999985,0.23673000000001063
13,0,w0_20260416_060116,3,139139.5,209500.5,71490,0.6153549999999873,0.15849999999999656
13,0,w0_20260416_060116,4,199596.25,149364,66609.75,0.7248299999999894,0.1828849999999993
13,0,w0_20260416_060116,5,35557.75,312405.75,47866.5,0.4204099999999973,0.15681999999999596
13,0,w0_20260416_060116,6,-10000,60960.27912647155,10444.5,0.5835800000000073,0.22221000000002508
13,0,w0_20260416_060116,7,183828.75,169203,50408.25,0.6893900000000375,0.13945999999999736
13,0,w0_20260416_060116,8,3662,229093.5,42934.5,0.3670249999999841,0.19641000000000236
13,0,w0_20260416_060116,9,29219.25,310699.5,42101.25,0.4058799999999906,0.17359500000000083
13,0,w0_20260416_060116,10,159135.75,191883.75,47110.5,0.6465799999999986,0.12718999999999173
13,0,w0_20260416_060116,11,65171.25,297132,42456.75,0.4605150000000036,0.2740749999999977
13,0,w0_20260416_060116,12,277237.25,76409.25,61453.5,0.860274999999978,0.11659999999999736
13,0,w0_20260416_060116,13,136804,229657.5,34258.5,0.586245000000005,0.3194599999999932
13,0,w0_20260416_060116,14,46342,300768,42480,0.4340600000000143,0.14230999999999108
13,0,w0_20260416_060116,15,101001.5,263487,58561.5,0.5135249999999941,0.3159350000000221
13,0,w0_20260416_060116,16,281769.5,84660.75,48909.75,0.8484349999999978,0.20252499999999624
13,0,w0_20260416_060116,17,12317.5,316353.75,52038.75,0.36887000000001857,0.1760349999999984
13,0,w0_20260416_060116,18,140314.25,177390,116565.75,0.5582049999999935,0.42206499999998887
13,0,w0_20260416_060116,19,155923,214191,154656,0.6161449999999743,0.28458999999999474
13,0,w0_20260416_060116,20,46234.25,257388.75,55377,0.46836499999999176,0.1342600000000007
13,0,w0_20260416_060116,21,166030.25,187135.5,45734.25,0.6600499999999668,0.17687499999999692
13,0,w0_20260416_060116,22,207866.5,176397,66886.5,0.6856849999999333,0.3568250000000053
13,0,w0_20260416_060116,23,98915.75,269176.5,204327.75,0.512879999999983,0.29414000000000523
13,0,w0_20260416_060116,24,41057.25,325991.25,264421.5,0.4035200000000166,0.32571500000000336
13,0,w0_20260416_060116,25,250304.75,133500.75,238144.5,0.7643199999999741,0.3448999999999938
13,0,w0_20260416_060116,26,266008,153659.25,281892.75,0.724209999999951,0.4272399999999927
13,0,w0_20260416_060116,27,168669.5,225873,305497.5,0.6014849999999846,0.35701999999999545
13,0,w0_20260416_060116,28,289996,110512.5,257431.5,0.8053649999999567,0.3695000000000117
13,0,w0_20260416_060116,29,86174.5,267885,188260.5,0.5011250000000006,0.28822500000001067
13,0,w0_20260416_060116,30,67747.75,249639.75,240922.5,0.3452150000000095,0.4669099999999833
13,0,w0_20260416_060116,31,197992,240557.25,269130.75,0.5610099999999726,0.46242500000001135
13,0,w0_20260416_060116,32,115601.75,272210.25,309468,0.4819100000000118,0.3900849999999947
13,0,w0_20260416_060116,33,288101,89621.25,210507.75,0.8386799999999308,0.30123000000001887
13,0,w0_20260416_060116,34,149063.5,303204.75,265071.75,0.45436500000001695,0.4785649999999965
13,0,w0_20260416_060116,35,214465,180317.25,249567.75,0.6694749999999733,0.3759950000000171
13,0,w0_20260416_060116,36,144716.75,253318.5,266634.75,0.531645,0.3934500000000014
13,0,w0_20260416_060116,37,238570.5,175075.5,286704,0.6876899999999778,0.40139500000000017
13,0,w0_20260416_060116,38,66497.5,293410.5,253962,0.42250999999999783,0.3581150000000236
13,0,w0_20260416_060116,39,295998.25,186042,249819.75,0.6594849999999682,0.5409650000000015
13,0,w0_20260416_060116,40,18713.5,166191.75,149934.75,0.3675700000000058,0.2935200000000112
13,0,w0_20260416_060116,41,191809,256442.25,226968.75,0.5306650000000307,0.5002599999999986
13,0,w0_20260416_060116,42,173986.5,185992.5,201051,0.6606449999999756,0.2707400000000089
13,0,w0_20260416_060116,43,172875.25,197389.5,225005.25,0.6356549999999824,0.3140700000000176
13,0,w0_20260416_060116,44,331529,111897,249384,0.8058849999999351,0.4580099999999992
13,0,w0_20260416_060116,45,277344.5,123099,281896.5,0.7873849999999647,0.3494350000000179
13,0,w0_20260416_060116,46,114619.25,222715.5,232415.25,0.5794449999999869,0.30814500000001727
13,0,w0_20260416_060116,47,285786,186603.75,238370.25,0.6687149999999863,0.5168750000000064
13,0,w0_20260416_060116,48,288886.5,114477,239386.5,0.8044099999999619,0.33818000000000076
13,0,w0_20260416_060116,49,195033.25,249912,238134.75,0.5698900000000069,0.4533049999999876
13,0,w0_20260416_060116,50,73151,311602.5,288316.5,0.39486500000002145,0.4050199999999934
13,0,w0_20260416_060116,51,204458.5,214513.5,304788,0.6230699999999922,0.40325499999998826
13,0,w0_20260416_060116,52,75993,256794,277383,0.42503499999996985,0.3752549999999959
13,0,w0_20260416_060116,53,269489,102697.5,186973.5,0.8035799999999772,0.2794200000000041
13,0,w0_20260416_060116,54,283876,155304,273660,0.7290999999999888,0.4489150000000004
13,0,w0_20260416_060116,55,139698,219258,288414,0.5192250000000046,0.3957149999999942
13,0,w0_20260416_060116,56,122652.75,205203,292784.25,0.5209049999999709,0.381984999999986
13,0,w0_20260416_060116,57,6860.5,285426,324973.5,0.3142950000000011,0.35962000000000527
13,0,w0_20260416_060116,58,115459.25,165399,294261.75,0.4733399999999995,0.3895750000000035
13,0,w0_20260416_060116,59,227244,137845.5,229570.5,0.7330149999999753,0.36715000000000303
13,0,w0_20260416_060116,60,362580.5,76033.5,213276,0.8707350000000017,0.4536499999999905
13,0,w0_20260416_060116,61,187378,176780.25,265221.75,0.6395950000000065,0.41101499999998886
13,0,w0_20260416_060116,62,295984.75,109584,173381.25,0.8121150000000306,0.3647350000000073
13,0,w0_20260416_060116,63,205034,84641.25,272784.75,0.5303899999999871,0.45666499999997456
13,0,w0_20260416_060116,64,167209.25,123550.5,281180.25,0.6182899999999634,0.3877250000000017
13,0,w0_20260416_060116,65,38200.25,156480.75,286029,0.34658999999999085,0.3723699999999978
13,0,w0_20260416_060116,66,94003,140156.25,285840.75,0.5642349999999726,0.4106699999999901
13,0,w0_20260416_060116,67,166226.25,194064,276369.75,0.6022549999999932,0.3772599999999924
13,0,w0_20260416_060116,68,291049,128051.25,270729.75,0.7799249999999254,0.40223499999998896
13,0,w0_20260416_060116,69,408389.75,22766.25,273084,0.96098499999994,0.4412750000000083
13,0,w0_20260416_060116,70,218154,185628.75,268337.25,0.6514650000000018,0.4298999999999872
13,0,w0_20260416_060116,71,84100.75,174189.75,296629.5,0.3995500000000006,0.40561999999998954
13,0,w0_20260416_060116,72,54649,141828.75,313952.25,0.333025000000029,0.36894000000000055
13,0,w0_20260416_060116,73,175600,166351.5,282688.5,0.6604249999999976,0.3403349999999994
13,0,w0_20260416_060116,74,188882,196885.5,302302.5,0.6472949999999973,0.36050999999998967
13,0,w0_20260416_060116,75,178325.25,98204.25,299230.5,0.5617799999999921,0.423845000000002
13,0,w0_20260416_060116,76,175555,98769,308886,0.724039999999996,0.4156599999999824
13,0,w0_20260416_060116,77,151408.75,111387,287084.25,0.6018750000000039,0.4431249999999979
13,0,w0_20260416_060116,78,185577.5,86475.75,292266.75,0.6225999999999842,0.3902449999999995
13,0,w0_20260416_060116,79,69477.75,130153.5,296298.75,0.4030950000000066,0.3860200000000091
13,0,w0_20260416_060116,80,174819.25,71577,293043.75,0.5717100000000314,0.38248000000001214
13,0,w0_20260416_060116,81,215788,61062.75,267119.25,0.742884999999958,0.42551000000000794
13,0,w0_20260416_060116,82,106758.5,71849.25,281732.25,0.48051999999999545,0.39494999999999814
13,0,w0_20260416_060116,83,111114.75,89249.25,288546,0.4626400000000075,0.4149699999999998
13,0,w0_20260416_060116,84,157987.25,93238.5,321674.25,0.5675300000000184,0.4359950000000039
13,0,w0_20260416_060116,85,72432,105106.5,284371.5,0.3549600000000007,0.40023000000000825
13,0,w0_20260416_060116,86,141960,97512,284208,0.5320150000000032,0.47458499999998255
13,0,w0_20260416_060116,87,101177.25,70458.75,281154,0.5414949999999722,0.40005499999999206
13,0,w0_20260416_060116,88,16492.75,33425.25,305202,0.6239799999999994,0.3691300000000047
13,0,w0_20260416_060116,89,95524,79943.25,283782.75,0.4164850000000176,0.45156500000001887
13,0,w0_20260416_060116,90,107392.5,32293.5,295014,0.49760000000000326,0.4106850000000108
13,0,w0_20260416_060116,91,79776.25,42055.5,302318.25,0.3272399999999999,0.4072399999999912
13,0,w0_20260416_060116,92,108331.25,60413.25,308275.5,0.5801400000000133,0.3783900000000072
13,0,w0_20260416_060116,93,130826,28363.5,311860.5,0.6835749999999609,0.4088049999999863
13,0,w0_20260416_060116,94,92680.25,85737,271632.75,0.5342899999999827,0.39719999999999234
13,0,w0_20260416_060116,95,100692,64343.25,246534.75,0.5904050000000112,0.3616150000000045
13,0,w0_20260416_060116,96,334591,93305.25,264333.75,0.826124999999928,0.4435850000000229
13,0,w0_20260416_060116,97,320033.75,81515.25,245031,0.8581949999998655,0.35944500000000196
13,0,w0_20260416_060116,98,158723.5,195305.25,199421.25,0.6614049999999732,0.1927649999999977
13,0,w0_20260416_060116,99,58482.5,91698.75,88908.75,0.5488750000000071,0.13921499999999584
13,0,w0_20260416_060116,100,120862.5,74994,24253.5,0.8251549999999744,0.4874800000000016
13,1,w1_20260416_060944,1,175480.75,145965,98474.25,0.7130249999999911,0.20760999999999635
13,1,w1_20260416_060944,2,220184.75,129666.75,68518.5,0.7590299999999885,0.24012999999999737
13,1,w1_20260416_060944,3,141247.5,208235.25,72287.25,0.6189349999999849,0.16920499999999197
13,1,w1_20260416_060944,4,67367.25,283696.5,55916.25,0.47903500000000904,0.1438199999999957
13,1,w1_20260416_060944,5,181039.25,166750.5,62360.25,0.6920749999999968,0.15088499999999838
13,1,w1_20260416_060944,6,45159.75,310495.5,42654.75,0.4266950000000104,0.24091000000000024
13,1,w1_20260416_060944,7,117006.5,238132.5,50781,0.5635650000000056,0.18890999999999425
13,1,w1_20260416_060944,8,108123.75,246809.25,56247,0.5507850000000156,0.2402399999999985
13,1,w1_20260416_060944,9,196004.5,159460.5,63975,0.7087849999999688,0.2301399999999968
13,1,w1_20260416_060944,10,54989.75,288510.75,73819.5,0.4639350000000077,0.16103499999999857
13,1,w1_20260416_060944,11,184284,180169.5,121456.5,0.6755049999999915,0.3036450000000147
13,1,w1_20260416_060944,12,39426.5,273191.25,52652.25,0.44387499999999097,0.2607949999999925
13,1,w1_20260416_060944,13,366390.75,85390.5,272268.75,0.8444600000000663,0.4849749999999806
13,1,w1_20260416_060944,14,79825,204831,194334,0.42813499999999394,0.3913250000000282
13,1,w1_20260416_060944,15,261173.75,111770.25,346716,0.7982500000000354,0.331965000000013
13,1,w1_20260416_060944,16,153593.5,219708,265828.5,0.6062949999999931,0.3317299999999908
13,1,w1_20260416_060944,17,42004.75,273094.5,119400.75,0.4341400000000033,0.2319949999999913
13,1,w1_20260416_060944,18,159492.5,201606,215251.5,0.6344599999999743,0.31119499999999123
13,1,w1_20260416_060944,19,204421.75,152057.25,173721,0.7300699999999656,0.23640999999999213
13,1,w1_20260416_060944,20,125744,234424.5,183781.5,0.5790549999999954,0.2589599999999892
13,1,w1_20260416_060944,21,261142.75,108463.5,190833.75,0.8076550000000265,0.2908349999999902
13,1,w1_20260416_060944,22,109320,248215.5,138094.5,0.5583500000000096,0.2619249999999947
13,1,w1_20260416_060944,23,69139.5,260676,105754.5,0.4810049999999854,0.362990000000011
13,1,w1_20260416_060944,24,56580.5,284405.25,82514.25,0.4685200000000029,0.14582499999999335
13,1,w1_20260416_060944,25,168374.75,218227.5,214137.75,0.6119200000000135,0.35447499999999843
13,1,w1_20260416_060944,26,39021.5,180531.75,299916.75,0.4405299999999878,0.35015500000000094
13,1,w1_20260416_060944,27,55373.75,151021.5,291054.75,0.4816800000000004,0.38275500000000273
13,1,w1_20260416_060944,28,308138.25,87306,281775.75,0.8466349999999766,0.34759500000000837
13,1,w1_20260416_060944,29,57966,269691,303483,0.4007100000000076,0.35505000000001496
13,1,w1_20260416_060944,30,198898,289789.5,249712.5,0.4714850000000076,0.5493199999999919
13,1,w1_20260416_060944,31,229501.25,173500.5,282848.25,0.6651999999999892,0.4459200000000026
13,1,w1_20260416_060944,32,137919.25,185577,306813.75,0.5478850000000037,0.41817000000001336
13,1,w1_20260416_060944,33,346679.75,76256.25,260514,0.8635099999999606,0.39559999999999296
13,1,w1_20260416_060944,34,139418.5,240534.75,257796.75,0.573874999999987,0.29613999999998947
13,1,w1_20260416_060944,35,149210.75,240631.5,258567.75,0.5717599999999985,0.3459200000000086
13,1,w1_20260416_060944,36,215487.75,191230.5,237081.75,0.6595249999999874,0.3816599999999889
13,1,w1_20260416_060944,37,62977.75,172861.5,266160.75,0.43440999999998847,0.37640500000000465
13,1,w1_20260416_060944,38,168421.75,227913.75,259114.5,0.5745199999999746,0.3950200000000144
13,1,w1_20260416_060944,39,212834.25,197347.5,263708.25,0.6359900000000049,0.42401500000000025
13,1,w1_20260416_060944,40,231382.75,186678,240329.25,0.6755799999999442,0.3879600000000074
13,1,w1_20260416_060944,41,12075.5,325289.25,65525.25,0.3680650000000175,0.2074500000000039
13,1,w1_20260416_060944,42,105516,201226.5,270547.5,0.4069750000000068,0.46421000000000656
13,1,w1_20260416_060944,43,174602.25,229134,231663.75,0.5842500000000024,0.4065899999999912
13,1,w1_20260416_060944,44,161388,242091.75,190940.25,0.5804949999999902,0.3728249999999983
13,1,w1_20260416_060944,45,177893.25,210160.5,252026.25,0.5176499999999911,0.4801449999999913
13,1,w1_20260416_060944,46,70086.5,252949.5,219984,0.4286400000000026,0.37351000000000983
13,1,w1_20260416_060944,47,184468,198726.75,196805.25,0.6205000000000058,0.37039999999999457
13,1,w1_20260416_060944,48,140470.75,230887.5,204171.75,0.5578350000000023,0.3543799999999975
13,1,w1_20260416_060944,49,207829.75,189805.5,242454.75,0.6402350000000065,0.4069450000000044
13,1,w1_20260416_060944,50,275233.25,110910.75,187956,0.7995849999999881,0.3585199999999897
13,1,w1_20260416_060944,51,294371.5,96375,165313.5,0.8335149999999776,0.3472849999999824
13,1,w1_20260416_060944,52,57138.25,210768,190653.75,0.390349999999994,0.3339900000000007
13,1,w1_20260416_060944,53,-10000,32623.5,15024,0.10801500000000938,0.6443000000000227
13,1,w1_20260416_060944,54,9443.75,182028.75,193477.5,0.3798749999999983,0.33213999999999844
13,1,w1_20260416_060944,55,11501.25,150423.75,185955,0.3212050000000082,0.3122199999999931
13,1,w1_20260416_060944,56,92622.5,157856.25,189341.25,0.47707000000001,0.3555549999999942
13,1,w1_20260416_060944,57,314530,68489.25,206040.75,0.8822399999999889,0.2781750000000032
13,1,w1_20260416_060944,58,102707,166543.5,190249.5,0.4875700000000146,0.3961349999999945
13,1,w1_20260416_060944,59,326802.5,77586.75,214860.75,0.8635899999999834,0.4081350000000021
13,1,w1_20260416_060944,60,277614.75,121287.75,211057.5,0.7941250000000044,0.34566499999999395
13,1,w1_20260416_060944,61,83859.25,120428.25,132112.5,0.47673499999998464,0.3553550000000121
13,1,w1_20260416_060944,62,182917,188219.25,310503.75,0.6365750000000128,0.38234999999999825
13,1,w1_20260416_060944,63,202925,184756.5,236698.5,0.6598749999999892,0.3710499999999974
13,1,w1_20260416_060944,64,67397.25,223543.5,164339.25,0.466239999999999,0.275484999999995
13,1,w1_20260416_060944,65,280249.5,92834.25,206156.25,0.8355149999999745,0.31321499999999525
13,1,w1_20260416_060944,66,228200.75,151150.5,189378.75,0.7434099999999696,0.28186999999999673
13,1,w1_20260416_060944,67,7293.25,132739.5,94307.25,0.444330000000001,0.26624499999999496
13,1,w1_20260416_060944,68,-391,41428.5,23632.5,0.6296250000000793,0.3912249999999772
13,1,w1_20260416_060944,69,5614.75,66592.5,63132.75,0.5034750000000158,0.21628999999999468
13,1,w1_20260416_060944,70,4043.5,75201,33745.5,0.3325200000000113,0.3218300000000032
13,1,w1_20260416_060944,71,-7106,74154,29292,0.3951800000000143,0.4114300000000059
13,1,w1_20260416_060944,72,226636.5,145929,249394.5,0.7210800000000103,0.36698999999999937
13,1,w1_20260416_060944,73,-9458.5,58825.5,43833,0.24846500000001295,0.3207549999999983
13,1,w1_20260416_060944,74,1358.75,41026.5,43944.75,0.5131900000000036,0.2891850000000139
13,1,w1_20260416_060944,75,-10000,35970.975,27857.25,0.09841000000000542,0.4003449999999877
13,1,w1_20260416_060944,76,232318.25,119030.25,236251.5,0.6212449999999976,0.4199450000000009
13,1,w1_20260416_060944,77,215240.25,170165.25,265474.5,0.6553649999999865,0.4075149999999983
13,1,w1_20260416_060944,78,2317.25,162015.75,123117,0.3639899999999932,0.32656000000001256
13,1,w1_20260416_060944,79,17922.75,49455,74912.25,0.5075700000000253,0.2854400000000099
13,1,w1_20260416_060944,80,283694.25,214583.25,226672.5,0.5956749999999557,0.5873299999999994
13,1,w1_20260416_060944,81,143592.25,136875,140502.75,0.6480900000000402,0.25910500000000825
13,1,w1_20260416_060944,82,189805.5,163844.25,256070.25,0.6585650000000003,0.35803499999999205
13,1,w1_20260416_060944,83,93781.75,173528.25,277950,0.5197499999999954,0.3480799999999994
13,1,w1_20260416_060944,84,234149,155267.25,295563.75,0.7142600000000199,0.3674950000000166
13,1,w1_20260416_060944,85,94414.5,85965,138190.5,0.6371299999999862,0.22769000000000036
13,1,w1_20260416_060944,86,126609.25,67356,71694.75,0.6633850000000137,0.33143500000000264
13,1,w1_20260416_060944,87,129047,107339.25,78213.75,0.6407399999999585,0.24698500000002033
13,1,w1_20260416_060944,88,-10000,23823.75,27150.75,0.81238499999989,0.4022549999999909
13,1,w1_20260416_060944,89,132570.75,66627,22952.25,0.6545599999999916,0.2322250000000019
13,1,w1_20260416_060944,90,82347,116860.5,85342.5,0.5866349999999987,0.3601200000000075
13,1,w1_20260416_060944,91,-10000,41603.25,16389.75,0.3729350000000136,0.30083000000004145
13,1,w1_20260416_060944,92,109411.5,151036.5,178062,0.5481649999999956,0.37406499999998744
13,1,w1_20260416_060944,93,102237.5,114626.25,29876.25,0.560570000000046,0.3573850000000269
13,1,w1_20260416_060944,94,25921.75,94068.75,45649.5,0.5231000000000122,0.3345350000000197
13,1,w1_20260416_060944,95,98596,54003,34521,0.6680399999999831,0.21629500000000204
13,1,w1_20260416_060944,96,39968.25,120047.25,56314.5,0.5323250000000241,0.23091500000000575
13,1,w1_20260416_060944,97,94604.25,178391.25,57874.5,0.5884799999999741,0.2084599999999932
13,1,w1_20260416_060944,98,135702.25,49975.5,77312.25,0.7246349999999607,0.3377150000000151
13,1,w1_20260416_060944,99,105612.5,68339.25,54368.25,0.6913049999999734,0.22790000000000776
13,1,w1_20260416_060944,100,126581.75,118037.25,156831,0.648049999999981,0.16185499999999947
14,0,w0_20260416_061808,1,53215.25,180531,117783.75,0.4576499999999965,0.1879599999999823
14,0,w0_20260416_061808,2,246936,76776.75,124127.25,0.8435149999999619,0.19955999999998136
14,0,w0_20260416_061808,3,277787,75296.25,166356.75,0.8611749999999733,0.26759499999999475
14,0,w0_20260416_061808,4,270295.5,117766.5,253488,0.7832549999999678,0.3918199999999992
14,0,w0_20260416_061808,5,174583.75,208505.25,217101,0.6201849999999824,0.38902000000001
14,0,w0_20260416_061808,6,178351.25,208869,254469.75,0.6180299999999946,0.38482500000000786
14,0,w0_20260416_061808,7,49016.75,326607.75,177805.5,0.4048650000000058,0.3826300000000216
14,0,w0_20260416_061808,8,211200.25,157947,148092.75,0.7136549999999775,0.3367200000000115
14,0,w0_20260416_061808,9,-10000,72668.25,23610.75,0.5909800000000233,0.4761050000000088
14,0,w0_20260416_061808,10,50976,227438.25,244065.75,0.3665299999999811,0.4079150000000021
14,0,w0_20260416_061808,11,35252.75,285447.75,193219.5,0.40490499999996993,0.3490349999999975
14,0,w0_20260416_061808,12,130027,240230.25,177582.75,0.5662399999999803,0.3270199999999836
14,0,w0_20260416_061808,13,280650.5,112547.25,251042.25,0.7986449999999591,0.37662999999999897
14,0,w0_20260416_061808,14,82422.5,288573.75,254553.75,0.4568049999999868,0.3532350000000007
14,0,w0_20260416_061808,15,161694.75,262260,277265.25,0.5234500000000012,0.4481500000000128
14,0,w0_20260416_061808,16,27210.5,75045,183964.5,0.44646500000000694,0.3619849999999973
14,0,w0_20260416_061808,17,165507.5,200532,236830.5,0.609635000000011,0.3663499999999969
14,0,w0_20260416_061808,18,25561,225381,208878,0.33563500000002733,0.34507999999999633
14,0,w0_20260416_061808,19,21641.75,140763.75,165034.5,0.3566750000000061,0.31623999999998714
14,0,w0_20260416_061808,20,108434,164928.75,185747.25,0.6032650000000043,0.31924999999999226
14,0,w0_20260416_061808,21,211844,153456.75,129629.25,0.7255099999999715,0.2679050000000041
14,0,w0_20260416_061808,22,242370.75,190257,274982.25,0.662529999999978,0.4422850000000025
14,0,w0_20260416_061808,23,198368.75,182150.25,211101,0.6757099999999933,0.3440849999999999
14,0,w0_20260416_061808,24,304261,72550.5,188968.5,0.8702549999999881,0.30027999999999333
14,0,w0_20260416_061808,25,88103.25,215470.5,249836.25,0.3359000000000034,0.45537000000000544
14,0,w0_20260416_061808,26,125046.25,258183,259410.75,0.5431499999999856,0.32461500000000076
14,0,w0_20260416_061808,27,66008.75,179368.5,164682.75,0.42337500000001355,0.34779500000000135
14,0,w0_20260416_061808,28,171308.5,206147.25,225794.25,0.6213450000000093,0.3446599999999954
14,0,w0_20260416_061808,29,35628.75,117440.25,244071,0.4535349999999781,0.3731499999999869
14,0,w0_20260416_061808,30,364927.75,69889.5,285492.75,0.8755249999999647,0.4386050000000185
14,0,w0_20260416_061808,31,318149,68908.5,260062.5,0.8805849999999906,0.31118999999999686
14,0,w0_20260416_061808,32,100503.25,245547,229479.75,0.5020550000000129,0.30524999999999525
14,0,w0_20260416_061808,33,236248.25,165204.75,239367,0.7095350000000306,0.35015499999999716
14,0,w0_20260416_061808,34,270106.25,124896.75,229617,0.7780199999999744,0.3310099999999979
14,0,w0_20260416_061808,35,358143,61644.75,291032.25,0.8924399999999781,0.4009000000000067
14,0,w0_20260416_061808,36,134030.25,120453,273936.75,0.459279999999988,0.3670599999999928
14,0,w0_20260416_061808,37,315167,149607.75,273425.25,0.7129349999999868,0.504964999999998
14,0,w0_20260416_061808,38,170212.25,163782,304095.75,0.6086699999999757,0.4108249999999959
14,0,w0_20260416_061808,39,185407,140889,307944,0.6767249999999788,0.4115299999999984
14,0,w0_20260416_061808,40,120766.25,138510,292923.75,0.3932300000000319,0.4057099999999907
14,0,w0_20260416_061808,41,150501.25,84123.75,293055,0.5734449999999702,0.35647000000000423
14,0,w0_20260416_061808,42,179225.25,117849,272025.75,0.6887649999999735,0.36526499999999273
14,0,w0_20260416_061808,43,157294,92811,261225,0.6596349999999772,0.3960949999999911
14,0,w0_20260416_061808,44,53099.25,162667.5,270533.25,0.29756000000000904,0.36724999999999447
14,0,w0_20260416_061808,45,133808.25,22414.5,242507.25,0.790079999999951,0.38254999999999256
14,0,w0_20260416_061808,46,203433.5,138885,242731.5,0.6905449999999903,0.35375999999999724
14,0,w0_20260416_061808,47,199146.5,179224.5,285459,0.5935350000000071,0.4518749999999939
14,0,w0_20260416_061808,48,61148.5,141288.75,282702.75,0.3264999999999886,0.3558700000000025
14,0,w0_20260416_061808,49,150206,45547.5,273286.5,0.6814849999999717,0.398364999999996
14,0,w0_20260416_061808,50,8118.25,90639,269772.75,0.45470000000000294,0.2923600000000159
14,0,w0_20260416_061808,51,23655.5,52275,188029.5,0.5291199999999646,0.29266000000000314
14,0,w0_20260416_061808,52,116850,75253.5,194416.5,0.5947099999999622,0.47901999999997114
14,0,w0_20260416_061808,53,190892.75,86169,245138.25,0.7154049999999884,0.4687349999999974
14,0,w0_20260416_061808,54,136307.5,144758.25,242054.25,0.538175000000019,0.4043049999999927
14,0,w0_20260416_061808,55,158289.75,98052.75,266497.5,0.5954799999999976,0.4512299999999996
14,0,w0_20260416_061808,56,340000.5,35652.75,174096.75,0.9170799999999985,0.33962999999998605
14,0,w0_20260416_061808,57,133644.5,154564.5,234891,0.5289199999999948,0.3228549999999934
14,0,w0_20260416_061808,58,182678.5,108856.5,324405,0.6481600000000107,0.3718749999999882
14,0,w0_20260416_061808,59,209146,108819,332235,0.6852099999999933,0.36593000000000586
14,0,w0_20260416_061808,60,115593,143637,300930,0.4907499999999939,0.3791049999999984
14,0,w0_20260416_061808,61,161631,91207.5,262351.5,0.6452449999999481,0.41061
14,0,w0_20260416_061808,62,174547.75,107264.25,306768,0.6003550000000444,0.388909999999995
14,0,w0_20260416_061808,63,173168,129015.75,287936.25,0.6538899999999994,0.3934149999999873
14,0,w0_20260416_061808,64,110441.5,127971,241297.5,0.6057899999999736,0.34793500000000765
14,0,w0_20260416_061808,65,158201,123086.25,273582.75,0.5527599999999959,0.43657999999998137
14,0,w0_20260416_061808,66,-2468.5,166984.5,186144,0.38939000000000745,0.2857650000000033
14,0,w0_20260416_061808,67,17010.5,114404.25,215585.25,0.23958500000000765,0.4065050000000005
14,0,w0_20260416_061808,68,-9999.999999999998,87615.5325,87624.6225,0.1492399999999984,0.4848599999999692
14,0,w0_20260416_061808,69,304968.25,68955.75,313416,0.8309649999999973,0.3728550000000096
14,0,w0_20260416_061808,70,-9999.999999999998,70614.32374575,115381.41783975001,0.13436499999999857,0.3795499999999994
14,0,w0_20260416_061808,71,488.5,162438,209773.5,0.19375500000000215,0.38324499999998607
14,0,w0_20260416_061808,72,99567,64036.5,165916.5,0.774464999999969,0.27824500000000413
14,0,w0_20260416_061808,73,271403,142931.25,244155.75,0.7558999999999177,0.39228000000000585
14,0,w0_20260416_061808,74,86541,144428.25,131670.75,0.5161550000000013,0.33513500000001534
14,0,w0_20260416_061808,75,53350.75,168821.25,135078,0.4910800000000022,0.31909000000000565
14,0,w0_20260416_061808,76,110474.5,141956.25,254789.25,0.5682449999999936,0.423530000000015
14,0,w0_20260416_061808,77,-10000,118233,74457,0.4351350000000073,0.23139500000002167
14,0,w0_20260416_061808,78,60284.75,73605.75,141709.5,0.498394999999984,0.3336000000000158
14,0,w0_20260416_061808,79,50398.5,213213,184558.5,0.43871999999999406,0.262575000000001
14,0,w0_20260416_061808,80,-118.25,54117,134201.25,0.35333999999999033,0.31562000000001095
14,0,w0_20260416_061808,81,75393.25,53210.25,131956.5,0.6271349999999684,0.3554300000000058
14,0,w0_20260416_061808,82,43808.75,100517.25,142524,0.4649350000000057,0.296585000000015
14,0,w0_20260416_061808,83,245712.25,43731.75,199656,0.768489999999995,0.2529999999999985
14,0,w0_20260416_061808,84,403487,23361.75,269831.25,0.9568299999999896,0.4044850000000009
14,0,w0_20260416_061808,85,131253,104718.75,237848.25,0.543520000000003,0.3964050000000042
14,0,w0_20260416_061808,86,136079.25,78323.25,242317.5,0.641894999999993,0.36321000000000686
14,0,w0_20260416_061808,87,79491.5,35403,245665.5,0.7329249999999922,0.3105650000000035
14,0,w0_20260416_061808,88,246790.25,80753.25,197446.5,0.7747699999999229,0.2953300000000017
14,0,w0_20260416_061808,89,272820,64303.5,230536.5,0.8782099999999077,0.1214399999999958
14,0,w0_20260416_061808,90,95499.25,123888.75,141192,0.5254649999999751,0.34421999999999475
14,0,w0_20260416_061808,91,335086.5,35911.5,267192,0.882919999999988,0.4013849999999976
14,0,w0_20260416_061808,92,23057.75,133329.75,153982.5,0.2945549999999806,0.26495999999999903
14,0,w0_20260416_061808,93,9804.75,86257.5,291567.75,0.28290000000000776,0.36456500000000674
14,0,w0_20260416_061808,94,100145.5,31647.75,251226.75,0.7732999999999681,0.400440000000003
14,0,w0_20260416_061808,95,76292,127021.5,302626.5,0.5486299999999867,0.3621199999999948
14,0,w0_20260416_061808,96,222702,133008,281550,0.6738549999999863,0.3691400000000085
14,0,w0_20260416_061808,97,212926.5,52974,257719.5,0.8171549999999158,0.37166500000001207
14,0,w0_20260416_061808,98,297921.5,67544.25,222644.25,0.8381599999999666,0.3772299999999939
14,0,w0_20260416_061808,99,361210.5,33399.75,188529.75,0.9438799999999686,0.31593999999999556
14,0,w0_20260416_061808,100,371597.5,66545.25,270527.25,0.885189999999877,0.4497049999999983
14,1,w1_20260416_062630,1,69087.5,170274.75,89517.75,0.47718999999999967,0.21088499999999472
14,1,w1_20260416_062630,2,218104,60461.25,93474.75,0.8382550000000054,0.21651999999997876
14,1,w1_20260416_062630,3,258473.25,91979.25,66127.5,0.8305799999999828,0.1715899999999872
14,1,w1_20260416_062630,4,250297,102297.75,59825.25,0.8114349999999962,0.19515499999998873
14,1,w1_20260416_062630,5,153313.25,204858.75,51648,0.6294800000000099,0.19714499999998805
14,1,w1_20260416_062630,6,164139.25,192747.75,59673,0.646390000000001,0.24121500000000584
14,1,w1_20260416_062630,7,124909,230556,48795,0.5785200000000061,0.16358999999999627
14,1,w1_20260416_062630,8,-3536.5,334011,84265.5,0.3355499999999923,0.22283999999999668
14,1,w1_20260416_062630,9,-9999.999999999996,87229.14064443012,10639.959706467149,0.5561949999999981,0.2655749999999877
14,1,w1_20260416_062630,10,45412.75,303963.75,54793.5,0.42816000000001425,0.23024499999999365
14,1,w1_20260416_062630,11,162585,194384.25,52110.75,0.6467650000000051,0.1566699999999939
14,1,w1_20260416_062630,12,52022.5,307633.5,40404,0.44117000000001533,0.1883649999999896
14,1,w1_20260416_062630,13,198152,166680,44838,0.6992899999999933,0.2624800000000161
14,1,w1_20260416_062630,14,231822,135183,61335,0.7578849999999769,0.29878500000000113
14,1,w1_20260416_062630,15,182553.25,234102.75,191784,0.5193350000000241,0.540595
14,1,w1_20260416_062630,16,81448.25,250782,175569.75,0.4618200000000174,0.2847600000000068
14,1,w1_20260416_062630,17,201943,164763.75,53483.25,0.7064999999999937,0.1991449999999953
14,1,w1_20260416_062630,18,72956.75,299550,62783.25,0.46859000000001905,0.2818450000000031
14,1,w1_20260416_062630,19,241745.25,137618.25,49516.5,0.7536749999999611,0.3875850000000297
14,1,w1_20260416_062630,20,127151.25,245053.5,56915.25,0.564950000000011,0.2774849999999869
14,1,w1_20260416_062630,21,23332.5,253454.25,61883.25,0.3786999999999998,0.33396500000001017
14,1,w1_20260416_062630,22,127674.5,198285,181810.5,0.5163349999999959,0.4223849999999935
14,1,w1_20260416_062630,23,119667.5,226471.5,239331,0.3787699999999885,0.5200600000000138
14,1,w1_20260416_062630,24,88217.75,211920,200672.25,0.4783550000000123,0.39871499999999094
14,1,w1_20260416_062630,25,85444.25,251993.25,72382.5,0.5107150000000261,0.26139000000001544
14,1,w1_20260416_062630,26,240854.25,132075,38940.75,0.7646299999999956,0.25770000000001236
14,1,w1_20260416_062630,27,89589.25,260102.25,191458.5,0.4395249999999945,0.4232349999999957
14,1,w1_20260416_062630,28,58673,135231,82626,0.5956600000000144,0.17714999999998696
14,1,w1_20260416_062630,29,286635.5,90531.75,40392.75,0.8420799999999629,0.1968199999999942
14,1,w1_20260416_062630,30,290892,93159,39039,0.8379599999999587,0.3616349999999916
14,1,w1_20260416_062630,31,118167,224016.75,39806.25,0.538815,0.2541350000000002
14,1,w1_20260416_062630,32,102084.5,271043.25,213842.25,0.4162099999999956,0.4779899999999736
14,1,w1_20260416_062630,33,322797.75,54431.25,84561,0.9048749999999752,0.23507499999999204
14,1,w1_20260416_062630,34,98915.25,250165.5,203789.25,0.4701599999999702,0.3632299999999884
14,1,w1_20260416_062630,35,295527.25,101921.25,93631.5,0.8191549999999994,0.43325000000001257
14,1,w1_20260416_062630,36,331691,56807.25,93531.75,0.9021249999999538,0.34864500000001025
14,1,w1_20260416_062630,37,146623.75,210191.25,57645,0.5680800000000036,0.2622500000000011
14,1,w1_20260416_062630,38,319002.5,73587.75,190629.75,0.8635599999999657,0.387830000000015
14,1,w1_20260416_062630,39,239377.75,179998.5,233373.75,0.663795000000004,0.4394900000000032
14,1,w1_20260416_062630,40,268567.5,163617,241195.5,0.687765000000033,0.4659449999999927
14,1,w1_20260416_062630,41,268869,165865.5,216415.5,0.7028449999999915,0.46157500000001456
14,1,w1_20260416_062630,42,228268.5,202728.75,257922.75,0.6313350000000186,0.4412600000000291
14,1,w1_20260416_062630,43,183727,226911.75,233621.25,0.5882250000000155,0.4058000000000002
14,1,w1_20260416_062630,44,7014,98042.25,350733.75,0.19288999999996223,0.34299999999999115
14,1,w1_20260416_062630,45,22528.75,21234.75,306616.5,0.6570200000000703,0.35354499999998495
14,1,w1_20260416_062630,46,44332.5,92961,224506.5,0.5450950000000228,0.3352499999999744
14,1,w1_20260416_062630,47,191373.25,217108.5,293678.25,0.5740950000000319,0.4407700000000062
14,1,w1_20260416_062630,48,184140,208092.75,211427.25,0.5860300000000122,0.3948349999999835
14,1,w1_20260416_062630,49,259691.75,129732,163856.25,0.7321150000000091,0.3467850000000067
14,1,w1_20260416_062630,50,233512.25,196215.75,267702,0.6363749999999919,0.44017499999998744
14,1,w1_20260416_062630,51,343514.25,70038.75,276867,0.8584500000000027,0.40286000000001826
14,1,w1_20260416_062630,52,131375.5,206484,234730.5,0.3834550000000155,0.5310450000000001
14,1,w1_20260416_062630,53,109245.75,74702.25,277212,0.6265599999999812,0.418644999999997
14,1,w1_20260416_062630,54,266273.25,141328.5,251798.25,0.7017050000000153,0.5329149999999956
14,1,w1_20260416_062630,55,103345.75,176049,260945.25,0.4696800000000038,0.40129000000000087
14,1,w1_20260416_062630,56,243342.75,108312,244775.25,0.7491749999999867,0.35598499999999406
14,1,w1_20260416_062630,57,276742.5,123841.5,234486,0.7522299999999984,0.39439499999999544
14,1,w1_20260416_062630,58,290492,55659.75,233888.25,0.8654099999999757,0.351864999999999
14,1,w1_20260416_062630,59,93252.25,198041.25,231736.5,0.4653550000000067,0.3072850000000033
14,1,w1_20260416_062630,60,201593.5,164144.25,283922.25,0.6189800000000366,0.40059999999999185
14,1,w1_20260416_062630,61,144001.5,189402,270196.5,0.4904199999999864,0.3813349999999989
14,1,w1_20260416_062630,62,247893,147896.25,305490.75,0.7108750000000459,0.4025949999999997
14,1,w1_20260416_062630,63,316062.5,82167,271690.5,0.8473449999999894,0.3695299999999922
14,1,w1_20260416_062630,64,60162.75,107320.5,236496.75,0.5825299999999836,0.372999999999986
14,1,w1_20260416_062630,65,30201.5,86182.5,245226,0.4779450000000112,0.3592600000000121
14,1,w1_20260416_062630,66,113308,172443,274299,0.49012499999999465,0.41714999999999774
14,1,w1_20260416_062630,67,289317.5,124965.75,285726.75,0.7666450000000287,0.42455999999999794
14,1,w1_20260416_062630,68,268600.25,150045,322074.75,0.7410450000000088,0.3872300000000019
14,1,w1_20260416_062630,69,301918.25,134419.5,324662.25,0.7717299999999977,0.4115099999999953
14,1,w1_20260416_062630,70,116875.25,112068,231456.75,0.516639999999987,0.4396249999999915
14,1,w1_20260416_062630,71,29901.5,98403,246445.5,0.28865000000002056,0.4051199999999891
14,1,w1_20260416_062630,72,117603.5,131391.75,276054.75,0.5274149999999765,0.42402999999999463
14,1,w1_20260416_062630,73,406653,31798.5,314068.5,0.9424000000000362,0.4230949999999968
14,1,w1_20260416_062630,74,75969.75,139428.75,271711.5,0.43142499999999745,0.39833999999998215
14,1,w1_20260416_062630,75,196761,192232.5,292096.5,0.6323199999999981,0.3708099999999996
14,1,w1_20260416_062630,76,172079,202557,310644,0.6193699999999696,0.39669999999998734
14,1,w1_20260416_062630,77,372033.25,47390.25,319126.5,0.91644999999998,0.3813700000000026
14,1,w1_20260416_062630,78,146036,114098.25,275685.75,0.6001299999999694,0.423484999999987
14,1,w1_20260416_062630,79,292958.5,127563.75,307497.75,0.771549999999976,0.40356000000000486
14,1,w1_20260416_062630,80,99090.5,130112.25,271727.25,0.46454000000000617,0.397129999999988
14,1,w1_20260416_062630,81,86971,40564.5,271114.5,0.694414999999978,0.430344999999996
14,1,w1_20260416_062630,82,78580.75,133878.75,276820.5,0.4644799999999965,0.3913300000000056
14,1,w1_20260416_062630,83,223676.75,182211.75,288121.5,0.6794699999999898,0.40130500000001296
14,1,w1_20260416_062630,84,235258.5,167762.25,286649.25,0.7059099999999723,0.38602500000000006
14,1,w1_20260416_062630,85,119450.25,161349,279030.75,0.4513650000000092,0.40793499999999666
14,1,w1_20260416_062630,86,124682.5,138642,319045.5,0.5565599999999876,0.3496750000000111
14,1,w1_20260416_062630,87,210011.75,148971,303527.25,0.659819999999973,0.40052999999999866
14,1,w1_20260416_062630,88,154863.5,208580.25,231926.25,0.5849449999999998,0.3683850000000015
14,1,w1_20260416_062630,89,219809.5,169989,297091.5,0.6538099999999828,0.43697999999998965
14,1,w1_20260416_062630,90,148016.25,166586.25,223927.5,0.608179999999991,0.3084249999999976
14,1,w1_20260416_062630,91,452981,32068.5,244030.5,0.9389350000000032,0.5278999999999756
14,1,w1_20260416_062630,92,55480.5,131238.75,246780.75,0.4004550000000121,0.43359499999998535
14,1,w1_20260416_062630,93,128287.75,51377.25,298665,0.7029450000000117,0.400844999999999
14,1,w1_20260416_062630,94,362360.75,61948.5,196530.75,0.8874949999999603,0.4715299999999796
14,1,w1_20260416_062630,95,146630.5,233072.25,310037.25,0.5639850000000125,0.377479999999994
14,1,w1_20260416_062630,96,194037.25,109685.25,277807.5,0.7061400000000074,0.3516650000000141
14,1,w1_20260416_062630,97,102236.75,138743.25,322620,0.48839499999997854,0.3719350000000018
14,1,w1_20260416_062630,98,67294.75,129375.75,266539.5,0.31247500000000306,0.43377500000000174
14,1,w1_20260416_062630,99,69417.5,86919,288643.5,0.538324999999975,0.40855999999999826
14,1,w1_20260416_062630,100,27823.25,56689.5,199157.25,0.2887799999999865,0.42898499999998574
15,0,w0_20260416_063501,1,150055.25,177720.75,101124,0.656414999999993,0.13203999999999952
15,0,w0_20260416_063501,2,115936.25,230505,55368.75,0.5714999999999946,0.15181999999999166
15,0,w0_20260416_063501,3,223294.25,126003.75,54972,0.7674699999999786,0.15485999999999725
15,0,w0_20260416_063501,4,172048.5,174720,49921.5,0.6764099999999655,0.12463499999999542
15,0,w0_20260416_063501,5,167461,178260.75,49148.25,0.6659949999999649,0.13265999999999864
15,0,w0_20260416_063501,6,122127.25,218378.25,44794.5,0.5800949999999759,0.20181499999999192
15,0,w0_20260416_063501,7,94706.25,241514.25,51259.5,0.5341049999999892,0.1551649999999986
15,0,w0_20260416_063501,8,80479.25,240001.5,54869.25,0.51083999999998,0.14229500000000073
15,0,w0_20260416_063501,9,62972.25,243213.75,66564,0.467745000000031,0.2943200000000044
15,0,w0_20260416_063501,10,62641.75,239372.25,79596,0.46942500000003046,0.22220499999999369
15,0,w0_20260416_063501,11,240686.25,115185,46038.75,0.7861599999999659,0.25491499999999806
15,0,w0_20260416_063501,12,-4589,147831,73338,0.3536500000000132,0.2600749999999899
15,0,w0_20260416_063501,13,53879.25,223704,39876.75,0.4479100000000157,0.16299999999999834
15,0,w0_20260416_063501,14,228360.75,122937,94382.25,0.7790999999999885,0.16442499999998944
15,0,w0_20260416_063501,15,258908,97576.5,71875.5,0.8250299999999426,0.1751299999999879
15,0,w0_20260416_063501,16,150098.75,217025.25,34056,0.610019999999963,0.28852999999999956
15,0,w0_20260416_063501,17,116477,248869.5,61693.5,0.5520799999999927,0.2441400000000093
15,0,w0_20260416_063501,18,200335.25,234963,146181.75,0.44626000000000743,0.6375499999999419
15,0,w0_20260416_063501,19,193984.5,159854.25,273041.25,0.6081199999999809,0.49525500000001194
15,0,w0_20260416_063501,20,145405,222305.25,75129.75,0.6061599999999686,0.149104999999991
15,0,w0_20260416_063501,21,236227.25,129808.5,46334.25,0.7695449999999339,0.178079999999999
15,0,w0_20260416_063501,22,76029,250410,45861,0.5404549999999863,0.16520000000000307
15,0,w0_20260416_063501,23,71874.5,287486.25,65549.25,0.480210000000009,0.21765999999999436
15,0,w0_20260416_063501,24,-10000,116077.65,72124.05,0.3685950000000533,0.2179999999999929
15,0,w0_20260416_063501,25,155720,199832.25,50517.75,0.6241349999999934,0.2955399999999886
15,0,w0_20260416_063501,26,199439.5,178975.5,74655,0.6857049999999705,0.3164499999999977
15,0,w0_20260416_063501,27,156651,209822.25,67386.75,0.6261149999999785,0.24248499999999812
15,0,w0_20260416_063501,28,249240.25,116646,93783.75,0.794504999999951,0.28620499999999854
15,0,w0_20260416_063501,29,121114,241744.5,57931.5,0.5658699999999971,0.24672999999999196
15,0,w0_20260416_063501,30,151693.25,201069,195327.75,0.6010549999999936,0.36201000000000233
15,0,w0_20260416_063501,31,247186.75,255326.25,199707,0.5021999999999931,0.629765000000009
15,0,w0_20260416_063501,32,75087.25,237781.5,325271.25,0.4672149999999898,0.3469450000000142
15,0,w0_20260416_063501,33,102028.25,234007.5,43544.25,0.5427150000000043,0.15344500000000072
15,0,w0_20260416_063501,34,44934.5,185421.75,56553.75,0.4548399999999776,0.2326749999999851
15,0,w0_20260416_063501,35,27125,171445.5,37819.5,0.35074000000000854,0.1889049999999929
15,0,w0_20260416_063501,36,311376.5,57519.75,115833.75,0.8948099999999851,0.24767999999998577
15,0,w0_20260416_063501,37,354862.75,44122.5,253104.75,0.92384999999998485,0.3704200000000024
15,0,w0_20260416_063501,38,330968.25,45734.25,120697.5,0.9209700000000136,0.20139999999999092
15,0,w0_20260416_063501,39,96207.25,205562.25,31510.5,0.5278999999999772,0.11975000000000488
15,0,w0_20260416_063501,40,161689,201184.5,29056.5,0.6280300000000004,0.09438999999999924
15,0,w0_20260416_063501,41,259809,110747.25,55353.75,0.8029949999999709,0.1100199999999962
15,0,w0_20260416_063501,42,307640.5,241264.5,138105,0.5445750000000157,0.6847700000000135
15,0,w0_20260416_063501,43,166350.5,210039.75,223719.75,0.6028249999999657,0.4159700000000002
15,0,w0_20260416_063501,44,96475.75,181435.5,30978.75,0.5191449999999878,0.2074549999999972
15,0,w0_20260416_063501,45,305953,74217.75,54509.25,0.8713499999999563,0.24670000000000164
15,0,w0_20260416_063501,46,120877.75,180064.5,33297.75,0.538174999999999,0.15666999999998804
15,0,w0_20260416_063501,47,68957.25,116187.75,21525,0.4249949999999972,0.3888099999999946
15,0,w0_20260416_063501,48,97425,137601,73644,0.5199299999999971,0.2994099999999924
15,0,w0_20260416_063501,49,164390.25,133382.25,30067.5,0.6595799999999692,0.2256099999999968
15,0,w0_20260416_063501,50,86882.5,284663.25,328544.25,0.3827649999999988,0.41098999999999
15,0,w0_20260416_063501,51,182439.25,128682.75,58488,0.6711249999999824,0.23766999999998284
15,0,w0_20260416_063501,52,128647.25,82011.75,191091,0.5103549999999845,0.3144349999999983
15,0,w0_20260416_063501,53,116907,121790.25,219402.75,0.4915299999999811,0.3607099999999986
15,0,w0_20260416_063501,54,207354.5,107478.75,38076.75,0.7198749999999762,0.35903000000001095
15,0,w0_20260416_063501,55,138146.75,94971,154562.25,0.5473899999999985,0.4521450000000237
15,0,w0_20260416_063501,56,156983.75,66504,207422.25,0.7088599999999923,0.3999750000000043
15,0,w0_20260416_063501,57,205110.25,72810,50109.75,0.6797350000000114,0.293974999999985
15,0,w0_20260416_063501,58,190944,107066.25,70749.75,0.697604999999975,0.40076500000002313
15,0,w0_20260416_063501,59,316214,63135.75,81230.25,0.8873099999999058,0.408964999999996
15,0,w0_20260416_063501,60,186064.25,106417.5,52208.25,0.7185849999999742,0.22176499999998828
15,0,w0_20260416_063501,61,175982,96775.5,27802.5,0.7117849999999547,0.23086999999998303
15,0,w0_20260416_063501,62,63794.25,90759.75,32706,0.4548600000000055,0.28201500000001084
15,0,w0_20260416_063501,63,11992.25,92777.25,54370.5,0.3318950000000222,0.3767699999999962
15,0,w0_20260416_063501,64,100853.75,130135.5,58860.75,0.6249949999999933,0.2989599999999958
15,0,w0_20260416_063501,65,127779.5,122922.75,53637.75,0.6482549999999822,0.326120000000014
15,0,w0_20260416_063501,66,177558.5,95355.75,141405.75,0.7862349999999806,0.379800000000008
15,0,w0_20260416_063501,67,165461.75,105091.5,115956.75,0.7343699999999699,0.33213500000000307
15,0,w0_20260416_063501,68,149380.5,87120,260899.5,0.6628799999999763,0.3755850000000054
15,0,w0_20260416_063501,69,101548.75,177360.75,135790.5,0.5534949999999942,0.3168000000000161
15,0,w0_20260416_063501,70,135491.75,200300.25,97218,0.5833099999999997,0.17293999999998597
15,0,w0_20260416_063501,71,128368.5,171153.75,109227.75,0.597339999999998,0.3133300000000039
15,0,w0_20260416_063501,72,75003.5,230142.75,74103.75,0.4746599999999994,0.30157500000000276
15,0,w0_20260416_063501,73,-10000,58710.34545170235,27020.84629572416,0.6488399999999673,0.366550000000026
15,0,w0_20260416_063501,74,97160.25,199980,41709.75,0.5740850000000113,0.25974000000000436
15,0,w0_20260416_063501,75,96139.75,211758,94532.25,0.5344700000000336,0.3064800000000257
15,0,w0_20260416_063501,76,331372.25,74592.75,258645,0.872869999999949,0.3820250000000008
15,0,w0_20260416_063501,77,94025.75,217905,65549.25,0.5321149999999987,0.1935949999999989
15,0,w0_20260416_063501,78,56383.75,207904.5,139941.75,0.4475950000000041,0.33700999999999803
15,0,w0_20260416_063501,79,242491,57327.75,130901.25,0.8558849999999442,0.10074499999999376
15,0,w0_20260416_063501,80,164612.25,186909,29478.75,0.6419049999999791,0.4730199999999849
15,0,w0_20260416_063501,81,-3064,197838,54876,0.337044999999987,0.3502000000000254
15,0,w0_20260416_063501,82,123522.5,166420.5,141537,0.4861550000000275,0.3798900000000368
15,0,w0_20260416_063501,83,368198.25,39751.5,129560.25,0.9331149999999822,0.2552800000000152
15,0,w0_20260416_063501,84,281570.25,127886.25,117313.5,0.7847099999999468,0.23046499999999673
15,0,w0_20260416_063501,85,297392.25,101457,70800.75,0.8278499999999558,0.18250999999997955
15,0,w0_20260416_063501,86,177442.5,128296.5,125331,0.6764299999999827,0.34312000000002335
15,0,w0_20260416_063501,87,148328,221562.75,270359.25,0.5068849999999728,0.4177000000000195
15,0,w0_20260416_063501,88,84905.25,176556.75,101328,0.51840499999999,0.2020799999999864
15,0,w0_20260416_063501,89,310074.5,93321.75,128433.75,0.8422849999999851,0.3617449999999879
15,0,w0_20260416_063501,90,230280.5,199661.25,212798.25,0.656074999999991,0.3865000000000097
15,0,w0_20260416_063501,91,159405.25,228413.25,171211.5,0.5466049999999762,0.3898600000000004
15,0,w0_20260416_063501,92,68338,179725.5,71956.5,0.5377899999999398,0.4419799999999731
15,0,w0_20260416_063501,93,255158.25,75351,268650.75,0.8626950000000172,0.306185000000006
15,0,w0_20260416_063501,94,51861.75,289375.5,228432.75,0.43426000000001513,0.3244100000000036
15,0,w0_20260416_063501,95,320942,57832.5,254485.5,0.9021599999999602,0.332224999999997
15,0,w0_20260416_063501,96,375930.25,47503.5,277646.25,0.9201999999999296,0.3682949999999894
15,0,w0_20260416_063501,97,182352.25,238574.25,313453.5,0.5966600000000007,0.37968499999999833
15,0,w0_20260416_063501,98,173268.25,216009.75,259482,0.6056650000000151,0.3188649999999985
15,0,w0_20260416_063501,99,-10000,246419.25,210975.75,0.2806750000000247,0.4580949999999879
15,0,w0_20260416_063501,100,216918,191739,294813,0.6711399999999954,0.3606349999999981
15,1,w1_20260416_064330,1,153217.25,183570.75,99582,0.6536199999999905,0.18225999999999867
15,1,w1_20260416_064330,2,248192.25,97956,75531.75,0.8185949999999745,0.1878949999999954
15,1,w1_20260416_064330,3,225383.75,127672.5,51273.75,0.7653649999999714,0.1817150000000009
15,1,w1_20260416_064330,4,208334,146286,47250,0.7311249999999732,0.17798499999999978
15,1,w1_20260416_064330,5,126527.25,227734.5,50558.25,0.5838699999999974,0.1753099999999961
15,1,w1_20260416_064330,6,115378.5,240137.25,41984.25,0.5592399999999872,0.19821500000000267
15,1,w1_20260416_064330,7,107834.5,246148.5,61017,0.5517349999999882,0.1681799999999939
15,1,w1_20260416_064330,8,157258,201774.75,46217.25,0.6349499999999955,0.17466499999999677
15,1,w1_20260416_064330,9,155579.75,203747.25,57303,0.633284999999994,0.1703649999999905
15,1,w1_20260416_064330,10,80178.5,282342,50029.5,0.4917899999999936,0.19842999999999328
15,1,w1_20260416_064330,11,214384.25,145799.25,55876.5,0.736284999999982,0.20631499999999817
15,1,w1_20260416_064330,12,47782.5,316640.25,65927.25,0.4313349999999967,0.2741049999999945
15,1,w1_20260416_064330,13,56116.75,296179.5,58773.75,0.45887000000000233,0.18720999999999935
15,1,w1_20260416_064330,14,-10000,48240,6201,0.7049249999999141,0.35180000000002554
15,1,w1_20260416_064330,15,260529.75,132408,246122.25,0.7607699999999624,0.3751100000000022
15,1,w1_20260416_064330,16,303748.5,141779.25,189812.25,0.7452799999999878,0.4900100000000076
15,1,w1_20260416_064330,17,348766.25,119958,202365.75,0.7829799999999785,0.5270150000000051
15,1,w1_20260416_064330,18,142973.25,215493.75,250353,0.619879999999988,0.24469999999999736
15,1,w1_20260416_064330,19,18914.75,320899.5,200895.75,0.4093749999999949,0.23194500000000823
15,1,w1_20260416_064330,20,157499.5,215259.75,124020.75,0.6196300000000087,0.28260500000000593
15,1,w1_20260416_064330,21,224145.75,206232.75,235561.5,0.6302399999999904,0.43808499999999384
15,1,w1_20260416_064330,22,71697,313903.5,263449.5,0.37564499999999423,0.4160899999999988
15,1,w1_20260416_064330,23,323099,105658.5,225502.5,0.8109099999999269,0.4523949999999918
15,1,w1_20260416_064330,24,123216.5,281124,245299.5,0.4344050000000043,0.4773199999999797
15,1,w1_20260416_064330,25,298099.75,102540,199550.25,0.816764999999933,0.3882050000000237
15,1,w1_20260416_064330,26,302518,89886,167136,0.8404299999999817,0.3525650000000028
15,1,w1_20260416_064330,27,150854.75,240006,215789.25,0.576609999999967,0.32007000000000346
15,1,w1_20260416_064330,28,-10000.000000000002,63172.5252434475,74521.85474121752,0.2276049999999977,0.49564000000001407
15,1,w1_20260416_064330,29,226368.75,170701.5,229629.75,0.6931749999999536,0.36290500000001846
15,1,w1_20260416_064330,30,263067.75,131088.75,169993.5,0.771954999999966,0.3223800000000167
15,1,w1_20260416_064330,31,71174.25,260088.75,195207,0.491655,0.2358650000000086
15,1,w1_20260416_064330,32,85932.75,277055.25,229032,0.4099249999999876,0.4269649999999996
15,1,w1_20260416_064330,33,246620,151934.25,234825.75,0.7193749999999943,0.382275000000004
15,1,w1_20260416_064330,34,193992.75,215604,240503.25,0.6247349999999671,0.38199499999999936
15,1,w1_20260416_064330,35,55157,241963.5,230989.5,0.3756799999999909,0.36889999999999584
15,1,w1_20260416_064330,36,363263.25,59448.75,252468,0.8927549999999538,0.41738000000000475
15,1,w1_20260416_064330,37,262909.25,136016.25,163864.5,0.7645399999999802,0.35293000000001423
15,1,w1_20260416_064330,38,337698.5,74450.25,158801.25,0.8724399999999836,0.39025000000000826
15,1,w1_20260416_064330,39,233457.5,174172.5,173220,0.7001149999999898,0.37928500000000587
15,1,w1_20260416_064330,40,338717.5,90160.5,249612,0.8449849999998962,0.41701500000001296
15,1,w1_20260416_064330,41,213731.5,194833.5,178245,0.6652650000000155,0.33022000000000223
15,1,w1_20260416_064330,42,28444.75,223289.25,152046,0.3504950000000017,0.3459500000000123
15,1,w1_20260416_064330,43,134714,206893.5,281542.5,0.4940249999999829,0.4144350000000088
15,1,w1_20260416_064330,44,286777.75,139651.5,233040.75,0.7585249999999567,0.4272150000000132
15,1,w1_20260416_064330,45,167448.25,249828.75,253143,0.5628500000000043,0.4050299999999997
15,1,w1_20260416_064330,46,35720,240178.5,269881.5,0.33976000000000484,0.3589900000000052
15,1,w1_20260416_064330,47,155462.5,226347.75,273309.75,0.5594599999999983,0.3932900000000003
15,1,w1_20260416_064330,48,268593.75,151833.75,204142.5,0.7381999999999507,0.3934150000000046
15,1,w1_20260416_064330,49,306760,111559.5,207670.5,0.8069199999999772,0.395365000000006
15,1,w1_20260416_064330,50,142851.25,263435.25,298033.5,0.5295049999999929,0.3924549999999952
15,1,w1_20260416_064330,51,98458,236053.5,288598.5,0.4266150000000081,0.39220000000000166
15,1,w1_20260416_064330,52,91132.75,277508.25,209019,0.4749450000000096,0.3870350000000005
15,1,w1_20260416_064330,53,85415.25,174309.75,227655,0.4115150000000067,0.3843050000000189
15,1,w1_20260416_064330,54,307716.25,107733.75,163410,0.8077350000000035,0.4452300000000048
15,1,w1_20260416_064330,55,383473,63364.5,267142.5,0.8919449999999218,0.45184500000001687
15,1,w1_20260416_064330,56,425738.25,41390.25,275041.5,0.9295699999999544,0.47567999999998584
15,1,w1_20260416_064330,57,93382.75,207223.5,219873.75,0.43638000000001986,0.3368250000000044
15,1,w1_20260416_064330,58,66889,156659.25,187071.75,0.48909500000001144,0.3701800000000072
15,1,w1_20260416_064330,59,264440,148634.25,276015.75,0.73352499999995735,0.4188100000000001
15,1,w1_20260416_064330,60,92077.5,232370.25,276752.25,0.5103800000000095,0.4113049999999933
15,1,w1_20260416_064330,61,129161.5,135219.75,146208.75,0.6396449999999546,0.3699950000000002
15,1,w1_20260416_064330,62,249334.75,176116.5,299328.75,0.6864750000000075,0.4128949999999928
15,1,w1_20260416_064330,63,231729.75,193671.75,312988.5,0.662564999999967,0.40332999999999314
15,1,w1_20260416_064330,64,133113.75,161908.5,254817.75,0.526504999999976,0.3693449999999976
15,1,w1_20260416_064330,65,147571,145612.5,225496.5,0.6503599999999731,0.3699200000000096
15,1,w1_20260416_064330,66,142616,173170.5,290443.5,0.5679699999999898,0.3877450000000046
15,1,w1_20260416_064330,67,166278.75,177362.25,285579,0.5934250000000083,0.3943050000000001
15,1,w1_20260416_064330,68,174327.5,117361.5,255861,0.592779999999988,0.42635000000001655
15,1,w1_20260416_064330,69,267519.75,88628.25,273072,0.7796149999999737,0.3938699999999968
15,1,w1_20260416_064330,70,157875,116697.75,246407.25,0.6478950000000161,0.4027750000000223
15,1,w1_20260416_064330,71,43384.25,134747.25,301918.5,0.4195549999999916,0.24311499999999583
15,1,w1_20260416_064330,72,97838.75,95559.75,223651.5,0.4653749999999894,0.5092100000000123
15,1,w1_20260416_064330,73,82583.25,119793,216003.75,0.48994500000001945,0.4145999999999989
15,1,w1_20260416_064330,74,18528.25,81576,172275.75,0.3516500000000017,0.2663199999999977
15,1,w1_20260416_064330,75,42987.25,41723.25,282049.5,0.4980800000000177,0.3712000000000283
15,1,w1_20260416_064330,76,201881.75,152493,252125.25,0.702164999999976,0.28513500000001113
15,1,w1_20260416_064330,77,217222.25,95349.75,259158,0.6551149999999825,0.5138349999999958
15,1,w1_20260416_064330,78,-5287.25,24674.25,178863,0.30351499999995146,0.2697650000000111
15,1,w1_20260416_064330,79,225851,86190.75,297008.25,0.6991699999999627,0.4270499999999954
15,1,w1_20260416_064330,80,69256.25,145340.25,354103.5,0.5920950000000149,0.214184999999991
15,1,w1_20260416_064330,81,344913.5,66405,307711.5,0.8833049999999457,0.36676000000000625
15,1,w1_20260416_064330,82,137160.75,141597.75,351241.5,0.655004999999995,0.2467249999999936
15,1,w1_20260416_064330,83,85415,167939.25,319035.75,0.5039049999999966,0.2542400000000021
15,1,w1_20260416_064330,84,-10000,19017.75,57257.25,0.11156499999998142,0.4893899999999855
15,1,w1_20260416_064330,85,176486,186211.5,245572.5,0.6354349999999834,0.4454300000000061
15,1,w1_20260416_064330,86,113738.25,126398.25,287983.5,0.6480299999999742,0.22867000000000295
15,1,w1_20260416_064330,87,242558.5,174569.25,300332.25,0.6782499999999685,0.4334250000000026
15,1,w1_20260416_064330,88,73139.75,128088,147422.25,0.633914999999965,0.24807999999999825
15,1,w1_20260416_064330,89,184375.25,163152.75,240432,0.6680449999999675,0.4142550000000048
15,1,w1_20260416_064330,90,113481,125268,213231,0.6288699999999801,0.3380949999999962
15,1,w1_20260416_064330,91,175192.5,175325.25,266342.25,0.6571149999999839,0.32084000000002144
15,1,w1_20260416_064330,92,263706.5,85893,272800.5,0.8494349999999841,0.2733100000000036
15,1,w1_20260416_064330,93,263129.5,82663.5,201417,0.85792499999999,0.16013999999998751
15,1,w1_20260416_064330,94,295003.5,77335.5,179361,0.8653400000000162,0.27663000000001664
15,1,w1_20260416_064330,95,141590.25,137293.5,71486.25,0.6145549999999951,0.3751899999999918
15,1,w1_20260416_064330,96,125438,164191.5,47680.5,0.5685099999999945,0.558305000000018
15,1,w1_20260416_064330,97,225515.75,156102.75,121951.5,0.7350999999999842,0.347810000000032
15,1,w1_20260416_064330,98,173140.25,204303.75,38976,0.6377049999999898,0.3026250000000151
15,1,w1_20260416_064330,99,-10000,43329.3,7855.5,0.8190049999998629,0.5669099999999705
15,1,w1_20260416_064330,100,-10000,58086.75,14081.25,0.3222000000000183,0.4373999999999885
16,0,w0_20260416_065152,1,122824.75,184947.75,87487.5,0.6238549999999872,0.14204499999999398
16,0,w0_20260416_065152,2,244184.5,102783,65392.5,0.8105299999999724,0.17081499999998964
16,0,w0_20260416_065152,3,54280,292943.25,55056.75,0.4545799999999965,0.1611499999999886
16,0,w0_20260416_065152,4,194634,154770,51006,0.7149399999999729,0.13278999999999547
16,0,w0_20260416_065152,5,128173,222290.25,50406.75,0.590360000000008,0.14456499999999436
16,0,w0_20260416_065152,6,26076.25,230670.75,46383,0.4625549999999914,0.1621749999999956
16,0,w0_20260416_065152,7,53533.75,277383,47303.25,0.45992499999998954,0.14393999999999216
16,0,w0_20260416_065152,8,180116,172202.25,44271.75,0.6845299999999999,0.1423649999999912
16,0,w0_20260416_065152,9,223620.5,131391.75,44817.75,0.7595199999999767,0.1568199999999933
16,0,w0_20260416_065152,10,102620.75,254991.75,39367.5,0.533289999999999,0.20204499999999467
16,0,w0_20260416_065152,11,3153,162844.5,39892.5,0.3823900000000138,0.15411999999999174
16,0,w0_20260416_065152,12,38863.75,233297.25,47439,0.40831000000000184,0.27365999999999413
16,0,w0_20260416_065152,13,-5831.25,120066,54335.25,0.3561500000000074,0.24831500000000348
16,0,w0_20260416_065152,14,279321,102223.5,155395.5,0.8140849999999777,0.32967500000000444
16,0,w0_20260416_065152,15,101078.75,260997,41144.25,0.5282150000000181,0.19872499999999177
16,0,w0_20260416_065152,16,9985.25,139933.5,34181.25,0.41288499999996287,0.18372999999999737
16,0,w0_20260416_065152,17,103832.75,226717.5,48129.75,0.5544799999999968,0.23417999999999264
16,0,w0_20260416_065152,18,264685,80377.5,126577.5,0.8557649999999634,0.12660999999999
16,0,w0_20260416_065152,19,240539.5,130348.5,64812,0.7695199999999892,0.22871499999999523
16,0,w0_20260416_065152,20,161141.75,271668,129020.25,0.4122499999999801,0.653269999999972
16,0,w0_20260416_065152,21,95012.5,236742,52975.5,0.5163450000000351,0.1576599999999918
16,0,w0_20260416_065152,22,216715,156816,175089,0.713304999999963,0.31337500000001944
16,0,w0_20260416_065152,23,140871.75,222993.75,48874.5,0.5968699999999915,0.20825999999999545
16,0,w0_20260416_065152,24,128733.75,264998.25,149538,0.5141949999999805,0.3508250000000012
16,0,w0_20260416_065152,25,393171.5,143098.5,184620,0.73514999999997,0.6367799999999942
16,0,w0_20260416_065152,26,7.25,140394,148818.75,0.39870500000000736,0.37131499999997936
16,0,w0_20260416_065152,27,149522.25,118573.5,249794.25,0.6472450000000114,0.38862000000000624
16,0,w0_20260416_065152,28,329009.75,105714.75,280975.5,0.7998300000000271,0.4699449999999887
16,0,w0_20260416_065152,29,197240.5,206007.75,260661.75,0.6428349999999672,0.35800499999999186
16,0,w0_20260416_065152,30,283340.25,82848.75,142461,0.8536199999999929,0.1933499999999912
16,0,w0_20260416_065152,31,280422,101610.75,178277.25,0.8224849999999994,0.3616699999999898
16,0,w0_20260416_065152,32,24649.25,89892,152268.75,0.44392999999997534,0.3610550000000047
16,0,w0_20260416_065152,33,266994,102522.75,237713.25,0.7908199999999739,0.3448349999999945
16,0,w0_20260416_065152,34,295066.75,102696,270527.25,0.8215199999999975,0.3589299999999941
16,0,w0_20260416_065152,35,142280,267534.75,298625.25,0.5186950000000402,0.3999299999999816
16,0,w0_20260416_065152,36,293670.75,185384.25,261615,0.675525000000004,0.5140499999999901
16,0,w0_20260416_065152,37,205850.25,225603,283146.75,0.5902399999999816,0.4304249999999909
16,0,w0_20260416_065152,38,124931.25,251427.75,299871,0.4794249999999916,0.404125000000011
16,0,w0_20260416_065152,39,59715.25,131042.25,271912.5,0.3551350000000278,0.4289100000000004
16,0,w0_20260416_065152,40,43207.5,63425.25,278747.25,0.5131049999999565,0.39649500000000554
16,0,w0_20260416_065152,41,435976.5,78722.25,217061.25,0.8468399999999847,0.603174999999984
16,0,w0_20260416_065152,42,79601.25,134536.5,286052.25,0.41987999999998976,0.4172949999999881
16,0,w0_20260416_065152,43,53739.5,111789.75,255390.75,0.3457149999999934,0.3937049999999978
16,0,w0_20260416_065152,44,199579.5,193826.25,265184.25,0.6375749999999919,0.38956500000000255
16,0,w0_20260416_065152,45,74379.75,166158.75,241351.5,0.2608599999999869,0.5048050000000109
16,0,w0_20260416_065152,46,75044,158139,278457,0.4817199999999835,0.4058949999999923
16,0,w0_20260416_065152,47,110027.5,216999,220453.5,0.5065550000000041,0.3970149999999974
16,0,w0_20260416_065152,48,289651.5,144336.75,280131.75,0.7338899999999634,0.4523800000000023
16,0,w0_20260416_065152,49,47683.5,210397.5,187059,0.4353849999999849,0.2943400000000244
16,0,w0_20260416_065152,50,153066.5,184694.25,179009.25,0.6275000000000337,0.3211649999999926
16,0,w0_20260416_065152,51,58535.75,228718.5,234855.75,0.4137200000000004,0.3542199999999901
16,0,w0_20260416_065152,52,19999.25,107147.25,207673.5,0.3130599999999894,0.3378699999999872
16,0,w0_20260416_065152,53,308861.25,84379.5,258209.25,0.8082250000000016,0.42532999999999965
16,0,w0_20260416_065152,54,113283.5,282427.5,270159,0.4580849999999882,0.4517850000000022
16,0,w0_20260416_065152,55,129499.75,219576,157634.25,0.5763649999999777,0.4364100000000144
16,0,w0_20260416_065152,56,115170.75,210311.25,230628,0.5652199999999976,0.4069750000000215
16,0,w0_20260416_065152,57,118348,204370.5,262771.5,0.4744600000000056,0.4540599999999795
16,0,w0_20260416_065152,58,40279,64399.5,279451.5,0.10332999999997332,0.43694499999998454
16,0,w0_20260416_065152,59,197186,83073.75,273860.25,0.7450399999999264,0.3397099999999964
16,0,w0_20260416_065152,60,46757.75,139685.25,243687,0.4141900000000266,0.4009600000000037
16,0,w0_20260416_065152,61,-10000,45711,35844,0.14473499999997733,0.5830449999999894
16,0,w0_20260416_065152,62,163155.75,181845.75,231958.5,0.6171149999999793,0.33660000000000606
16,0,w0_20260416_065152,63,191649,196079.25,263751.75,0.6459799999999934,0.39419000000000026
16,0,w0_20260416_065152,64,329967,80106.75,217496.25,0.8549699999999757,0.42493000000000447
16,0,w0_20260416_065152,65,350566,68278.5,257575.5,0.8825549999999659,0.4026000000000184
16,0,w0_20260416_065152,66,45599.25,165693.75,252657,0.4285449999999978,0.3752500000000149
16,0,w0_20260416_065152,67,178384.75,218758.5,255186.75,0.6010350000000152,0.3859650000000112
16,0,w0_20260416_065152,68,192877.5,143166.75,277875.75,0.6272900000000058,0.4001850000000038
16,0,w0_20260416_065152,69,248210.25,174136.5,239723.25,0.7061299999999983,0.39317499999999667
16,0,w0_20260416_065152,70,63976,122635.5,237298.5,0.3915100000000295,0.48597499999998944
16,0,w0_20260416_065152,71,72888.5,186881.25,290030.25,0.4720549999999879,0.3699050000000103
16,0,w0_20260416_065152,72,68084.75,174639.75,286405.5,0.4626049999999837,0.39227000000002
16,0,w0_20260416_065152,73,179293.5,200023.5,285213,0.6211700000000178,0.3918750000000102
16,0,w0_20260416_065152,74,257388.75,155562,269429.25,0.7322949999999636,0.37248500000000634
16,0,w0_20260416_065152,75,-10000,110679.4875,109425.3375,0.5347150000000478,0.5111850000000092
16,0,w0_20260416_065152,76,116504.25,257803.5,277952.25,0.49010000000002457,0.4174700000000099
16,0,w0_20260416_065152,77,212170.5,268614.75,250524.75,0.5293650000000382,0.5233400000000242
16,0,w0_20260416_065152,78,289840.25,130339.5,286820.25,0.779574999999976,0.3786750000000042
16,0,w0_20260416_065152,79,398117.25,21489,291513.75,0.963124999999964,0.38760000000000927
16,0,w0_20260416_065152,80,72513.75,257917.5,286968.75,0.4769849999999825,0.3552400000000095
16,0,w0_20260416_065152,81,238663.5,145389.75,208866.75,0.7257600000000052,0.40146499999999286
16,0,w0_20260416_065152,82,-10000,137269.94859375,146166.91921875,0.4685800000000138,0.37701999999998537
16,0,w0_20260416_065152,83,259922.75,139773.75,234283.5,0.7434049999999808,0.3860550000000124
16,0,w0_20260416_065152,84,203420.75,198099,250250.25,0.6495700000000318,0.38396000000000224
16,0,w0_20260416_065152,85,236915.25,213348,249096.75,0.6375699999999918,0.46770999999998875
16,0,w0_20260416_065152,86,214217.25,184130.25,264502.5,0.6628399999999613,0.3897950000000054
16,0,w0_20260416_065152,87,366682.75,60270.75,268186.5,0.8983299999998975,0.4032550000000147
16,0,w0_20260416_065152,88,293910.75,179880,280259.25,0.694180000000011,0.4794200000000049
16,0,w0_20260416_065152,89,364944,50318.25,193137.75,0.9144699999999064,0.3904100000000077
16,0,w0_20260416_065152,90,341467,64154.25,144888.75,0.8921400000000028,0.369409999999997
16,0,w0_20260416_065152,91,55647.25,183972,322800.75,0.40204499999998294,0.3763950000000127
16,0,w0_20260416_065152,92,96692,174072,239856,0.509665000000023,0.3899000000000227
16,0,w0_20260416_065152,93,378476.75,30326.25,243927,0.9486000000000124,0.361329999999999
16,0,w0_20260416_065152,94,105970.25,177516,272673.75,0.5552700000000168,0.3691000000000178
16,0,w0_20260416_065152,95,370359.75,46377.75,262222.5,0.9184799999999874,0.3870500000000121
16,0,w0_20260416_065152,96,133872.5,198569.25,260198.25,0.4945150000000229,0.43382000000002574
16,0,w0_20260416_065152,97,216629.5,206331,264949.5,0.6394750000000119,0.4234499999999948
16,0,w0_20260416_065152,98,135699.5,200228.25,265592.25,0.5738200000000095,0.38479000000000146
16,0,w0_20260416_065152,99,157056.25,233699.25,292084.5,0.5653500000000083,0.3898250000000071
16,0,w0_20260416_065152,100,327845.75,97103.25,264801,0.8358099999999753,0.4194100000000029
16,1,w1_20260416_070017,1,155899.75,173194.5,110805.75,0.6668449999999795,0.20661999999999603
16,1,w1_20260416_070017,2,256124.75,94285.5,84459.75,0.826874999999982,0.2352850000000019
16,1,w1_20260416_070017,3,98001.75,258918.75,73999.5,0.5230000000000069,0.2760750000000064
16,1,w1_20260416_070017,4,234941.25,125114.25,88324.5,0.7710799999999939,0.30493500000000934
16,1,w1_20260416_070017,5,115441.25,241083.75,121605,0.5217650000000166,0.3735199999999947
16,1,w1_20260416_070017,6,92600.25,259167,161112.75,0.5058700000000033,0.290994999999998
16,1,w1_20260416_070017,7,205024.5,169798.5,184557,0.6889349999999801,0.343899999999998
16,1,w1_20260416_070017,8,97664.25,271542.75,310053,0.49955999999998146,0.338570000000007
16,1,w1_20260416_070017,9,90362.5,261433.5,184524,0.5103749999999871,0.3306050000000007
16,1,w1_20260416_070017,10,95167,286436.25,284586.75,0.4727799999999842,0.37997500000000706
16,1,w1_20260416_070017,11,216776.5,166531.5,330912,0.6990149999999838,0.3605200000000041
16,1,w1_20260416_070017,12,98405,275500.5,282634.5,0.44423499999999166,0.41874500000001974
16,1,w1_20260416_070017,13,89958,291705.75,314846.25,0.4704149999999806,0.36222000000000687
16,1,w1_20260416_070017,14,309184,61770.75,296345.25,0.8888499999999941,0.33861000000000263
16,1,w1_20260416_070017,15,21577.5,189009,242593.5,0.3822200000000063,0.3606900000000224
16,1,w1_20260416_070017,16,250410.75,134100,266159.25,0.7588450000000011,0.3532900000000118
16,1,w1_20260416_070017,17,161466.25,217822.5,231461.25,0.6097549999999834,0.3233850000000069
16,1,w1_20260416_070017,18,67054.25,259314.75,214671,0.4502349999999904,0.31259500000001483
16,1,w1_20260416_070017,19,267946.25,99962.25,163921.5,0.8239049999999816,0.2757850000000063
16,1,w1_20260416_070017,20,9025.25,210646.5,184358.25,0.3533900000000214,0.325195000000016
16,1,w1_20260416_070017,21,36333.25,110580,190386.75,0.43186500000000705,0.38020500000000573
16,1,w1_20260416_070017,22,228623.5,173033.25,243533.25,0.6962849999999844,0.3869750000000097
16,1,w1_20260416_070017,23,53316.25,162226.5,213707.25,0.501325000000002,0.3584300000000094
16,1,w1_20260416_070017,24,204238.25,205919.25,257872.5,0.6375650000000036,0.4038800000000099
16,1,w1_20260416_070017,25,77815.5,232761.75,220452.75,0.4744299999999907,0.35500499999999874
16,1,w1_20260416_070017,26,174104.75,173266.5,211608.75,0.6602299999999797,0.3312649999999989
16,1,w1_20260416_070017,27,317850.5,76218.75,220350.75,0.8657749999999811,0.37617000000002576
16,1,w1_20260416_070017,28,103475.75,238927.5,235026.75,0.4820699999999731,0.3611749999999897
16,1,w1_20260416_070017,29,28378.75,192660.75,208930.5,0.38665499999999114,0.30676000000001524
16,1,w1_20260416_070017,30,347830.25,75937.5,207662.25,0.8653700000000004,0.458690000000006
16,1,w1_20260416_070017,31,159603.75,213956.25,129150,0.6264799999999924,0.32524000000001574
16,1,w1_20260416_070017,32,140815.75,205319.25,264015,0.5280999999999866,0.3913900000000128
16,1,w1_20260416_070017,33,90715.5,182726.25,180458.25,0.4680949999999912,0.27474000000000776
16,1,w1_20260416_070017,34,332269.25,64748.25,226612.5,0.8882899999999847,0.370130000000018
16,1,w1_20260416_070017,35,47042.25,269776.5,264881.25,0.361430000000004,0.35452499999999015
16,1,w1_20260416_070017,36,302236.75,71883.75,148729.5,0.8732799999999871,0.29043499999999955
16,1,w1_20260416_070017,37,282932.25,110544.75,146403,0.8075900000000085,0.40641500000001257
16,1,w1_20260416_070017,38,76004.5,227514,241681.5,0.4710449999999822,0.36654000000000103
16,1,w1_20260416_070017,39,135590.5,241586.25,199373.25,0.5636449999999805,0.35515000000001756
16,1,w1_20260416_070017,40,36963.75,172160.25,132606,0.4391700000000381,0.17920000000000247
16,1,w1_20260416_070017,41,99192.5,162048.75,82578.75,0.5771599999999869,0.2165200000000048
16,1,w1_20260416_070017,42,127183,219279,260028,0.5597299999999901,0.3836999999999942
16,1,w1_20260416_070017,43,175773,222124.5,250552.5,0.6091599999999966,0.3706349999999968
16,1,w1_20260416_070017,44,256191.25,149851.5,220607.25,0.7416749999999959,0.3870899999999987
16,1,w1_20260416_070017,45,193283.75,202515,252641.25,0.6504600000000105,0.35073499999999397
16,1,w1_20260416_070017,46,34558,284680.5,166501.5,0.3185499999999944,0.38867499999999505
16,1,w1_20260416_070017,47,251361.25,146960.25,197608.5,0.7445450000000086,0.369140000000008
16,1,w1_20260416_070017,48,162048.5,117808.5,266793,0.7528849999999953,0.15354499999999224
16,1,w1_20260416_070017,49,290223.5,116998.5,223788,0.7999249999999757,0.3890599999999942
16,1,w1_20260416_070017,50,142948,167644.5,301777.5,0.7043150000000047,0.11184499999999624
16,1,w1_20260416_070017,51,43091.25,176723.25,216535.5,0.4027149999999826,0.34039999999999754
16,1,w1_20260416_070017,52,5682.25,153576.75,143511,0.35721499999998735,0.22797999999999455
16,1,w1_20260416_070017,53,74907.5,193125.75,170226.75,0.48018500000000175,0.23874999999999055
16,1,w1_20260416_070017,54,153132.5,119283.75,168063.75,0.6841400000000089,0.24756500000000328
16,1,w1_20260416_070017,55,-2458.25,141882,61406.25,0.3659800000000415,0.18348499999999657
16,1,w1_20260416_070017,56,67282.5,76935,117682.5,0.628850000000018,0.29191499999999937
16,1,w1_20260416_070017,57,82526.75,136783.5,81579.75,0.5588649999999926,0.2899249999999939
16,1,w1_20260416_070017,58,155550.25,91072.5,116357.25,0.6933349999999909,0.2435700000000056
16,1,w1_20260416_070017,59,122729.25,112714.5,29276.25,0.521219999999987,0.4112650000000124
16,1,w1_20260416_070017,60,157704,49009.5,62086.5,0.6334600000000106,0.35474500000000386
16,1,w1_20260416_070017,61,63294.75,125169.75,117175.5,0.4771449999999655,0.25152500000000366
16,1,w1_20260416_070017,62,147560.5,53166.75,58722.75,0.7333549999999969,0.19364499999999849
16,1,w1_20260416_070017,63,297985,65350.5,110644.5,0.8788049999999618,0.23613500000000667
16,1,w1_20260416_070017,64,296913.5,72023.25,151673.25,0.8669249999999853,0.3373550000000058
16,1,w1_20260416_070017,65,243770.75,117057,176672.25,0.798549999999965,0.2188850000000008
16,1,w1_20260416_070017,66,78771.5,113188.5,75480,0.5050599999999791,0.25715500000000097
16,1,w1_20260416_070017,67,74839.75,106440.75,118399.5,0.5619000000000098,0.3016050000000036
16,1,w1_20260416_070017,68,284091,95523,130566,0.8370599999999113,0.31902500000001427
16,1,w1_20260416_070017,69,72690.25,116136,93483.75,0.5023599999999917,0.19804499999999933
16,1,w1_20260416_070017,70,37731.75,208635.75,251962.5,0.421945000000011,0.3193300000000072
16,1,w1_20260416_070017,71,76410.25,138728.25,201181.5,0.49586500000000816,0.28321500000000677
16,1,w1_20260416_070017,72,-10000,95713.405125,60503.114625,0.24766499999994043,0.2161349999999916
16,1,w1_20260416_070017,73,250865.75,128929.5,148644.75,0.7788100000000202,0.25723999999999647
16,1,w1_20260416_070017,74,67170,141375.75,246164.25,0.5777150000000096,0.4058499999999958
16,1,w1_20260416_070017,75,36850,146708.25,156891.75,0.41488499999999384,0.2850800000000018
16,1,w1_20260416_070017,76,172497.5,189059.25,142703.25,0.6531649999999392,0.31797499999999984
16,1,w1_20260416_070017,77,80320.5,263769.75,319509.75,0.5055549999999815,0.29368500000000225
16,1,w1_20260416_070017,78,98275.5,146747.25,148637.25,0.5828950000000029,0.24346499999999344
16,1,w1_20260416_070017,79,178531.25,205558.5,138710.25,0.6446749999999972,0.3680549999999992
16,1,w1_20260416_070017,80,139041.25,221388,107070.75,0.5834049999999917,0.29597000000001755
16,1,w1_20260416_070017,81,128345.25,200713.5,185441.25,0.5798499999999759,0.29080500000000065
16,1,w1_20260416_070017,82,55597.25,104716.5,207656.25,0.41327500000001327,0.31940999999999453
16,1,w1_20260416_070017,83,151376.5,129745.5,188868,0.6029600000000153,0.3813050000000123
16,1,w1_20260416_070017,84,-2549.25,131823,96956.25,0.4276749999999767,0.3343450000000095
16,1,w1_20260416_070017,85,89862.25,99573.75,117564,0.6254400000000166,0.28144000000000724
16,1,w1_20260416_070017,86,184248,163204.5,243007.5,0.7074100000000186,0.19741999999998683
16,1,w1_20260416_070017,87,43498.5,123415.5,194016,0.4144399999999927,0.3760100000000293
16,1,w1_20260416_070017,88,12797,61968,37515,0.4735700000000242,0.5506699999999854
16,1,w1_20260416_070017,89,274735.75,81841.5,281772.75,0.8400300000000459,0.364625000000023
16,1,w1_20260416_070017,90,110948.25,193362.75,188829,0.5633550000000033,0.3110500000000046
16,1,w1_20260416_070017,91,42832.25,140205,207732.75,0.4844750000000195,0.3414699999999974
16,1,w1_20260416_070017,92,37842.75,94291.5,123345.75,0.4936750000000075,0.3165300000000042
16,1,w1_20260416_070017,93,54775.75,94896,79238.25,0.5636200000000345,0.2801049999999976
16,1,w1_20260416_070017,94,230794.25,163917.75,278778,0.7038749999999316,0.3582350000000249
16,1,w1_20260416_070017,95,77699.25,196194,246816.75,0.5053399999999901,0.3259050000000178
16,1,w1_20260416_070017,96,162755.25,235834.5,242540.25,0.5091499999999818,0.4980050000000007
16,1,w1_20260416_070017,97,89457.25,159951,239901.75,0.5001399999999988,0.3817400000000111
16,1,w1_20260416_070017,98,135552.5,169530,211627.5,0.6139249999999851,0.3710650000000119
16,1,w1_20260416_070017,99,93229.25,156321,246069.75,0.4986500000000095,0.3695250000000074
16,1,w1_20260416_070017,100,119532.5,163924.5,249183,0.538600000000021,0.34766000000002123
17,0,w0_20260416_070842,1,82224.5,237275.25,84920.25,0.5215700000000034,0.15886499999999293
17,0,w0_20260416_070842,2,178618.25,164625,84636.75,0.6945349999999914,0.1728399999999904
17,0,w0_20260416_070842,3,21078,239885.25,77706.75,0.3974399999999907,0.17311499999999033
17,0,w0_20260416_070842,4,142311.25,203209.5,71129.25,0.6272150000000113,0.1549999999999914
17,0,w0_20260416_070842,5,13109,230607,47124,0.3739699999999827,0.2892200000000151
17,0,w0_20260416_070842,6,15671,149114.25,54504.75,0.3786399999999867,0.2085550000000055
17,0,w0_20260416_070842,7,76028.5,271378.5,46443,0.49397000000001073,0.1565949999999949
17,0,w0_20260416_070842,8,182247.75,177774.75,47167.5,0.6691299999999776,0.2963150000000092
17,0,w0_20260416_070842,9,192153.25,159334.5,73772.25,0.7089899999999978,0.17344999999999483
17,0,w0_20260416_070842,10,186589.75,177726.75,69883.5,0.6765049999999891,0.32935499999999934
17,0,w0_20260416_070842,11,186632.25,175940.25,52747.5,0.6787599999999918,0.29214000000001017
17,0,w0_20260416_070842,12,-1084.75,285999.75,51495,0.35025999999997104,0.13669500000000293
17,0,w0_20260416_070842,13,45703.5,166527.75,117708.75,0.4087649999999724,0.509499999999981
17,0,w0_20260416_070842,14,219851.75,162993.75,222574.5,0.7060199999999984,0.3690249999999902
17,0,w0_20260416_070842,15,57203.25,242324.25,254392.5,0.4197849999999817,0.3869200000000145
17,0,w0_20260416_070842,16,223001.5,146298.75,98079.75,0.7386799999999921,0.2579649999999883
17,0,w0_20260416_070842,17,193616.5,210370.5,201153,0.5675800000000025,0.5162799999999887
17,0,w0_20260416_070842,18,32852.75,226635,58292.25,0.4313150000000082,0.1744949999999969
17,0,w0_20260416_070842,19,100436,270010.5,48463.5,0.5217800000000316,0.2617999999999991
17,0,w0_20260416_070842,20,155055.25,228559.5,136655.25,0.5953300000000173,0.37538000000000815
17,0,w0_20260416_070842,21,339138.75,98085.75,231085.5,0.8252249999999436,0.479695000000016
17,0,w0_20260416_070842,22,189763.25,180264.75,165432,0.6787049999999992,0.2949199999999848
17,0,w0_20260416_070842,23,36518.5,197175.75,248475.75,0.3166450000000007,0.38412499999998345
17,0,w0_20260416_070842,24,228446,152561.25,238932.75,0.7301699999999913,0.3422749999999846
17,0,w0_20260416_070842,25,315076.25,92103.75,276840,0.838269999999971,0.3879350000000007
17,0,w0_20260416_070842,26,140134.5,234714.75,176430.75,0.5858799999999971,0.28357500000001046
17,0,w0_20260416_070842,27,257613,202765.5,271051.5,0.6432000000000024,0.486074999999985
17,0,w0_20260416_070842,28,227419,146409,140832,0.7436200000000008,0.22297499999999032
17,0,w0_20260416_070842,29,232529,138618,75093,0.759434999999978,0.24773499999999776
17,0,w0_20260416_070842,30,33358,175534.5,127447.5,0.38688000000000905,0.29490500000000436
17,0,w0_20260416_070842,31,239441,126003.75,69905.25,0.7785449999999882,0.17029500000000253
17,0,w0_20260416_070842,32,-10000.000000000002,130475.5125,97873.7175,0.22362999999997843,0.2793149999999878
17,0,w0_20260416_070842,33,63575,203316.75,268538.25,0.3950499999999868,0.3772999999999969
17,0,w0_20260416_070842,34,219690.75,155128.5,67410.75,0.7307249999999779,0.12022499999999715
17,0,w0_20260416_070842,35,-4867.75,122403.75,82614,0.27914000000000466,0.3185249999999873
17,0,w0_20260416_070842,36,87471.5,158454.75,248223.75,0.3261399999999975,0.4332749999999882
17,0,w0_20260416_070842,37,50892.5,190391.25,287096.25,0.2819300000000127,0.3817299999999962
17,0,w0_20260416_070842,38,342994.75,44671.5,278823.75,0.9094400000000168,0.34941500000000986
17,0,w0_20260416_070842,39,192073,189828,281919,0.6364949999999732,0.36777999999999533
17,0,w0_20260416_070842,40,117865.5,149262,161752.5,0.4615899999999744,0.4081449999999973
17,0,w0_20260416_070842,41,56508,131221.5,150940.5,0.4741199999999977,0.22170500000000515
17,0,w0_20260416_070842,42,110349,120720.75,286220.25,0.548214999999982,0.38456500000000854
17,0,w0_20260416_070842,43,106442,174363,283875,0.3963999999999899,0.415405000000023
17,0,w0_20260416_070842,44,46061.75,120343.5,93324.75,0.4146150000000198,0.2060100000000016
17,0,w0_20260416_070842,45,135454,79296,264240,0.5648599999999779,0.35700000000001897
17,0,w0_20260416_070842,46,276628.75,109920.75,272620.5,0.7927649999999886,0.3977799999999943
17,0,w0_20260416_070842,47,342732.5,60882.75,302784.75,0.8928250000000084,0.3784000000000003
17,0,w0_20260416_070842,48,49619.75,119619,311711.25,0.3760899999999791,0.37175000000000863
17,0,w0_20260416_070842,49,83276.5,59694.75,300858.75,0.5247500000000127,0.3734649999999812
17,0,w0_20260416_070842,50,151917.25,98471.25,203641.5,0.7300099999999893,0.2972650000000124
17,0,w0_20260416_070842,51,181452.75,132552,245855.25,0.6271750000000036,0.3800249999999912
17,0,w0_20260416_070842,52,338752,39925.5,198982.5,0.9232500000000046,0.3483999999999997
17,0,w0_20260416_070842,53,152117.5,271861.5,282351,0.5016100000000259,0.4387899999999978
17,0,w0_20260416_070842,54,108188.5,88677.75,284973.75,0.44725,0.3835500000000051
17,0,w0_20260416_070842,55,68589.25,105315.75,234645,0.4895650000000072,0.348309999999997
17,0,w0_20260416_070842,56,65571,134790.75,278498.25,0.45979000000001297,0.3810499999999869
17,0,w0_20260416_070842,57,14166.25,112101.75,233412,0.2404400000000369,0.3691250000000018
17,0,w0_20260416_070842,58,48798.25,69099,283692.75,0.5989649999999821,0.3894749999999974
17,0,w0_20260416_070842,59,18835,138402.75,213572.25,0.47327999999998766,0.31321499999999847
17,0,w0_20260416_070842,60,71010,106746,258024,0.5762599999999813,0.3523049999999968
17,0,w0_20260416_070842,61,50074.75,126207,215108.25,0.467705000000015,0.3112600000000104
17,0,w0_20260416_070842,62,140911.5,119206.5,316872,0.6300750000000139,0.37143499999999025
17,0,w0_20260416_070842,63,22034,101058,333888,0.3645499999999759,0.3813850000000046
17,0,w0_20260416_070842,64,343917,69401.25,238101.75,0.8785899999999314,0.43643999999999233
17,0,w0_20260416_070842,65,104848.75,158974.5,271206.75,0.5962849999999871,0.3589000000000083
17,0,w0_20260416_070842,66,196954.75,171166.5,250218.75,0.6816799999999531,0.34696000000000443
17,0,w0_20260416_070842,67,9974.5,81458.25,318887.25,0.3032699999999883,0.3598999999999976
17,0,w0_20260416_070842,68,85808,125994,250368,0.5047399999999942,0.3970300000000047
17,0,w0_20260416_070842,69,8188,66043.5,293368.5,0.2693149999999776,0.3607499999999854
17,0,w0_20260416_070842,70,11727,75287.25,255945.75,0.15997500000001563,0.4265699999999845
17,0,w0_20260416_070842,71,162891.25,100127.25,313141.5,0.604939999999993,0.4133499999999876
17,0,w0_20260416_070842,72,400552.75,51625.5,212691.75,0.9000150000000212,0.5086149999999865
17,0,w0_20260416_070842,73,99483.5,190871.25,224525.25,0.4748450000000026,0.3835599999999846
17,0,w0_20260416_070842,74,176722.25,154882.5,306635.25,0.6683550000000035,0.3655249999999942
17,0,w0_20260416_070842,75,249133.5,163410,308656.5,0.7152550000000155,0.3982249999999952
17,0,w0_20260416_070842,76,55712.5,252414,321973.5,0.32247999999999166,0.4198349999999894
17,0,w0_20260416_070842,77,302389.25,63736.5,325064.25,0.8920000000000029,0.2763700000000069
17,0,w0_20260416_070842,78,180871.5,113860.5,168798,0.728635000000016,0.1851599999999889
17,0,w0_20260416_070842,79,292165.75,115122.75,280231.5,0.8016099999999315,0.3702299999999927
17,0,w0_20260416_070842,80,246026,168358.5,297685.5,0.7124550000000157,0.37339499999999465
17,0,w0_20260416_070842,81,57089.25,119516.25,150784.5,0.42062999999999184,0.42455999999999894
17,0,w0_20260416_070842,82,90398.5,124730.25,254321.25,0.5236299999999987,0.4094150000000013
17,0,w0_20260416_070842,83,279617,131671.5,293371.5,0.7779799999999394,0.3780950000000203
17,0,w0_20260416_070842,84,-9999.999999999996,86562.49483627193,93246.52085960264,0.6523049999999582,0.48317000000001753
17,0,w0_20260416_070842,85,265737.5,133053.75,185268.75,0.762479999999962,0.3829999999999979
17,0,w0_20260416_070842,86,78570.5,122394,218905.5,0.4452949999999868,0.35614000000000656
17,0,w0_20260416_070842,87,2247.75,57018,280214.25,0.2873749999999809,0.3696849999999877
17,0,w0_20260416_070842,88,97580,72583.5,212266.5,0.6247399999999814,0.3605499999999981
17,0,w0_20260416_070842,89,12726,58044,322620,0.2065200000000115,0.3736149999999917
17,0,w0_20260416_070842,90,66913.75,29535,285851.25,0.6250850000000036,0.3860899999999981
17,0,w0_20260416_070842,91,113128.25,204761.25,225220.5,0.5953699999999822,0.3556350000000007
17,0,w0_20260416_070842,92,45587.25,183765.75,202767,0.5003599999999985,0.4170700000000033
17,0,w0_20260416_070842,93,64792.25,85845,109692.75,0.5859949999999837,0.3021699999999727
17,0,w0_20260416_070842,94,276379,91851.75,219209.25,0.7665049999999022,0.4324050000000011
17,0,w0_20260416_070842,95,381729.25,92349,251451.75,0.842389999999907,0.5191049999999915
17,0,w0_20260416_070842,96,326502,80208,105720,0.8575649999999099,0.4616399999999985
17,0,w0_20260416_070842,97,278971.5,67473.75,168264.75,0.8794449999999758,0.1946749999999975
17,0,w0_20260416_070842,98,326648,47790.75,198341.25,0.9093899999999648,0.378144999999989
17,0,w0_20260416_070842,99,274258.75,134233.5,189567.75,0.7668799999999862,0.4129949999999945
17,0,w0_20260416_070842,100,320936.5,95946,275197.5,0.8363200000000205,0.398374999999991
17,1,w1_20260416_071710,1,83449,230142,93279,0.5197850000000013,0.23398499999998848
17,1,w1_20260416_071710,2,184918.25,157503,108528.75,0.7056149999999827,0.24860499999999291
17,1,w1_20260416_071710,3,197601.25,119328,164250.75,0.7672199999999619,0.14533999999999755
17,1,w1_20260416_071710,4,233783,110544.75,71912.25,0.7962549999999561,0.13747999999999624
17,1,w1_20260416_071710,5,14182.25,247138.5,97409.25,0.4304150000000076,0.18026999999999865
17,1,w1_20260416_071710,6,36144,241082.25,76563.75,0.4526400000000035,0.14498000000000238
17,1,w1_20260416_071710,7,68349,264825,93276,0.486365000000019,0.22829499999999825
17,1,w1_20260416_071710,8,16656.25,141453,55650.75,0.4375900000000128,0.20475000000000196
17,1,w1_20260416_071710,9,78332.75,268267.5,53619.75,0.4960449999999936,0.1739749999999981
17,1,w1_20260416_071710,10,16683,235430.25,73326.75,0.38742500000000984,0.227309999999998
17,1,w1_20260416_071710,11,108416.5,246599.25,78704.25,0.553495000000002,0.17731999999999673
17,1,w1_20260416_071710,12,153194,154749.75,195296.25,0.6680899999999682,0.33743499999999454
17,1,w1_20260416_071710,13,141801.5,173083.5,255465,0.616309999999977,0.36157500000000103
17,1,w1_20260416_071710,14,200824.25,174979.5,146576.25,0.6864400000000038,0.31660500000000497
17,1,w1_20260416_071710,15,361347.75,140623.5,138378.75,0.7041149999999529,0.710864999999984
17,1,w1_20260416_071710,16,182873,218241.75,249095.25,0.6102850000000191,0.3722349999999934
17,1,w1_20260416_071710,17,97763.5,286750.5,221166,0.49152000000001034,0.30824500000000044
17,1,w1_20260416_071710,18,278053.75,92313.75,145612.5,0.8353649999999503,0.2845200000000058
17,1,w1_20260416_071710,19,259603,109189.5,74347.5,0.8070900000000016,0.2219150000000036
17,1,w1_20260416_071710,20,211374.5,200115,270100.5,0.644554999999997,0.3954549999999864
17,1,w1_20260416_071710,21,74830,286526.25,235953.75,0.4352099999999691,0.340275000000005
17,1,w1_20260416_071710,22,142055,249150.75,247334.25,0.5518999999999832,0.34610500000000766
17,1,w1_20260416_071710,23,75074.5,287179.5,242556,0.43358499999998656,0.3591600000000034
17,1,w1_20260416_071710,24,224018.75,170258.25,249693,0.6945449999999918,0.371239999999991
17,1,w1_20260416_071710,25,139608.25,239551.5,121070.25,0.5725849999999826,0.34514499999998727
17,1,w1_20260416_071710,26,48195,204490.5,118024.5,0.4510150000000032,0.22841999999999463
17,1,w1_20260416_071710,27,70047.5,288127.5,288795,0.36581000000000785,0.41656500000000496
17,1,w1_20260416_071710,28,209241.25,155249.25,253609.5,0.6879200000000122,0.34485000000001215
17,1,w1_20260416_071710,29,118270.5,250663.5,265566,0.4639499999999948,0.4159700000000019
17,1,w1_20260416_071710,30,232785.5,163884.75,248079.75,0.7040049999999881,0.39955999999999886
17,1,w1_20260416_071710,31,242781.5,137989.5,151239,0.748994999999988,0.3601849999999894
17,1,w1_20260416_071710,32,101564.5,222825.75,284949.75,0.4719500000000001,0.4116799999999928
17,1,w1_20260416_071710,33,59315.25,240123,249471.75,0.4467549999999826,0.349545000000005
17,1,w1_20260416_071710,34,98963.75,206185.5,293070.75,0.40298000000000017,0.4181749999999998
17,1,w1_20260416_071710,35,267400,129896.25,258033.75,0.7678349999999524,0.3693100000000027
17,1,w1_20260416_071710,36,385981.5,52487.25,262421.25,0.904464999999967,0.46439500000001926
17,1,w1_20260416_071710,37,164591.5,239517,242461.5,0.5528549999999899,0.4387749999999884
17,1,w1_20260416_071710,38,293457,139223.25,291579.75,0.7544849999999355,0.4207649999999919
17,1,w1_20260416_071710,39,117819.25,174783.75,264297,0.4387499999999794,0.4608250000000048
17,1,w1_20260416_071710,40,101054.5,188034,298201.5,0.3783999999999943,0.4233349999999997
17,1,w1_20260416_071710,41,176140.5,217107,302722.5,0.5570449999999916,0.4075199999999953
17,1,w1_20260416_071710,42,302051.5,124013.25,289895.25,0.7802799999999497,0.41281999999999935
17,1,w1_20260416_071710,43,101545.75,218394.75,290509.5,0.4729549999999922,0.38838499999999415
17,1,w1_20260416_071710,44,113876.5,198056.25,243407.25,0.5198599999999703,0.33887000000000644
17,1,w1_20260416_071710,45,164318,187998,278064,0.5944250000000022,0.3928949999999882
17,1,w1_20260416_071710,46,380277.75,85087.5,273354.75,0.8474349999999642,0.48792500000000594
17,1,w1_20260416_071710,47,108506.25,175041,230952.75,0.38666999999998675,0.5118899999999708
17,1,w1_20260416_071710,48,279848,133875,284277,0.7365299999999858,0.4270199999999901
17,1,w1_20260416_071710,49,190993.75,209628,268598.25,0.6258100000000045,0.3735049999999874
17,1,w1_20260416_071710,50,167746.5,140692.5,146601,0.6126699999999562,0.3926949999999976
17,1,w1_20260416_071710,51,185334.5,119097.75,183567.75,0.6697399999999915,0.3798050000000011
17,1,w1_20260416_071710,52,103234.75,185821.5,229773.75,0.4543099999999747,0.3826199999999854
17,1,w1_20260416_071710,53,292225.75,72097.5,205986.75,0.850349999999988,0.3766549999999944
17,1,w1_20260416_071710,54,225063,152272.5,246904.5,0.711459999999965,0.33820499999998727
17,1,w1_20260416_071710,55,72531,180799.5,276379.5,0.3272449999999878,0.39441500000002433
17,1,w1_20260416_071710,56,87248.5,140004.75,207546.75,0.4775950000000048,0.32485499999998413
17,1,w1_20260416_071710,57,219929.25,150985.5,269615.25,0.6720449999999861,0.3703099999999945
17,1,w1_20260416_071710,58,92920,130941.75,287588.25,0.56035999999998,0.3842399999999875
17,1,w1_20260416_071710,59,269937,102321.75,154691.25,0.8088399999999388,0.3458050000000035
17,1,w1_20260416_071710,60,109648.25,134479.5,174092.25,0.5153649999999972,0.3552949999999941
17,1,w1_20260416_071710,61,110256.5,117286.5,272937,0.4783950000000029,0.3948550000000198
17,1,w1_20260416_071710,62,-1713.5,137496,274027.5,0.2421799999999913,0.3682999999999975
17,1,w1_20260416_071710,63,138508.5,125139.75,151251.75,0.6166699999999875,0.31921500000000225
17,1,w1_20260416_071710,64,-8718.25,86850.75,253897.5,0.25691999999999965,0.3641950000000117
17,1,w1_20260416_071710,65,75922.5,160727.25,203780.25,0.5504749999999732,0.2766249999999963
17,1,w1_20260416_071710,66,127352.25,188638.5,186539.25,0.5657649999999769,0.3318400000000008
17,1,w1_20260416_071710,67,59217.5,228354,265708.5,0.4250300000000228,0.29891500000000126
17,1,w1_20260416_071710,68,251479.5,117460.5,164160,0.786354999999961,0.16691000000000183
17,1,w1_20260416_071710,69,4161.25,255112.5,160856.25,0.41535500000000375,0.10734499999999428
17,1,w1_20260416_071710,70,92501.5,130423.5,250335,0.4253449999999928,0.4004649999999966
17,1,w1_20260416_071710,71,75673,256792.5,89734.5,0.4975799999999862,0.25520499999997714
17,1,w1_20260416_071710,72,298605.5,82785.75,64428.75,0.8577199999998777,0.2521649999999862
17,1,w1_20260416_071710,73,286511,94771.5,51847.5,0.8369999999999489,0.2860749999999986
17,1,w1_20260416_071710,74,17353,242771.25,86025.75,0.36329500000001447,0.22828000000000565
17,1,w1_20260416_071710,75,52559.25,201090,57000.75,0.3893900000000128,0.17653499999998165
17,1,w1_20260416_071710,76,197557.75,69397.5,123684.75,0.6852749999999616,0.473725000000023
17,1,w1_20260416_071710,77,153436.5,159294,34639.5,0.5960149999999825,0.1993949999999853
17,1,w1_20260416_071710,78,100558,90163.5,48568.5,0.527004999999993,0.4041400000000031
17,1,w1_20260416_071710,79,254512,104361.75,85616.25,0.7935899999999892,0.24942999999998547
17,1,w1_20260416_071710,80,115840.5,109120.5,40809,0.6754100000000299,0.31897000000000125
17,1,w1_20260416_071710,81,112024.25,112545,43740.75,0.5826250000000207,0.2992299999999951
17,1,w1_20260416_071710,82,175188.25,196185,60816.75,0.6408899999999796,0.3718199999999865
17,1,w1_20260416_071710,83,74503.5,81276,46570.5,0.43494499999999353,0.2739299999999973
17,1,w1_20260416_071710,84,53956.25,92745.75,163908,0.4209650000000091,0.4097250000000007
17,1,w1_20260416_071710,85,67554.25,89784.75,47031,0.6660249999999771,0.24178500000000072
17,1,w1_20260416_071710,86,213650.75,79758,36911.25,0.8311949999999435,0.34655999999999615
17,1,w1_20260416_071710,87,287408.25,103887.75,42114,0.8252449999999817,0.4116350000000053
17,1,w1_20260416_071710,88,95701.25,82624.5,156344.25,0.6577949999999925,0.26462000000000074
17,1,w1_20260416_071710,89,62351.5,110844,76444.5,0.531859999999998,0.2748400000000173
17,1,w1_20260416_071710,90,44260,102894.75,152465.25,0.3444949999999943,0.26440500000000083
17,1,w1_20260416_071710,91,22242.75,120959.25,74418,0.4314399999999889,0.24502499999999972
17,1,w1_20260416_071710,92,66140,121494.75,40025.25,0.5096349999999975,0.2343349999999972
17,1,w1_20260416_071710,93,336297.25,46233.75,50709,0.91559500000004,0.2543749999999898
17,1,w1_20260416_071710,94,345791,51846.75,166952.25,0.912524999999977,0.3378650000000033
17,1,w1_20260416_071710,95,246900.5,141141.75,75297.75,0.7624800000000114,0.2864399999999925
17,1,w1_20260416_071710,96,42228.5,124533.75,105717.75,0.5202950000000052,0.276335000000012
17,1,w1_20260416_071710,97,140452,206679.75,63068.25,0.5716200000000161,0.24321999999999416
17,1,w1_20260416_071710,98,142929,219205.5,260545.5,0.5947949999999732,0.3448500000000011
17,1,w1_20260416_071710,99,175551,244833,302886,0.5862649999999966,0.3818899999999961
17,1,w1_20260416_071710,100,173005.5,184018.5,127746,0.6669399999999805,0.32515499999998987
18,0,w0_20260416_072539,1,213953.75,108333,94493.25,0.7832749999999612,0.15396499999999574
18,0,w0_20260416_072539,2,216006.75,132117,55976.25,0.7506599999999608,0.17629999999999316
18,0,w0_20260416_072539,3,178000.25,171871.5,53858.25,0.6838949999999766,0.15074499999999572
18,0,w0_20260416_072539,4,136101.5,217504.5,50454,0.6018399999999966,0.16063499999999328
18,0,w0_20260416_072539,5,74747.75,283570.5,65451.75,0.4660750000000138,0.40139999999999687
18,0,w0_20260416_072539,6,112061.25,244522.5,59906.25,0.5528799999999896,0.24738999999999975
18,0,w0_20260416_072539,7,81238.25,271408.5,51353.25,0.5030800000000071,0.14494499999998844
18,0,w0_20260416_072539,8,236142.5,124158,45349.5,0.7708349999999717,0.22950499999999616
18,0,w0_20260416_072539,9,177318.25,178836,54285.75,0.6732549999999786,0.16389499999999688
18,0,w0_20260416_072539,10,259246,88602.75,100841.25,0.8403849999999635,0.18572999999999573
18,0,w0_20260416_072539,11,33771.75,301068,157610.25,0.4107900000000059,0.2563149999999921
18,0,w0_20260416_072539,12,172923,233266.5,190120.5,0.4832149999999991,0.561410000000011
18,0,w0_20260416_072539,13,-2511.5,59194.5,227637,0.1781600000000032,0.31293500000001434
18,0,w0_20260416_072539,14,322866.25,94050,221403.75,0.8318949999999792,0.4531650000000074
18,0,w0_20260416_072539,15,131567,219903.75,232319.25,0.5589649999999903,0.33616999999999186
18,0,w0_20260416_072539,16,90441.5,256324.5,273804,0.4578650000000036,0.365035000000001
18,0,w0_20260416_072539,17,148810.75,230253.75,262495.5,0.5661549999999727,0.36781999999999815
18,0,w0_20260416_072539,18,136436.25,241775.25,223588.5,0.5440499999999987,0.35893500000001455
18,0,w0_20260416_072539,19,253830,223041,219489,0.5906899999999661,0.5558849999999799
18,0,w0_20260416_072539,20,17965.25,138806.25,260788.5,0.20505999999999608,0.4185549999999909
18,0,w0_20260416_072539,21,297593,102860.25,283326.75,0.7867499999999927,0.44897500000001944
18,0,w0_20260416_072539,22,96189.25,245588.25,255562.5,0.499155000000004,0.3227650000000025
18,0,w0_20260416_072539,23,45630.5,289779,245950.5,0.41600500000001256,0.30541000000000695
18,0,w0_20260416_072539,24,174967.5,227127,287455.5,0.5652299999999912,0.4136850000000043
18,0,w0_20260416_072539,25,162279,229293.75,248237.25,0.5834449999999821,0.3663000000000031
18,0,w0_20260416_072539,26,174458,205260.75,249611.25,0.6159999999999608,0.36883000000000343
18,0,w0_20260416_072539,27,264052.5,163146.75,265560.75,0.7123299999999696,0.4283350000000179
18,0,w0_20260416_072539,28,264866.25,141077.25,261166.5,0.7498499999999872,0.3698100000000105
18,0,w0_20260416_072539,29,152593.25,206102.25,287764.5,0.5984800000000383,0.39987499999999504
18,0,w0_20260416_072539,30,57428.25,115787.25,303694.5,0.40292499999999287,0.4419549999999883
18,0,w0_20260416_072539,31,169736.25,214483.5,266330.25,0.6046650000000012,0.36245999999999823
18,0,w0_20260416_072539,32,261487,139035.75,254207.25,0.7496199999999956,0.3770899999999938
18,0,w0_20260416_072539,33,284092.75,100782,228005.25,0.8185150000000255,0.3260449999999946
18,0,w0_20260416_072539,34,42923.5,177561,196615.5,0.37598000000002224,0.35942500000000127
18,0,w0_20260416_072539,35,43271.25,166203,266775.75,0.31278000000000566,0.43165500000000895
18,0,w0_20260416_072539,36,125387,241420.5,277762.5,0.4509500000000126,0.44528000000002976
18,0,w0_20260416_072539,37,216664.5,37841.25,233384.25,0.8380049999999933,0.3551400000000062
18,0,w0_20260416_072539,38,388031.75,59748,285440.25,0.8938199999999955,0.4624700000000068
18,0,w0_20260416_072539,39,379291.5,52850.25,304568.25,0.9091449999999706,0.42407500000000775
18,0,w0_20260416_072539,40,90973.25,271741.5,254495.25,0.46990999999999566,0.34277500000000627
18,0,w0_20260416_072539,41,263874,119549.25,203586.75,0.789879999999946,0.3797300000000025
18,0,w0_20260416_072539,42,58608,186875.25,284886.75,0.4308649999999959,0.41033500000000667
18,0,w0_20260416_072539,43,91401.25,162070.5,250118.25,0.5091850000000118,0.3723499999999989
18,0,w0_20260416_072539,44,60196.25,128036.25,257197.5,0.521794999999981,0.36887000000001546
18,0,w0_20260416_072539,45,107336.25,102660,245973.75,0.5510549999999709,0.40497500000000697
18,0,w0_20260416_072539,46,370351.25,56494.5,296384.25,0.8871650000000049,0.4221399999999854
18,0,w0_20260416_072539,47,362862.25,42610.5,214517.25,0.9268299999999828,0.38215000000000177
18,0,w0_20260416_072539,48,361010.75,32312.25,174927,0.9447999999999778,0.32476000000000455
18,0,w0_20260416_072539,49,348845.25,55472.25,167932.5,0.905424999999979,0.3651299999999929
18,0,w0_20260416_072539,50,57999.25,179701.5,176279.25,0.396615000000005,0.38400000000000184
18,0,w0_20260416_072539,51,167863.75,130564.5,270081.75,0.5621799999999626,0.44254500000001673
18,0,w0_20260416_072539,52,101307.25,155553.75,290379,0.3336300000000046,0.4420599999999903
18,0,w0_20260416_072539,53,16967.75,49488,312524.25,0.13293999999999945,0.3838750000000099
18,0,w0_20260416_072539,54,13108.5,42414.75,248106.75,0.15505000000000146,0.416149999999989
18,0,w0_20260416_072539,55,338069,51579,171822,0.8989899999999449,0.4049249999999774
18,0,w0_20260416_072539,56,74232.25,225675.75,189282,0.4051799999999931,0.3718400000000028
18,0,w0_20260416_072539,57,149082,150707.25,166470.75,0.5885949999999891,0.41455500000000495
18,0,w0_20260416_072539,58,204609.75,160503,238787.25,0.6353100000000127,0.4040850000000003
18,0,w0_20260416_072539,59,55224,183753,211953,0.48143500000001577,0.1955999999999944
18,0,w0_20260416_072539,60,129730,132955.5,159154.5,0.5627800000000072,0.2916600000000043
18,0,w0_20260416_072539,61,171640.5,213700.5,322539,0.5692499999999947,0.3888550000000008
18,0,w0_20260416_072539,62,184221.5,157059.75,280368.75,0.5818849999999728,0.37851000000000073
18,0,w0_20260416_072539,63,125578.75,132786.75,206974.5,0.5617349999999656,0.3092099999999977
18,0,w0_20260416_072539,64,306805,118906.5,279868.5,0.7762650000000002,0.4387249999999837
18,0,w0_20260416_072539,65,161024.5,154713,182542.5,0.6014949999999614,0.2453249999999904
18,0,w0_20260416_072539,66,117738.25,153018.75,270003,0.5382799999999897,0.3696100000000064
18,0,w0_20260416_072539,67,-3391.5,70633.5,91908,0.2412499999999856,0.17580000000000015
18,0,w0_20260416_072539,68,23598.25,56577.75,43014,0.5240600000000211,0.2327749999999852
18,0,w0_20260416_072539,69,177764.75,125391,84584.25,0.6750149999999959,0.3624100000000024
18,0,w0_20260416_072539,70,292018.25,89327.25,248134.5,0.7896099999999927,0.4227600000000065
18,0,w0_20260416_072539,71,86767.75,188830.5,160461.75,0.4224549999999672,0.4329249999999986
18,0,w0_20260416_072539,72,249027.5,173556,253936.5,0.7003299999999755,0.43174000000000096
18,0,w0_20260416_072539,73,138003.25,178675.5,145001.25,0.6040249999999946,0.3363649999999987
18,0,w0_20260416_072539,74,204597.5,187452,232450.5,0.6246649999999323,0.4650949999999732
18,0,w0_20260416_072539,75,238941.5,134830.5,144138,0.7469049999999351,0.3557300000000041
18,0,w0_20260416_072539,76,-3038.75,64596,78852.75,0.3949899999999842,0.39937499999999176
18,0,w0_20260416_072539,77,-6402.75,58224,132798.75,0.44398999999999234,0.2894200000000056
18,0,w0_20260416_072539,78,68385.75,81672,234332.25,0.4452100000000132,0.4613399999999936
18,0,w0_20260416_072539,79,-10000,64768.5,57627,0.4730599999999761,0.5151599999999734
18,0,w0_20260416_072539,80,134379.25,28359.75,161061,0.662069999999932,0.3964549999999939
18,0,w0_20260416_072539,81,186829.75,162021.75,180718.5,0.7191700000000293,0.17157499999999223
18,0,w0_20260416_072539,82,68917.75,90595.5,249066.75,0.289489999999998,0.49494499999998726
18,0,w0_20260416_072539,83,131769.75,138928.5,244701.75,0.5418399999999755,0.4435900000000155
18,0,w0_20260416_072539,84,253497.75,90476.25,123066,0.8094849999999708,0.25404499999999386
18,0,w0_20260416_072539,85,129485.5,180746.25,98978.25,0.6176649999999664,0.13630999999999166
18,0,w0_20260416_072539,86,50869.75,189942,201998.25,0.3520549999999928,0.445524999999987
18,0,w0_20260416_072539,87,33717.5,102044.25,97058.25,0.4552800000000021,0.2218399999999936
18,0,w0_20260416_072539,88,43764.75,93660,9485.25,0.509330000000007,0.3591949999999878
18,0,w0_20260416_072539,89,106605.5,54632.25,57722.25,0.7033849999999542,0.2478900000000089
18,0,w0_20260416_072539,90,88074.25,146649,71946.75,0.5413949999999829,0.21478000000000033
18,0,w0_20260416_072539,91,-10000,23278.5,16126.5,0.4217599999999822,0.34575500000000847
18,0,w0_20260416_072539,92,23815.5,108420,29644.5,0.3848750000000083,0.4117699999999976
18,0,w0_20260416_072539,93,67434.75,94532.25,36333,0.5409900000000127,0.1621550000000023
18,0,w0_20260416_072539,94,43963.75,104979.75,49786.5,0.4903149999999844,0.3163199999999842
18,0,w0_20260416_072539,95,90596,160263.75,40730.25,0.5194699999999777,0.2427150000000085
18,0,w0_20260416_072539,96,163029.5,182780.25,35720.25,0.6299799999999526,0.45107499999999656
18,0,w0_20260416_072539,97,54856.75,162904.5,58848.75,0.4507199999999914,0.26331500000000535
18,0,w0_20260416_072539,98,41113.25,143098.5,35528.25,0.45761000000001006,0.1619650000000078
18,0,w0_20260416_072539,99,324235,34516.5,99058.5,0.9305799999999944,0.13546000000000355
18,0,w0_20260416_072539,100,324710.25,56558.25,93661.5,0.9043949999999684,0.2849250000000093
18,1,w1_20260416_073410,1,204781.75,126202.5,103605.75,0.7502449999999656,0.19936500000000232
18,1,w1_20260416_073410,2,263924.25,91189.5,51236.25,0.8285149999999709,0.2643249999999982
18,1,w1_20260416_073410,3,170718.75,178887.75,59893.5,0.6683899999999884,0.18378000000000017
18,1,w1_20260416_073410,4,182615,173347.5,55687.5,0.6816599999999859,0.22720999999999855
18,1,w1_20260416_073410,5,132284.5,222078.75,62706.75,0.5911949999999977,0.23514500000000116
18,1,w1_20260416_073410,6,82852.25,263977.5,93830.25,0.5180900000000079,0.15798499999999496
18,1,w1_20260416_073410,7,129413,206872.5,118024.5,0.6227649999999879,0.1306299999999983
18,1,w1_20260416_073410,8,58479.75,282201,116759.25,0.4852999999999979,0.14020499999999728
18,1,w1_20260416_073410,9,-10000,41634,15081,0.2718149999999945,0.2999350000000106
18,1,w1_20260416_073410,10,-10000,29335.68,12400.26,0.5186150000000129,0.4670500000000052
18,1,w1_20260416_073410,11,231439,122028.75,85232.25,0.7793949999999791,0.18822999999999449
18,1,w1_20260416_073410,12,-10000,54578.25,18591.75,0.4161150000000182,0.3189800000000152
18,1,w1_20260416_073410,13,94754.25,273788.25,146617.5,0.4635699999999943,0.3944849999999945
18,1,w1_20260416_073410,14,12774.75,279225.75,196759.5,0.3200800000000113,0.34356000000000625
18,1,w1_20260416_073410,15,353577.75,84593.25,254289,0.8309799999999599,0.5215300000000089
18,1,w1_20260416_073410,16,111227.25,247594.5,145868.25,0.5561800000000174,0.29888500000001433
18,1,w1_20260416_073410,17,124730.75,240294.75,285154.5,0.5674149999999879,0.31389500000000514
18,1,w1_20260416_073410,18,137721.25,221806.5,208082.25,0.6040599999999968,0.2771150000000108
18,1,w1_20260416_073410,19,193158,186810.75,272321.25,0.6689499999999737,0.33458000000001514
18,1,w1_20260416_073410,20,302508,76422.75,222299.25,0.8647699999999917,0.34235500000001257
18,1,w1_20260416_073410,21,87064.25,299453.25,344392.5,0.46587499999999826,0.3515049999999927
18,1,w1_20260416_073410,22,170196.5,221904,272899.5,0.527574999999999,0.4570249999999999
18,1,w1_20260416_073410,23,303757.5,91113.75,240348.75,0.8395799999999847,0.3631000000000192
18,1,w1_20260416_073410,24,175806.5,218927.25,270686.25,0.6161549999999809,0.3399649999999953
18,1,w1_20260416_073410,25,178608.75,202495.5,230505.75,0.6446949999999606,0.30893000000000004
18,1,w1_20260416_073410,26,111683,268467,284460,0.5209249999999909,0.32967000000000696
18,1,w1_20260416_073410,27,174375.5,214973.25,289211.25,0.6185899999999797,0.35642000000000124
18,1,w1_20260416_073410,28,221164.5,164637,227248.5,0.7080450000000201,0.33989500000000095
18,1,w1_20260416_073410,29,141309.75,236800.5,295929.75,0.5453849999999529,0.39600499999999217
18,1,w1_20260416_073410,30,33425.25,272088.75,261576,0.388285000000039,0.2937900000000121
18,1,w1_20260416_073410,31,166158,219806.25,273135.75,0.599379999999983,0.3626250000000052
18,1,w1_20260416_073410,32,47943.5,239489.25,250727.25,0.4005900000000395,0.3121400000000068
18,1,w1_20260416_073410,33,104193.25,184505.25,287761.5,0.4843500000000172,0.3789349999999851
18,1,w1_20260416_073410,34,267274.25,107368.5,208517.25,0.8120049999999929,0.279730000000001
18,1,w1_20260416_073410,35,98059.75,243785.25,265215,0.5324350000000146,0.34523000000000026
18,1,w1_20260416_073410,36,171875,239005.5,277789.5,0.5656099999999916,0.4160600000000014
18,1,w1_20260416_073410,37,153607,264060.75,278942.25,0.5431349999999976,0.3855550000000096
18,1,w1_20260416_073410,38,103495.5,268020,275734.5,0.49710500000000785,0.3753150000000049
18,1,w1_20260416_073410,39,148449.75,246076.5,212163.75,0.5701300000000095,0.3271650000000128
18,1,w1_20260416_073410,40,112571.75,60668.25,192900,0.6999299999999323,0.5308450000000107
18,1,w1_20260416_073410,41,205075,201804,271281,0.6491299999999749,0.3712150000000001
18,1,w1_20260416_073410,42,366325.25,38115,252879.75,0.9334199999999626,0.3922699999999933
18,1,w1_20260416_073410,43,103782,240213.75,264674.25,0.49440999999999646,0.33052500000000085
18,1,w1_20260416_073410,44,76887.5,207255.75,242886.75,0.4984649999999939,0.3100650000000064
18,1,w1_20260416_073410,45,230486.75,186307.5,259995.75,0.6804549999999625,0.39232500000000375
18,1,w1_20260416_073410,46,157296.75,226151.25,157302,0.6115399999999789,0.27460500000000443
18,1,w1_20260416_073410,47,102567.5,254067.75,277254.75,0.5145750000000093,0.3581900000000031
18,1,w1_20260416_073410,48,119025.5,263167.5,317667,0.47581999999998414,0.4130650000000004
18,1,w1_20260416_073410,49,340359.75,46228.5,228861.75,0.9189599999999888,0.32208499999999207
18,1,w1_20260416_073410,50,348127.5,39513,218629.5,0.9324399999999902,0.2887199999999996
18,1,w1_20260416_073410,51,28321.25,101263.5,215795.25,0.33606500000000133,0.39619499999996544
18,1,w1_20260416_073410,52,258111,127730.25,195618.75,0.7746150000000065,0.3286700000000024
18,1,w1_20260416_073410,53,148225.25,205986,198138.75,0.6178449999999746,0.32978000000000235
18,1,w1_20260416_073410,54,81058.25,173554.5,284627.25,0.4153099999999894,0.4288350000000131
18,1,w1_20260416_073410,55,229905.25,212574,302160.75,0.6184400000000213,0.4522450000000066
18,1,w1_20260416_073410,56,65088.75,162610.5,322770.75,0.36271999999998894,0.3696400000000016
18,1,w1_20260416_073410,57,279683,147990.75,281126.25,0.7405349999999723,0.42017999999999095
18,1,w1_20260416_073410,58,134509,169369.5,315691.5,0.4404200000000235,0.4001950000000009
18,1,w1_20260416_073410,59,293850.75,136860.75,263068.5,0.7414199999999973,0.45046999999999554
18,1,w1_20260416_073410,60,359593.75,75582.75,216223.5,0.871459999999947,0.43033499999999913
18,1,w1_20260416_073410,61,355774.25,96750.75,242475,0.835779999999957,0.4701249999999949
18,1,w1_20260416_073410,62,112059.5,169832.25,309218.25,0.4482499999999924,0.4015249999999875
18,1,w1_20260416_073410,63,7076.75,157019.25,270954,0.4391649999999851,0.31808999999999577
18,1,w1_20260416_073410,64,40173.5,160454.25,233582.25,0.4871900000000102,0.34872499999999734
18,1,w1_20260416_073410,65,309771.75,88078.5,238839.75,0.8490799999999821,0.3203049999999951
18,1,w1_20260416_073410,66,200861.5,222953.25,247685.25,0.5710849999999977,0.4758050000000033
18,1,w1_20260416_073410,67,52981.75,107529,304499.25,0.2623199999999827,0.4213149999999787
18,1,w1_20260416_073410,68,92305.5,75695.25,246059.25,0.6676500000000108,0.39784999999998766
18,1,w1_20260416_073410,69,29832.5,152934,254473.5,0.28159499999997645,0.40176999999999863
18,1,w1_20260416_073410,70,46557.75,253854.75,234847.5,0.42577000000001736,0.357469999999997
18,1,w1_20260416_073410,71,283121.5,128193,243115.5,0.7772499999999631,0.3916399999999969
18,1,w1_20260416_073410,72,75217,269180.25,130782.75,0.4674199999999882,0.4093599999999968
18,1,w1_20260416_073410,73,54666.5,246863.25,160820.25,0.42539499999998726,0.36507499999999343
18,1,w1_20260416_073410,74,77823.5,249374.25,131282.25,0.4349100000000034,0.37777499999998015
18,1,w1_20260416_073410,75,348144,63486,172830,0.8896749999999789,0.39287999999999607
18,1,w1_20260416_073410,76,5983.25,214029,176397.75,0.2868849999999999,0.3809850000000051
18,1,w1_20260416_073410,77,46608.5,122126.25,211295.25,0.39127500000000104,0.4319050000000166
18,1,w1_20260416_073410,78,183027.25,222718.5,258134.25,0.6001149999999786,0.3858649999999936
18,1,w1_20260416_073410,79,332004,112538.25,277647.75,0.8067799999999705,0.4453899999999848
18,1,w1_20260416_073410,80,128604,218057.25,235758.75,0.5081149999999779,0.4095200000000031
18,1,w1_20260416_073410,81,222604.5,208098.75,227376.75,0.6386549999999527,0.4439200000000132
18,1,w1_20260416_073410,82,275312,147333.75,232514.25,0.7476549999999798,0.4045199999999931
18,1,w1_20260416_073410,83,343277.5,86180.25,250652.25,0.8541800000000481,0.4394249999999983
18,1,w1_20260416_073410,84,43477.75,225325.5,209916.75,0.24637999999999924,0.48490000000000344
18,1,w1_20260416_073410,85,39588,83757,283875,0.32658499999999197,0.4184549999999886
18,1,w1_20260416_073410,86,9425,44227.5,134947.5,0.4550349999999974,0.39568999999999815
18,1,w1_20260416_073410,87,257364.25,130618.5,274847.25,0.7234699999999902,0.3868799999999901
18,1,w1_20260416_073410,88,18550.75,121254,230135.25,0.3097949999999823,0.39786500000001945
18,1,w1_20260416_073410,89,305247.5,78312.75,249459.75,0.8343399999999576,0.43709499999999263
18,1,w1_20260416_073410,90,158786.5,235250.25,280913.25,0.561459999999971,0.3994399999999917
18,1,w1_20260416_073410,91,105334.5,263859,307426.5,0.4668949999999928,0.40265500000000504
18,1,w1_20260416_073410,92,113342.25,199571.25,224086.5,0.4056849999999992,0.48270499999999167
18,1,w1_20260416_073410,93,259708.25,122607,259404.75,0.648004999999999,0.4898350000000198
18,1,w1_20260416_073410,94,183508.5,153016.5,252465,0.5390549999999886,0.4791650000000012
18,1,w1_20260416_073410,95,125012.5,137783.25,300704.25,0.604344999999992,0.3560400000000094
18,1,w1_20260416_073410,96,157633.5,155860.5,248196,0.5586800000000205,0.4397049999999971
18,1,w1_20260416_073410,97,151174.25,246043.5,283112.25,0.46839500000000744,0.47646999999999434
18,1,w1_20260416_073410,98,161840.75,227600.25,279219,0.5631249999999958,0.4091049999999932
18,1,w1_20260416_073410,99,100282,203577.75,255860.25,0.3858150000000003,0.4155650000000001
18,1,w1_20260416_073410,100,138448,207414.75,265007.25,0.5172500000000051,0.4418149999999975
19,0,w0_20260416_074239,1,24497,187169.25,68613.75,0.41516500000000495,0.1511250000000026
19,0,w0_20260416_074239,2,258477.5,75729,128743.5,0.8570799999999752,0.20499999999999885
19,0,w0_20260416_074239,3,217629.5,131583,80527.5,0.7586899999999857,0.2049699999999989
19,0,w0_20260416_074239,4,120754.75,234042,46223.25,0.5711649999999744,0.19138499999999511
19,0,w0_20260416_074239,5,52993,304268.25,45888.75,0.4404550000000167,0.2380299999999956
19,0,w0_20260416_074239,6,75570.75,276576,68963.25,0.485725000000005,0.29107000000001826
19,0,w0_20260416_074239,7,176107.5,176565,60847.5,0.6791049999999788,0.16158499999998716
19,0,w0_20260416_074239,8,85556.25,265548,45255.75,0.4927750000000096,0.2728000000000064
19,0,w0_20260416_074239,9,211361.5,147871.5,53937,0.7306699999999575,0.2021499999999973
19,0,w0_20260416_074239,10,237381.25,117804.75,59094,0.7863099999999843,0.18054499999999576
19,0,w0_20260416_074239,11,58124,250444.5,93811.5,0.46520999999999896,0.18569999999999023
19,0,w0_20260416_074239,12,270022.75,93661.5,49995.75,0.8321549999999899,0.21948500000000296
19,0,w0_20260416_074239,13,63758.75,243924,35507.25,0.4351550000000024,0.39929499999998214
19,0,w0_20260416_074239,14,314392.75,59193.75,45283.5,0.8936399999999524,0.39123999999999975
19,0,w0_20260416_074239,15,176968.75,194924.25,36057,0.6530449999999945,0.30282499999999707
19,0,w0_20260416_074239,16,254161.75,111286.5,40461.75,0.8013250000000005,0.175319999999998
19,0,w0_20260416_074239,17,61441.25,206164.5,70514.25,0.5009699999999916,0.14297499999999205
19,0,w0_20260416_074239,18,108904.75,248289.75,64225.5,0.5249500000000159,0.3856850000000039
19,0,w0_20260416_074239,19,88966.25,239187.75,54966,0.4946750000000212,0.11897999999999297
19,0,w0_20260416_074239,20,156531,209631.75,44627.25,0.6237350000000106,0.2310399999999932
19,0,w0_20260416_074239,21,149192.5,225489.75,63177.75,0.6011600000000233,0.294355000000002
19,0,w0_20260416_074239,22,232668.25,148031.25,81430.5,0.7381500000000178,0.411999999999999
19,0,w0_20260416_074239,23,189255,179508.75,43106.25,0.6827499999999732,0.13358499999999582
19,0,w0_20260416_074239,24,83540.25,213070.5,44009.25,0.4643550000000141,0.20920500000000591
19,0,w0_20260416_074239,25,96299,218457,65874,0.5229849999999789,0.2531850000000041
19,0,w0_20260416_074239,26,128735.25,230849.25,48505.5,0.5827650000000183,0.2625400000000174
19,0,w0_20260416_074239,27,118644.5,254605.5,37320,0.5527049999999986,0.19853499999999027
19,0,w0_20260416_074239,28,224736,148144.5,48859.5,0.7411100000000107,0.2306699999999962
19,0,w0_20260416_074239,29,63871.5,223554.75,39633.75,0.5330900000000104,0.18802499999999847
19,0,w0_20260416_074239,30,205844,167175,50901,0.7088799999999645,0.18843999999999617
19,0,w0_20260416_074239,31,55334.25,244155,157680.75,0.400324999999998,0.3220150000000132
19,0,w0_20260416_074239,32,10221.25,277634.25,164104.5,0.31473500000000576,0.35665499999999917
19,0,w0_20260416_074239,33,83092.5,212568,35239.5,0.5414100000000062,0.107854999999992
19,0,w0_20260416_074239,34,263515,105061.5,88513.5,0.8153499999999928,0.2827800000000087
19,0,w0_20260416_074239,35,11369.5,306093,45517.5,0.3878600000000049,0.21028499999999611
19,0,w0_20260416_074239,36,188406.5,199227.75,177315.75,0.6117949999999993,0.4096649999999855
19,0,w0_20260416_074239,37,74091.25,250897.5,35471.25,0.4780750000000163,0.16864499999999114
19,0,w0_20260416_074239,38,150947.75,228254.25,34428,0.606445000000005,0.13161999999999374
19,0,w0_20260416_074239,39,29899.75,275137.5,42162.75,0.3908250000000135,0.14185499999999004
19,0,w0_20260416_074239,40,150877.75,194796.75,128935.5,0.6112200000000225,0.35317500000000174
19,0,w0_20260416_074239,41,88281.25,183044.25,92254.5,0.4917999999999855,0.323929999999996
19,0,w0_20260416_074239,42,223282.25,147438,75729.75,0.7382699999999772,0.30255500000000307
19,0,w0_20260416_074239,43,188826.25,166720.5,49043.25,0.6975950000000014,0.16353499999999135
19,0,w0_20260416_074239,44,65379,239340.75,86420.25,0.45218000000000846,0.32576500000000197
19,0,w0_20260416_074239,45,322356.5,53984.25,66569.25,0.9061299999999805,0.35235000000000616
19,0,w0_20260416_074239,46,58295,222984,44451,0.47014500000001064,0.31058000000000313
19,0,w0_20260416_074239,47,83546,224223,32781,0.4814699999999883,0.2182250000000056
19,0,w0_20260416_074239,48,158040.75,200832,40757.25,0.6355699999999892,0.12180500000000266
19,0,w0_20260416_074239,49,263163.25,127050,225066.75,0.7703149999999854,0.38334499999999166
19,0,w0_20260416_074239,50,61867.5,255791.25,44891.25,0.4557450000000304,0.19299999999999629
19,0,w0_20260416_074239,51,129871.5,149967,151381.5,0.5281650000000091,0.4221750000000129
19,0,w0_20260416_074239,52,357477.25,34051.5,132281.25,0.9408650000000012,0.3841299999999901
19,0,w0_20260416_074239,53,26113.5,186385.5,123561,0.39421500000000753,0.3219699999999913
19,0,w0_20260416_074239,54,337254,40337.25,57198.75,0.9267899999999796,0.21309000000000697
19,0,w0_20260416_074239,55,46789,195903.75,56867.25,0.44361000000001616,0.19999999999998755
19,0,w0_20260416_074239,56,79119.25,158797.5,101573.25,0.513189999999989,0.3021900000000069
19,0,w0_20260416_074239,57,65745.5,197355.75,59418.75,0.5353300000000188,0.32926000000001004
19,0,w0_20260416_074239,58,109977.5,156675,121177.5,0.5729249999999918,0.3219250000000073
19,0,w0_20260416_074239,59,307933,86670,171327,0.8524749999999356,0.33639999999999926
19,0,w0_20260416_074239,60,57193.25,216747,149979.75,0.469815000000008,0.3871750000000067
19,0,w0_20260416_074239,61,75660.75,188312.25,209667,0.5112800000000112,0.26725000000000526
19,0,w0_20260416_074239,62,71784,278600.25,215175.75,0.3248800000000234,0.4356650000000082
19,0,w0_20260416_074239,63,208288.25,149606.25,204895.5,0.6887700000000078,0.3276899999999999
19,0,w0_20260416_074239,64,155224.75,213592.5,173532.75,0.5292650000000112,0.4061999999999959
19,0,w0_20260416_074239,65,248663,94463.25,232023.75,0.7814049999999848,0.3940700000000077
19,0,w0_20260416_074239,66,94054.5,209603.25,184322.25,0.44968500000002687,0.40405500000000893
19,0,w0_20260416_074239,67,92899.25,86617.5,161333.25,0.45341499999997814,0.3406600000000149
19,0,w0_20260416_074239,68,154619.25,145029.75,255651,0.568939999999996,0.4246049999999972
19,0,w0_20260416_074239,69,78557,252557.25,232365.75,0.27477000000000334,0.5159999999999939
19,0,w0_20260416_074239,70,129928.25,140425.5,247946.25,0.5665550000000117,0.4324500000000045
19,0,w0_20260416_074239,71,142756,126691.5,267262.5,0.5734000000000001,0.402819999999995
19,0,w0_20260416_074239,72,110836.25,123274.5,253079.25,0.4455200000000128,0.4452850000000035
19,0,w0_20260416_074239,73,95544.5,126190.5,248415,0.4805450000000157,0.43479000000002377
19,0,w0_20260416_074239,74,62368.75,70305,244826.25,0.4915400000000086,0.4433300000000088
19,0,w0_20260416_074239,75,20861.75,102020.25,222018,0.22474000000000027,0.4573050000000097
19,0,w0_20260416_074239,76,105630.25,69824.25,195865.5,0.592840000000012,0.5153400000000075
19,0,w0_20260416_074239,77,178766,97299,250545,0.7262499999999902,0.38327000000000294
19,0,w0_20260416_074239,78,106580.5,66987,198502.5,0.5189450000000198,0.49797999999999737
19,0,w0_20260416_074239,79,268968.25,100002,179439.75,0.7710849999999637,0.4934899999999932
19,0,w0_20260416_074239,80,28952.5,50055.75,203391.75,0.6104100000000084,0.3363199999999872
19,0,w0_20260416_074239,81,111778.5,233324.25,130757.25,0.5266850000000258,0.4050550000000069
19,0,w0_20260416_074239,82,242085.25,92152.5,123812.25,0.8054799999999659,0.3286899999999965
19,0,w0_20260416_074239,83,140331.75,189513.75,198544.5,0.647214999999984,0.18324999999999564
19,0,w0_20260416_074239,84,235376.25,152829.75,169404,0.7406049999999573,0.32134500000000504
19,0,w0_20260416_074239,85,294578.75,79983.75,160567.5,0.8593650000000301,0.3305849999999959
19,0,w0_20260416_074239,86,251568,167326.5,181825.5,0.7037349999999887,0.41602500000001347
19,0,w0_20260416_074239,87,216073.75,177183,148433.25,0.6999849999999902,0.33222999999999314
19,0,w0_20260416_074239,88,112916.25,226257,163926.75,0.5760549999999861,0.3263800000000055
19,0,w0_20260416_074239,89,176459,234782.25,217038.75,0.5105750000000073,0.5313349999999933
19,0,w0_20260416_074239,90,77110.75,290922.75,217966.5,0.4442000000000125,0.3592900000000049
19,0,w0_20260416_074239,91,395969.5,55308,245482.5,0.9019499999999788,0.46582500000000865
19,0,w0_20260416_074239,92,185775.25,185274.75,174360,0.6594100000000114,0.3041350000000038
19,0,w0_20260416_074239,93,-10000,12635.25,70086.75,0.7282349999999872,0.5590099999999603
19,0,w0_20260416_074239,94,186686.5,186520.5,180303,0.6733300000000142,0.2918200000000082
19,0,w0_20260416_074239,95,399261.5,46013.25,205925.25,0.9199049999999924,0.4974999999999971
19,0,w0_20260416_074239,96,-6090.5,64505.25,149525.25,0.4386200000000035,0.29876499999999684
19,0,w0_20260416_074239,97,35418.5,16053.75,74667.75,0.34170500000001014,0.5600150000000004
19,0,w0_20260416_074239,98,110007,41184,139299,0.7665850000000077,0.459935000000019
19,0,w0_20260416_074239,99,42491.25,10785.75,144453,0.8494550000000518,0.36786500000001376
19,0,w0_20260416_074239,100,58769.25,205314.75,130686,0.5135450000000136,0.2194149999999947
19,1,w1_20260416_075105,1,31794,183201,85995,0.42800000000000354,0.21939499999999829
19,1,w1_20260416_075105,2,239301.5,88401.75,134646.75,0.8300399999999749,0.18680999999999137
19,1,w1_20260416_075105,3,99786.25,251798.25,59425.5,0.5375949999999957,0.17614999999999068
19,1,w1_20260416_075105,4,25022.5,236600.25,122417.25,0.4413750000000174,0.26532500000000403
19,1,w1_20260416_075105,5,82456.75,259965.75,94387.5,0.519235000000014,0.17120999999999667
19,1,w1_20260416_075105,6,-10000,85993.65000000001,53157,0.4962700000000256,0.1352749999999898
19,1,w1_20260416_075105,7,116242.5,236361.75,73395.75,0.5641750000000069,0.24530999999998376
19,1,w1_20260416_075105,8,132782.75,209711.25,86406,0.6108249999999944,0.15687999999999178
19,1,w1_20260416_075105,9,216927.25,138814.5,50258.25,0.7475499999999718,0.13608499999999915
19,1,w1_20260416_075105,10,105720.5,239422.5,59697,0.5552249999999901,0.1733449999999865
19,1,w1_20260416_075105,11,158918.25,208977,77214.75,0.6104150000000103,0.41168500000000574
19,1,w1_20260416_075105,12,157710.25,207960.75,128859,0.6167650000000128,0.30686499999999906
19,1,w1_20260416_075105,13,109743.75,234642.75,185743.5,0.5720000000000004,0.2320999999999936
19,1,w1_20260416_075105,14,45436.5,204147.75,147765.75,0.351955000000026,0.4353149999999861
19,1,w1_20260416_075105,15,134256.75,240201.75,287311.5,0.5467099999999933,0.3662499999999869
19,1,w1_20260416_075105,16,260515,114867.75,232697.25,0.789204999999993,0.3711399999999962
19,1,w1_20260416_075105,17,20238.75,306909,130802.25,0.393960000000024,0.3027800000000015
19,1,w1_20260416_075105,18,123481.25,233262,195396.75,0.5798850000000071,0.2639350000000034
19,1,w1_20260416_075105,19,54357.5,278222.25,201770.25,0.42426000000001657,0.3233100000000071
19,1,w1_20260416_075105,20,212617.5,156784.5,245298,0.7093449999999681,0.32643500000001097
19,1,w1_20260416_075105,21,-10000,233322,195372,0.3788050000000109,0.34824500000002123
19,1,w1_20260416_075105,22,228479.75,184500.75,238159.5,0.6175700000000188,0.5115000000000084
19,1,w1_20260416_075105,23,77398.75,250601.25,201090,0.4308000000000201,0.3831749999999996
19,1,w1_20260416_075105,24,86715.5,220744.5,214020,0.4447499999999898,0.35529999999999656
19,1,w1_20260416_075105,25,233916,199471.5,230602.5,0.600645000000004,0.4925900000000099
19,1,w1_20260416_075105,26,62303.75,218964.75,216091.5,0.4079299999999979,0.29448000000000374
19,1,w1_20260416_075105,27,117070,208232.25,252537.75,0.4764800000000063,0.4505900000000026
19,1,w1_20260416_075105,28,263810.75,183646.5,232332.75,0.658824999999992,0.4987249999999909
19,1,w1_20260416_075105,29,288917,133650.75,232742.25,0.7614099999999754,0.4379149999999901
19,1,w1_20260416_075105,30,135829.75,240843.75,206746.5,0.45884500000000855,0.5309699999999948
19,1,w1_20260416_075105,31,96219.75,221549.25,218631,0.33457500000000473,0.531085000000012
19,1,w1_20260416_075105,32,313678.75,164283,233558.25,0.6982400000000044,0.5390900000000048
19,1,w1_20260416_075105,33,37084.75,173976,298049.25,0.2758900000000087,0.39384499999999495
19,1,w1_20260416_075105,34,119670.75,151238.25,184431,0.5786749999999943,0.3878700000000097
19,1,w1_20260416_075105,35,49942,216743.25,253914.75,0.3846699999999885,0.3798249999999984
19,1,w1_20260416_075105,36,295142,99186,260232,0.8098399999999704,0.38126500000000185
19,1,w1_20260416_075105,37,78144.5,234354.75,198720.75,0.4529600000000067,0.3077650000000113
19,1,w1_20260416_075105,38,191811.5,218979.75,239508.75,0.6112600000000026,0.41693500000000167
19,1,w1_20260416_075105,39,38738.75,254493.75,277267.5,0.3575100000000084,0.36566500000000163
19,1,w1_20260416_075105,40,102940.75,252795,243674.25,0.4572500000000138,0.4132850000000012
19,1,w1_20260416_075105,41,311698.25,117846.75,279465,0.7850649999999626,0.44994000000000745
19,1,w1_20260416_075105,42,363219.25,59173.5,212987.25,0.8980899999999765,0.4602850000000008
19,1,w1_20260416_075105,43,147889.5,236157.75,251562.75,0.4306899999999974,0.5149199999999893
19,1,w1_20260416_075105,44,303888.5,104998.5,259083,0.8146149999999822,0.3922049999999981
19,1,w1_20260416_075105,45,24019,152855.25,223875.75,0.3970199999999979,0.34825000000000667
19,1,w1_20260416_075105,46,204815,159154.5,250330.5,0.6763399999999729,0.4242050000000023
19,1,w1_20260416_075105,47,305286.5,158683.5,247380,0.7242149999999601,0.5019550000000101
19,1,w1_20260416_075105,48,118689.75,264921,289469.25,0.4834800000000189,0.3940999999999954
19,1,w1_20260416_075105,49,379130,47864.25,250155.75,0.914930000000017,0.4221150000000079
19,1,w1_20260416_075105,50,263084,200269.5,269206.5,0.6563349999999942,0.4748100000000101
19,1,w1_20260416_075105,51,35517.75,145899,216143.25,0.28070999999999524,0.4317149999999966
19,1,w1_20260416_075105,52,300027.75,99825,273467.25,0.776539999999969,0.4780599999999913
19,1,w1_20260416_075105,53,154607.75,200045.25,282657,0.5127500000000217,0.47412999999999583
19,1,w1_20260416_075105,54,56336.75,133647.75,241255.5,0.3783550000000146,0.3686799999999956
19,1,w1_20260416_075105,55,179467,174776.25,208416.75,0.6082149999999916,0.5053100000000053
19,1,w1_20260416_075105,56,73847.25,224261.25,255361.5,0.38748000000000754,0.4202149999999918
19,1,w1_20260416_075105,57,238487.75,154605,180437.25,0.7228449999999547,0.38994499999999493
19,1,w1_20260416_075105,58,367110.75,51939.75,204619.5,0.91090499999999,0.43973000000000995
19,1,w1_20260416_075105,59,37977,257689.5,276373.5,0.27197500000003116,0.4421649999999813
19,1,w1_20260416_075105,60,74969.5,98085,169375.5,0.5074900000000145,0.36325499999999766
19,1,w1_20260416_075105,61,354034.25,73926,174039.75,0.8734799999999621,0.4683149999999762
19,1,w1_20260416_075105,62,46971.5,227055,141133.5,0.3984650000000149,0.3378799999999896
19,1,w1_20260416_075105,63,302835.75,175259.25,241995,0.6906649999999765,0.5198149999999908
19,1,w1_20260416_075105,64,150356,239646.75,280067.25,0.5389849999999945,0.41156500000000895
19,1,w1_20260416_075105,65,371751.5,70569,227689.5,0.8775299999999655,0.48844500000000735
19,1,w1_20260416_075105,66,33915.5,177417.75,186606.75,0.3506950000000249,0.2787400000000271
19,1,w1_20260416_075105,67,27699.5,136345.5,70815,0.34115000000002704,0.4670500000000032
19,1,w1_20260416_075105,68,219189.25,81581.25,176359.5,0.7770799999999973,0.28890499999999647
19,1,w1_20260416_075105,69,169319.75,242313.75,238366.5,0.5331650000000052,0.4704050000000109
19,1,w1_20260416_075105,70,169763.5,193749.75,268176.75,0.6262749999999692,0.3322999999999977
19,1,w1_20260416_075105,71,60523.5,283283.25,175283.25,0.44656500000002336,0.299790000000005
19,1,w1_20260416_075105,72,207939.5,160277.25,247553.25,0.6580949999999847,0.34840500000000263
19,1,w1_20260416_075105,73,251797.25,166931.25,183691.5,0.7090749999999951,0.4469399999999817
19,1,w1_20260416_075105,74,67101,161628.75,208730.25,0.4459150000000298,0.4360600000000021
19,1,w1_20260416_075105,75,23281.25,86048.25,201910.5,0.4209200000000128,0.3817800000000042
19,1,w1_20260416_075105,76,178213.5,194874,256432.5,0.555610000000022,0.4586000000000044
19,1,w1_20260416_075105,77,72580,137910.75,207689.25,0.483595000000046,0.42504000000000697
19,1,w1_20260416_075105,78,386347,34548,243015,0.9391699999999868,0.43018000000000456
19,1,w1_20260416_075105,79,103880.25,199782,250617.75,0.4560150000000251,0.4473350000000059
19,1,w1_20260416_075105,80,220455.25,196432.5,162602.25,0.6463300000000081,0.4842600000000116
19,1,w1_20260416_075105,81,173013.5,246739.5,189297,0.5779699999999929,0.4164799999999892
19,1,w1_20260416_075105,82,15678,149238.75,145913.25,0.35924999999997803,0.40388499999999744
19,1,w1_20260416_075105,83,202528.75,177785.25,249366,0.6741799999999737,0.34075499999999387
19,1,w1_20260416_075105,84,7399.25,95304,130596.75,0.3694399999999704,0.4390399999999997
19,1,w1_20260416_075105,85,16257,133185.75,250307.25,0.2637849999999918,0.3601850000000053
19,1,w1_20260416_075105,86,10361.75,11392.5,159195.75,0.3247900000000008,0.35950500000000485
19,1,w1_20260416_075105,87,26538.25,57453.75,276438,0.33026000000000866,0.3884199999999893
19,1,w1_20260416_075105,88,33554,16110.75,290615.25,0.36602999999995767,0.39561999999999986
19,1,w1_20260416_075105,89,30843.25,22223.25,264253.5,0.6153449999999684,0.3391900000000092
19,1,w1_20260416_075105,90,49109.25,141420,245670.75,0.5950900000000161,0.3103200000000078
19,1,w1_20260416_075105,91,260043.5,115155,224761.5,0.7927750000000076,0.3389899999999969
19,1,w1_20260416_075105,92,53669.5,83586.75,246813.75,0.43245999999999896,0.42880499999997446
19,1,w1_20260416_075105,93,77789.75,34367.25,243783,0.6362100000000018,0.4017450000000082
19,1,w1_20260416_075105,94,386805,18629.25,249765.75,0.9683599999999948,0.35867000000000304
19,1,w1_20260416_075105,95,382493.75,15628.5,235167.75,0.9738000000000068,0.31171999999998884
19,1,w1_20260416_075105,96,341574,61270.5,253345.5,0.8974200000000118,0.338234999999996
19,1,w1_20260416_075105,97,186573,183438.75,237518.25,0.6855850000000424,0.25058000000000374
19,1,w1_20260416_075105,98,59435.25,124662,205302.75,0.4115350000000234,0.4494699999999936
19,1,w1_20260416_075105,99,231716.25,168302.25,291481.5,0.7050550000000235,0.3411200000000022
19,1,w1_20260416_075105,100,75302.25,279665.25,198262.5,0.4415299999999989,0.37536499999998457
20,0,w0_20260416_075933,1,246630,87443.25,101586.75,0.830599999999971,0.1988650000000083
20,0,w0_20260416_075933,2,164513.25,184014.75,52152,0.6600749999999843,0.1435149999999951
20,0,w0_20260416_075933,3,122550.5,226695,51424.5,0.5812049999999852,0.1364299999999961
20,0,w0_20260416_075933,4,56658.5,290860.5,50091,0.4594100000000067,0.14396999999999766
20,0,w0_20260416_075933,5,-8375.25,130706.25,47799,0.3999750000000117,0.14999500000000007
20,0,w0_20260416_075933,6,185654,166617,44229,0.691934999999975,0.15410499999999586
20,0,w0_20260416_075933,7,122583.25,215932.5,42584.25,0.582084999999985,0.21002499999999533
20,0,w0_20260416_075933,8,94558,253995.75,45326.25,0.5229349999999979,0.19860999999999257
20,0,w0_20260416_075933,9,6779.25,187263.75,37347,0.3509199999999919,0.20246500000000212
20,0,w0_20260416_075933,10,14166,190735.5,35008.5,0.3777849999999898,0.2295100000000126
20,0,w0_20260416_075933,11,229136,126578.25,54255.75,0.7668949999999755,0.1557999999999948
20,0,w0_20260416_075933,12,153270.75,207545.25,40854,0.6255899999999647,0.14254499999999967
20,0,w0_20260416_075933,13,25829,231224.25,44616.75,0.3681649999999895,0.37740999999999086
20,0,w0_20260416_075933,14,-10000,52884.75,28016.25,0.2164650000000048,0.16706500000000651
20,0,w0_20260416_075933,15,157336.75,207355.5,34287.75,0.611239999999974,0.3905150000000047
20,0,w0_20260416_075933,16,146902.5,206301.75,75975.75,0.6276599999999773,0.1180300000000004
20,0,w0_20260416_075933,17,-807.25,225575.25,75492,0.3761799999999851,0.17774500000000054
20,0,w0_20260416_075933,18,179652,193065,128103,0.5815549999999966,0.48081000000003143
20,0,w0_20260416_075933,19,-10000,44574,22162.5,0.13215999999999956,0.13217500000000038
20,0,w0_20260416_075933,20,63092,105839.25,132828.75,0.41991999999998425,0.31416999999998924
20,0,w0_20260416_075933,21,61624.25,329265.75,190320,0.36656500000001646,0.3862049999999936
20,0,w0_20260416_075933,22,304042.25,54212.25,205495.5,0.902744999999986,0.2824999999999909
20,0,w0_20260416_075933,23,484360.75,69429.75,135169.5,0.8687299999999767,0.696539999999966
20,0,w0_20260416_075933,24,217709.25,212877.75,196623,0.5296450000000015,0.5693499999999796
20,0,w0_20260416_075933,25,30756.5,335117.25,294296.25,0.4086999999999698,0.2896450000000021
20,0,w0_20260416_075933,26,285111.75,86211.75,181456.5,0.8447499999999459,0.3322650000000073
20,0,w0_20260416_075933,27,74816.75,329673,319220.25,0.40603999999995766,0.3952800000000093
20,0,w0_20260416_075933,28,134034,214350,283356,0.4478049999999803,0.4615000000000129
20,0,w0_20260416_075933,29,195673.75,186566.25,319320,0.6229549999999721,0.3941450000000067
20,0,w0_20260416_075933,30,102719,203097,278754,0.421369999999994,0.4546199999999808
20,0,w0_20260416_075933,31,317930.5,82665.75,291393.75,0.8419699999999746,0.3707649999999827
20,0,w0_20260416_075933,32,276680.75,128658,307661.25,0.773069999999954,0.37920999999998767
20,0,w0_20260416_075933,33,61689.5,172006.5,216384,0.465614999999971,0.2658650000000018
20,0,w0_20260416_075933,34,195811.75,182706,208712.25,0.6691750000000158,0.3434049999999988
20,0,w0_20260416_075933,35,117807.75,193838.25,212364,0.5328800000000108,0.2989099999999899
20,0,w0_20260416_075933,36,108574,138926.25,258459.75,0.4600850000000201,0.4123099999999863
20,0,w0_20260416_075933,37,358736.75,45135,298748.25,0.9192900000000171,0.3746350000000042
20,0,w0_20260416_075933,38,276386,142076.25,286257.75,0.7502349999999745,0.394444999999992
20,0,w0_20260416_075933,39,107469,253227.75,266813.25,0.39120999999999606,0.45952999999999145
20,0,w0_20260416_075933,40,65318.5,150745.5,301086,0.31024500000000294,0.41621499999999695
20,0,w0_20260416_075933,41,203774.75,179400.75,264964.5,0.6445750000000122,0.4130599999999868
20,0,w0_20260416_075933,42,179702.5,231414.75,281262.75,0.5769399999999879,0.40729499999997326
20,0,w0_20260416_075933,43,149827.25,121608,264174.75,0.6810249999999508,0.3510599999999841
20,0,w0_20260416_075933,44,173442,122923.5,273454.5,0.588389999999992,0.41435500000000186
20,0,w0_20260416_075933,45,313821,105460.5,282988.5,0.8071800000000261,0.4064950000000002
20,0,w0_20260416_075933,46,105357,138000,285453,0.4788050000000099,0.39507499999998136
20,0,w0_20260416_075933,47,38402.25,40463.25,317734.5,0.1791350000000022,0.39857500000000057
20,0,w0_20260416_075933,48,119398,92859,295203,0.4530299999999894,0.4487049999999731
20,0,w0_20260416_075933,49,113270,61866.75,292973.25,0.6065549999999973,0.38826999999998146
20,0,w0_20260416_075933,50,107685.75,126437.25,300447,0.540425000000004,0.3584550000000017
20,0,w0_20260416_075933,51,339848,59433,265569,0.8979749999999979,0.35093000000000085
20,0,w0_20260416_075933,52,63339.5,144927,309553.5,0.35436000000000256,0.3916549999999915
20,0,w0_20260416_075933,53,26664,25474.5,287881.5,0.11965500000000592,0.3894999999999735
20,0,w0_20260416_075933,54,50106.75,37743.75,269569.5,0.0981300000000021,0.4562449999999937
20,0,w0_20260416_075933,55,125,19146.75,254468.25,0.22499499999999376,0.3278649999999868
20,0,w0_20260416_075933,56,34148.75,107631.75,247879.5,0.3441050000000063,0.3551499999999865
20,0,w0_20260416_075933,57,53860,209651.25,197448.75,0.4684849999999895,0.31968499999999667
20,0,w0_20260416_075933,58,70789.25,294393.75,184017,0.4514950000000059,0.3175649999999843
20,0,w0_20260416_075933,59,214109,191067,186984,0.67060999999998006,0.347344999999977
20,0,w0_20260416_075933,60,357429.75,70762.5,313827.75,0.8572200000000181,0.41859500000000127
20,0,w0_20260416_075933,61,232502.25,113092.5,296345.25,0.5849700000000063,0.43806999999998464
20,0,w0_20260416_075933,62,330121,81896.25,312672.75,0.8593250000000137,0.3708999999999866
20,0,w0_20260416_075933,63,44865.5,332295.75,258828.75,0.3882250000000246,0.34332499999999155
20,0,w0_20260416_075933,64,266175.75,112086,223508.25,0.8020599999999675,0.3069299999999936
20,0,w0_20260416_075933,65,50889.25,211417.5,196433.25,0.37359000000000736,0.4565850000000179
20,0,w0_20260416_075933,66,52923.25,111967.5,225749.25,0.2929900000000052,0.44759999999998473
20,0,w0_20260416_075933,67,75791.25,269403.75,207255,0.3812250000000089,0.45944499999999416
20,0,w0_20260416_075933,68,333914.25,81684.75,263691,0.8339000000000265,0.4266999999999949
20,0,w0_20260416_075933,69,163578.75,216037.5,241623.75,0.4993349999999867,0.43441999999999426
20,0,w0_20260416_075933,70,263477.75,134696.25,292326,0.7591599999999702,0.36892999999998954
20,0,w0_20260416_075933,71,288244.5,128575.5,301320,0.7718249999999716,0.39576999999998913
20,0,w0_20260416_075933,72,251542.25,54824.25,198223.5,0.8228899999999941,0.5962400000000135
20,0,w0_20260416_075933,73,127180,195026.25,283413.75,0.5269950000000092,0.3846699999999925
20,0,w0_20260416_075933,74,202343,131982,294555,0.6304549999999776,0.4216799999999983
20,0,w0_20260416_075933,75,134262.5,201861.75,226455.75,0.5998300000000004,0.3652400000000075
20,0,w0_20260416_075933,76,67595,168450,95985,0.5462200000000421,0.4381899999999937
20,0,w0_20260416_075933,77,236662,71789.25,279108.75,0.6790949999999619,0.4849549999999946
20,0,w0_20260416_075933,78,108346,171339.75,167804.25,0.5520400000000006,0.3254900000000008
20,0,w0_20260416_075933,79,106629.75,160107.75,314842.5,0.5885800000000101,0.370354999999984
20,0,w0_20260416_075933,80,274631,72194.25,188184.75,0.8699349999998982,0.26988499999998256
20,0,w0_20260416_075933,81,330193.5,46364.25,277352.25,0.919064999999918,0.30794999999999867
20,0,w0_20260416_075933,82,224954.5,186310.5,318315,0.6647549999999702,0.40097999999999406
20,0,w0_20260416_075933,83,71568.75,198551.25,210570,0.4810250000000047,0.39007999999999554
20,0,w0_20260416_075933,84,220703,103762.5,273844.5,0.5808100000000003,0.52116499999999355
20,0,w0_20260416_075933,85,248685.25,121867.5,244967.25,0.7737549999999936,0.3488799999999951
20,0,w0_20260416_075933,86,88014.75,176277,284918.25,0.5619399999999932,0.36041500000000726
20,0,w0_20260416_075933,87,346322.75,64108.5,226818.75,0.8682799999999643,0.46349499999999005
20,0,w0_20260416_075933,88,357483.25,85503,255603.75,0.7665700000000061,0.5625750000000079
20,0,w0_20260416_075933,89,167374,196092,259464,0.6376700000000218,0.33856499999998785
20,0,w0_20260416_075933,90,415656.5,160755,188878.5,0.7083549999999558,0.6696900000000071
20,0,w0_20260416_075933,91,167644.75,116595,303650.25,0.5857599999999877,0.47845499999999747
20,0,w0_20260416_075933,92,105606.5,184887.75,340095.75,0.5087150000000035,0.3697300000000138
20,0,w0_20260416_075933,93,327165,48105,155820,0.909794999999962,0.32863500000001755
20,0,w0_20260416_075933,94,357110.25,17722.5,306137.25,0.9686600000000002,0.3074749999999964
20,0,w0_20260416_075933,95,268542.25,88950,197517.75,0.804594999999947,0.3971600000000023
20,0,w0_20260416_075933,96,118824.25,173921.25,164944.5,0.6217949999999943,0.24803500000000245
20,0,w0_20260416_075933,97,42520.5,62009.25,151430.25,0.731800000000088,0.16520499999999674
20,0,w0_20260416_075933,98,359869.5,48090.75,255399.75,0.9116699999999612,0.4222300000000048
20,0,w0_20260416_075933,99,67598.5,105553.5,219858,0.7017149999999754,0.11637499999999448
20,0,w0_20260416_075933,100,143710.25,204608.25,245911.5,0.5543849999999902,0.37673000000000784
20,1,w1_20260416_080802,1,213113.25,117578.25,93958.5,0.7698549999999773,0.1636849999999893
20,1,w1_20260416_080802,2,165627.75,184897.5,48084.75,0.6554199999999997,0.19068499999998711
20,1,w1_20260416_080802,3,35991,302301.75,52247.25,0.4198850000000056,0.17529499999999074
20,1,w1_20260416_080802,4,84371,255791.25,48207.75,0.5043600000000245,0.17346999999999538
20,1,w1_20260416_080802,5,31920.5,289529.25,52490.25,0.4170150000000255,0.1675999999999855
20,1,w1_20260416_080802,6,92704,244928.25,46947.75,0.525224999999993,0.14898999999998774
20,1,w1_20260416_080802,7,78381,263412.75,46766.25,0.4960600000000132,0.1900099999999813
20,1,w1_20260416_080802,8,140743,204464.25,55062.75,0.6147600000000077,0.1869999999999946
20,1,w1_20260416_080802,9,164457.25,187389,57933.75,0.6566099999999933,0.17144499999998714
20,1,w1_20260416_080802,10,86557.25,266957.25,38155.5,0.5043249999999929,0.22017499999999615
20,1,w1_20260416_080802,11,144455.25,213119.25,41125.5,0.6107900000000009,0.17067499999998317
20,1,w1_20260416_080802,12,2722.5,318270.75,40266.75,0.3563550000000154,0.18424499999998897
20,1,w1_20260416_080802,13,205505.75,141166.5,48207.75,0.7364299999999747,0.18995499999999105
20,1,w1_20260416_080802,14,173076,233561.25,38922.75,0.5759250000000062,0.6742400000000056
20,1,w1_20260416_080802,15,68353.75,282448.5,85557.75,0.47796999999999223,0.26273000000000585
20,1,w1_20260416_080802,16,320346.75,237576.75,86446.5,0.5449149999999868,0.7558500000000004
20,1,w1_20260416_080802,17,59158.5,281576.25,172445.25,0.4526549999999932,0.26548500000000325
20,1,w1_20260416_080802,18,497143.75,106415.25,122151,0.8114149999999887,0.74635499999996
20,1,w1_20260416_080802,19,62099.5,266021.25,162779.25,0.4623749999999998,0.28254500000000515
20,1,w1_20260416_080802,20,30560,320757,267333,0.3824200000000056,0.34644499999999656
20,1,w1_20260416_080802,21,214516.75,257391.75,265381.5,0.5375799999999966,0.5168849999999623
20,1,w1_20260416_080802,22,236345.5,167214.75,274329.75,0.695894999999994,0.40866000000001096
20,1,w1_20260416_080802,23,273604.5,155712.75,305652.75,0.714319999999965,0.44203000000001713
20,1,w1_20260416_080802,24,-10000,182542.425,148584.225,0.2621349999999633,0.6200000000000108
20,1,w1_20260416_080802,25,-10000,40500.980625,27181.573125,0.20330500000001775,0.6346350000000035
20,1,w1_20260416_080802,26,85443.25,258970.5,256976.25,0.47141499999997766,0.34752999999999895
20,1,w1_20260416_080802,27,176063.25,201140.25,261976.5,0.6242850000000326,0.3917300000000133
20,1,w1_20260416_080802,28,350312.75,86208.75,281038.5,0.8428800000000051,0.45518499999998974
20,1,w1_20260416_080802,29,170578.25,213921,240120.75,0.5773550000000035,0.395495000000004
20,1,w1_20260416_080802,30,290946.75,193255.5,252267.75,0.6407899999999915,0.5484300000000079
20,1,w1_20260416_080802,31,266313.5,154218,231868.5,0.7279149999999849,0.4159700000000073
20,1,w1_20260416_080802,32,331857,76427.25,223215.75,0.8666849999999917,0.3711450000000101
20,1,w1_20260416_080802,33,273252.25,166989.75,245598,0.710489999999995,0.4349050000000018
20,1,w1_20260416_080802,34,-10000,122100.75,215529.07324032,0.1733499999999774,0.32568500000001865
20,1,w1_20260416_080802,35,25905.25,30879,182235.75,0.6697399999999533,0.29466999999999105
20,1,w1_20260416_080802,36,26004,98954.25,234951.75,0.34931999999999896,0.37173999999999485
20,1,w1_20260416_080802,37,33710.5,106662,316477.5,0.3528299999999816,0.3754600000000013
20,1,w1_20260416_080802,38,164940.25,229889.25,153700.5,0.5966250000000052,0.32572000000000584
20,1,w1_20260416_080802,39,99278.75,264744,311567.25,0.4637249999999915,0.3873999999999933
20,1,w1_20260416_080802,40,254626.5,159511.5,270912,0.6824650000000017,0.4670200000000138
20,1,w1_20260416_080802,41,376204.25,52119.75,276486,0.9088600000000236,0.4249199999999953
20,1,w1_20260416_080802,42,223429.75,166341,168629.25,0.7147900000000006,0.26647000000000864
20,1,w1_20260416_080802,43,65321,192614.25,219354.75,0.4916249999999975,0.3857649999999942
20,1,w1_20260416_080802,44,273784.25,118675.5,188930.25,0.7898349999999809,0.3060650000000028
20,1,w1_20260416_080802,45,196785.75,200472.75,203521.5,0.6529450000000193,0.3515749999999995
20,1,w1_20260416_080802,46,87485.75,166676.25,268428,0.4861950000000004,0.41532499999998446
20,1,w1_20260416_080802,47,219966.25,167081.25,172222.5,0.7059749999999847,0.28617499999999885
20,1,w1_20260416_080802,48,169479.75,233304,199736.25,0.596824999999991,0.37052500000001054
20,1,w1_20260416_080802,49,64647.75,283506,183836.25,0.4312699999999996,0.3509500000000022
20,1,w1_20260416_080802,50,235703,155223.75,191573.25,0.7303049999999851,0.3388300000000061
20,1,w1_20260416_080802,51,198635.75,221774.25,259680,0.613865000000002,0.4102050000000065
20,1,w1_20260416_080802,52,112411.5,263207.25,230321.25,0.48972499999998736,0.4021749999999991
20,1,w1_20260416_080802,53,170987.75,196706.25,213906,0.5911400000000196,0.3805950000000076
20,1,w1_20260416_080802,54,43226.75,285629.25,200394,0.3889449999999993,0.3442350000000071
20,1,w1_20260416_080802,55,145339,179043,229158,0.5229949999999944,0.4347949999999873
20,1,w1_20260416_080802,56,-10000,64140,76631.019140625,0.5437299999999771,0.4397050000000036
20,1,w1_20260416_080802,57,197339.25,173282.25,239818.5,0.5800450000000142,0.5132599999999972
20,1,w1_20260416_080802,58,86904.25,173513.25,246442.5,0.4726900000000081,0.3471049999999982
20,1,w1_20260416_080802,59,33158.25,208431,43170.75,0.3648499999999876,0.18919999999999765
20,1,w1_20260416_080802,60,114834,165218.25,107247.75,0.6044399999999948,0.4272300000000042
20,1,w1_20260416_080802,61,50446,128910,275874,0.4070899999999895,0.4010550000000087
20,1,w1_20260416_080802,62,81978.5,61391.25,161000.25,0.5196749999999907,0.3660350000000131
20,1,w1_20260416_080802,63,159796,146127,240867,0.6420249999999879,0.4336700000000067
20,1,w1_20260416_080802,64,105487,237930.75,211922.25,0.5072899999999854,0.3679499999999986
20,1,w1_20260416_080802,65,156961.75,184186.5,176571.75,0.6051150000000267,0.4339949999999983
20,1,w1_20260416_080802,66,144615.75,224443.5,216360.75,0.5334650000000098,0.4527350000000106
20,1,w1_20260416_080802,67,255090.75,69567,256952.25,0.8692500000000071,0.26084499999999805
20,1,w1_20260416_080802,68,133524.5,213765,245290.5,0.5080799999999687,0.46157000000000536
20,1,w1_20260416_080802,69,11127,77716.5,90346.5,0.48866500000001434,0.506769999999979
20,1,w1_20260416_080802,70,284958.5,76257.75,311253.75,0.8656750000000227,0.2997750000000172
20,1,w1_20260416_080802,71,88899.25,272182.5,257078.25,0.3639199999999798,0.4650100000000039
20,1,w1_20260416_080802,72,50899,133377.75,207833.25,0.47215499999999583,0.4047550000000127
20,1,w1_20260416_080802,73,132846,214532.25,246561.75,0.6000600000000103,0.2910449999999984
20,1,w1_20260416_080802,74,46546.25,155758.5,135275.25,0.44361999999997886,0.3977400000000145
20,1,w1_20260416_080802,75,109080.5,165003,244546.5,0.5176200000000162,0.49776500000002777
20,1,w1_20260416_080802,76,46271,158553,197196,0.43478499999999193,0.37057500000002314
20,1,w1_20260416_080802,77,258174.25,180744.75,295761,0.6663649999999925,0.445615000000004
20,1,w1_20260416_080802,78,59660.5,185990.25,248219.25,0.4432649999999976,0.3934300000000153
20,1,w1_20260416_080802,79,166584.75,197120.25,285345,0.6373649999999915,0.3244000000000022
20,1,w1_20260416_080802,80,55368.5,174242.25,92819.25,0.49444999999999056,0.4098000000000268
20,1,w1_20260416_080802,81,110367.25,183457.5,200735.25,0.5562149999999869,0.247760000000003
20,1,w1_20260416_080802,82,79372.25,210996.75,186321,0.3810650000000011,0.443515000000008
20,1,w1_20260416_080802,83,213627.25,198146.25,247336.5,0.6180549999999505,0.4610650000000029
20,1,w1_20260416_080802,84,22823,158025,174102,0.47667999999998273,0.2245600000000041
20,1,w1_20260416_080802,85,204774.25,98839.5,356246.25,0.814585000000053,0.16965000000000657
20,1,w1_20260416_080802,86,253421.75,139318.5,174579.75,0.7495999999999514,0.36530000000001994
20,1,w1_20260416_080802,87,209386.5,129444.75,161538.75,0.7718650000000103,0.18489499999998768
20,1,w1_20260416_080802,88,25267.25,152236.5,84266.25,0.4723900000000024,0.2980149999999978
20,1,w1_20260416_080802,89,53773.25,128964,134592.75,0.5909350000000071,0.19447000000001005
20,1,w1_20260416_080802,90,79382.5,199602,123205.5,0.5504599999999967,0.1531949999999987
20,1,w1_20260416_080802,91,250326.5,176656.5,133857,0.6929799999999648,0.5140249999999948
20,1,w1_20260416_080802,92,140091.25,263942.25,205666.5,0.5383200000000207,0.38131500000000607
20,1,w1_20260416_080802,93,158271.5,242048.25,272000.25,0.5261099999999891,0.4438299999999872
20,1,w1_20260416_080802,94,251241.25,114107.25,124681.5,0.7928949999999125,0.25328500000000814
20,1,w1_20260416_080802,95,-6794.75,92898,19986.75,0.5823649999999638,0.34678500000002616
20,1,w1_20260416_080802,96,-5836,145418.25,10047.75,0.2992299999999977,0.24179999999999505
20,1,w1_20260416_080802,97,123823.5,189962.25,103994.25,0.6036999999999734,0.11125000000000046
20,1,w1_20260416_080802,98,149327.75,222299.25,85833,0.617839999999998,0.3186299999999927
20,1,w1_20260416_080802,99,317907.75,69598.5,54093.75,0.8822150000000464,0.4044649999999876
20,1,w1_20260416_080802,100,356801,18863.25,79305.75,0.962760000000001,0.34458999999998646
21,0,w0_20260416_081631,1,241360.25,87960,109089.75,0.8306899999999843,0.15269499999999384
21,0,w0_20260416_081631,2,119946,233685,52659,0.5718199999999698,0.2167899999999896
21,0,w0_20260416_081631,3,70337.75,273074.25,56958,0.4863549999999957,0.17656999999999518
21,0,w0_20260416_081631,4,30991.25,171072,54366.75,0.46781999999998536,0.16529499999999497
21,0,w0_20260416_081631,5,76549.75,244332.75,54697.5,0.49882999999998456,0.16785499999999287
21,0,w0_20260416_081631,6,72391.5,265613.25,52835.25,0.49416999999997513,0.1326399999999983
21,0,w0_20260416_081631,7,86442.75,256051.5,54225.75,0.5157399999999838,0.17208499999999474
21,0,w0_20260416_081631,8,170342.75,185447.25,47820,0.6626449999999833,0.1331949999999981
21,0,w0_20260416_081631,9,236341.5,125165.25,43253.25,0.7710799999999567,0.2885149999999978
21,0,w0_20260416_081631,10,255427,103297.5,45655.5,0.8139199999999657,0.1497049999999931
21,0,w0_20260416_081631,11,273064.75,85380.75,47914.5,0.8459799999999764,0.14239999999999864
21,0,w0_20260416_081631,12,86843.25,267468,40488.75,0.5082649999999918,0.16863499999999143
21,0,w0_20260416_081631,13,117314.5,236441.25,40514.25,0.563314999999994,0.1892899999999964
21,0,w0_20260416_081631,14,18825.25,332939.25,43975.5,0.38039499999999943,0.2295949999999818
21,0,w0_20260416_081631,15,254525.25,111407.25,41827.5,0.8011599999999812,0.20705000000000243
21,0,w0_20260416_081631,16,293349,72324,65247,0.8716849999999582,0.268870000000009
21,0,w0_20260416_081631,17,195211.75,170379.75,38758.5,0.6934450000000002,0.1945099999999863
21,0,w0_20260416_081631,18,290956.25,73336.5,55547.25,0.8700599999999711,0.1774999999999915
21,0,w0_20260416_081631,19,89935.5,278424,73180.5,0.5003850000000066,0.3828600000000301
21,0,w0_20260416_081631,20,56257.75,208182.75,28819.5,0.435835000000013,0.26045999999999586
21,0,w0_20260416_081631,21,318934,76923,250353,0.8628549999999845,0.36481499999997735
21,0,w0_20260416_081631,22,105920.75,265008.75,60400.5,0.5324349999999969,0.23596500000000925
21,0,w0_20260416_081631,23,270441,103284,85215,0.8181799999999662,0.29976500000000217
21,0,w0_20260416_081631,24,193213,250209,178698,0.49653500000000234,0.5709199999999957
21,0,w0_20260416_081631,25,281169.25,97093.5,180137.25,0.8217849999999802,0.36520000000001496
21,0,w0_20260416_081631,26,-10000,127019.25,96878.25,0.6281500000000174,0.3542850000000177
21,0,w0_20260416_081631,27,189959,184592.25,217698.75,0.6589350000000027,0.3473300000000102
21,0,w0_20260416_081631,28,402437.5,69157.5,220815,0.8770849999999643,0.5186950000000036
21,0,w0_20260416_081631,29,272534.5,96259.5,153486,0.8318849999999873,0.2473900000000007
21,0,w0_20260416_081631,30,39347.25,200469,50823.75,0.4231049999999999,0.292944999999987
21,0,w0_20260416_081631,31,309957.25,115869.75,256233,0.7951299999999834,0.4227650000000094
21,0,w0_20260416_081631,32,340757.25,97578,275754.75,0.8298299999999894,0.43554499999999224
21,0,w0_20260416_081631,33,201391.5,234122.25,271856.25,0.5828149999999745,0.43683999999998013
21,0,w0_20260416_081631,34,375215.75,115900.5,238803.75,0.794889999999971,0.5467350000000081
21,0,w0_20260416_081631,35,41662.5,152013.75,241803.75,0.4419799999999971,0.35270500000001337
21,0,w0_20260416_081631,36,96501.25,167390.25,264958.5,0.478390000000006,0.4518200000000344
21,0,w0_20260416_081631,37,150017,266309.25,299793.75,0.5244249999999739,0.40751499999999585
21,0,w0_20260416_081631,38,323290,84697.5,271672.5,0.8522549999999764,0.3542749999999998
21,0,w0_20260416_081631,39,53681.25,242238.75,256020,0.431219999999999,0.3548949999999882
21,0,w0_20260416_081631,40,81724,215218.5,278467.5,0.37239500000000314,0.40240999999998656
21,0,w0_20260416_081631,41,193171.5,186375,190003.5,0.6692399999999772,0.29221500000001416
21,0,w0_20260416_081631,42,130118.5,219012.75,285078.75,0.47601000000000543,0.39729499999999646
21,0,w0_20260416_081631,43,15833.5,168245.25,290771.25,0.2657000000000017,0.3651000000000087
21,0,w0_20260416_081631,44,71864.75,176865.75,289939.5,0.47645999999999206,0.3801699999999936
21,0,w0_20260416_081631,45,149995.25,115324.5,260900.25,0.4780200000000317,0.5489600000000048
21,0,w0_20260416_081631,46,191468.25,67873.5,239528.25,0.6822249999999938,0.5879950000000096
21,0,w0_20260416_081631,47,129802.5,201919.5,262218,0.5264899999999876,0.31548500000001106
21,0,w0_20260416_081631,48,108279.5,235686,306604.5,0.49933500000001296,0.3791399999999936
21,0,w0_20260416_081631,49,302644.75,97167,281948.25,0.810634999999967,0.40637499999999577
21,0,w0_20260416_081631,50,122374.25,251340.75,195765,0.5240200000000015,0.34238000000000435
21,0,w0_20260416_081631,51,269966.25,117241.5,255182.25,0.7897900000000035,0.3304750000000117
21,0,w0_20260416_081631,52,350699.5,62498.25,311282.25,0.8919250000000286,0.3704600000000019
21,0,w0_20260416_081631,53,44076.5,224685.75,172617.75,0.37865999999999056,0.3701999999999924
21,0,w0_20260416_081631,54,65052,30741,229647,0.7967399999999855,0.3536800000000021
21,0,w0_20260416_081631,55,94576.25,203745.75,201768,0.4846700000000118,0.3361100000000063
21,0,w0_20260416_081631,56,312344.5,73082.25,183443.25,0.8711450000000057,0.31027000000001526
21,0,w0_20260416_081631,57,321104.25,82650,267585.75,0.8596849999999795,0.3928699999999905
21,0,w0_20260416_081631,58,23827.75,99981.75,203380.5,0.3996699999999898,0.3579400000000092
21,0,w0_20260416_081631,59,21614.75,64368.75,175936.5,0.5185800000000002,0.3488000000000107
21,0,w0_20260416_081631,60,-944.25,114170.25,152034,0.35167500000000984,0.30023500000001446
21,0,w0_20260416_081631,61,322888,85516.5,196165.5,0.8296800000000738,0.4106900000000079
21,0,w0_20260416_081631,62,54036.25,129716.25,258307.5,0.48327500000002394,0.4111699999999964
21,0,w0_20260416_081631,63,317349,85001.25,228969.75,0.853594999999969,0.3411750000000059
21,0,w0_20260416_081631,64,9868.75,158376,168785.25,0.2724600000000101,0.3569700000000053
21,0,w0_20260416_081631,65,260504.5,123538.5,250497,0.7500849999999682,0.3962000000000008
21,0,w0_20260416_081631,66,355154.75,31338,130757.25,0.9471199999999824,0.3662900000000176
21,0,w0_20260416_081631,67,475139,73583.25,187227.75,0.8758150000000152,0.621949999999994
21,0,w0_20260416_081631,68,238059.75,156219,223121.25,0.7215049999999795,0.3822350000000048
21,0,w0_20260416_081631,69,49933.5,73020,286156.5,0.32183999999999274,0.41646999999998896
21,0,w0_20260416_081631,70,99205.75,71860.5,265293.75,0.5125900000000185,0.48540499999998926
21,0,w0_20260416_081631,71,134668,250518,307524,0.4802249999999899,0.44400999999998503
21,0,w0_20260416_081631,72,314280.75,103417.5,264651.75,0.8185699999999576,0.40516999999998904
21,0,w0_20260416_081631,73,36297.75,163328.25,298824,0.425704999999997,0.3693600000000076
21,0,w0_20260416_081631,74,276306.75,161082,252791.25,0.6982949999999969,0.4543399999999976
21,0,w0_20260416_081631,75,151476,218576.25,169377.75,0.5679049999999535,0.4008649999999955
21,0,w0_20260416_081631,76,365055.75,28724.25,240450,0.949779999999992,0.34207000000000715
21,0,w0_20260416_081631,77,340037.25,49566,182316.75,0.9154199999999856,0.34491500000001013
21,0,w0_20260416_081631,78,68855.25,175441.5,238793.25,0.4073600000000035,0.4560699999999998
21,0,w0_20260416_081631,79,106590.5,191853,241186.5,0.5013550000000212,0.3716700000000082
21,0,w0_20260416_081631,80,141425.5,192519,259645.5,0.4682750000000057,0.5355650000000174
21,0,w0_20260416_081631,81,34841,149979.75,124079.25,0.4300700000000008,0.2475949999999973
21,0,w0_20260416_081631,82,2939.5,95849.25,246761.25,0.28224999999997624,0.3414050000000092
21,0,w0_20260416_081631,83,47968,109623.75,226298.25,0.4552649999999885,0.3751750000000127
21,0,w0_20260416_081631,84,132365.75,146504.25,215850,0.5606199999999966,0.3736849999999858
21,0,w0_20260416_081631,85,231527.25,133875.75,281517,0.7317549999999529,0.3528250000000018
21,0,w0_20260416_081631,86,430754.75,44881.5,256863.75,0.9235199999998956,0.5008849999999843
21,0,w0_20260416_081631,87,145916.75,155577,191486.25,0.6605149999999761,0.20850499999999733
21,0,w0_20260416_081631,88,461730.25,69898.5,195071.25,0.8623049999999742,0.6279899999999762
21,0,w0_20260416_081631,89,194506.5,187581,266782.5,0.564570000000002,0.45738499999999976
21,0,w0_20260416_081631,90,111642,137236.5,139531.5,0.5682849999999929,0.26311999999999375
21,0,w0_20260416_081631,91,217189,145298.25,229392.75,0.7335699999999341,0.3412750000000021
21,0,w0_20260416_081631,92,215068.75,137349,216062.25,0.7022699999999593,0.34747500000001447
21,0,w0_20260416_081631,93,196422.75,180184.5,309942.75,0.6478699999999771,0.4027600000000131
21,0,w0_20260416_081631,94,214111.25,154080.75,317928,0.6802200000000004,0.36994500000001385
21,0,w0_20260416_081631,95,330948,69915.75,294656.25,0.8750999999999631,0.3844400000000006
21,0,w0_20260416_081631,96,281524.75,108044.25,281061,0.8119150000000064,0.33287999999999146
21,0,w0_20260416_081631,97,154577,140588.25,168114.75,0.6410650000000028,0.2956200000000018
21,0,w0_20260416_081631,98,66277,123040.5,144862.5,0.5632250000000134,0.3639349999999983
21,0,w0_20260416_081631,99,106622,149823,210495,0.5662649999999916,0.33298000000000255
21,0,w0_20260416_081631,100,87455.75,183369,264395.25,0.43081499999996503,0.4499349999999987
21,1,w1_20260416_082458,1,236088.75,81042.75,78238.5,0.82984999999997,0.15192499999999876
21,1,w1_20260416_082458,2,139985,211808.25,53046.75,0.6092099999999809,0.19340500000000124
21,1,w1_20260416_082458,3,43645.75,294713.25,54291,0.4368049999999964,0.18479500000000512
21,1,w1_20260416_082458,4,6963,238673.25,52323.75,0.3830500000000012,0.17386000000000223
21,1,w1_20260416_082458,5,94562.75,192755.25,153672,0.5113899999999921,0.40530999999999856
21,1,w1_20260416_082458,6,93093.75,233480.25,229926,0.4639549999999976,0.40559500000003207
21,1,w1_20260416_082458,7,133540.5,213322.5,111477,0.6063999999999741,0.2098699999999977
21,1,w1_20260416_082458,8,254026.75,107322.75,117940.5,0.8041999999999482,0.3165950000000029
21,1,w1_20260416_082458,9,207024,167408.25,253737.75,0.6945450000000012,0.34988000000000424
21,1,w1_20260416_082458,10,158213.5,202107.75,200988.75,0.6342949999999901,0.3113399999999986
21,1,w1_20260416_082458,11,279185,86358.75,128816.25,0.8441999999999612,0.36541999999999286
21,1,w1_20260416_082458,12,21300.25,302750.25,222019.5,0.38465999999997774,0.2966999999999918
21,1,w1_20260416_082458,13,161608.25,207327,206574.75,0.6251899999999992,0.3239149999999972
21,1,w1_20260416_082458,14,7802.75,280540.5,187206.75,0.3553149999999853,0.3046199999999894
21,1,w1_20260416_082458,15,145288.25,203808.75,163023,0.6260499999999701,0.2677750000000003
21,1,w1_20260416_082458,16,-10000,52184.25,38400.75,0.4436149999999365,0.4785799999999899
21,1,w1_20260416_082458,17,5492.75,233423.25,165024,0.390864999999986,0.2417799999999984
21,1,w1_20260416_082458,18,6602.25,159025.5,154142.25,0.30665999999999743,0.37244500000000497
21,1,w1_20260416_082458,19,138527.75,201739.5,153882.75,0.6109049999999786,0.28875999999999996
21,1,w1_20260416_082458,20,-10000.000000000004,73321.74165634227,56137.184908535775,0.4103299999999385,0.2921300000000003
21,1,w1_20260416_082458,21,297067.25,113819.25,232393.5,0.7923399999999708,0.4300850000000069
21,1,w1_20260416_082458,22,128691.75,222659.25,148599,0.5958699999999693,0.27308999999999667
21,1,w1_20260416_082458,23,199521.25,170350.5,247298.25,0.7003999999999911,0.3107900000000059
21,1,w1_20260416_082458,24,20135.25,194100.75,210804,0.3755150000000047,0.31356500000000187
21,1,w1_20260416_082458,25,-10000.000000000002,63943.15471875,32321.437490625,0.5719149999999613,0.2407699999999985
21,1,w1_20260416_082458,26,90044.5,255354.75,93030.75,0.5161550000000092,0.28432499999998817
21,1,w1_20260416_082458,27,76230.25,281957.25,91282.5,0.48978000000001665,0.2559749999999883
21,1,w1_20260416_082458,28,47580.75,281655.75,122413.5,0.4398400000000049,0.2882849999999905
21,1,w1_20260416_082458,29,379066.5,62593.5,267630,0.8910349999999931,0.462030000000004
21,1,w1_20260416_082458,30,148255.5,232103.25,156851.25,0.5962199999999924,0.3367250000000093
21,1,w1_20260416_082458,31,233202.25,130311.75,173706,0.7745200000000038,0.25262000000000545
21,1,w1_20260416_082458,32,109166.5,226262.25,136391.25,0.5212650000000223,0.31463999999999576
21,1,w1_20260416_082458,33,33287.5,214014,215878.5,0.35836499999997673,0.3351549999999878
21,1,w1_20260416_082458,34,277229.75,96818.25,265842,0.810029999999971,0.35139000000000026
21,1,w1_20260416_082458,35,-10000,51753.75,57365.25,0.21145999999997145,0.23154499999999795
21,1,w1_20260416_082458,36,67940.75,185439.75,203119.5,0.4440600000000053,0.33121500000000204
21,1,w1_20260416_082458,37,271180.5,88230,119029.5,0.8418199999999427,0.17000999999999256
21,1,w1_20260416_082458,38,166719.75,211647.75,150052.5,0.6337200000000043,0.32519500000000395
21,1,w1_20260416_082458,39,67434.5,205014,130231.5,0.4865850000000144,0.2608550000000107
21,1,w1_20260416_082458,40,118079.25,171881.25,163549.5,0.6144549999999852,0.2768250000000023
21,1,w1_20260416_082458,41,142623.5,221414.25,202172.25,0.6037349999999794,0.3208799999999889
21,1,w1_20260416_082458,42,43095.75,123261.75,222142.5,0.5038149999999952,0.3365699999999855
21,1,w1_20260416_082458,43,97736.75,154455,163748.25,0.6280249999999886,0.3122099999999994
21,1,w1_20260416_082458,44,56270,270788.25,324261.75,0.4339299999999862,0.3607650000000004
21,1,w1_20260416_082458,45,292885.5,94912.5,273522,0.8334949999999837,0.3507899999999927
21,1,w1_20260416_082458,46,14899,108498,92073,0.5110350000000078,0.29451000000000316
21,1,w1_20260416_082458,47,122099.5,233540.25,161930.25,0.5773949999999866,0.22318999999999423
21,1,w1_20260416_082458,48,234268,134784.75,165767.25,0.76862999999997506,0.26586499999999985
21,1,w1_20260416_082458,49,178989,222180.75,264080.25,0.6177299999999741,0.37922499999999715
21,1,w1_20260416_082458,50,268792.5,105884.25,247193.25,0.8189549999999981,0.28565000000001084
21,1,w1_20260416_082458,51,-10000,157262.87421131512,64884.98833546482,0.4469600000000198,0.4503350000000027
21,1,w1_20260416_082458,52,297320.75,77274.75,172024.5,0.8660999999999309,0.27832499999999966
21,1,w1_20260416_082458,53,92666,297038.25,261585.75,0.4369199999999891,0.4348800000000076
21,1,w1_20260416_082458,54,13971.5,173784.75,141483.75,0.34930999999998874,0.30538000000000376
21,1,w1_20260416_082458,55,17699.75,212267.25,148893,0.4737449999999973,0.21175999999998643
21,1,w1_20260416_082458,56,37956.75,100326,292427.25,0.38518499999999806,0.3978350000000041
21,1,w1_20260416_082458,57,354508.75,38405.25,300756,0.923075000000026,0.3518400000000061
21,1,w1_20260416_082458,58,395346,40527,304137,0.9306550000000104,0.4256250000000111
21,1,w1_20260416_082458,59,52150.75,219361.5,297177.75,0.4509549999999944,0.33299999999999524
21,1,w1_20260416_082458,60,131070.5,129231.75,245247.75,0.506744999999975,0.5041799999999925
21,1,w1_20260416_082458,61,108026.25,230300.25,208333.5,0.5452599999999919,0.27929499999999896
21,1,w1_20260416_082458,62,16213,149300.25,291426.75,0.36621499999998103,0.3443199999999973
21,1,w1_20260416_082458,63,210127.75,138699,190973.25,0.7397799999999501,0.30907499999998805
21,1,w1_20260416_082458,64,146489.5,245574.75,303465.75,0.5694600000000066,0.35653500000002625
21,1,w1_20260416_082458,65,320133.25,52311.75,159975,0.9067200000000212,0.29734999999999934
21,1,w1_20260416_082458,66,45313.5,162530.25,339626.25,0.4927549999999589,0.34247000000000194
21,1,w1_20260416_082458,67,191659.5,186817.5,263403,0.6537349999999935,0.37100000000000183
21,1,w1_20260416_082458,68,24461.75,145049.25,260589,0.4609349999999993,0.3574000000000075
21,1,w1_20260416_082458,69,50262.25,140747.25,311380.5,0.4659449999999859,0.3934549999999999
21,1,w1_20260416_082458,70,30837.25,170641.5,270431.25,0.34517999999999954,0.40888000000000185
21,1,w1_20260416_082458,71,80872.75,114425.25,265152,0.6583949999999656,0.3790799999999985
21,1,w1_20260416_082458,72,107114,86619.75,228686.25,0.7025749999999844,0.4115549999999893
21,1,w1_20260416_082458,73,155245.75,165787.5,152016.75,0.4292050000000016,0.6674249999999647
21,1,w1_20260416_082458,74,85030.5,93038.25,166361.25,0.5371300000000062,0.46189999999997056
21,1,w1_20260416_082458,75,12691.75,108701.25,240537,0.3273649999999948,0.35858999999997637
21,1,w1_20260416_082458,76,57975.5,70125,198169.5,0.4656449999999766,0.3377799999999796
21,1,w1_20260416_082458,77,36648.25,110805,237966.75,0.4204099999999967,0.3807699999999896
21,1,w1_20260416_082458,78,69031.5,105421.5,162777,0.4532099999999947,0.35763999999997753
21,1,w1_20260416_082458,79,262498.25,96840.75,132861,0.8147699999999659,0.4410599999999732
21,1,w1_20260416_082458,80,7315.75,123930.75,152023.5,0.31809499999997504,0.34220999999998847
21,1,w1_20260416_082458,81,170255.75,187302.75,125881.5,0.6268900000000025,0.3804149999999986
21,1,w1_20260416_082458,82,92615,151932.75,188012.25,0.5355100000000234,0.3995249999999865
21,1,w1_20260416_082458,83,127322.25,213854.25,163003.5,0.5479649999999917,0.3222350000000001
21,1,w1_20260416_082458,84,155538.25,226060.5,99731.25,0.5742999999999879,0.42728499999999087
21,1,w1_20260416_082458,85,150462.5,221997,97630.5,0.5999049999999623,0.3927949999999966
21,1,w1_20260416_082458,86,45756.75,134264.25,223839,0.3933199999999711,0.4573949999999957
21,1,w1_20260416_082458,87,1516.25,13104.75,122709,0.2904149999999769,0.36232500000000534
21,1,w1_20260416_082458,88,282916,42043.5,209920.5,0.9168650000000054,0.14507999999999008
21,1,w1_20260416_082458,89,361430.5,25257,79132.5,0.9563399999999952,0.4316449999999926
21,1,w1_20260416_082458,90,379926.5,13458.75,35124.75,0.9717249999999896,0.5511249999999792
21,1,w1_20260416_082458,91,328412.5,56453.25,78854.25,0.9033149999999954,0.3024799999999842
21,1,w1_20260416_082458,92,89838.75,237630,93641.25,0.492195000000005,0.40596499999999897
21,1,w1_20260416_082458,93,102415.75,234317.25,34227,0.5023499999999848,0.3826450000000083
21,1,w1_20260416_082458,94,294800,58201.5,78508.5,0.8688000000000011,0.32976000000000016
21,1,w1_20260416_082458,95,324010.25,50490.75,97809,0.915254999999825,0.26340500000000067
21,1,w1_20260416_082458,96,256925.25,117923.25,48541.5,0.7822649999999867,0.39864500000000513
21,1,w1_20260416_082458,97,25229.75,128560.5,153729.75,0.36150499999999736,0.33545499999998285
21,1,w1_20260416_082458,98,61983.25,137492.25,233614.5,0.40648499999998705,0.47363999999999423
21,1,w1_20260416_082458,99,362724.5,21567.75,138567.75,0.9506449999999976,0.33078000000000235
21,1,w1_20260416_082458,100,259328,117388.5,193003.5,0.7669449999999565,0.35708999999999025
22,0,w0_20260416_083324,1,236777.75,84829.5,103962.75,0.8284699999999704,0.18798999999999852
22,0,w0_20260416_083324,2,281055.75,68636.25,60768,0.8732149999999829,0.1880050000000005
22,0,w0_20260416_083324,3,-10000,103207.40025,17865.75,0.4047750000000124,0.17805500000000107
22,0,w0_20260416_083324,4,238703.5,116330.25,47636.25,0.786529999999996,0.20227500000000795
22,0,w0_20260416_083324,5,-10000.000000000002,146775.53418750002,38704.138687499995,0.4612699999999748,0.2349199999999988
22,0,w0_20260416_083324,6,28827.25,216414,64008.75,0.4466300000000062,0.18420000000000072
22,0,w0_20260416_083324,7,164524,190686,52830,0.6442450000000118,0.29698499999999906
22,0,w0_20260416_083324,8,46806.75,305794.5,48078.75,0.4363250000000197,0.1870899999999978
22,0,w0_20260416_083324,9,168448,182237.25,47994.75,0.6511250000000072,0.20347999999999983
22,0,w0_20260416_083324,10,174835.75,181698,52346.25,0.671944999999986,0.14842000000000208
22,0,w0_20260416_083324,11,-10000,131448.6,36200.25,0.2962350000000203,0.1709399999999948
22,0,w0_20260416_083324,12,146598,205438.5,43843.5,0.6175899999999962,0.1903799999999954
22,0,w0_20260416_083324,13,226671.75,191523,93965.25,0.6565849999999914,0.4699499999999978
22,0,w0_20260416_083324,14,2823.25,293007,29949.75,0.3360700000000055,0.2366700000000147
22,0,w0_20260416_083324,15,306532.25,187862.25,92125.5,0.6587700000000053,0.5775699999999793
22,0,w0_20260416_083324,16,-10000,120502.5,39106.5,0.22513000000003783,0.26479499999999806
22,0,w0_20260416_083324,17,236047,217731.75,214961.25,0.5480750000000013,0.5552650000000088
22,0,w0_20260416_083324,18,218207.5,110229,224023.5,0.802929999999961,0.1638249999999997
22,0,w0_20260416_083324,19,70671.75,284549.25,236109,0.48679500000001347,0.3014549999999962
22,0,w0_20260416_083324,20,11085.5,96854.25,241550.25,0.25028500000002757,0.3604799999999913
22,0,w0_20260416_083324,21,198356.25,267188.25,115885.5,0.4499600000000057,0.7040149999999876
22,0,w0_20260416_083324,22,264360.25,131943,326856.75,0.7650699999999889,0.38087499999999014
22,0,w0_20260416_083324,23,40428.75,206493,242288.25,0.4780999999999879,0.26169999999998717
22,0,w0_20260416_083324,24,3042.75,66243.75,249613.5,0.2009599999999727,0.3428499999999962
22,0,w0_20260416_083324,25,91453.25,265959,308907.75,0.4893999999999987,0.33753500000000225
22,0,w0_20260416_083324,26,195731,191641.5,312007.5,0.6338200000000255,0.3884200000000017
22,0,w0_20260416_083324,27,20168.75,103780.5,262290.75,0.43932499999999425,0.3404549999999859
22,0,w0_20260416_083324,28,172447,225426,286257,0.5742749999999971,0.39156999999999936
22,0,w0_20260416_083324,29,67963.25,361896,286080.75,0.36028000000001054,0.43497999999999065
22,0,w0_20260416_083324,30,252486,141706.5,284197.5,0.7465799999999858,0.359064999999992
22,0,w0_20260416_083324,31,348996.5,58440.75,300852.75,0.8923949999999737,0.37965000000000865
22,0,w0_20260416_083324,32,27922.25,173859.75,259338,0.42578499999996894,0.3797750000000065
22,0,w0_20260416_083324,33,267783,118275.75,174071.25,0.7893300000000059,0.3311250000000054
22,0,w0_20260416_083324,34,276424.25,114744.75,243141,0.795149999999984,0.3560949999999827
22,0,w0_20260416_083324,35,291264.25,135097.5,286598.25,0.7638749999999851,0.40860999999998954
22,0,w0_20260416_083324,36,368036.75,100617.75,249655.5,0.8263949999999742,0.484870000000016
22,0,w0_20260416_083324,37,171269,222572.25,241998.75,0.6156300000000073,0.3189849999999991
22,0,w0_20260416_083324,38,59262,250153.5,259234.5,0.364135000000019,0.35990499999999337
22,0,w0_20260416_083324,39,323289,82611,255990,0.84728499999997,0.35934499999999714
22,0,w0_20260416_083324,40,61589.25,103164.75,160746,0.5017899999999718,0.22614499999999765
22,0,w0_20260416_083324,41,285479,113256,243915,0.794329999999984,0.3677849999999911
22,0,w0_20260416_083324,42,375691.25,39400.5,288818.25,0.92873000000000006,0.3803350000000007
22,0,w0_20260416_083324,43,137489.5,117040.5,201810,0.47719499999999354,0.5302149999999979
22,0,w0_20260416_083324,44,17743.5,72863.25,318713.25,0.5931549999999723,0.37058499999999794
22,0,w0_20260416_083324,45,174710.75,219998.25,295971,0.6067549999999746,0.35826500000000205
22,0,w0_20260416_083324,46,109109,162045,277626,0.4416250000000203,0.33815499999999404
22,0,w0_20260416_083324,47,288674.75,99205.5,251379.75,0.82203499999997,0.3221450000000034
22,0,w0_20260416_083324,48,306357.75,114139.5,249912.75,0.802040000000024,0.46045000000001385
22,0,w0_20260416_083324,49,175705.5,126215.25,229679.25,0.4875750000000385,0.5058299999999903
22,0,w0_20260416_083324,50,127684.5,126435.75,257499.75,0.4920350000000008,0.4074000000000027
22,0,w0_20260416_083324,51,101011.5,208697.25,261761.25,0.3922800000000311,0.45495999999999487
22,0,w0_20260416_083324,52,248116.75,114325.5,183897.75,0.7521799999999556,0.4034249999999766
22,0,w0_20260416_083324,53,69451.75,201954,275414.25,0.39374000000002746,0.40652000000000055
22,0,w0_20260416_083324,54,66005,136332,239343,0.5098350000000106,0.3972249999999992
22,0,w0_20260416_083324,55,256980.25,146836.5,202073.25,0.735769999999965,0.4226749999999974
22,0,w0_20260416_083324,56,103955,147640.5,261754.5,0.386395000000013,0.4984249999999973
22,0,w0_20260416_083324,57,352543.75,60987,275219.25,0.8866150000000029,0.44223500000001176
22,0,w0_20260416_083324,58,95169.5,220076.25,254624.25,0.4752600000000097,0.38900499999998994
22,0,w0_20260416_083324,59,135644.75,180684.75,245050.5,0.5807199999999875,0.4069849999999909
22,0,w0_20260416_083324,60,268905.25,76239,299385.75,0.8644449999999839,0.25191000000001507
22,0,w0_20260416_083324,61,340360,96037.5,278902.5,0.8354549999999935,0.42569999999999825
22,0,w0_20260416_083324,62,41773,113386.5,228550.5,0.3558850000000205,0.40113000000001015
22,0,w0_20260416_083324,63,218588.75,43910.25,248931,0.8294149999999226,0.4091449999999981
22,0,w0_20260416_083324,64,-9916.610333985684,86129.25,133793.70111636966,0.3380100000000163,0.3038950000000232
22,0,w0_20260416_083324,65,141809.75,96165.75,279904.5,0.58891499999998,0.4262800000000144
22,0,w0_20260416_083324,66,253197.25,172126.5,253016.25,0.6849099999999538,0.45819500000000146
22,0,w0_20260416_083324,67,294303.5,153611.25,298895.25,0.7337099999999485,0.44922499999997656
22,0,w0_20260416_083324,68,60608.25,139971.75,280140,0.3439499999999987,0.4245299999999919
22,0,w0_20260416_083324,69,308930.5,120472.5,275997,0.7674499999999501,0.4450149999999871
22,0,w0_20260416_083324,70,227461.75,139517.25,241941,0.7175499999999843,0.4124149999999943
22,0,w0_20260416_083324,71,42898.75,65907,224354.25,0.454485000000006,0.3848500000000033
22,0,w0_20260416_083324,72,68043.5,193023,225043.5,0.43605499999999103,0.4040549999999939
22,0,w0_20260416_083324,73,142108.5,229314.75,217506.75,0.5498699999999817,0.4474949999999801
22,0,w0_20260416_083324,74,385121.25,52109.25,304009.5,0.9042849999999486,0.43124499999999943
22,0,w0_20260416_083324,75,151237.75,194907.75,219034.5,0.5886850000000003,0.4236299999999906
22,0,w0_20260416_083324,76,49950,175912.5,264667.5,0.33439000000002006,0.41453500000000465
22,0,w0_20260416_083324,77,325704,93678.75,250697.25,0.8252349999999345,0.3977950000000025
22,0,w0_20260416_083324,78,261410,171747,254373,0.7117649999999544,0.432564999999996
22,0,w0_20260416_083324,79,69160,64398.75,227021.25,0.5031299999999878,0.37825000000000025
22,0,w0_20260416_083324,80,358556,75735.75,252428.25,0.8674699999999129,0.41586500000000515
22,0,w0_20260416_083324,81,388375.5,57917.25,218807.25,0.902670000000002,0.47346999999999306
22,0,w0_20260416_083324,82,275679.25,48429,252561.75,0.915050000000058,0.19633999999998009
22,0,w0_20260416_083324,83,359087.75,84183,277049.25,0.8585350000000855,0.4346200000000085
22,0,w0_20260416_083324,84,63385.5,215835,208999.5,0.3554400000000415,0.43040499999999254
22,0,w0_20260416_083324,85,59113.75,45273,158153.25,0.5785099999999851,0.38666500000000953
22,0,w0_20260416_083324,86,156028.75,237589.5,249801.75,0.5501599999999883,0.3949599999999884
22,0,w0_20260416_083324,87,198700.25,205837.5,301052.25,0.5879299999999926,0.4462900000000004
22,0,w0_20260416_083324,88,30091,56548.5,306430.5,0.17475999999998343,0.3817750000000116
22,0,w0_20260416_083324,89,322580.75,87111.75,255217.5,0.8358850000000121,0.3894249999999913
22,0,w0_20260416_083324,90,181079,177472.5,257578.5,0.6412900000000056,0.4139700000000005
22,0,w0_20260416_083324,91,376800.25,66115.5,283784.25,0.8889049999999644,0.4252549999999871
22,0,w0_20260416_083324,92,205058.5,235329,272812.5,0.6039949999999996,0.4283199999999958
22,0,w0_20260416_083324,93,58930.25,189465.75,254184,0.4508350000000124,0.3990249999999877
22,0,w0_20260416_083324,94,349051.25,18921,150057.75,0.9571700000000009,0.30573500000001197
22,0,w0_20260416_083324,95,253858.75,186922.5,233538.75,0.686849999999966,0.4145899999999989
22,0,w0_20260416_083324,96,115785,108270.75,264584.25,0.5827450000000577,0.4770549999999936
22,0,w0_20260416_083324,97,162447.25,131269.5,287213.25,0.501315000000018,0.4799449999999922
22,0,w0_20260416_083324,98,272111.5,195356.25,250652.25,0.6714150000000128,0.4783799999999991
22,0,w0_20260416_083324,99,120275.75,290168.25,214116,0.4978450000000096,0.3778499999999882
22,0,w0_20260416_083324,100,82654.5,224105.25,224330.25,0.4174450000000059,0.3814049999999984
22,1,w1_20260416_084147,1,235879,93115.5,113125.5,0.8162449999999691,0.1913299999999971
22,1,w1_20260416_084147,2,273141.25,72134.25,69244.5,0.8666199999999752,0.15106499999999493
22,1,w1_20260416_084147,3,-10000,114296.25,25583.25,0.35927000000000614,0.24320499999999964
22,1,w1_20260416_084147,4,206555.25,147679.5,51695.25,0.7294149999999959,0.1943599999999985
22,1,w1_20260416_084147,5,134346.5,220856.25,50717.25,0.5928999999999719,0.25020500000000195
22,1,w1_20260416_084147,6,6901.75,216114.75,82933.5,0.3753500000000087,0.21743500000000476
22,1,w1_20260416_084147,7,9978.75,150128.25,99453,0.45089499999999905,0.32027500000000764
22,1,w1_20260416_084147,8,78844.25,265319.25,101716.5,0.5088599999999874,0.22089999999999285
22,1,w1_20260416_084147,9,171706.5,182940.75,110172.75,0.6662699999999819,0.2519899999999978
22,1,w1_20260416_084147,10,251426.25,114951,71982.75,0.79415499999994,0.31577000000000305
22,1,w1_20260416_084147,11,299761,101206.5,122692.5,0.8167949999999682,0.3976800000000139
22,1,w1_20260416_084147,12,-10000.00000000001,190921.2514649763,124401.7895005846,0.28826499999999305,0.3728700000000254
22,1,w1_20260416_084147,13,211646,165063,200091,0.7004299999999665,0.36378000000000016
22,1,w1_20260416_084147,14,210077.5,155587.5,120855,0.7245749999999767,0.2701000000000026
22,1,w1_20260416_084147,15,14482,247920.75,176447.25,0.4002450000000173,0.27950500000000167
22,1,w1_20260416_084147,16,56785,261605.25,211569.75,0.4681149999999797,0.2910700000000047
22,1,w1_20260416_084147,17,111429.5,238839,121111.5,0.5663049999999864,0.24358499999999897
22,1,w1_20260416_084147,18,145041.25,210696,95232.75,0.6149099999999833,0.23277999999999335
22,1,w1_20260416_084147,19,265674.5,94002,111613.5,0.8345649999999779,0.2383300000000104
22,1,w1_20260416_084147,20,113904,249439.5,113206.5,0.5576299999999832,0.2512450000000127
22,1,w1_20260416_084147,21,-10000,47514.75,49965.75,0.5796249999999517,0.5277449999999815
22,1,w1_20260416_084147,22,208004.5,117016.5,174729,0.7436249999999669,0.32287499999999564
22,1,w1_20260416_084147,23,-10000,83302.54593749999,51137.4121875,0.4801699999999983,0.5397049999999424
22,1,w1_20260416_084147,24,-4959.5,68510.25,100559.25,0.33190000000001213,0.29175000000001494
22,1,w1_20260416_084147,25,407460.75,52401.75,243937.5,0.8991549999999725,0.5194299999999896
22,1,w1_20260416_084147,26,2261.5,223401.75,240186.75,0.28292500000002463,0.3308899999999963
22,1,w1_20260416_084147,27,71543.25,240543.75,187113,0.4839800000000195,0.2743450000000115
22,1,w1_20260416_084147,28,361808.25,119568.75,195453,0.7687599999999705,0.5945400000000146
22,1,w1_20260416_084147,29,246893.75,135636.75,297379.5,0.7589649999999538,0.3371400000000236
22,1,w1_20260416_084147,30,98531,301605.75,256613.25,0.4583099999999996,0.38683000000000894
22,1,w1_20260416_084147,31,267707.5,92078.25,129344.25,0.8325849999999906,0.20189999999999544
22,1,w1_20260416_084147,32,228070.5,160524.75,141234.75,0.720469999999961,0.36227500000001794
22,1,w1_20260416_084147,33,31889.75,226368,187172.25,0.4498850000000034,0.2263900000000015
22,1,w1_20260416_084147,34,332413,77829,270408,0.8608600000000102,0.3863700000000257
22,1,w1_20260416_084147,35,115433.5,241440,184756.5,0.3646200000000051,0.5629299999999937
22,1,w1_20260416_084147,36,138509.75,222504.75,198925.5,0.588995000000015,0.29419500000000537
22,1,w1_20260416_084147,37,74234.5,148561.5,272754,0.4723750000000152,0.3983150000000037
22,1,w1_20260416_084147,38,228684.75,284624.25,174951,0.4148999999999943,0.6816099999999865
22,1,w1_20260416_084147,39,301958.75,101355.75,263095.5,0.822939999999975,0.35902499999999254
22,1,w1_20260416_084147,40,216611.5,192146.25,267512.25,0.6657849999999811,0.3594000000000124
22,1,w1_20260416_084147,41,47609.25,175600.5,230150.25,0.364909999999999,0.3988999999999903
22,1,w1_20260416_084147,42,14307.25,169099.5,295493.25,0.2192400000000045,0.3913199999999783
22,1,w1_20260416_084147,43,312038.5,135220.5,274611,0.7356099999999415,0.4806800000000233
22,1,w1_20260416_084147,44,357102.75,50885.25,230862,0.9128549999999668,0.3407650000000121
22,1,w1_20260416_084147,45,148635,246567,212058,0.5744099999999869,0.28749500000000683
22,1,w1_20260416_084147,46,134695,249527.25,233217.75,0.5486199999999818,0.32054500000001523
22,1,w1_20260416_084147,47,91416.5,274746,245347.5,0.4448149999999948,0.4156499999999981
22,1,w1_20260416_084147,48,284097.25,125898,208284.75,0.7762049999999419,0.3744899999999981
22,1,w1_20260416_084147,49,337817.5,95139.75,260922.75,0.8342949999999472,0.43364500000000983
22,1,w1_20260416_084147,50,92178.75,227787.75,284023.5,0.4606350000000048,0.3955449999999931
22,1,w1_20260416_084147,51,28167.5,120522,259480.5,0.3435250000000171,0.39133999999999
22,1,w1_20260416_084147,52,79210.5,221814,202945.5,0.4890700000000067,0.3168150000000037
22,1,w1_20260416_084147,53,50876.25,159081.75,296742,0.32594500000000115,0.40471499999998733
22,1,w1_20260416_084147,54,4985,107090.25,237594.75,0.18875500000001064,0.3559550000000021
22,1,w1_20260416_084147,55,101739.25,218215.5,212495.25,0.4977500000000029,0.36107999999999046
22,1,w1_20260416_084147,56,313228.75,99532.5,250638.75,0.8210150000000227,0.40565500000001786
22,1,w1_20260416_084147,57,168125,223650,284835,0.5600950000000081,0.42550999999999695
22,1,w1_20260416_084147,58,60250,105357.75,290942.25,0.461855000000006,0.38227499999999703
22,1,w1_20260416_084147,59,30156.5,134638.5,293055,0.3547750000000265,0.3560249999999796
22,1,w1_20260416_084147,60,122239,135669,291582,0.5471849999999765,0.4196550000000064
22,1,w1_20260416_084147,61,42600.25,111366.75,302583,0.3065200000000268,0.414624999999983
22,1,w1_20260416_084147,62,84712.25,90862.5,255905.25,0.5413550000000118,0.3689550000000009
22,1,w1_20260416_084147,63,359385,45524.25,200310.75,0.9177449999999552,0.3912250000000299
22,1,w1_20260416_084147,64,237337.25,159628.5,240914.25,0.7278299999999632,0.34598500000000865
22,1,w1_20260416_084147,65,55342.5,72896.25,292121.25,0.3909800000000297,0.4153099999999894
22,1,w1_20260416_084147,66,111724.25,148792.5,289973.25,0.5315600000000009,0.40241500000000024
22,1,w1_20260416_084147,67,338743,85079.25,273027.75,0.8512999999999589,0.3876900000000056
22,1,w1_20260416_084147,68,87106.75,232743.75,294109.5,0.4220000000000079,0.3969899999999916
22,1,w1_20260416_084147,69,72869.5,160231.5,299949,0.4424999999999989,0.3806249999999924
22,1,w1_20260416_084147,70,81789.5,236838.75,247731.75,0.47677499999999173,0.30901000000000256
22,1,w1_20260416_084147,71,199534.75,210590.25,251445,0.6107549999999947,0.44814499999997914
22,1,w1_20260416_084147,72,61908.75,207053.25,120798,0.5028350000000076,0.31598999999999583
22,1,w1_20260416_084147,73,251135,136989.75,194225.25,0.661319999999996,0.5912850000000069
22,1,w1_20260416_084147,74,105720.5,180954.75,242874.75,0.4560199999999976,0.4390249999999878
22,1,w1_20260416_084147,75,156300.25,130777.5,271472.25,0.5896249999999904,0.448599999999987
22,1,w1_20260416_084147,76,252332,160634.25,164883.75,0.6896499999999255,0.4879449999999798
22,1,w1_20260416_084147,77,46100.5,148794,253255.5,0.2657050000000038,0.3889049999999985
22,1,w1_20260416_084147,78,270465.75,139877.25,154317,0.7282299999999825,0.49736000000000047
22,1,w1_20260416_084147,79,396044.25,31314,171501.75,0.94494499999995,0.4789549999999712
22,1,w1_20260416_084147,80,268622.75,31705.5,398991.75,0.94658499999997,0.15446499999998986
22,1,w1_20260416_084147,81,282945.75,151881,201443.25,0.6865700000000127,0.5622449999999948
22,1,w1_20260416_084147,82,155489.75,235386.75,215083.5,0.5836150000000164,0.35545499999998786
22,1,w1_20260416_084147,83,225107.5,109521,252841.5,0.6996449999999732,0.4888849999999962
22,1,w1_20260416_084147,84,150914,168428.25,243687.75,0.6123300000000031,0.35931000000000796
22,1,w1_20260416_084147,85,200430.25,138156.75,292593,0.6579449999999826,0.41195499999999274
22,1,w1_20260416_084147,86,216920,145004.25,288345.75,0.6535899999999879,0.3995800000000052
22,1,w1_20260416_084147,87,180557.75,203215.5,199356.75,0.6132199999999992,0.3866300000000153
22,1,w1_20260416_084147,88,146112.5,153090.75,280416.75,0.4907050000000088,0.40517499999999457
22,1,w1_20260416_084147,89,108658.25,116249.25,276052.5,0.54305000000001,0.3696600000000122
22,1,w1_20260416_084147,90,215891,148492.5,310576.5,0.6650449999999832,0.37554999999999233
22,1,w1_20260416_084147,91,54670,121435.5,279364.5,0.397520000000047,0.4164099999999907
22,1,w1_20260416_084147,92,270267.5,117941.25,205481.25,0.7515599999999272,0.3847550000000039
22,1,w1_20260416_084147,93,225490.25,179415,216864.75,0.6734649999999753,0.31901999999998143
22,1,w1_20260416_084147,94,354832.5,41037,175630.5,0.9284499999999664,0.35441000000000433
22,1,w1_20260416_084147,95,287985,110274.75,207350.25,0.762299999999976,0.397579999999995
22,1,w1_20260416_084147,96,156156.5,154534.5,251529,0.6176649999999922,0.31585999999999725
22,1,w1_20260416_084147,97,184457,119580,268863,0.5756400000000089,0.40801500000000335
22,1,w1_20260416_084147,98,223213.25,96006,265530.75,0.7269050000000136,0.4876800000000201
22,1,w1_20260416_084147,99,103756.75,107782.5,185610.75,0.5476700000000264,0.23986999999999
22,1,w1_20260416_084147,100,164599.25,127787.25,279403.5,0.4352700000000049,0.47400499999999873
23,0,w0_20260416_085015,1,238613.25,83910,96366.75,0.8346499999999724,0.15204999999999322
23,0,w0_20260416_085015,2,127175.5,222045.75,49908.75,0.5898399999999994,0.14526499999999418
23,0,w0_20260416_085015,3,134908,214533,50889,0.60217500000001,0.15594499999999492
23,0,w0_20260416_085015,4,121242.5,229202.25,49265.25,0.5759999999999974,0.14341999999999164
23,0,w0_20260416_085015,5,219436,131694.75,47549.25,0.7577999999999866,0.1372599999999894
23,0,w0_20260416_085015,6,52442,304387.5,41140.5,0.4402200000000146,0.216199999999996
23,0,w0_20260416_085015,7,-10000,85670.25,12741.75,0.5674350000000017,0.1708249999999885
23,0,w0_20260416_085015,8,2097,133011.75,48281.25,0.3741149999999968,0.15254499999999194
23,0,w0_20260416_085015,9,222962,136242.75,42965.25,0.752924999999988,0.21206999999998433
23,0,w0_20260416_085015,10,106637,247660.5,45772.5,0.5466400000000073,0.21014499999999808
23,0,w0_20260416_085015,11,24733.25,306081,45405.75,0.3807150000000006,0.2795150000000039
23,0,w0_20260416_085015,12,25122.25,291171,54006.75,0.3891350000000108,0.4664600000000075
23,0,w0_20260416_085015,13,264933.25,99975.75,52911,0.8200749999999538,0.25786499999998835
23,0,w0_20260416_085015,14,264097.5,120886.5,78996,0.7826599999999708,0.5135500000000232
23,0,w0_20260416_085015,15,134831,243294.75,77174.25,0.5660300000000091,0.38820500000000474
23,0,w0_20260416_085015,16,180197,173878.5,98254.5,0.689454999999964,0.16680499999999365
23,0,w0_20260416_085015,17,135029,240543,159378,0.5656600000000097,0.32071500000000996
23,0,w0_20260416_085015,18,104711.75,353297.25,236631,0.3405650000000154,0.5289149999999699
23,0,w0_20260416_085015,19,424937,81351,205302,0.8512549999999556,0.603364999999975
23,0,w0_20260416_085015,20,291614.5,70863.75,161211.75,0.8742449999999795,0.27058000000001153
23,0,w0_20260416_085015,21,122067.5,258620.25,240722.25,0.5324699999999923,0.3551599999999969
23,0,w0_20260416_085015,22,208594.25,216948.75,301167,0.618630000000011,0.41102500000000247
23,0,w0_20260416_085015,23,216106.75,213327,285566.25,0.6194450000000152,0.43168999999999086
23,0,w0_20260416_085015,24,272452.25,151258.5,276899.25,0.7304499999999748,0.42761500000001834
23,0,w0_20260416_085015,25,195487,209631,289002,0.6304350000000147,0.3642299999999976
23,0,w0_20260416_085015,26,268302,119223,210645,0.7915549999999456,0.3115600000000171
23,0,w0_20260416_085015,27,176961.25,227765.25,278023.5,0.5890100000000144,0.3965249999999976
23,0,w0_20260416_085015,28,90539.5,316613.25,303707.25,0.3969500000000091,0.423990000000016
23,0,w0_20260416_085015,29,200098.5,244338,280963.5,0.562499999999993,0.46453999999999135
23,0,w0_20260416_085015,30,166016.75,252904.5,262518.75,0.4682550000000274,0.5039149999999946
23,0,w0_20260416_085015,31,182624,222205.5,267880.5,0.5937500000000082,0.3950950000000001
23,0,w0_20260416_085015,32,52027.5,293772.75,266079.75,0.4011299999999836,0.34035000000001275
23,0,w0_20260416_085015,33,119241,224253,214086,0.5365299999999971,0.34264000000001793
23,0,w0_20260416_085015,34,341878.25,98439,256872.75,0.8283450000000155,0.4456650000000057
23,0,w0_20260416_085015,35,311208.5,130768.5,258603,0.7677499999999674,0.4657600000000299
23,0,w0_20260416_085015,36,174218.5,184232.25,272759.25,0.6072700000000145,0.4320099999999988
23,0,w0_20260416_085015,37,108798,177154.5,253597.5,0.4991399999999845,0.3772599999999999
23,0,w0_20260416_085015,38,132831,117224.25,215004.75,0.6375849999999831,0.3814650000000111
23,0,w0_20260416_085015,39,225634.75,159719.25,221046,0.5505400000000005,0.5617450000000366
23,0,w0_20260416_085015,40,175898,194175,273267,0.5629150000000219,0.4296350000000126
23,0,w0_20260416_085015,41,251461,180923.25,271155.75,0.6829399999999964,0.42740500000001186
23,0,w0_20260416_085015,42,98046.25,176911.5,294872.25,0.4463299999999781,0.3985550000000044
23,0,w0_20260416_085015,43,286341.5,43453.5,293145,0.912720000000017,0.22597999999999388
23,0,w0_20260416_085015,44,99274.5,160604.25,243041.25,0.4188699999999801,0.36576500000001616
23,0,w0_20260416_085015,45,344519,77552.25,258948.75,0.8602300000000006,0.4121200000000058
23,0,w0_20260416_085015,46,141544.25,163614.75,257571,0.6031999999999673,0.37288500000001623
23,0,w0_20260416_085015,47,125214.75,189712.5,239442.75,0.5741549999999727,0.3784250000000074
23,0,w0_20260416_085015,48,311438.5,173680.5,249351,0.6927199999999903,0.5214099999999862
23,0,w0_20260416_085015,49,120840,151293,278157,0.5046200000000222,0.4295199999999969
23,0,w0_20260416_085015,50,265720,130719,269391,0.7667699999999746,0.3418850000000122
23,0,w0_20260416_085015,51,254805.25,125132.25,200482.5,0.7860950000000191,0.30685000000000556
23,0,w0_20260416_085015,52,114185.75,175038,289916.25,0.4723899999999795,0.4312599999999969
23,0,w0_20260416_085015,53,87985.25,169756.5,306638.25,0.45797000000000226,0.4142949999999957
23,0,w0_20260416_085015,54,108510,196739.25,260850.75,0.5108950000000179,0.3623550000000055
23,0,w0_20260416_085015,55,120806.75,251704.5,247158.75,0.5025050000000135,0.3674100000000088
23,0,w0_20260416_085015,56,143764.75,209064.75,247360.5,0.5340999999999975,0.37060000000001153
23,0,w0_20260416_085015,57,232704.75,169839,278996.25,0.6892700000000138,0.4032700000000157
23,0,w0_20260416_085015,58,315995.75,36583.5,287280.75,0.9350099999999808,0.24619500000000272
23,0,w0_20260416_085015,59,300161.25,126015.75,238743,0.7861699999999945,0.4133200000000032
23,0,w0_20260416_085015,60,329336.5,152429.25,270644.25,0.740929999999998,0.4943050000000008
23,0,w0_20260416_085015,61,148512,224530.5,284137.5,0.47628499999999496,0.4742650000000033
23,0,w0_20260416_085015,62,56727.5,206145,319417.5,0.38571499999999287,0.3835749999999836
23,0,w0_20260416_085015,63,330215.5,62586.75,185457.75,0.8913649999998783,0.2955199999999786
23,0,w0_20260416_085015,64,381046.25,77103,280710.75,0.8691499999998996,0.4593050000000155
23,0,w0_20260416_085015,65,165987,253222.5,279820.5,0.5627300000000162,0.3704150000000015
23,0,w0_20260416_085015,66,370260,92713.5,298726.5,0.8383849999999485,0.4631149999999892
23,0,w0_20260416_085015,67,-10000,93141,64299,0.16498000000002486,0.3864749999999904
23,0,w0_20260416_085015,68,-2865.75,139752.75,279483,0.32593499999997927,0.3590049999999976
23,0,w0_20260416_085015,69,75196,170431.5,297382.5,0.5023300000000133,0.38027000000000266
23,0,w0_20260416_085015,70,27149.75,196231.5,302208.75,0.22866999999996585,0.4095249999999816
23,0,w0_20260416_085015,71,356950.75,97302,282377.25,0.8225399999999193,0.4604699999999933
23,0,w0_20260416_085015,72,49562,151876.5,244441.5,0.3273349999999719,0.4376049999999808
23,0,w0_20260416_085015,73,16079.75,112658.25,250992,0.16767499999996616,0.4149950000000023
23,0,w0_20260416_085015,74,304273.5,81783.75,212892.75,0.853164999999948,0.3277399999999905
23,0,w0_20260416_085015,75,149179,187041.75,217739.25,0.6153099999999813,0.37024000000001095
23,0,w0_20260416_085015,76,40677.75,159918,299474.25,0.5576749999999676,0.299895000000018
23,0,w0_20260416_085015,77,88106,228291.75,241682.25,0.5083500000000136,0.32473000000001306
23,0,w0_20260416_085015,78,67360,145798.5,210631.5,0.5638349999999692,0.3305499999999994
23,0,w0_20260416_085015,79,133295.75,220066.5,310137.75,0.5188350000000089,0.39970999999999735
23,0,w0_20260416_085015,80,300413.75,105240,235106.25,0.818279999999933,0.3915399999999715
23,0,w0_20260416_085015,81,379402,55226.25,218631.75,0.9068249999999716,0.4822999999999808
23,0,w0_20260416_085015,82,96360.75,257058,238361.25,0.42225500000002586,0.40564500000000286
23,0,w0_20260416_085015,83,300150.75,111445.5,239943.75,0.8087249999999431,0.3821199999999943
23,0,w0_20260416_085015,84,111232,251466,260052,0.48208999999999896,0.41715499999997974
23,0,w0_20260416_085015,85,197821.75,221869.5,223668.75,0.6071749999999911,0.46221499999997784
23,0,w0_20260416_085015,86,14155,50085.75,301049.25,0.16094500000002068,0.3625449999999907
23,0,w0_20260416_085015,87,364705,45843,219882,0.9140299999999734,0.3869249999999829
23,0,w0_20260416_085015,88,-10000,88235.5808085,158663.7097905,0.22657500000002384,0.4665849999999791
23,0,w0_20260416_085015,89,386577.5,58382.25,207560.25,0.8931149999999732,0.47155000000000935
23,0,w0_20260416_085015,90,83847.5,219027,198265.5,0.4015349999999918,0.47615500000001376
23,0,w0_20260416_085015,91,147135.5,256905,229219.5,0.542490000000029,0.39536000000001725
23,0,w0_20260416_085015,92,27685.75,28669.5,274134.75,0.5065699999999996,0.3711899999999923
23,0,w0_20260416_085015,93,135876,20592.75,225011.25,0.8348249999999161,0.4248149999999992
23,0,w0_20260416_085015,94,54314.25,187899.75,259986,0.30627999999999456,0.46975000000002265
23,0,w0_20260416_085015,95,89204,87894.75,229151.25,0.5575050000000029,0.38998500000001
23,0,w0_20260416_085015,96,355524,38906.25,238509.75,0.914614999999984,0.3924200000000018
23,0,w0_20260416_085015,97,170359,209292.75,282098.25,0.5982500000000528,0.35306000000000676
23,0,w0_20260416_085015,98,107550.5,246144.75,298374.75,0.4655700000000081,0.4179399999999891
23,0,w0_20260416_085015,99,368378.75,46515,265766.25,0.9199300000000054,0.3757600000000177
23,0,w0_20260416_085015,100,186280.25,209878.5,245141.25,0.594250000000025,0.408555000000002
23,1,w1_20260416_085843,1,226652,96757.5,95560.5,0.8088949999999822,0.17204499999999764
23,1,w1_20260416_085843,2,114832.25,235722,55635.75,0.5636500000000133,0.18740499999999716
23,1,w1_20260416_085843,3,148298.25,203058,58503.75,0.6254049999999998,0.19324499999999303
23,1,w1_20260416_085843,4,-10000,42220.5,14377.5,0.48063000000001066,0.27911499999999695
23,1,w1_20260416_085843,5,152168.5,185851.5,118380,0.6574449999999971,0.1616599999999868
23,1,w1_20260416_085843,6,90517.25,256623.75,212649,0.5245500000000103,0.26498500000001607
23,1,w1_20260416_085843,7,7713.5,294556.5,144270,0.3293699999999973,0.299384999999997
23,1,w1_20260416_085843,8,71823.75,248404.5,105261.75,0.5134350000000109,0.20235499999998097
23,1,w1_20260416_085843,9,184217.75,170028.75,98773.5,0.6876499999999984,0.30105500000000457
23,1,w1_20260416_085843,10,13384.5,183778.5,150447,0.4132600000000017,0.25348500000001806
23,1,w1_20260416_085843,11,124195.25,199896,210468.75,0.5811599999999979,0.33196999999999893
23,1,w1_20260416_085843,12,35536.5,158043,110560.5,0.4939250000000071,0.1811699999999906
23,1,w1_20260416_085843,13,196695.75,124761,139763.25,0.7634649999999826,0.1660199999999881
23,1,w1_20260416_085843,14,226260.25,173868.75,224901,0.6671449999999906,0.4382550000000052
23,1,w1_20260416_085843,15,71869,226196.25,183654.75,0.5013699999999949,0.23679499999999729
23,1,w1_20260416_085843,16,83162.75,234671.25,240936,0.5024499999999912,0.2828999999999992
23,1,w1_20260416_085843,17,84625.75,244695.75,148168.5,0.5176750000000114,0.29204000000000313
23,1,w1_20260416_085843,18,73444,238518.75,105167.25,0.4964150000000028,0.2138249999999858
23,1,w1_20260416_085843,19,150093.5,213988.5,239118,0.4984850000000148,0.49265500000000256
23,1,w1_20260416_085843,20,141724.5,228301.5,256284,0.47224499999999914,0.47380000000000255
23,1,w1_20260416_085843,21,388927.25,108261.75,228981,0.8028849999999615,0.5690150000000025
23,1,w1_20260416_085843,22,115360.5,223184.25,100475.25,0.583019999999997,0.1841049999999884
23,1,w1_20260416_085843,23,40227.75,178093.5,266478.75,0.4363550000000403,0.3923900000000099
23,1,w1_20260416_085843,24,166422.75,172921.5,180615.75,0.6613749999999688,0.3463749999999906
23,1,w1_20260416_085843,25,-10000.000000000002,85465.97220267453,65124.09000161985,0.3910100000000215,0.26397000000001475
23,1,w1_20260416_085843,26,264610.5,88745.25,208364.25,0.833599999999962,0.31460999999999445
23,1,w1_20260416_085843,27,84105.5,193999.5,245565,0.462140000000017,0.3915850000000038
23,1,w1_20260416_085843,28,173248.5,125778,127333.5,0.7374249999999808,0.2913400000000006
23,1,w1_20260416_085843,29,73734.5,146399.25,85136.25,0.490285000000016,0.27050999999999115
23,1,w1_20260416_085843,30,190411.75,206184,282194.25,0.6039900000000085,0.4063400000000103
23,1,w1_20260416_085843,31,53061.5,118542.75,110235.75,0.4613249999999978,0.35331500000001104
23,1,w1_20260416_085843,32,234465,86442,173673,0.7660149999999653,0.40499500000000954
23,1,w1_20260416_085843,33,116089.25,131442,59148.75,0.5993449999999949,0.49538000000000937
23,1,w1_20260416_085843,34,126914,147258.75,100817.25,0.6394500000000065,0.2990999999999774
23,1,w1_20260416_085843,35,202350.75,147630,110639.25,0.7270599999999967,0.21520999999999169
23,1,w1_20260416_085843,36,165334.5,163956.75,89718.75,0.6808850000000612,0.1988949999999956
23,1,w1_20260416_085843,37,162066.75,210219,264704.25,0.605185000000067,0.3627899999999834
23,1,w1_20260416_085843,38,57054.75,132021.75,57373.5,0.4322150000000013,0.192669999999999
23,1,w1_20260416_085843,39,83076,133328.25,72525.75,0.5016750000000078,0.25661499999998477
23,1,w1_20260416_085843,40,263253.25,97645.5,158861.25,0.814679999999962,0.29567499999999153
23,1,w1_20260416_085843,41,128292.5,162819,159838.5,0.5055249999999953,0.4243850000000034
23,1,w1_20260416_085843,42,183422,186594.75,198623.25,0.6664249999999933,0.2971299999999914
23,1,w1_20260416_085843,43,211471.25,150623.25,69145.5,0.7288549999999917,0.1623900000000002
23,1,w1_20260416_085843,44,85343.25,121503,141903.75,0.4361049999999976,0.460224999999987
23,1,w1_20260416_085843,45,77430,83526,57414,0.5308850000000007,0.2460949999999923
23,1,w1_20260416_085843,46,-10000,36960.324375,38370.241875,0.40650499999999895,0.36424999999998736
23,1,w1_20260416_085843,47,145575,103986.75,184478.25,0.5512200000000167,0.4577600000000195
23,1,w1_20260416_085843,48,108032.75,66588,84449.25,0.7481099999999571,0.1915749999999942
23,1,w1_20260416_085843,49,85317.5,164319,104203.5,0.5579750000000063,0.27949999999999364
23,1,w1_20260416_085843,50,249081.75,129633.75,143074.5,0.7648799999999367,0.3198949999999853
23,1,w1_20260416_085843,51,79665.25,114606.75,44088,0.5430349999999827,0.2120449999999942
23,1,w1_20260416_085843,52,110560.25,58458.75,24681,0.697050000000013,0.1957849999999843
23,1,w1_20260416_085843,53,146213.25,105378,206148.75,0.6128300000000116,0.47658000000000766
23,1,w1_20260416_085843,54,88384.75,57936.75,31828.5,0.6091350000000121,0.2938549999999953
23,1,w1_20260416_085843,55,41788,46636.5,101365.5,0.6278299999999816,0.3265549999999931
23,1,w1_20260416_085843,56,108382.25,127911.75,57036,0.6692399999999782,0.286855000000015
23,1,w1_20260416_085843,57,128596.75,158882.25,74571,0.6172299999999943,0.1966800000000025
23,1,w1_20260416_085843,58,-10000,83882.325,37885.725,0.3009399999999985,0.5849799999999632
23,1,w1_20260416_085843,59,218002.75,126362.25,186555,0.6966399999999935,0.4198450000000089
23,1,w1_20260416_085843,60,48436,152178.75,31265.25,0.4533800000000034,0.3841299999999854
23,1,w1_20260416_085843,61,76521.25,124150.5,68228.25,0.5145449999999939,0.3812250000000006
23,1,w1_20260416_085843,62,140464.5,172250.25,55775.25,0.6185450000000104,0.07989500000000022
23,1,w1_20260416_085843,63,309562,48213,59685,0.9076399999999696,0.3308100000000128
23,1,w1_20260416_085843,64,40939.5,146664,19696.5,0.4471900000000252,0.26972499999999316
23,1,w1_20260416_085843,65,782,60258,128340,0.6175200000000485,0.26332500000000136
23,1,w1_20260416_085843,66,269289,152565,206736,0.7270799999999888,0.40528499999998896
23,1,w1_20260416_085843,67,282342.75,135579,220718.25,0.7646949999999995,0.3619099999999942
23,1,w1_20260416_085843,68,55206.75,304791.75,234481.5,0.40935000000001015,0.35608000000002676
23,1,w1_20260416_085843,69,32910.5,177241.5,114018,0.3408849999999825,0.5304949999999803
23,1,w1_20260416_085843,70,19869,194076,177675,0.4145299999999956,0.35298500000001026
23,1,w1_20260416_085843,71,147249.75,233001,233009.25,0.5629650000000258,0.3659149999999894
23,1,w1_20260416_085843,72,25221,278860.5,108598.5,0.39231499999999486,0.206449999999991
23,1,w1_20260416_085843,73,45347.5,232161.75,197430.75,0.4071949999999936,0.3595550000000063
23,1,w1_20260416_085843,74,125247.5,211751.25,68561.25,0.6042799999999998,0.32141499999998713
23,1,w1_20260416_085843,75,183729.75,188760,100580.25,0.6552100000000183,0.45625499999999386
23,1,w1_20260416_085843,76,9429.5,148323,60667.5,0.35734000000000465,0.27896500000000185
23,1,w1_20260416_085843,77,259045.75,137212.5,191691.75,0.7441099999999734,0.41886500000001
23,1,w1_20260416_085843,78,39923.5,89856.75,40179.75,0.5191499999999932,0.13139999999999685
23,1,w1_20260416_085843,79,283572.5,62520,74527.5,0.8501249999999689,0.14046999999999535
23,1,w1_20260416_085843,80,235060.5,150175.5,59904,0.7410099999999878,0.5895849999999908
23,1,w1_20260416_085843,81,289888.25,79110.75,121311,0.832879999999986,0.41648500000002125
23,1,w1_20260416_085843,82,276307.25,105241.5,53921.25,0.8196300000001363,0.2302450000000029
23,1,w1_20260416_085843,83,286254.5,96483,38452.5,0.8332900000000367,0.16521000000000594
23,1,w1_20260416_085843,84,241263.25,133352.25,26074.5,0.7558399999999761,0.10605000000000028
23,1,w1_20260416_085843,85,142354.75,238761.75,28663.5,0.5834399999999926,0.33397000000000765
23,1,w1_20260416_085843,86,186973,54741.75,222005.25,0.7998300000000272,0.192109999999997
23,1,w1_20260416_085843,87,122991.75,264330,19868.25,0.5491199999999888,0.40109500000003184
23,1,w1_20260416_085843,88,100492,235399.5,214498.5,0.4333899999999805,0.40765000000000823
23,1,w1_20260416_085843,89,55544.75,150022.5,229872.75,0.3929800000000031,0.4397750000000078
23,1,w1_20260416_085843,90,337952.5,40509,77038.5,0.9254899999999922,0.19276499999999056
23,1,w1_20260416_085843,91,18104.25,154469.25,48466.5,0.39150499999997873,0.19743999999999595
23,1,w1_20260416_085843,92,-4736.75,45669,20817.75,0.2702599999999861,0.4109599999999928
23,1,w1_20260416_085843,93,50404,52101,67065,0.587490000000027,0.5567750000000002
23,1,w1_20260416_085843,94,38372,214389,202539,0.4182450000000222,0.28784000000000165
23,1,w1_20260416_085843,95,103844.75,176302.5,54072.75,0.6468100000000049,0.29780500000001453
23,1,w1_20260416_085843,96,279875.5,103387.5,71487,0.8215049999999453,0.25944999999998775
23,1,w1_20260416_085843,97,-9553.75,69731.25,42502.5,0.24789499999999484,0.3158549999999942
23,1,w1_20260416_085843,98,150761,233286,153063,0.4197350000000044,0.5903049999999939
23,1,w1_20260416_085843,99,370692.25,28506.75,133071,0.9499800000000114,0.4536150000000328
23,1,w1_20260416_085843,100,53158.25,70709.25,140092.5,0.45620000000000055,0.2169699999999744
24,0,w0_20260416_090723,1,245389.75,90787.5,106482.75,0.828514999999985,0.18340499999998933
24,0,w0_20260416_090723,2,175190,174652.5,55147.5,0.6765749999999949,0.16887999999998726
24,0,w0_20260416_090723,3,135853,216471.75,51785.25,0.601795000000018,0.18596999999998867
24,0,w0_20260416_090723,4,179242,178876.5,43141.5,0.672124999999989,0.24607000000000456
24,0,w0_20260416_090723,5,-9999.999999999998,46242.549300000006,12649.570125,0.48298999999999653,0.15855499999998457
24,0,w0_20260416_090723,6,-10000,53046.75,12870.75,0.3943750000000055,0.17599999999999408
24,0,w0_20260416_090723,7,50604,268788,50538,0.43791999999999615,0.23744999999998245
24,0,w0_20260416_090723,8,29059.5,319733.25,52937.25,0.4063350000000165,0.1940449999999917
24,0,w0_20260416_090723,9,-10000.000000000002,231975.451125,69066.502125,0.29697999999999786,0.2671400000000012
24,0,w0_20260416_090723,10,5608.25,132767.25,124534.5,0.3193850000000188,0.3974200000000066
24,0,w0_20260416_090723,11,252874.25,106709.25,53536.5,0.8032349999999724,0.28477000000002417
24,0,w0_20260416_090723,12,156567.75,198206.25,57576,0.6388049999999775,0.1926449999999879
24,0,w0_20260416_090723,13,118254,248741.25,62634.75,0.5431299999999978,0.445284999999999
24,0,w0_20260416_090723,14,34646.75,306268.5,72804.75,0.41978500000000024,0.16632999999999143
24,0,w0_20260416_090723,15,62833,53632.5,54214.5,0.6859449999999869,0.16105999999999185
24,0,w0_20260416_090723,16,118947.25,241046.25,55846.5,0.5664449999999663,0.1735599999999876
24,0,w0_20260416_090723,17,37812,323318.25,100959.75,0.3357749999999999,0.3489599999999806
24,0,w0_20260416_090723,18,248407.75,219193.5,168948.75,0.5706500000000018,0.5755349999999888
24,0,w0_20260416_090723,19,124276,273639.75,274334.25,0.5144950000000104,0.3588649999999645
24,0,w0_20260416_090723,20,17600.75,289327.5,185001.75,0.380729999999996,0.2671350000000133
24,0,w0_20260416_090723,21,129765.5,252784.5,269100,0.5205449999999806,0.3759449999999869
24,0,w0_20260416_090723,22,239307.25,249825,221547.75,0.5355550000000081,0.5778499999999934
24,0,w0_20260416_090723,23,136394.75,260695.5,254049.75,0.537245000000008,0.37133499999999464
24,0,w0_20260416_090723,24,138332.25,262094.25,277663.5,0.526850000000022,0.382179999999989
24,0,w0_20260416_090723,25,285765.5,105588,141766.5,0.8123649999999207,0.438750000000006
24,0,w0_20260416_090723,26,70052.5,272211,119536.5,0.46244500000002053,0.2625700000000063
24,0,w0_20260416_090723,27,213950.5,175114.5,169395,0.6895899999999848,0.3276850000000014
24,0,w0_20260416_090723,28,114180,263647.5,206572.5,0.5196450000000001,0.32357000000000136
24,0,w0_20260416_090723,29,251662.75,201978,269219.25,0.6373499999999905,0.4870449999999866
24,0,w0_20260416_090723,30,79385.5,295824,316930.5,0.3904600000000052,0.4077700000000108
24,0,w0_20260416_090723,31,78879,274342.5,304798.5,0.4037100000000101,0.38829500000000966
24,0,w0_20260416_090723,32,131383.75,264683.25,302493,0.5163799999999815,0.3765000000000152
24,0,w0_20260416_090723,33,58256,191401.5,271942.5,0.32593500000001413,0.4558950000000111
24,0,w0_20260416_090723,34,269829,121587,278394,0.7871250000000737,0.3273200000000021
24,0,w0_20260416_090723,35,293715.25,126891,223353.75,0.7806849999999835,0.4209950000000037
24,0,w0_20260416_090723,36,124630.25,260223,294246.75,0.4902749999999873,0.3896749999999965
24,0,w0_20260416_090723,37,55354.75,195824.25,278541,0.33457500000001283,0.41703500000000465
24,0,w0_20260416_090723,38,129885.25,195733.5,287651.25,0.4636649999999832,0.38378499999998544
24,0,w0_20260416_090723,39,352521.5,57003,246325.5,0.8969349999999616,0.35050000000001175
24,0,w0_20260416_090723,40,319107.5,84111,244981.5,0.854124999999981,0.3448950000000114
24,0,w0_20260416_090723,41,351180.5,47795.25,280184.25,0.9175599999999672,0.33207499999998913
24,0,w0_20260416_090723,42,55601.25,252750.75,295038,0.2870900000000046,0.4428150000000086
24,0,w0_20260416_090723,43,51785.5,91971.75,268722.75,0.4613799999999976,0.45948999999997825
24,0,w0_20260416_090723,44,314027.75,93002.25,282450,0.8366399999999591,0.369685000000004
24,0,w0_20260416_090723,45,-10000,79479,121200,0.3072499999999985,0.46915000000003426
24,0,w0_20260416_090723,46,116464,59424,232572,0.6518599999999515,0.3917299999999963
24,0,w0_20260416_090723,47,116522.5,190001.25,287036.25,0.5075000000000046,0.3820499999999823
24,0,w0_20260416_090723,48,213830.25,132961.5,231038.25,0.7046449999999885,0.4124950000000121
24,0,w0_20260416_090723,49,370816.5,43536.75,273486.75,0.9203949999999924,0.39022999999999736
24,0,w0_20260416_090723,50,75424.25,262119,256626.75,0.4158799999999884,0.36482499999999407
24,0,w0_20260416_090723,51,210420.5,189125.25,253784.25,0.6460749999999632,0.4130250000000043
24,0,w0_20260416_090723,52,366009,77763,259158,0.8638649999999625,0.4658749999999912
24,0,w0_20260416_090723,53,161328.5,200964.75,231426.75,0.5529749999999776,0.3742700000000051
24,0,w0_20260416_090723,54,120889.75,149585.25,236895,0.46542999999999984,0.3638600000000048
24,0,w0_20260416_090723,55,175784.25,91872.75,233073,0.6637400000000238,0.4549450000000169
24,0,w0_20260416_090723,56,112749.5,110402.25,227648.25,0.4863050000000004,0.4105999999999892
24,0,w0_20260416_090723,57,127556.75,145632,192311.25,0.5859299999999773,0.35498500000000116
24,0,w0_20260416_090723,58,320179,57658.5,254332.5,0.8756799999999577,0.4431800000000097
24,0,w0_20260416_090723,59,250320.25,151365,229374.75,0.7300299999999382,0.38720499999999064
24,0,w0_20260416_090723,60,170691,112941,262608,0.6631049999999793,0.4047149999999992
24,0,w0_20260416_090723,61,129355,150675,235800,0.40255999999999686,0.4896599999999928
24,0,w0_20260416_090723,62,118658.25,116713.5,252638.25,0.42107500000001047,0.4667400000000086
24,0,w0_20260416_090723,63,189055.75,140643.75,228850.5,0.6520249999999848,0.4154549999999994
24,0,w0_20260416_090723,64,29990.25,74476.5,167063.25,0.31757500000005723,0.2988250000000168
24,0,w0_20260416_090723,65,67122.25,168677.25,286930.5,0.3885450000000179,0.3871699999999914
24,0,w0_20260416_090723,66,-3548.25,26844.75,313783.5,0.16881499999998756,0.3228049999999787
24,0,w0_20260416_090723,67,266243.25,124527.75,220239,0.7796849999998966,0.4127500000000027
24,0,w0_20260416_090723,68,20107.25,30541.5,150161.25,0.22529500000000613,0.2539350000000236
24,0,w0_20260416_090723,69,20394.5,13003.5,191172,0.21139999999998976,0.3127600000000019
24,0,w0_20260416_090723,70,14118.25,11395.5,58526.25,0.4308250000000088,0.4325050000000325
24,0,w0_20260416_090723,71,48607.75,27350.25,225372,0.5075550000000042,0.4524549999999811
24,0,w0_20260416_090723,72,59101.5,46214.25,219914.25,0.4861299999999963,0.405409999999989
24,0,w0_20260416_090723,73,179075.5,177328.5,99636,0.6510149999999902,0.3727200000000045
24,0,w0_20260416_090723,74,138148.25,99345,215106.75,0.5552399999999995,0.4686449999999928
24,0,w0_20260416_090723,75,158125.25,217462.5,90782.25,0.618829999999968,0.28396000000001415
24,0,w0_20260416_090723,76,352007,33744,172659,0.9357399999999884,0.3152349999999993
24,0,w0_20260416_090723,77,332016,55747.5,147646.5,0.9056900000000044,0.33402499999999197
24,0,w0_20260416_090723,78,219417.25,157144.5,188468.25,0.7179349999999836,0.26106500000000626
24,0,w0_20260416_090723,79,34505.75,151363.5,109860.75,0.4951449999999836,0.35220500000000193
24,0,w0_20260416_090723,80,208370.5,174505.5,301404,0.6553649999999976,0.3765250000000155
24,0,w0_20260416_090723,81,82944,168786,86490,0.4858150000000115,0.1720649999999972
24,0,w0_20260416_090723,82,80041.75,73040.25,129978,0.41297000000000017,0.3348150000000259
24,0,w0_20260416_090723,83,136637,99920.25,145422.75,0.6620449999999901,0.3117699999999998
24,0,w0_20260416_090723,84,264918,101341.5,227350.5,0.7123600000000411,0.5347250000000123
24,0,w0_20260416_090723,85,240422.75,105331.5,156135.75,0.76132500000002,0.286460000000002
24,0,w0_20260416_090723,86,192324.25,166829.25,274276.5,0.5841499999999618,0.5056849999999827
24,0,w0_20260416_090723,87,134425.25,79057.5,309767.25,0.6795699999999363,0.37329000000000057
24,0,w0_20260416_090723,88,210135.5,130134.75,301779.75,0.6062599999999916,0.46023999999997234
24,0,w0_20260416_090723,89,112554.5,156710.25,222785.25,0.4738150000000124,0.36469999999999647
24,0,w0_20260416_090723,90,157799.5,137955,202945.5,0.5945249999999973,0.4090799999999891
24,0,w0_20260416_090723,91,33250,136700.25,173019.75,0.4209699999999899,0.42836999999999614
24,0,w0_20260416_090723,92,144829.75,116354.25,214926,0.5385100000000071,0.3689300000000006
24,0,w0_20260416_090723,93,-10000,51300.75,56166.75,0.49861000000005423,0.5679100000000149
24,0,w0_20260416_090723,94,208522.25,141521.25,258826.5,0.582159999999982,0.4751500000000112
24,0,w0_20260416_090723,95,221744.5,106418.25,254777.25,0.6443599999999973,0.5040249999999865
24,0,w0_20260416_090723,96,138413.75,91866,233150.25,0.5857649999999892,0.544984999999997
24,0,w0_20260416_090723,97,287381,75734.25,289074.75,0.8054549999999875,0.3929199999999869
24,0,w0_20260416_090723,98,64499.75,114814.5,276405.75,0.4713049999999919,0.35872499999998725
24,0,w0_20260416_090723,99,231662,115218,181260,0.7238999999999751,0.4435799999999955
24,0,w0_20260416_090723,100,182520.5,143860.5,156189,0.6485949999999834,0.39291499999999624
24,1,w1_20260416_091550,1,218354.5,104627.25,141908.25,0.7996599999999768,0.18928999999999405
24,1,w1_20260416_091550,2,128709.25,217383.75,72957,0.5966449999999741,0.19592000000000023
24,1,w1_20260416_091550,3,100726.75,246472.5,88860.75,0.5445699999999901,0.23046000000000927
24,1,w1_20260416_091550,4,49355.25,295269.75,96795,0.4504149999999925,0.22263500000000028
24,1,w1_20260416_091550,5,176041,180868.5,84790.5,0.6695299999999563,0.2396950000000087
24,1,w1_20260416_091550,6,26626.5,311883,109000.5,0.4130250000000079,0.1908549999999969
24,1,w1_20260416_091550,7,87700.5,257280.75,99168.75,0.5298649999999934,0.1668699999999966
24,1,w1_20260416_091550,8,112738.5,236784.75,90966.75,0.5643799999999844,0.24281500000000977
24,1,w1_20260416_091550,9,201363,168784.5,123892.5,0.693664999999976,0.3548900000000122
24,1,w1_20260416_091550,10,-9757,158495.25,77601.75,0.4229499999999879,0.2063899999999952
24,1,w1_20260416_091550,11,13507.5,244995,103567.5,0.3919749999999935,0.3246050000000019
24,1,w1_20260416_091550,12,256497.25,136437,188775.75,0.7516149999999637,0.4179250000000027
24,1,w1_20260416_091550,13,152090.75,220189.5,152889.75,0.6041449999999813,0.3475749999999998
24,1,w1_20260416_091550,14,143566.5,209219.25,148574.25,0.627259999999982,0.24969499999999584
24,1,w1_20260416_091550,15,134353.5,286062.75,221223.75,0.4514799999999914,0.4951549999999934
24,1,w1_20260416_091550,16,254245.5,91572.75,238761.75,0.8367599999999679,0.241159999999999
24,1,w1_20260416_091550,17,157543.75,219480.75,203905.5,0.6101399999999829,0.33292999999999606
24,1,w1_20260416_091550,18,137952.25,220146,155931.75,0.6059449999999754,0.23146999999999135
24,1,w1_20260416_091550,19,182578.75,220803,271478.25,0.6032099999999762,0.39551499999999895
24,1,w1_20260416_091550,20,107278,267643.5,151768.5,0.5275999999999937,0.25890999999999365
24,1,w1_20260416_091550,21,46969.5,299122.5,108648,0.4323899999999925,0.24163499999998655
24,1,w1_20260416_091550,22,179254.5,193320,217855.5,0.6588299999999689,0.29396499999999753
24,1,w1_20260416_091550,23,245339.75,155580,268190.25,0.72549499999997,0.3728999999999891
24,1,w1_20260416_091550,24,94557.25,277827.75,197685,0.4971700000000083,0.3032849999999918
24,1,w1_20260416_091550,25,192836.5,208621.5,279582,0.627539999999977,0.37540500000000054
24,1,w1_20260416_091550,26,338397,112198.5,275164.5,0.8025249999999482,0.46269999999999545
24,1,w1_20260416_091550,27,226589.75,138477.75,183742.5,0.7593599999999513,0.22913500000000384
24,1,w1_20260416_091550,28,246897.5,122643.75,125838.75,0.7867449999999784,0.2001249999999881
24,1,w1_20260416_091550,29,22103,341820.75,72566.25,0.39322999999998537,0.21354499999998516
24,1,w1_20260416_091550,30,-10000,86069.25,12333.75,0.5337349999999274,0.596950000000028
24,1,w1_20260416_091550,31,256966.25,148473.75,268440,0.7408399999999504,0.37995499999999777
24,1,w1_20260416_091550,32,35025.25,250449,118245.75,0.3994649999999913,0.3055599999999897
24,1,w1_20260416_091550,33,335780.25,96357,260322.75,0.83069999999998,0.4269250000000102
24,1,w1_20260416_091550,34,155549.25,295722,238788.75,0.45235000000001263,0.5153549999999828
24,1,w1_20260416_091550,35,65534,314432.25,179073.75,0.44444500000000114,0.29176499999999256
24,1,w1_20260416_091550,36,350980,65890.5,275929.5,0.8836499999999882,0.3977349999999957
24,1,w1_20260416_091550,37,238554.25,177168.75,226677,0.6949299999999559,0.3934499999999886
24,1,w1_20260416_091550,38,197037,194628,167565,0.6638049999999587,0.3272000000000098
24,1,w1_20260416_091550,39,293146.75,84670.5,241122.75,0.8517749999999862,0.32269499999999823
24,1,w1_20260416_091550,40,92832,262352.25,223995.75,0.479124999999999,0.3718149999999924
24,1,w1_20260416_091550,41,171293,225276.75,220670.25,0.6085149999999785,0.3539850000000075
24,1,w1_20260416_091550,42,314491.75,102265.5,247422.75,0.8233149999999774,0.4020800000000006
24,1,w1_20260416_091550,43,194149.25,228263.25,289687.5,0.5994949999999934,0.42262999999999
24,1,w1_20260416_091550,44,54507.75,236193.75,227998.5,0.3821600000000055,0.38410000000000305
24,1,w1_20260416_091550,45,-10000,84282.75,73356.75,0.6793650000000008,0.2865199999999852
24,1,w1_20260416_091550,46,2273,140754.75,274022.25,0.3289249999999708,0.33914999999999623
24,1,w1_20260416_091550,47,280465.75,106446.75,208147.5,0.8143650000000158,0.30455500000000196
24,1,w1_20260416_091550,48,48281.75,172902.75,227995.5,0.41398499999998567,0.3552300000000058
24,1,w1_20260416_091550,49,126452.75,238987.5,299379.75,0.50168,0.4080499999999999
24,1,w1_20260416_091550,50,153179.75,230543.25,223077,0.5818399999999897,0.33842999999999573
24,1,w1_20260416_091550,51,285994.25,122555.25,244870.5,0.7903299999999753,0.3777699999999888
24,1,w1_20260416_091550,52,83513,203258.25,298338.75,0.46773499999999096,0.4076550000000006
24,1,w1_20260416_091550,53,308377.25,102658.5,292964.25,0.8072399999999548,0.40276999999999374
24,1,w1_20260416_091550,54,105810.5,202031.25,315848.25,0.47257499999999136,0.39174999999999305
24,1,w1_20260416_091550,55,11488.75,86817,220694.25,0.19026,0.4209799999999748
24,1,w1_20260416_091550,56,52500.75,156714.75,255994.5,0.41159999999998953,0.32527500000000453
24,1,w1_20260416_091550,57,242032.25,168636,230541.75,0.705904999999991,0.3789050000000068
24,1,w1_20260416_091550,58,231724.5,190655.25,267830.25,0.6695849999999989,0.38967999999999625
24,1,w1_20260416_091550,59,31302.75,212851.5,262395.75,0.3727149999999956,0.34476000000000967
24,1,w1_20260416_091550,60,48395,166541.25,258573.75,0.3864999999999943,0.37347000000000463
24,1,w1_20260416_091550,61,145173,153703.5,261763.5,0.5147899999999693,0.4804400000000091
24,1,w1_20260416_091550,62,85930,193955.25,258984.75,0.4587699999999897,0.4073550000000054
24,1,w1_20260416_091550,63,109312.25,195661.5,285386.25,0.5096199999999829,0.3703550000000009
24,1,w1_20260416_091550,64,222266.75,73328.25,414345,0.8736600000000426,0.13923999999999762
24,1,w1_20260416_091550,65,156786.25,243165.75,271638,0.5765149999999957,0.3603000000000088
24,1,w1_20260416_091550,66,119034.25,235624.5,270911.25,0.5127249999999893,0.4099950000000018
24,1,w1_20260416_091550,67,57475.75,242203.5,311670.75,0.4437999999999786,0.3276950000000093
24,1,w1_20260416_091550,68,235738.25,157642.5,219149.25,0.7204699999999753,0.3681250000000136
24,1,w1_20260416_091550,69,59455.5,167064.75,189249.75,0.382029999999998,0.41575500000000504
24,1,w1_20260416_091550,70,189837.25,200533.5,241109.25,0.6190550000000004,0.40877500000000994
24,1,w1_20260416_091550,71,90152.5,204786.75,267180.75,0.4209350000000101,0.41111999999999654
24,1,w1_20260416_091550,72,85535.75,127599,256145.25,0.4437049999999761,0.41005000000000746
24,1,w1_20260416_091550,73,168332.75,176952.75,248794.5,0.5749299999999794,0.44271999999999606
24,1,w1_20260416_091550,74,164894.5,203359.5,159306,0.5947599999999716,0.4494699999999926
24,1,w1_20260416_091550,75,105114.75,141477,163628.25,0.42430499999998794,0.5214700000000002
24,1,w1_20260416_091550,76,356724.5,56205.75,252939.75,0.8916449999999672,0.4474150000000126
24,1,w1_20260416_091550,77,108340.25,229487.25,43132.5,0.5069300000000099,0.6548100000000017
24,1,w1_20260416_091550,78,113502.5,220993.5,74244,0.5218549999999811,0.4725650000000057
24,1,w1_20260416_091550,79,124514.75,120807.75,158377.5,0.5100999999999842,0.4693649999999936
24,1,w1_20260416_091550,80,212414.75,207549.75,51475.5,0.6371999999999922,0.7417299999999414
24,1,w1_20260416_091550,81,26502.75,196697.25,280170,0.34440999999999533,0.3792999999999904
24,1,w1_20260416_091550,82,233519.5,204330.75,227859.75,0.6390199999999973,0.48960999999999866
24,1,w1_20260416_091550,83,38821.75,128217.75,241000.5,0.4280599999999988,0.35585500000000386
24,1,w1_20260416_091550,84,181899.25,156567,177813.75,0.663224999999992,0.2607750000000022
24,1,w1_20260416_091550,85,77431,111528,154701,0.5294449999999992,0.36800000000001176
24,1,w1_20260416_091550,86,256429,134226,198585,0.7660349999999828,0.3664349999999997
24,1,w1_20260416_091550,87,56694.75,114579.75,146335.5,0.4013449999999961,0.38313000000001973
24,1,w1_20260416_091550,88,40381.75,110922.75,197365.5,0.4646900000000065,0.37642500000002665
24,1,w1_20260416_091550,89,35127,81060,223683,0.4173850000000161,0.4148450000000017
24,1,w1_20260416_091550,90,121582,165848.25,224379.75,0.5127850000000016,0.4867149999999968
24,1,w1_20260416_091550,91,100475.75,141853.5,269850.75,0.5199900000000012,0.3619900000000081
24,1,w1_20260416_091550,92,299577.75,81363,159869.25,0.8610499999999612,0.22480500000000253
24,1,w1_20260416_091550,93,356053,13584.75,161732.25,0.977200000000005,0.19120999999999908
24,1,w1_20260416_091550,94,42475.75,192634.5,178239.75,0.4991450000000142,0.22101499999998608
24,1,w1_20260416_091550,95,65196,191880,163884,0.4888850000000381,0.294359999999989
24,1,w1_20260416_091550,96,170224,198100.5,170905.5,0.6282649999999647,0.4426350000000191
24,1,w1_20260416_091550,97,284479,105293.25,266037.75,0.8164199999999644,0.35114999999999674
24,1,w1_20260416_091550,98,77884.5,203935.5,246840,0.46455999999999414,0.36457000000001255
24,1,w1_20260416_091550,99,104508.75,285276,305675.25,0.49551500000001614,0.362875000000002
24,1,w1_20260416_091550,100,56322,67935,210543,0.3699550000000335,0.4934100000000109
25,0,w0_20260416_092419,1,165080,164668.5,106471.5,0.6851799999999841,0.1413149999999998
25,0,w0_20260416_092419,2,215586,132984.75,56429.25,0.75470499999998375,0.1413649999999998
25,0,w0_20260416_092419,3,128913,221207.25,50889.75,0.5901949999999738,0.1542349999999986
25,0,w0_20260416_092419,4,131899.5,221833.5,50637,0.5932099999999947,0.16091999999999584
25,0,w0_20260416_092419,5,31555.75,317945.25,50559,0.40794500000001177,0.1972599999999916
25,0,w0_20260416_092419,6,29256.5,124754.25,165779.25,0.3445050000000001,0.425670000000011
25,0,w0_20260416_092419,7,89146.25,262689.75,73824,0.5038600000000057,0.25722500000002135
25,0,w0_20260416_092419,8,67489.25,286050.75,58200,0.47530000000000727,0.17006999999999017
25,0,w0_20260416_092419,9,29072.75,302852.25,79665,0.39171999999999063,0.27283500000000027
25,0,w0_20260416_092419,10,175759.25,185206.5,44564.25,0.6657649999999988,0.17945499999999603
25,0,w0_20260416_092419,11,-64,214980,135234,0.41232999999997055,0.1771349999999908
25,0,w0_20260416_092419,12,6590.75,162384,210515.25,0.3605849999999841,0.31456499999999776
25,0,w0_20260416_092419,13,44938.75,305448.75,59662.5,0.4302000000000065,0.22554999999999512
25,0,w0_20260416_092419,14,34869,256618.5,152482.5,0.40253499999998194,0.3474449999999949
25,0,w0_20260416_092419,15,259385.25,111278.25,83506.5,0.8012399999999819,0.2669099999999948
25,0,w0_20260416_092419,16,106677.75,282837.75,125074.5,0.4956349999999993,0.3752150000000054
25,0,w0_20260416_092419,17,194668.25,203781,207720.75,0.6381399999999898,0.40267500000000056
25,0,w0_20260416_092419,18,77271.25,351354,241014.75,0.3242900000000152,0.5123349999999864
25,0,w0_20260416_092419,19,254330.5,162720,246499.5,0.7031900000000076,0.43383500000001296
25,0,w0_20260416_092419,20,275410,149793,256677,0.726840000000002,0.44418999999999026
25,0,w0_20260416_092419,21,80825.25,306231.75,292143,0.4084499999999998,0.41169000000001427
25,0,w0_20260416_092419,22,317105.5,70571.25,247883.25,0.8750349999999891,0.34437499999999666
25,0,w0_20260416_092419,23,288136.25,113013.75,225990,0.8005150000000151,0.37640500000000454
25,0,w0_20260416_092419,24,22949.75,182489.25,283191,0.4843900000000026,0.3687149999999953
25,0,w0_20260416_092419,25,350814,112447.5,269158.5,0.7967049999999918,0.4934199999999894
25,0,w0_20260416_092419,26,303784,111926.25,251649.75,0.8030199999999817,0.3926750000000014
25,0,w0_20260416_092419,27,265235.25,159519,266535.75,0.7211499999999799,0.4185400000000152
25,0,w0_20260416_092419,28,-10000,76676.25,136300.875,0.14892999999997472,0.42848000000001946
25,0,w0_20260416_092419,29,28130.5,96885.75,284673.75,0.2987750000000144,0.38243000000000854
25,0,w0_20260416_092419,30,70509.25,152116.5,308324.25,0.4487300000000214,0.4065850000000164
25,0,w0_20260416_092419,31,106513.5,177613.5,296313,0.4171600000000295,0.4336249999999982
25,0,w0_20260416_092419,32,214021,201641.25,252657.75,0.6454200000000319,0.4119950000000077
25,0,w0_20260416_092419,33,49348.75,160283.25,303828,0.3884799999999982,0.386229999999996
25,0,w0_20260416_092419,34,278106,127662,245682,0.7744549999999948,0.36390500000001347
25,0,w0_20260416_092419,35,241190.25,198399.75,288930,0.6564849999999824,0.4347549999999952
25,0,w0_20260416_092419,36,343751.25,63891.75,273477,0.889334999999992,0.3660500000000059
25,0,w0_20260416_092419,37,75139.75,213870,296990.25,0.38323500000000976,0.4313550000000001
25,0,w0_20260416_092419,38,149996,199424.25,308709.75,0.5146899999999788,0.42292499999998806
25,0,w0_20260416_092419,39,268882.25,151579.5,307058.25,0.7400499999999787,0.3843200000000086
25,0,w0_20260416_092419,40,183314,203187.75,271298.25,0.5709699999999757,0.4927499999999969
25,0,w0_20260416_092419,41,220461.5,204204,292504.5,0.6462649999999648,0.41344000000000214
25,0,w0_20260416_092419,42,196240.25,237503.25,289456.5,0.5924300000000282,0.4279000000000047
25,0,w0_20260416_092419,43,172909.25,246323.25,292747.5,0.5705699999999995,0.40040000000000775
25,0,w0_20260416_092419,44,32318.5,243414.75,263046.75,0.3161999999999791,0.40110500000000937
25,0,w0_20260416_092419,45,89181,28353,161256,0.5761500000000185,0.5221249999999833
25,0,w0_20260416_092419,46,59876.25,196481.25,262282.5,0.2873250000000023,0.4534149999999926
25,0,w0_20260416_092419,47,128497,139830.75,270452.25,0.4186349999999926,0.4623499999999951
25,0,w0_20260416_092419,48,205868.25,148114.5,257927.25,0.6710849999999621,0.4228400000000137
25,0,w0_20260416_092419,49,184262.5,77864.25,228173.25,0.6610000000000178,0.3913150000000126
25,0,w0_20260416_092419,50,23400.25,40479,266490.75,0.1346249999999772,0.36324500000001336
25,0,w0_20260416_092419,51,38588.25,25965.75,219306,0.3337050000000469,0.367030000000009
25,0,w0_20260416_092419,52,107056.5,50767.5,242496,0.5334500000000063,0.4598799999999987
25,0,w0_20260416_092419,53,239980.25,52472.25,197677.5,0.8193849999999581,0.5383250000000157
25,0,w0_20260416_092419,54,69979.5,45170.25,274820.25,0.2884550000000421,0.46670500000001586
25,0,w0_20260416_092419,55,119482,62961,277437,0.5359549999999914,0.45614499999998914
25,0,w0_20260416_092419,56,171822.75,215257.5,275739.75,0.5832099999999931,0.38431000000001103
25,0,w0_20260416_092419,57,171636,112759.5,280024.5,0.5982949999999667,0.3913650000000049
25,0,w0_20260416_092419,58,311528.75,118606.5,249624.75,0.7866899999999607,0.4356049999999907
25,0,w0_20260416_092419,59,162742.25,106220.25,273727.5,0.475025000000007,0.4039899999999927
25,0,w0_20260416_092419,60,351035.25,64738.5,226166.25,0.8848449999999565,0.33896500000000523
25,0,w0_20260416_092419,61,273229.75,127815.75,259114.5,0.7368650000000022,0.450394999999988
25,0,w0_20260416_092419,62,102404.75,95456.25,281109,0.44727999999998785,0.4421700000000045
25,0,w0_20260416_092419,63,238483.5,156497.25,280019.25,0.7026699999999639,0.3982699999999998
25,0,w0_20260416_092419,64,90221,83736,252573,0.7516799999999167,0.4225550000000037
25,0,w0_20260416_092419,65,40482.25,132617.25,273160.5,0.4709849999999923,0.4008800000000037
25,0,w0_20260416_092419,66,150446.75,157975.5,225927.75,0.4162950000000212,0.5333150000000116
25,0,w0_20260416_092419,67,119083.25,91454.25,293302.5,0.6522849999999607,0.3860850000000059
25,0,w0_20260416_092419,68,19670,60256.5,285763.5,0.5696149999999609,0.3597100000000073
25,0,w0_20260416_092419,69,253146.25,59516.25,267247.5,0.8507699999999749,0.3665349999999935
25,0,w0_20260416_092419,70,-1276,87491.25,329874.75,0.1846349999999933,0.35453500000001187
25,0,w0_20260416_092419,71,295080,60009.75,264200.25,0.8683999999999854,0.42141500000000226
25,0,w0_20260416_092419,72,378973.75,59560.5,262185.75,0.889194999999942,0.48052000000001027
25,0,w0_20260416_092419,73,247825.5,147709.5,263235,0.7508950000000021,0.3428000000000018
25,0,w0_20260416_092419,74,57705.5,148479.75,284934.75,0.3839899999999919,0.4115650000000089
25,0,w0_20260416_092419,75,41343.25,119041.5,215975.25,0.3716849999999858,0.4680299999999756
25,0,w0_20260416_092419,76,40847,102539.25,224253.75,0.2959600000000002,0.4778649999999883
25,0,w0_20260416_092419,77,71443,98376,221901,0.5008049999999599,0.4209899999999964
25,0,w0_20260416_092419,78,204098.5,187847.25,292784.25,0.6702899999999842,0.38156500000000226
25,0,w0_20260416_092419,79,196156.75,101694,203369.25,0.45882999999999946,0.635360000000002
25,0,w0_20260416_092419,80,46373.5,36209.25,216107.25,0.2983400000000288,0.48292499999997845
25,0,w0_20260416_092419,81,281498.5,102346.5,142995,0.8158099999999785,0.28944500000000467
25,0,w0_20260416_092419,82,179398.25,205611,200610.75,0.5719999999999992,0.5210849999999775
25,0,w0_20260416_092419,83,115806.75,138544.5,279048.75,0.5179999999999689,0.4603500000000068
25,0,w0_20260416_092419,84,279438.5,124311.75,303159.75,0.7778550000000222,0.3748900000000032
25,0,w0_20260416_092419,85,175706,228818.25,250755.75,0.5523449999999878,0.4500699999999967
25,0,w0_20260416_092419,86,148626,230832,240192,0.5520050000000007,0.4150450000000077
25,0,w0_20260416_092419,87,258479,164082,277059,0.7163750000000265,0.405185000000008
25,0,w0_20260416_092419,88,181358.75,224485.5,264315.75,0.6103550000000053,0.3559500000000132
25,0,w0_20260416_092419,89,335359,68981.25,296229.75,0.8701450000000063,0.3628100000000088
25,0,w0_20260416_092419,90,204099.25,223887,299283.75,0.6215749999999877,0.4047200000000042
25,0,w0_20260416_092419,91,232369.25,181822.5,296228.25,0.6913499999999406,0.3609600000000051
25,0,w0_20260416_092419,92,360897.75,62033.25,307869,0.895434999999964,0.3897799999999883
25,0,w0_20260416_092419,93,262739.5,154812,303148.5,0.7406149999999975,0.3629750000000024
25,0,w0_20260416_092419,94,250391.75,179911.5,274476.75,0.6960350000000521,0.4078349999999939
25,0,w0_20260416_092419,95,248012.75,168798,285959.25,0.7151349999999744,0.373610000000005
25,0,w0_20260416_092419,96,152481.75,254397.75,301630.5,0.5564899999999791,0.3689600000000005
25,0,w0_20260416_092419,97,383956,30565.5,245548.5,0.9483749999999628,0.4157699999999908
25,0,w0_20260416_092419,98,270573.75,151721.25,279015,0.7368100000000489,0.3919499999999798
25,0,w0_20260416_092419,99,400874.25,16476.75,313689,0.9715550000000766,0.3673099999999877
25,0,w0_20260416_092419,100,170445.5,150073.5,294771,0.5797349999999907,0.44668000000000085
25,1,w1_20260416_093226,1,155971.5,176614.5,103584,0.6629299999999861,0.204809999999991
25,1,w1_20260416_093226,2,229869,112560,91671,0.7912949999999774,0.19120999999999225
25,1,w1_20260416_093226,3,193501,158405.25,51453.75,0.7074800000000067,0.18688999999998532
25,1,w1_20260416_093226,4,188270,169159.5,49300.5,0.6909149999999982,0.2032199999999909
25,1,w1_20260416_093226,5,155227,201698.25,50484.75,0.6298199999999989,0.2380099999999872
25,1,w1_20260416_093226,6,95244,257070.75,69755.25,0.5301399999999785,0.18726499999998616
25,1,w1_20260416_093226,7,70661.25,284128.5,44630.25,0.4787999999999987,0.17337999999999285
25,1,w1_20260416_093226,8,251.25,311706,45012.75,0.35117000000000387,0.1788999999999971
25,1,w1_20260416_093226,9,122294.75,236838.75,40726.5,0.5684100000000099,0.18616999999999376
25,1,w1_20260416_093226,10,111899.25,245664.75,57006,0.5561349999999883,0.16967500000000177
25,1,w1_20260416_093226,11,108415.25,257378.25,38086.5,0.5359849999999707,0.25608499999999906
25,1,w1_20260416_093226,12,77734.25,276136.5,50489.25,0.4935549999999797,0.1888999999999957
25,1,w1_20260416_093226,13,209803,148512.75,99134.25,0.7348149999999746,0.1963049999999912
25,1,w1_20260416_093226,14,140056,230168.25,33645.75,0.5868049999999874,0.2909649999999956
25,1,w1_20260416_093226,15,216755.5,143502,51862.5,0.7421499999999717,0.1816949999999914
25,1,w1_20260416_093226,16,-898.5,284242.5,41886,0.3514499999999897,0.20939999999999495
25,1,w1_20260416_093226,17,111528,284340,184902,0.4874399999999835,0.34818000000000254
25,1,w1_20260416_093226,18,360327.75,100764,236408.25,0.8207399999998927,0.4720000000000263
25,1,w1_20260416_093226,19,191044.5,212028,213547.5,0.6215649999999677,0.3536799999999969
25,1,w1_20260416_093226,20,253033.75,235731,192875.25,0.5630399999999763,0.5797850000000162
25,1,w1_20260416_093226,21,142990.75,227193.75,200245.5,0.5826399999999641,0.34702499999999126
25,1,w1_20260416_093226,22,106868,268053,257439,0.3557150000000013,0.4808400000000094
25,1,w1_20260416_093226,23,124964.75,219781.5,290133.75,0.5825599999999949,0.33670499999999903
25,1,w1_20260416_093226,24,274921.25,105472.5,300476.25,0.8129699999999148,0.32529499999999995
25,1,w1_20260416_093226,25,15733,169794,219753,0.36423500000000397,0.353445000000012
25,1,w1_20260416_093226,26,205963.5,190986,240610.5,0.6643199999999669,0.3512550000000209
25,1,w1_20260416_093226,27,302378.5,116245.5,270906,0.7963849999999659,0.39294500000001886
25,1,w1_20260416_093226,28,136545,245134.5,283540.5,0.5244349999999834,0.40551000000001747
25,1,w1_20260416_093226,29,86306.25,244373.25,273250.5,0.48008500000000376,0.3685950000000098
25,1,w1_20260416_093226,30,73270,289401.75,283628.25,0.41388000000002184,0.3998550000000076
25,1,w1_20260416_093226,31,99450,290115,284775,0.465995000000018,0.38896500000000805
25,1,w1_20260416_093226,32,84096.5,257975.25,280118.25,0.40498,0.4335500000000024
25,1,w1_20260416_093226,33,83026.25,286599,270294.75,0.40945500000000046,0.415579999999996
25,1,w1_20260416_093226,34,158444.25,220713,266982.75,0.5491900000000035,0.4235650000000018
25,1,w1_20260416_093226,35,311750,86394,220056,0.8494049999999519,0.35776000000000674
25,1,w1_20260416_093226,36,224397.5,221242.5,254370,0.5978749999999882,0.4816800000000075
25,1,w1_20260416_093226,37,309969.25,115917,283983.75,0.7997999999999975,0.4036549999999946
25,1,w1_20260416_093226,38,110610,303338.25,276921.75,0.4225200000000075,0.4360199999999985
25,1,w1_20260416_093226,39,23988,88482.75,240449.25,0.2935250000000173,0.4102000000000018
25,1,w1_20260416_093226,40,298134.75,128935.5,252639.75,0.7728349999999695,0.41639500000000207
25,1,w1_20260416_093226,41,299033.75,103618.5,237867.75,0.8193400000000088,0.36975500000001
25,1,w1_20260416_093226,42,37015,265644.75,193490.25,0.4487200000000251,0.219594999999995
25,1,w1_20260416_093226,43,64698,184485,296007,0.34034499999999795,0.43449999999998457
25,1,w1_20260416_093226,44,267269,132036.75,246074.25,0.7615149999999827,0.37832999999999745
25,1,w1_20260416_093226,45,12978.75,133200,233321.25,0.20561499999999888,0.3942300000000057
25,1,w1_20260416_093226,46,424549,58724.25,230376.75,0.8895000000000087,0.5330300000000072
25,1,w1_20260416_093226,47,388752,58332,253866,0.8998450000000137,0.4565150000000014
25,1,w1_20260416_093226,48,296644.25,117504.75,230091,0.7989699999999741,0.3891899999999903
25,1,w1_20260416_093226,49,104708.25,299000.25,265891.5,0.3921250000000269,0.4688849999999962
25,1,w1_20260416_093226,50,90416,220606.5,294277.5,0.47090000000001425,0.3848050000000108
25,1,w1_20260416_093226,51,120184,263413.5,252922.5,0.4663650000000123,0.4344400000000064
25,1,w1_20260416_093226,52,230728.5,173310.75,231690.75,0.6889699999999866,0.3912150000000116
25,1,w1_20260416_093226,53,46176.5,139551.75,102591.75,0.33981999999999896,0.546989999999999
25,1,w1_20260416_093226,54,125094.5,241383.75,272481.75,0.5076499999999934,0.38164500000001406
25,1,w1_20260416_093226,55,176922.25,192475.5,195572.25,0.6516799999999742,0.3510450000000061
25,1,w1_20260416_093226,56,375058.75,103017,184874.25,0.8239749999999977,0.5863499999999771
25,1,w1_20260416_093226,57,318964.25,100061.25,213934.5,0.8301550000000094,0.42604500000000034
25,1,w1_20260416_093226,58,151276.5,239568.75,228144.75,0.5765150000000003,0.3647600000000116
25,1,w1_20260416_093226,59,99950.5,199860.75,178158.75,0.42958500000001215,0.47710500000001765
25,1,w1_20260416_093226,60,147191,234367.5,182911.5,0.5283499999999922,0.43808000000001185
25,1,w1_20260416_093226,61,157839.25,160883.25,207967.5,0.5686249999999944,0.4825850000000089
25,1,w1_20260416_093226,62,48528.25,119484,209397.75,0.3583150000000073,0.4586499999999953
25,1,w1_20260416_093226,63,53981.5,108146.25,234272.25,0.3629150000000213,0.40284500000001344
25,1,w1_20260416_093226,64,51252,148708.5,261079.5,0.36044500000001595,0.3990550000000161
25,1,w1_20260416_093226,65,115898.75,151641,265970.25,0.5812199999999954,0.3882800000000154
25,1,w1_20260416_093226,66,241208,155119.5,171472.5,0.7320550000000163,0.30187000000001435
25,1,w1_20260416_093226,67,235814.5,175933.5,221772,0.6989599999999672,0.3960999999999986
25,1,w1_20260416_093226,68,312203.25,134502,239334.75,0.7597499999999807,0.4763250000000175
25,1,w1_20260416_093226,69,108640.25,201972,238077.75,0.4967100000000077,0.383320000000013
25,1,w1_20260416_093226,70,253933.75,203657.25,266709,0.64356500000003,0.4789949999999837
25,1,w1_20260416_093226,71,81377,216921.75,276731.25,0.360650000000012,0.43356000000001566
25,1,w1_20260416_093226,72,128218.25,233253.75,287778,0.5144749999999959,0.3985500000000241
25,1,w1_20260416_093226,73,341423.75,82257.75,278578.5,0.8606099999999868,0.3662950000000044
25,1,w1_20260416_093226,74,209740.25,226697.25,263632.5,0.6136549999999673,0.4084599999999991
25,1,w1_20260416_093226,75,135705.25,230778.75,274206,0.53026500000001,0.3750850000000036
25,1,w1_20260416_093226,76,-10000,64673.25,58722.75,0.14383000000001453,0.5755899999999968
25,1,w1_20260416_093226,77,42490.5,35225.25,260564.25,0.2297850000000047,0.4476250000000137
25,1,w1_20260416_093226,78,324004.75,66283.5,259431.75,0.855369999999924,0.41146500000000735
25,1,w1_20260416_093226,79,48173.75,59850,304736.25,0.4986399999999871,0.4200600000000225
25,1,w1_20260416_093226,80,130707,136612.5,303160.5,0.632685000000005,0.4049150000000073
25,1,w1_20260416_093226,81,342267.75,82474.5,248097.75,0.8475899999999831,0.4496299999999937
25,1,w1_20260416_093226,82,44146.5,28256.25,293927.25,0.21292999999998857,0.43520500000001583
25,1,w1_20260416_093226,83,44786.75,33810.75,302422.5,0.41205500000002165,0.42008500000001625
25,1,w1_20260416_093226,84,72344.5,124585.5,311370,0.4937650000000144,0.41240500000001984
25,1,w1_20260416_093226,85,98653,148535.25,269991.75,0.519984999999992,0.4124150000000083
25,1,w1_20260416_093226,86,282760.5,98072.25,287927.25,0.791684999999959,0.3737800000000122
25,1,w1_20260416_093226,87,131899.25,257842.5,277028.25,0.5270150000000079,0.3837300000000076
25,1,w1_20260416_093226,88,191198,197821.5,282940.5,0.5422900000000164,0.4868399999999872
25,1,w1_20260416_093226,89,57428.25,145231.5,288860.25,0.3930100000000139,0.4253999999999995
25,1,w1_20260416_093226,90,286925.25,93868.5,241376.25,0.7654649999999786,0.4511750000000121
25,1,w1_20260416_093226,91,93938.75,132144.75,274156.5,0.4758999999999984,0.391915000000001
25,1,w1_20260416_093226,92,81035,189588.75,262136.25,0.4914149999999932,0.3852600000000034
25,1,w1_20260416_093226,93,166344.5,156918.75,261096.75,0.5957099999999874,0.4114000000000078
25,1,w1_20260416_093226,94,99684.5,142954.5,275121,0.4086499999999957,0.4739199999999919
25,1,w1_20260416_093226,95,1530.25,88647,149562.75,0.2477050000000078,0.3723000000000245
25,1,w1_20260416_093226,96,232774,60000.75,401675.25,0.8833100000000114,0.1962449999999928
25,1,w1_20260416_093226,97,147164.25,82705.5,545300.25,0.8607749999998757,0.04720500000000258
25,1,w1_20260416_093226,98,114997.75,240150,251912.25,0.5397249999999569,0.34037500000001175
25,1,w1_20260416_093226,99,268054.25,112105.5,205250.25,0.799324999999994,0.37454000000000903
25,1,w1_20260416_093226,100,58541.25,297002.25,217246.5,0.4508700000000033,0.31018000000000645
26,0,w0_20260416_094040,1,127240.5,188073,78976.5,0.6173299999999903,0.1244800000000004
26,0,w0_20260416_094040,2,215259.75,135195,61325.25,0.749664999999978,0.21175000000000133
26,0,w0_20260416_094040,3,104733.5,246339,54907.5,0.5459049999999992,0.14918499999999577
26,0,w0_20260416_094040,4,52957.75,301610.25,50682,0.44531500000001345,0.21487500000000087
26,0,w0_20260416_094040,5,201131,150921,54678,0.7202749999999843,0.21756499999999815
26,0,w0_20260416_094040,6,-10000,178359,54285,0.2524650000000257,0.31142499999999146
26,0,w0_20260416_094040,7,2564,145371,94695,0.4955650000000046,0.138749999999997
26,0,w0_20260416_094040,8,-6084.75,243237,44307.75,0.33505500000003785,0.14179000000000136
26,0,w0_20260416_094040,9,39238.25,279333.75,41388,0.4106450000000145,0.15444000000000233
26,0,w0_20260416_094040,10,-10000,197494.7918702018,38038.999789138055,0.472874999999992,0.12052999999999794
26,0,w0_20260416_094040,11,30141.25,219851.25,51337.5,0.4342550000000098,0.32657999999999904
26,0,w0_20260416_094040,12,141586.25,208930.5,56933.25,0.6147799999999622,0.1397450000000007
26,0,w0_20260416_094040,13,259450.25,93669.75,92670,0.8312549999999641,0.24544999999999215
26,0,w0_20260416_094040,14,178769.25,183510.75,53490,0.6703149999999591,0.19455999999999624
26,0,w0_20260416_094040,15,3606.25,139067.25,48676.5,0.3911249999999733,0.2816600000000086
26,0,w0_20260416_094040,16,26057,276980.25,35772.75,0.4089500000000242,0.11850999999999882
26,0,w0_20260416_094040,17,229970.5,128961.75,90987.75,0.7697549999999537,0.2684100000000042
26,0,w0_20260416_094040,18,206762.25,160851.75,47706,0.712119999999979,0.3297400000000059
26,0,w0_20260416_094040,19,68668.75,257463,30818.25,0.4829899999999865,0.14585999999999774
26,0,w0_20260416_094040,20,80387.5,259821,44491.5,0.4959400000000084,0.4499249999999632
26,0,w0_20260416_094040,21,10098.5,315589.5,153132,0.16579999999998843,0.5257650000000184
26,0,w0_20260416_094040,22,270419.75,90637.5,59142.75,0.8340249999999798,0.13852999999999235
26,0,w0_20260416_094040,23,427025.25,68767.5,192497.25,0.8759999999999897,0.6004200000000195
26,0,w0_20260416_094040,24,40532.25,284511,61626.75,0.41072499999998446,0.25749499999999986
26,0,w0_20260416_094040,25,45680,262148.25,33351.75,0.4181400000000001,0.1839849999999977
26,0,w0_20260416_094040,26,265280.25,104905.5,74924.25,0.8157949999999625,0.291319999999995
26,0,w0_20260416_094040,27,296279.5,69483,62947.5,0.8785049999999847,0.1235349999999948
26,0,w0_20260416_094040,28,66038.5,150724.5,40527,0.4476049999999912,0.23272000000000048
26,0,w0_20260416_094040,29,72514,178456.5,67009.5,0.48474999999995205,0.3089900000000081
26,0,w0_20260416_094040,30,29265.25,146085,44829.75,0.33382999999998647,0.19226500000000357
26,0,w0_20260416_094040,31,58939.5,135903,40957.5,0.356140000000007,0.2522450000000066
26,0,w0_20260416_094040,32,133277.5,161905.5,141867,0.6469100000000122,0.39168999999998594
26,0,w0_20260416_094040,33,321801,48831.75,152207.25,0.9142199999999848,0.3039449999999983
26,0,w0_20260416_094040,34,81037.25,123406.5,34286.25,0.4647800000000221,0.21608999999999745
26,0,w0_20260416_094040,35,166943.25,161973.75,123183,0.6536299999999952,0.33412999999999626
26,0,w0_20260416_094040,36,88468.25,120258.75,137973,0.6379399999999954,0.44287000000002263
26,0,w0_20260416_094040,37,182243.25,182989.5,46097.25,0.6739099999999885,0.2507749999999919
26,0,w0_20260416_094040,38,101539.25,117273,53007.75,0.6546650000000493,0.16957500000000308
26,0,w0_20260416_094040,39,267185.25,106999.5,60875.25,0.8105149999999351,0.20528499999999336
26,0,w0_20260416_094040,40,93860,82028.25,87051.75,0.5168799999999868,0.28327499999999806
26,0,w0_20260416_094040,41,160590,128685.75,51494.25,0.6784199999999915,0.25688499999999065
26,0,w0_20260416_094040,42,236973.25,134448.75,169758,0.7391699999999725,0.35071999999999437
26,0,w0_20260416_094040,43,85912.5,86077.5,142530,0.4984849999999834,0.31717500000001636
26,0,w0_20260416_094040,44,156680.75,111051,196478.25,0.6752849999999843,0.3339999999999957
26,0,w0_20260416_094040,45,109488.75,102345,300176.25,0.5596149999999973,0.33998000000001
26,0,w0_20260416_094040,46,286981.75,175314.75,177823.5,0.5750399999999838,0.6658449999999938
26,0,w0_20260416_094040,47,139252.25,123267,253230.75,0.4677699999999807,0.4652500000000047
26,0,w0_20260416_094040,48,259570.25,83556,250203.75,0.7327550000000029,0.5158299999999855
26,0,w0_20260416_094040,49,321332,21896.25,247941.75,0.9202350000000036,0.5351149999999635
26,0,w0_20260416_094040,50,226469.75,80629.5,262380.75,0.739024999999992,0.3485999999999955
26,0,w0_20260416_094040,51,68843.5,137967,186529.5,0.39501500000001777,0.4194649999999869
26,0,w0_20260416_094040,52,143575.75,60295.5,227988.75,0.6808000000000011,0.33205500000000115
26,0,w0_20260416_094040,53,164436.25,61046.25,194407.5,0.716644999999978,0.30085999999999796
26,0,w0_20260416_094040,54,176962,130550.25,185337.75,0.6629650000000089,0.32446500000000944
26,0,w0_20260416_094040,55,65719,121157.25,192633.75,0.49848000000002346,0.3304450000000136
26,0,w0_20260416_094040,56,106204,103834.5,296491.5,0.4247899999999951,0.4286599999999993
26,0,w0_20260416_094040,57,287855,37567.5,193027.5,0.8861549999999632,0.34926500000000016
26,0,w0_20260416_094040,58,129248.25,161784.75,226257,0.5745449999999933,0.30081500000001915
26,0,w0_20260416_094040,59,63978.5,84327.75,224583.75,0.36431000000004826,0.4780150000000028
26,0,w0_20260416_094040,60,67218.25,46446.75,215985,0.5123850000000519,0.4673800000000043
26,0,w0_20260416_094040,61,74200.75,111522.75,269566.5,0.4447299999999901,0.37195500000000914
26,0,w0_20260416_094040,62,105855.75,112294.5,238419.75,0.562374999999998,0.36387500000000816
26,0,w0_20260416_094040,63,93658.75,118126.5,283374.75,0.494394999999996,0.42522999999999983
26,0,w0_20260416_094040,64,89815.75,112404.75,295099.5,0.4701999999999899,0.40057500000001894
26,0,w0_20260416_094040,65,38457,103767,264576,0.32279999999999465,0.4000149999999998
26,0,w0_20260416_094040,66,126542,67671.75,298076.25,0.7419649999999911,0.4103000000000061
26,0,w0_20260416_094040,67,94395.25,145203.75,280071,0.4451649999999859,0.4071799999999885
26,0,w0_20260416_094040,68,315372.25,86501.25,251086.5,0.8233099999999604,0.4450499999999744
26,0,w0_20260416_094040,69,170493.5,190016.25,274490.25,0.5915000000000001,0.4253750000000184
26,0,w0_20260416_094040,70,98333,139010.25,273036.75,0.49707999999999464,0.39098000000000166
26,0,w0_20260416_094040,71,235054.25,180980.25,281125.5,0.6730250000000054,0.4338749999999889
26,0,w0_20260416_094040,72,39731.5,147261.75,332526.75,0.3675650000000209,0.38545500000000094
26,0,w0_20260416_094040,73,125801,143668.5,289270.5,0.5254899999999955,0.386524999999992
26,0,w0_20260416_094040,74,43999.5,134336.25,289574.25,0.3814800000000321,0.3738099999999911
26,0,w0_20260416_094040,75,208089.25,147726,266124.75,0.6406850000000409,0.4229849999999833
26,0,w0_20260416_094040,76,59837.5,127551.75,271980.75,0.4446149999999986,0.4120150000000026
26,0,w0_20260416_094040,77,394121.75,47515.5,289842.75,0.9008799999999508,0.4553049999999929
26,0,w0_20260416_094040,78,49332.75,120436.5,268200.75,0.5143400000000169,0.40438499999999233
26,0,w0_20260416_094040,79,182005.5,80575.5,274959,0.7286899999999205,0.35421999999999665
26,0,w0_20260416_094040,80,136476.75,218682,320441.25,0.5285300000000003,0.4006949999999985
26,0,w0_20260416_094040,81,111059.5,306873.75,295566.75,0.43899000000000143,0.43458500000000466
26,0,w0_20260416_094040,82,255763.75,39208.5,310647.75,0.8291899999999869,0.3330000000000012
26,0,w0_20260416_094040,83,126020.75,140649,314420.25,0.49862500000000126,0.41190999999999295
26,0,w0_20260416_094040,84,51553.25,84358.5,332258.25,0.3171050000000114,0.4229299999999825
26,0,w0_20260416_094040,85,80821.5,174403.5,296445,0.4103849999999995,0.3784099999999839
26,0,w0_20260416_094040,86,244898,120385.5,283636.5,0.7188249999999727,0.3797249999999938
26,0,w0_20260416_094040,87,210524.25,74388.75,268137,0.7036899999999965,0.3976449999999924
26,0,w0_20260416_094040,88,296671.25,50313,243525.75,0.8257899999999386,0.39625499999998426
26,0,w0_20260416_094040,89,89384.5,149087.25,291368.25,0.4638350000000093,0.38161999999999663
26,0,w0_20260416_094040,90,380886.5,51147.75,222015.75,0.8976699999999604,0.5176999999999735
26,0,w0_20260416_094040,91,146957,179354.25,258258.75,0.5095800000000283,0.4739200000000039
26,0,w0_20260416_094040,92,185015.5,201368.25,263246.25,0.584805000000002,0.4695049999999768
26,0,w0_20260416_094040,93,60236.25,138210.75,297213,0.46335000000001647,0.39176499999998293
26,0,w0_20260416_094040,94,26826,77226,343008,0.392045000000019,0.384525000000007
26,0,w0_20260416_094040,95,182413.75,61487.25,288399,0.7772250000000286,0.4339599999999933
26,0,w0_20260416_094040,96,58014,90121.5,283714.5,0.4266050000000048,0.3991599999999896
26,0,w0_20260416_094040,97,138882.75,93617.25,283830,0.6174949999999919,0.4503249999999934
26,0,w0_20260416_094040,98,82918.5,87948,293173.5,0.48719000000001145,0.4052450000000003
26,0,w0_20260416_094040,99,142184.5,84131.25,309374.25,0.6104549999999727,0.40881000000000783
26,0,w0_20260416_094040,100,149500.25,143781.75,274158,0.5901849999999808,0.4561149999999942
26,1,w1_20260416_094854,1,83523.75,162760.5,74265.75,0.545924999999997,0.17944000000000038
26,1,w1_20260416_094854,2,186576.25,160356.75,108777,0.702359999999989,0.2508400000000004
26,1,w1_20260416_094854,3,128417.75,223533.75,56878.5,0.5866999999999949,0.17669499999999547
26,1,w1_20260416_094854,4,68720.25,285147.75,50772,0.4749400000000068,0.1894249999999978
26,1,w1_20260416_094854,5,134543,221334.75,45692.25,0.591184999999988,0.236065
26,1,w1_20260416_094854,6,-10000,104069.25,24411.75,0.281989999999989,0.22161499999999143
26,1,w1_20260416_094854,7,-10000,31790.72925,10614.75,0.3848400000000675,0.33480499999999874
26,1,w1_20260416_094854,8,15714.5,314577,46528.5,0.3829150000000244,0.15368499999999963
26,1,w1_20260416_094854,9,99825.75,253984.5,61959.75,0.5314149999999871,0.2514199999999961
26,1,w1_20260416_094854,10,26933.25,319868.25,65428.5,0.4076149999999954,0.17271499999999665
26,1,w1_20260416_094854,11,-3438,289877.25,61620.75,0.3483300000000099,0.20920499999999748
26,1,w1_20260416_094854,12,277915,80800.5,68614.5,0.851564999999959,0.28806500000000235
26,1,w1_20260416_094854,13,-809.75,291600.75,39009,0.3262300000000231,0.19793500000000103
26,1,w1_20260416_094854,14,145999,210640.5,71170.5,0.6154149999999728,0.2638350000000069
26,1,w1_20260416_094854,15,159836.25,216594.75,107919,0.615044999999978,0.3488400000000104
26,1,w1_20260416_094854,16,-2320.5,266248.5,46572,0.32904000000002065,0.19978500000000668
26,1,w1_20260416_094854,17,21999.75,275463.75,33256.5,0.41148000000001056,0.2147899999999928
26,1,w1_20260416_094854,18,200660.5,165802.5,62367,0.705289999999971,0.24435499999998675
26,1,w1_20260416_094854,19,163239.5,262893.75,133806.75,0.5159099999999864,0.5672550000000363
26,1,w1_20260416_094854,20,-9999.999999999996,135138.20061567653,71526.99134427788,0.31910000000003247,0.2391600000000245
26,1,w1_20260416_094854,21,278277,97433.25,214899.75,0.8150349999999463,0.35991000000000156
26,1,w1_20260416_094854,22,18065,232950.75,107414.25,0.37830000000002817,0.28378000000000764
26,1,w1_20260416_094854,23,260170.25,153195.75,193404,0.635044999999959,0.588604999999985
26,1,w1_20260416_094854,24,113655.25,303757.5,313817.25,0.4408150000000237,0.42378999999998895
26,1,w1_20260416_094854,25,38471,173268.75,70730.25,0.44096000000001495,0.23286500000000465
26,1,w1_20260416_094854,26,219065.5,140864.25,79460.25,0.7434599999999849,0.20330500000000284
26,1,w1_20260416_094854,27,175313,188670,51747,0.6675749999999917,0.14583499999999422
26,1,w1_20260416_094854,28,44458.25,323010,341001.75,0.3849350000000132,0.3599499999999833
26,1,w1_20260416_094854,29,142971.25,223220.25,60208.5,0.6028399999999756,0.2518049999999891
26,1,w1_20260416_094854,30,90403.25,265621.5,49685.25,0.5163600000000114,0.22933999999999888
26,1,w1_20260416_094854,31,95420.75,242900.25,60459,0.53210999999999,0.24322499999999317
26,1,w1_20260416_094854,32,111269,232866,253515,0.5718949999999842,0.2882049999999872
26,1,w1_20260416_094854,33,179448,230861.25,263970.75,0.5762849999999757,0.4256250000000093
26,1,w1_20260416_094854,34,302605.75,57480,210584.25,0.8980899999999956,0.2854000000000065
26,1,w1_20260416_094854,35,150006,280372.5,261391.5,0.5123099999999993,0.42797499999999
26,1,w1_20260416_094854,36,149991,254469.75,213419.25,0.5571199999999882,0.3693699999999923
26,1,w1_20260416_094854,37,186721.75,223848.75,262369.5,0.6099549999999917,0.3868999999999755
26,1,w1_20260416_094854,38,204217.25,267722.25,241120.5,0.5142499999999763,0.5298849999999856
26,1,w1_20260416_094854,39,59404.25,116187.75,87678,0.6281349999999583,0.2244200000000096
26,1,w1_20260416_094854,40,4811,103407,41562,0.533635,0.23616499999999424
26,1,w1_20260416_094854,41,232876.25,73401,85302.75,0.8269799999999811,0.23267500000000357
26,1,w1_20260416_094854,42,300577.75,83848.5,90783.75,0.8564499999999642,0.38981999999999306
26,1,w1_20260416_094854,43,173333,232225.5,178591.5,0.5970849999999764,0.3937399999999915
26,1,w1_20260416_094854,44,1935,150048.75,61976.25,0.3434800000000142,0.24927500000000796
26,1,w1_20260416_094854,45,136701.5,218668.5,191640,0.5756349999999893,0.3074649999999953
26,1,w1_20260416_094854,46,210249.5,184419,171181.5,0.6735849999999789,0.4073850000000075
26,1,w1_20260416_094854,47,-10000,103786.14187218752,65860.58302593749,0.450000000000016,0.4386449999999646
26,1,w1_20260416_094854,48,-10000,119780.62450753682,114963.46766808545,0.36350000000001953,0.3555750000000237
26,1,w1_20260416_094854,49,41648,254340.75,216551.25,0.41625499999999904,0.2688699999999844
26,1,w1_20260416_094854,50,333830.75,48633.75,179875.5,0.9139199999999628,0.2569050000000026
26,1,w1_20260416_094854,51,3942.75,169870.5,310896.75,0.29980499999999555,0.3506099999999917
26,1,w1_20260416_094854,52,40314,227268,266778,0.3323850000000102,0.38447999999999755
26,1,w1_20260416_094854,53,28130.75,263816.25,260883,0.38212000000001595,0.31074999999999586
26,1,w1_20260416_094854,54,58194.25,260642.25,223603.5,0.45460500000000137,0.25375999999999277
26,1,w1_20260416_094854,55,368858.25,50828.25,241543.5,0.9135799999998954,0.4066249999999984
26,1,w1_20260416_094854,56,322939.5,113481,257479.5,0.8054799999999582,0.4319449999999923
26,1,w1_20260416_094854,57,271173.75,120015.75,235270.5,0.7912249999999688,0.3446900000000052
26,1,w1_20260416_094854,58,342227,57592.5,242260.5,0.9014749999999642,0.34415499999999727
26,1,w1_20260416_094854,59,373997.25,85873.5,241469.25,0.8205299999999507,0.5235400000000207
26,1,w1_20260416_094854,60,34172,171458.25,203439.75,0.353409999999997,0.3351950000000108
26,1,w1_20260416_094854,61,216864.5,250104.75,208290.75,0.5275700000000265,0.5486450000000123
26,1,w1_20260416_094854,62,64293,257457,273210,0.413089999999995,0.3560000000000072
26,1,w1_20260416_094854,63,216509.5,189548.25,284792.25,0.6736699999999736,0.3612649999999955
26,1,w1_20260416_094854,64,159290.5,274071,241528.5,0.47066000000004626,0.4973499999999993
26,1,w1_20260416_094854,65,103768.5,244683.75,242637.75,0.5282350000000232,0.2862599999999915
26,1,w1_20260416_094854,66,72479.25,183797.25,291643.5,0.3927050000000191,0.3967599999999977
26,1,w1_20260416_094854,67,45472.75,145861.5,228045.75,0.38487999999999295,0.3897799999999991
26,1,w1_20260416_094854,68,212428.5,109628.25,285503.25,0.7011700000000296,0.38975499999999685
26,1,w1_20260416_094854,69,151626.25,236410.5,227783.25,0.5832599999999865,0.35708000000000323
26,1,w1_20260416_094854,70,155831.25,203013.75,195315,0.5982250000000137,0.3576249999999954
26,1,w1_20260416_094854,71,242999.5,172746.75,271533.75,0.6731650000000106,0.4212550000000121
26,1,w1_20260416_094854,72,30038.25,195261.75,200880,0.27858999999997514,0.3934350000000004
26,1,w1_20260416_094854,73,205260.75,134884.5,241044.75,0.6806299999999915,0.4201450000000084
26,1,w1_20260416_094854,74,61097.75,140221.5,171960.75,0.4306349999999861,0.33683500000000544
26,1,w1_20260416_094854,75,63573.5,98928,297928.5,0.4828149999999989,0.4288350000000095
26,1,w1_20260416_094854,76,225694.25,134797.5,268868.25,0.688399999999976,0.3847400000000063
26,1,w1_20260416_094854,77,383276.75,39951.75,211501.5,0.9300650000000236,0.4372349999999905
26,1,w1_20260416_094854,78,73779.75,193059.75,236170.5,0.4279150000000056,0.35077499999999884
26,1,w1_20260416_094854,79,183886,206362.5,281041.5,0.5938049999999804,0.3751450000000096
26,1,w1_20260416_094854,80,161419.25,195540,283380.75,0.5609249999999683,0.38063500000000233
26,1,w1_20260416_094854,81,282159.75,95226,232964.25,0.7784249999999303,0.3961150000000011
26,1,w1_20260416_094854,82,373618.75,43292.25,258669,0.8768049999999654,0.4604599999999812
26,1,w1_20260416_094854,83,120289.25,273805.5,283325.25,0.4337650000000006,0.48504499999999345
26,1,w1_20260416_094854,84,72089.5,78832.5,293358,0.25473499999999666,0.4660349999999856
26,1,w1_20260416_094854,85,186842.5,213786,239101.5,0.6264099999999958,0.3638600000000103
26,1,w1_20260416_094854,86,41420.25,50464.5,296555.25,0.4086100000000059,0.4129700000000146
26,1,w1_20260416_094854,87,336277,46588.5,196144.5,0.8358549999999717,0.5381500000000022
26,1,w1_20260416_094854,88,135950,252737.25,261042.75,0.5348350000000163,0.3611150000000091
26,1,w1_20260416_094854,89,6453.75,96311.25,171495,0.485835000000038,0.171294999999984
26,1,w1_20260416_094854,90,7980.75,79735.5,224373.75,0.46838500000003297,0.2631000000000113
26,1,w1_20260416_094854,91,128317.75,282414,255308.25,0.5049599999999753,0.4058550000000092
26,1,w1_20260416_094854,92,385442.5,29258.25,102029.25,0.9488700000000104,0.4540900000000107
26,1,w1_20260416_094854,93,67756,81354,226860,0.6125600000000134,0.2811750000000048
26,1,w1_20260416_094854,94,-8783,86219.25,103833.75,0.29227000000001074,0.28110499999999233
26,1,w1_20260416_094854,95,371096.25,22345.5,106028.25,0.9356849999999972,0.41827499999999335
26,1,w1_20260416_094854,96,4228,141550.5,162661.5,0.32897500000000435,0.23899499999999435
26,1,w1_20260416_094854,97,447408.25,27512.25,189019.5,0.9249800000000152,0.5952949999999892
26,1,w1_20260416_094854,98,407246,28146,130278,0.9522499999999382,0.5104250000000059
26,1,w1_20260416_094854,99,73908.25,167143.5,212078.25,0.11057499999999928,0.536124999999999
26,1,w1_20260416_094854,100,316693.75,69792,121964.25,0.8593349999999433,0.3779900000000052
27,0,w0_20260416_095712,1,227807,93513,93360,0.8105749999999659,0.15861499999998624
27,0,w0_20260416_095712,2,125354.75,208375.5,62079.75,0.5870600000000135,0.1945899999999848
27,0,w0_20260416_095712,3,148649.5,177810,65320.5,0.6378299999999981,0.16343999999998632
27,0,w0_20260416_095712,4,121425.75,206499.75,58834.5,0.59651000000000165,0.15201999999998267
27,0,w0_20260416_095712,5,49962,287938.5,48769.5,0.44506500000000304,0.16005499999998643
27,0,w0_20260416_095712,6,118872,189440.25,47877.75,0.5839650000000142,0.17405999999998972
27,0,w0_20260416_095712,7,77132,236673.75,53684.25,0.516870000000001,0.1649299999999829
27,0,w0_20260416_095712,8,22633.25,275734.5,58712.25,0.4015549999999962,0.1957899999999952
27,0,w0_20260416_095712,9,45019,244904.25,42846.75,0.4326250000000018,0.27740000000000875
27,0,w0_20260416_095712,10,135484.25,187672.5,40193.25,0.6249199999999899,0.2080299999999971
27,0,w0_20260416_095712,11,72307.5,225046.5,68826,0.4670300000000115,0.457950000000006
27,0,w0_20260416_095712,12,102864.5,217317.75,46857.75,0.5432649999999986,0.20183500000000612
27,0,w0_20260416_095712,13,215496.25,138390.75,44823,0.7398849999999823,0.1290349999999913
27,0,w0_20260416_095712,14,193383.5,179635.5,43131,0.6737399999999977,0.27893500000000354
27,0,w0_20260416_095712,15,17122.5,165357.75,92559.75,0.35501999999999684,0.17649999999999383
27,0,w0_20260416_095712,16,275064.25,102220.5,198575.25,0.8164499999999619,0.3347349999999955
27,0,w0_20260416_095712,17,316910.5,196455,207184.5,0.6362250000000188,0.6068849999999736
27,0,w0_20260416_095712,18,68247.75,190908.75,302503.5,0.4853200000000024,0.32554999999999135
27,0,w0_20260416_095712,19,307025,66096.75,224498.25,0.8781649999999811,0.3458250000000032
27,0,w0_20260416_095712,20,309609.25,78672,251688.75,0.8586599999999919,0.363119999999993
27,0,w0_20260416_095712,21,96897,143760.75,287192.25,0.4377499999999839,0.3390099999999792
27,0,w0_20260416_095712,22,118965,127684.5,302890.5,0.5866350000000303,0.3626250000000059
27,0,w0_20260416_095712,23,338867,178405.5,192157.5,0.6580900000000147,0.6492599999999796
27,0,w0_20260416_095712,24,277243.25,119978.25,297928.5,0.7826900000000236,0.376735000000007
27,0,w0_20260416_095712,25,129362.5,102809.25,230618.25,0.4982100000000004,0.33759499999999104
27,0,w0_20260416_095712,26,143480,134287.5,234382.5,0.6522749999999679,0.3271950000000011
27,0,w0_20260416_095712,27,152937.75,118441.5,272730.75,0.6576799999999761,0.3650499999999976
27,0,w0_20260416_095712,28,169305.25,123523.5,255161.25,0.6481999999999605,0.4583500000000072
27,0,w0_20260416_095712,29,196269,129735,259656,0.6894950000000142,0.4324800000000053
27,0,w0_20260416_095712,30,154669.75,141836.25,214044,0.6529949999999967,0.3399949999999916
27,0,w0_20260416_095712,31,173688.75,141581.25,191310,0.6956699999999751,0.3272900000000034
27,0,w0_20260416_095712,32,94433.25,167295,242121.75,0.4720399999999825,0.414290000000007
27,0,w0_20260416_095712,33,74891.25,155853.75,260685,0.39461499999996824,0.42950999999998174
27,0,w0_20260416_095712,34,159839.25,117886.5,242684.25,0.6367499999999771,0.4173750000000051
27,0,w0_20260416_095712,35,263340.25,99791.25,259078.5,0.7932349999999793,0.3885900000000145
27,0,w0_20260416_095712,36,262361.5,107475.75,230382.75,0.7822449999999919,0.3822699999999991
27,0,w0_20260416_095712,37,322916,69159,203265,0.8746449999999668,0.35956999999998496
27,0,w0_20260416_095712,38,395735.75,50780.25,291144,0.9082699999999876,0.4628449999999972
27,0,w0_20260416_095712,39,66428.5,125456.25,276965.25,0.4635049999999943,0.40808499999998904
27,0,w0_20260416_095712,40,395343.5,39797.25,249959.25,0.9257850000000032,0.4472099999999934
27,0,w0_20260416_095712,41,28226.5,136863.75,264909.75,0.3012949999999988,0.3638699999999843
27,0,w0_20260416_095712,42,238000,151878.75,212381.25,0.727399999999947,0.32916999999999313
27,0,w0_20260416_095712,43,159516,101559.75,236774.25,0.5984149999999978,0.3949449999999897
27,0,w0_20260416_095712,44,165345.25,196026.75,263118,0.6040450000000104,0.3890549999999931
27,0,w0_20260416_095712,45,198996,184844.25,286959.75,0.6406749999999795,0.3765750000000077
27,0,w0_20260416_095712,46,337784.25,67821.75,277284,0.8812899999999508,0.36458500000000194
27,0,w0_20260416_095712,47,305563,100440.75,290576.25,0.8211149999999757,0.3791200000000069
27,0,w0_20260416_095712,48,29902.75,160190.25,276867,0.3011650000000337,0.40320000000000794
27,0,w0_20260416_095712,49,22858.5,103965,281536.5,0.28202500000000574,0.3461450000000003
27,0,w0_20260416_095712,50,14370.25,14232.75,168057,0.47785999999998297,0.3643749999999911
27,0,w0_20260416_095712,51,81898,175467,240735,0.4643200000000018,0.4210949999999749
27,0,w0_20260416_095712,52,40525,97620,303255,0.31491500000006556,0.383099999999984
27,0,w0_20260416_095712,53,183398.5,175703.25,293378.25,0.6275699999999838,0.39575999999999417
27,0,w0_20260416_095712,54,185216,189030,248154,0.6562900000000048,0.3673549999999949
27,0,w0_20260416_095712,55,236980.25,197328.75,255141,0.6301349999999954,0.4927050000000142
27,0,w0_20260416_095712,56,15834,179412.75,259673.25,0.3682049999999947,0.3201199999999953
27,0,w0_20260416_095712,57,144763,216029.25,275967.75,0.5462349999999762,0.4056399999999975
27,0,w0_20260416_095712,58,13523.25,173814.75,287502,0.3014249999999812,0.3768799999999887
27,0,w0_20260416_095712,59,225596.5,143456.25,262157.25,0.682975000000008,0.39073999999999426
27,0,w0_20260416_095712,60,-10000.000000000004,49785.19345778725,59943.05775780545,0.5568800000000318,0.742544999999938
27,0,w0_20260416_095712,61,190839,207861.75,275909.25,0.6262749999999945,0.38318500000000416
27,0,w0_20260416_095712,62,113608.5,201988.5,227373,0.5266200000000254,0.39203999999999894
27,0,w0_20260416_095712,63,126863.25,148261.5,190415.25,0.5766850000000263,0.40408000000000666
27,0,w0_20260416_095712,64,294085,65410.5,315214.5,0.8665799999999919,0.30694500000000413
27,0,w0_20260416_095712,65,57718,142160.25,314721.75,0.36921500000001234,0.3908200000000074
27,0,w0_20260416_095712,66,74289,142689.75,275771.25,0.4175449999999832,0.4131349999999825
27,0,w0_20260416_095712,67,33417,72053.25,313509.75,0.2809000000000505,0.35556000000000243
27,0,w0_20260416_095712,68,93752,68731.5,181996.5,0.5370200000000008,0.30525500000000577
27,0,w0_20260416_095712,69,379773.5,50976.75,307269.75,0.9038349999999984,0.41443499999998895
27,0,w0_20260416_095712,70,75323,88006.5,334750.5,0.34232500000003113,0.3590249999999953
27,0,w0_20260416_095712,71,-8063.5,119304,179659.5,0.276935000000028,0.2919799999999964
27,0,w0_20260416_095712,72,291826,92733,241131,0.8174899999999963,0.360324999999993
27,0,w0_20260416_095712,73,377669.75,78150,238520.25,0.8635099999999869,0.4633650000000006
27,0,w0_20260416_095712,74,181503.75,199163.25,312243,0.55311499999999,0.4451349999999973
27,0,w0_20260416_095712,75,156934.75,171557.25,317688,0.5902949999999835,0.40510499999999566
27,0,w0_20260416_095712,76,370779.75,47229.75,221440.5,0.915289999999946,0.4138049999999965
27,0,w0_20260416_095712,77,167772.5,145840.5,226557,0.681325000000011,0.354244999999991
27,0,w0_20260416_095712,78,62792.25,199281,262506.75,0.29452000000001893,0.4341750000000136
27,0,w0_20260416_095712,79,370590,29210.25,195489.75,0.9407500000000216,0.3778349999999924
27,0,w0_20260416_095712,80,382597.75,72672,299570.25,0.8775349999999771,0.4413050000000006
27,0,w0_20260416_095712,81,205985.75,186530.25,262854,0.6815499999999772,0.3427950000000016
27,0,w0_20260416_095712,82,109757.25,187056,234696.75,0.5400150000000166,0.363344999999997
27,0,w0_20260416_095712,83,-10000.000000000002,54153.97171875,35307.95109375,0.56281000000004,0.6424800000000315
27,0,w0_20260416_095712,84,93212.75,182692.5,237924.75,0.3935350000000256,0.4964000000000125
27,0,w0_20260416_095712,85,-9999.999999999998,43700.83114717355,41705.69133757561,0.11914999999998722,0.510594999999988
27,0,w0_20260416_095712,86,43590.75,119019,232190.25,0.5913300000000118,0.30267999999998385
27,0,w0_20260416_095712,87,20861.75,158609.25,299619,0.3726799999999947,0.3198650000000063
27,0,w0_20260416_095712,88,69463.5,135239.25,290387.25,0.587584999999964,0.3188299999999919
27,0,w0_20260416_095712,89,281403,105304.5,299032.5,0.8189749999999554,0.33075999999999844
27,0,w0_20260416_095712,90,18828.75,185801.25,301710,0.448765000000011,0.31495499999999976
27,0,w0_20260416_095712,91,382772.25,23120.25,175207.5,0.953470000000002,0.3931099999999915
27,0,w0_20260416_095712,92,-281.5,153166.5,168015,0.43677499999999697,0.3501599999999941
27,0,w0_20260416_095712,93,333345.5,48275.25,112349.25,0.9070349999999352,0.34242499999996634
27,0,w0_20260416_095712,94,236958,149925,147567,0.7335549999999532,0.40128999999999654
27,0,w0_20260416_095712,95,350161.5,69549.75,169098.75,0.8807350000000108,0.4192499999999932
27,0,w0_20260416_095712,96,91465.75,261252,189482.25,0.42819999999999847,0.4101699999999781
27,0,w0_20260416_095712,97,129374.25,164599.5,392966.25,0.7229249999999956,0.11857999999999448
27,0,w0_20260416_095712,98,178707.25,183186,187416.75,0.6072099999999853,0.4447849999999982
27,0,w0_20260416_095712,99,330918.25,46316.25,102895.5,0.921894999999993,0.1685549999999888
27,0,w0_20260416_095712,100,60405.25,261319.5,231095.25,0.4286899999999927,0.33284999999999354
27,1,w1_20260416_100609,1,224833.5,96966,95110.5,0.8038799999999762,0.21106999999999465
27,1,w1_20260416_100609,2,113207.25,234518.25,89674.5,0.5527100000000029,0.2894600000000017
27,1,w1_20260416_100609,3,130687.5,214344,76918.5,0.6005050000000297,0.19109500000000615
27,1,w1_20260416_100609,4,80989.25,269918.25,65482.5,0.49906000000001366,0.23590000000000663
27,1,w1_20260416_100609,5,144964.5,208289.25,57986.25,0.6141600000000395,0.2146350000000014
27,1,w1_20260416_100609,6,125499.25,223534.5,99296.25,0.5857899999999978,0.239700000000003
27,1,w1_20260416_100609,7,80334.75,271144.5,87660.75,0.5023599999999981,0.23440000000000397
27,1,w1_20260416_100609,8,-9999.999999999996,74563.50555843751,9202.770375,0.2398299999999966,0.21863500000000136
27,1,w1_20260416_100609,9,106270.25,243927,65712.75,0.5449000000000345,0.2511300000000168
27,1,w1_20260416_100609,10,158093.25,204987.75,197889,0.6060499999999832,0.34882999999998926
27,1,w1_20260416_100609,11,355935.5,144723,187981.5,0.7380599999999924,0.604329999999978
27,1,w1_20260416_100609,12,27325.5,289952.25,128702.25,0.3994499999999987,0.3286350000000051
27,1,w1_20260416_100609,13,12161,265059.75,172829.25,0.35857999999999346,0.34032000000001217
27,1,w1_20260416_100609,14,51706,233884.5,224899.5,0.4378600000000077,0.33468500000000384
27,1,w1_20260416_100609,15,233183.25,163398.75,322338,0.6945750000000126,0.4041450000000054
27,1,w1_20260416_100609,16,247385.25,106807.5,145877.25,0.8101350000000197,0.208914999999994
27,1,w1_20260416_100609,17,240871.5,122619.75,78108.75,0.7822350000000066,0.2352400000000091
27,1,w1_20260416_100609,18,110292.75,261845.25,272382,0.5241949999999852,0.3349300000000014
27,1,w1_20260416_100609,19,192068.75,174192.75,104668.5,0.6895000000000302,0.2980850000000086
27,1,w1_20260416_100609,20,129367,257423.25,285369.75,0.5403150000000192,0.346710000000004
27,1,w1_20260416_100609,21,107650,256007.25,272862.75,0.513420000000036,0.33406499999999945
27,1,w1_20260416_100609,22,209521.75,164422.5,136815.75,0.7088450000000154,0.34697000000001277
27,1,w1_20260416_100609,23,213775.25,163527.75,154767,0.7096900000000117,0.3555550000000164
27,1,w1_20260416_100609,24,201539.25,195138.75,286152,0.6545800000000092,0.36014499999998967
27,1,w1_20260416_100609,25,204664,171222.75,214793.25,0.6951199999999857,0.30155500000001134
27,1,w1_20260416_100609,26,33122.75,301980,182957.25,0.3874549999999901,0.3053600000000101
27,1,w1_20260416_100609,27,66726.25,297541.5,133862.25,0.4457499999999974,0.325820000000017
27,1,w1_20260416_100609,28,152544.25,222638.25,138757.5,0.6097550000000048,0.2675300000000116
27,1,w1_20260416_100609,29,208740.5,189996.75,291192.75,0.6650399999999848,0.3607799999999716
27,1,w1_20260416_100609,30,16311.25,200775.75,255333,0.31004999999999544,0.3663550000000146
27,1,w1_20260416_100609,31,323204.25,85454.25,285661.5,0.8476550000000116,0.39344999999999625
27,1,w1_20260416_100609,32,248449.75,140832,167888.25,0.75543000000001,0.32879000000000425
27,1,w1_20260416_100609,33,302935.25,104698.5,261596.25,0.8185050000000208,0.3751099999999918
27,1,w1_20260416_100609,34,25179,113235.75,210485.25,0.18421000000002133,0.44519500000000006
27,1,w1_20260416_100609,35,198865.75,186561,231143.25,0.6530649999999998,0.3719800000000015
27,1,w1_20260416_100609,36,117663.5,253671.75,212214.75,0.524900000000005,0.3583149999999961
27,1,w1_20260416_100609,37,131057.25,259458.75,247794,0.5166549999999964,0.40471000000000823
27,1,w1_20260416_100609,38,131558.25,228700.5,137591.25,0.5658249999999928,0.3239800000000131
27,1,w1_20260416_100609,39,171484,215743.5,202492.5,0.6039349999999888,0.37257500000001065
27,1,w1_20260416_100609,40,337139.5,74466,158644.5,0.8713300000000159,0.4173149999999999
27,1,w1_20260416_100609,41,133148.5,244845,258286.5,0.48301499999999686,0.4431049999999967
27,1,w1_20260416_100609,42,52337.75,220446,199646.25,0.4176499999999798,0.33687500000000287
27,1,w1_20260416_100609,43,181406.75,204403.5,237999.75,0.5024599999999866,0.5377299999999926
27,1,w1_20260416_100609,44,220815.75,188280,261584.25,0.6690899999999806,0.3914050000000108
27,1,w1_20260416_100609,45,129900.75,265936.5,256752.75,0.4868049999999672,0.4376249999999922
27,1,w1_20260416_100609,46,100415.5,226472.25,281882.25,0.4596099999999937,0.4134099999999939
27,1,w1_20260416_100609,47,104662.75,219191.25,289806,0.5167599999999829,0.3650699999999899
27,1,w1_20260416_100609,48,227750.25,150060,213009.75,0.7214099999999832,0.4045649999999936
27,1,w1_20260416_100609,49,78421.5,225837.75,270180.75,0.4331099999999915,0.39846500000000035
27,1,w1_20260416_100609,50,117579.5,201963,268747.5,0.44556499999999705,0.4451099999999877
27,1,w1_20260416_100609,51,166951,201080.25,249978.75,0.534774999999999,0.4658149999999939
27,1,w1_20260416_100609,52,105278.25,177210,273921.75,0.4183349999999876,0.42958500000001304
27,1,w1_20260416_100609,53,17828.25,48872.25,315799.5,0.1802250000000189,0.3685550000000056
27,1,w1_20260416_100609,54,19329,11457.75,317903.25,0.3387399999999926,0.36732999999999977
27,1,w1_20260416_100609,55,326085,41585.25,245769.75,0.9202249999999438,0.3794249999999949
27,1,w1_20260416_100609,56,21442.25,49532.25,276925.5,0.15550500000001816,0.3805349999999973
27,1,w1_20260416_100609,57,29370,12148.5,249151.5,0.5016900000000194,0.3983750000000076
27,1,w1_20260416_100609,58,410528.25,46881.75,267720,0.9176449999999758,0.4741799999999975
27,1,w1_20260416_100609,59,334325.5,95118.75,248775.75,0.8236199999999712,0.4459749999999862
27,1,w1_20260416_100609,60,389619.25,38164.5,247706.25,0.933375000000006,0.43527500000000074
27,1,w1_20260416_100609,61,264477.5,134193,270559.5,0.7659649999999867,0.3756099999999907
27,1,w1_20260416_100609,62,207878,200682,287580,0.651135000000017,0.3852549999999981
27,1,w1_20260416_100609,63,39356.25,90360,260613.75,0.2562449999999953,0.3991550000000083
27,1,w1_20260416_100609,64,67888.75,69885,228686.25,0.45406499999998495,0.37962000000000423
27,1,w1_20260416_100609,65,76458,101474.25,248607.75,0.4194449999999694,0.4281900000000061
27,1,w1_20260416_100609,66,162749.75,126011.25,273879,0.6077099999999714,0.4041899999999928
27,1,w1_20260416_100609,67,91794.25,202763.25,280852.5,0.4768099999999804,0.3650950000000196
27,1,w1_20260416_100609,68,133590.5,202142.25,257417.25,0.561034999999978,0.3412600000000014
27,1,w1_20260416_100609,69,23408.5,189022.5,211659,0.36661499999997366,0.3304300000000053
27,1,w1_20260416_100609,70,154342.75,189774,80543.25,0.5890700000000012,0.3629850000000112
27,1,w1_20260416_100609,71,114001,174213,75456,0.5573549999999982,0.3744249999999988
27,1,w1_20260416_100609,72,338782.25,56588.25,181309.5,0.8993099999999739,0.4343550000000111
27,1,w1_20260416_100609,73,209273.75,161002.5,205833.75,0.6776549999999741,0.3748549999999902
27,1,w1_20260416_100609,74,300421.5,53911.5,132057,0.903009999999926,0.23884999999999224
27,1,w1_20260416_100609,75,360734.25,34503.75,186252,0.9419299999999956,0.3526899999999986
27,1,w1_20260416_100609,76,139499.25,174400.5,190760.25,0.6012299999999454,0.2616450000000077
27,1,w1_20260416_100609,77,195396,174726,215478,0.6607249999999626,0.31046000000001805
27,1,w1_20260416_100609,78,137543,165590.25,168156.75,0.5180549999999647,0.4591350000000118
27,1,w1_20260416_100609,79,389507.5,89409.75,253722.75,0.812509999999922,0.5258749999999898
27,1,w1_20260416_100609,80,337617,57085.5,143227.5,0.9018149999999704,0.35181500000000565
27,1,w1_20260416_100609,81,268604,125776.5,89809.5,0.787645000000043,0.2547200000000064
27,1,w1_20260416_100609,82,120652.25,181326.75,248991,0.5370099999999901,0.2872149999999972
27,1,w1_20260416_100609,83,334921.25,84044.25,209644.5,0.8424649999999505,0.46816500000000494
27,1,w1_20260416_100609,84,168771.75,148910.25,243768,0.5963299999999736,0.415125000000009
27,1,w1_20260416_100609,85,173432,168498.75,254159.25,0.569154999999997,0.42621500000000967
27,1,w1_20260416_100609,86,168844,136368.75,231737.25,0.6391099999999774,0.35114000000000534
27,1,w1_20260416_100609,87,302732.75,127948.5,244818.75,0.7764749999999755,0.4374000000000074
27,1,w1_20260416_100609,88,384472.25,61903.5,230804.25,0.895029999999967,0.4578450000000055
27,1,w1_20260416_100609,89,143156,156683.25,274620.75,0.5269400000000244,0.3934350000000075
27,1,w1_20260416_100609,90,16270.75,147897,87692.25,0.3741900000000217,0.3002399999999987
27,1,w1_20260416_100609,91,-10000,65043,166345.5,0.2309699999999885,0.492359999999999
27,1,w1_20260416_100609,92,374387,52842.75,236930.25,0.9018499999999612,0.4152900000000163
27,1,w1_20260416_100609,93,316280.75,83256,301793.25,0.856920000000011,0.34474000000000665
27,1,w1_20260416_100609,94,293615.25,71441.25,199573.5,0.8762349999999893,0.41331500000000854
27,1,w1_20260416_100609,95,238282.25,153798.75,185679,0.7290499999999895,0.448769999999996
27,1,w1_20260416_100609,96,300516.75,89545.5,217857.75,0.8484749999999742,0.34488500000002176
27,1,w1_20260416_100609,97,285858,126201,277611,0.7853999999999853,0.3697249999999932
27,1,w1_20260416_100609,98,273568.5,109862.25,152669.25,0.7909549999999885,0.40565500000001187
27,1,w1_20260416_100609,99,90581.75,163387.5,239160.75,0.5451750000000088,0.3742950000000268
27,1,w1_20260416_100609,100,153405.5,205114.5,46560,0.6168649999999913,0.3992650000000214
28,0,w0_20260416_101443,1,192828.5,138804,121747.5,0.7363499999999786,0.1855899999999914
28,0,w0_20260416_101443,2,219937.75,126855,83567.25,0.7658199999999906,0.2339099999999961
28,0,w0_20260416_101443,3,196869,157192.5,57628.5,0.7120799999999822,0.20438999999998889
28,0,w0_20260416_101443,4,70507.75,283763.25,50859,0.4797950000000082,0.16778499999999355
28,0,w0_20260416_101443,5,-10000,63639,15624,0.466129999999998,0.13018500000000294
28,0,w0_20260416_101443,6,236532.5,118815.75,52821.75,0.7831349999999643,0.18916999999999867
28,0,w0_20260416_101443,7,141824.25,214452.75,49563,0.6092749999999826,0.211870000000009
28,0,w0_20260416_101443,8,79553,275370.75,46646.25,0.48388500000000456,0.37972999999999624
28,0,w0_20260416_101443,9,-3287.75,268062.75,69315,0.36087500000000206,0.23172500000000487
28,0,w0_20260416_101443,10,161987.5,204752.25,48110.25,0.6274699999999876,0.36696499999999954
28,0,w0_20260416_101443,11,134808.75,225398.25,60123,0.5928999999999736,0.24315999999999455
28,0,w0_20260416_101443,12,160654.5,196989.75,60975.75,0.6425749999999748,0.19256499999999108
28,0,w0_20260416_101443,13,-10000.000000000004,210118.2696199196,65035.890811204,0.31343000000001603,0.2939199999999958
28,0,w0_20260416_101443,14,-9999.999999999998,46853.873317547965,25080.52661376879,0.5802249999999708,0.3586949999999827
28,0,w0_20260416_101443,15,375679.5,135963,191527.5,0.7540199999999764,0.6056050000000003
28,0,w0_20260416_101443,16,287513.5,86652.75,139983.75,0.8452299999999646,0.3016799999999981
28,0,w0_20260416_101443,17,202814,177878.25,248307.75,0.6842349999999843,0.3205700000000047
28,0,w0_20260416_101443,18,138652.75,207741.75,92905.5,0.6086149999999894,0.2283200000000017
28,0,w0_20260416_101443,19,19923,289828.5,147088.5,0.3555549999999988,0.2952750000000064
28,0,w0_20260416_101443,20,236425.75,168149.25,307965,0.6996549999999822,0.38427999999998946
28,0,w0_20260416_101443,21,43259,328870.5,289060.5,0.3936800000000014,0.3438299999999943
28,0,w0_20260416_101443,22,14492,345103.5,266434.5,0.3191100000000101,0.36663999999999314
28,0,w0_20260416_101443,23,136821,253783.5,291985.5,0.5466599999999917,0.361785000000004
28,0,w0_20260416_101443,24,309996.5,84246,238597.5,0.8517550000000031,0.345754999999994
28,0,w0_20260416_101443,25,371966,177704.25,201909.75,0.6877550000000123,0.6343149999999752
28,0,w0_20260416_101443,26,37553.25,264933,219303.75,0.40406499999999806,0.28107500000000063
28,0,w0_20260416_101443,27,173598,209018.25,192693.75,0.6313449999999864,0.34223999999999416
28,0,w0_20260416_101443,28,196917.5,194399.25,245783.25,0.6605149999999728,0.34379499999998486
28,0,w0_20260416_101443,29,89405.5,284978.25,272636.25,0.4773749999999897,0.3372100000000054
28,0,w0_20260416_101443,30,112633.25,233997.75,263919,0.508584999999992,0.3673499999999963
28,0,w0_20260416_101443,31,93576,178797.75,251936.25,0.497195000000006,0.34942999999999036
28,0,w0_20260416_101443,32,250760,144486.75,252653.25,0.7480899999999884,0.34997500000000953
28,0,w0_20260416_101443,33,255523.25,140776.5,209630.25,0.7563149999999639,0.3289249999999977
28,0,w0_20260416_101443,34,114141.75,163182.75,245035.5,0.49842999999998855,0.3817599999999974
28,0,w0_20260416_101443,35,96847.5,163732.5,246120,0.5174849999999791,0.3870850000000018
28,0,w0_20260416_101443,36,192847.5,199930.5,216072,0.65109999999996,0.3405550000000015
28,0,w0_20260416_101443,37,323769.75,82821.75,258538.5,0.8559549999999454,0.38092999999999544
28,0,w0_20260416_101443,38,159462,212823.75,269654.25,0.5846699999999955,0.40825000000001394
28,0,w0_20260416_101443,39,229797,174030,269883,0.697530000000008,0.35868000000000444
28,0,w0_20260416_101443,40,110353.5,220821,186505.5,0.5147049999999878,0.3056949999999921
28,0,w0_20260416_101443,41,258211.25,140748.75,233160,0.7560749999999844,0.35942999999999814
28,0,w0_20260416_101443,42,69904,166261.5,244054.5,0.30415499999999657,0.4418949999999929
28,0,w0_20260416_101443,43,276142.5,124203,297574.5,0.7697549999999792,0.39321999999999946
28,0,w0_20260416_101443,44,186445.25,179674.5,236900.25,0.6602149999999728,0.30818000000000045
28,0,w0_20260416_101443,45,171004,138204,244632,0.5326150000000125,0.50471500000002
28,0,w0_20260416_101443,46,88007.75,119551.5,323490.75,0.4509199999999879,0.3747350000000092
28,0,w0_20260416_101443,47,101941,147588.75,279680.25,0.4554249999999932,0.3676249999999844
28,0,w0_20260416_101443,48,222797.5,175635.75,240876.75,0.6888750000000041,0.3422649999999804
28,0,w0_20260416_101443,49,-10000.00000000002,142464.6918873167,333001.8282668683,0.22612999999996297,0.35156999999998945
28,0,w0_20260416_101443,50,261170,152705.25,265584.75,0.7281350000000086,0.40490999999999383
28,0,w0_20260416_101443,51,133204.5,178549.5,294276,0.5175900000000192,0.3719099999999992
28,0,w0_20260416_101443,52,343114.5,60372.75,238452.75,0.8941250000000089,0.35703499999999677
28,0,w0_20260416_101443,53,208942.75,176001,255026.25,0.5368049999999813,0.5164649999999975
28,0,w0_20260416_101443,54,139980.5,150158.25,268301.25,0.5470000000000026,0.35459999999998615
28,0,w0_20260416_101443,55,164582.5,177065.25,256172.25,0.6126049999999877,0.37922499999999443
28,0,w0_20260416_101443,56,129570.5,85159.5,258540,0.58244499999998,0.36731999999999
28,0,w0_20260416_101443,57,158844.25,150950.25,244435.5,0.5927549999999931,0.3979150000000017
28,0,w0_20260416_101443,58,189968.5,198751.5,241020,0.629259999999969,0.36028499999999475
28,0,w0_20260416_101443,59,155913,107334,225393,0.6164199999999936,0.4733200000000032
28,0,w0_20260416_101443,60,91359.75,85979.25,264201,0.5590950000000133,0.3902700000000141
28,0,w0_20260416_101443,61,245801.5,155607,248911.5,0.708079999999972,0.4509250000000003
28,0,w0_20260416_101443,62,178752,169370.25,272727.75,0.6516649999999826,0.3739700000000024
28,0,w0_20260416_101443,63,139176.5,142947.75,249555.75,0.5606600000000205,0.41221999999999354
28,0,w0_20260416_101443,64,220597,150903.75,238139.25,0.6923200000000036,0.4076100000000007
28,0,w0_20260416_101443,65,362217.5,89517,186025.5,0.815134999999934,0.5577749999999939
28,0,w0_20260416_101443,66,88610.25,190982.25,265387.5,0.4073050000000177,0.39908000000001304
28,0,w0_20260416_101443,67,199560,162033.75,214436.25,0.6804499999999823,0.3167949999999943
28,0,w0_20260416_101443,68,-10000,53355.75,69284.25,0.24044000000000956,0.547334999999969
28,0,w0_20260416_101443,69,108301.5,157667.25,274031.25,0.4377600000000326,0.42397000000002655
28,0,w0_20260416_101443,70,1434.75,163212.75,240052.5,0.2969200000000017,0.29896499999999987
28,0,w0_20260416_101443,71,254939.75,131163,243467.25,0.7085249999999996,0.46549499999999006
28,0,w0_20260416_101443,72,185781.75,130080.75,241987.5,0.6491349999999945,0.4270650000000058
28,0,w0_20260416_101443,73,98520.5,198990,260899.5,0.4545000000000069,0.4232449999999968
28,0,w0_20260416_101443,74,317104.25,69332.25,205993.5,0.8627999999999642,0.3949299999999979
28,0,w0_20260416_101443,75,68059,211092,256929,0.4355150000000268,0.36818499999999704
28,0,w0_20260416_101443,76,352910.5,43980,217009.5,0.8884299999999897,0.4227400000000091
28,0,w0_20260416_101443,77,291431.75,129467.25,232881,0.779374999999974,0.3936650000000009
28,0,w0_20260416_101443,78,171303.25,181329.75,184377,0.6016550000000183,0.3662250000000071
28,0,w0_20260416_101443,79,114029.75,241985.25,159075,0.5378100000000074,0.28648500000001825
28,0,w0_20260416_101443,80,135580,236428.5,164941.5,0.539490000000019,0.3303900000000138
28,0,w0_20260416_101443,81,100153,178353.75,151373.25,0.5105599999999922,0.2733500000000375
28,0,w0_20260416_101443,82,82572.75,165199.5,55617.75,0.5126700000000084,0.2485299999999851
28,0,w0_20260416_101443,83,181510,185473.5,258436.5,0.5628899999999895,0.45253499999999247
28,0,w0_20260416_101443,84,389819.25,14370.75,197820,0.9736249999999936,0.3385050000000073
28,0,w0_20260416_101443,85,293707,77630.25,169752.75,0.8674549999999653,0.29907499999999393
28,0,w0_20260416_101443,86,227009.75,181443,262307.25,0.6578149999999405,0.413369999999992
28,0,w0_20260416_101443,87,168758.75,192359.25,243822,0.5962149999999983,0.3143499999999982
28,0,w0_20260416_101443,88,377879.5,54213,241957.5,0.9020599999999774,0.3944599999999907
28,0,w0_20260416_101443,89,73726.75,107784.75,255568.5,0.345005000000006,0.45732000000000006
28,0,w0_20260416_101443,90,373754.25,68667,234678.75,0.8813949999999037,0.4880499999999639
28,0,w0_20260416_101443,91,304031.5,139056.75,253161.75,0.7600249999999752,0.456774999999999
28,0,w0_20260416_101443,92,102896.5,159826.5,292797,0.4543199999999997,0.3805249999999986
28,0,w0_20260416_101443,93,85083.5,134823.75,184542.75,0.49083499999996294,0.32911000000000556
28,0,w0_20260416_101443,94,231852.5,160496.25,222101.25,0.7106549999999272,0.36479500000001
28,0,w0_20260416_101443,95,448227,67671.75,215831.25,0.8706549999998892,0.580874999999983
28,0,w0_20260416_101443,96,184161.5,159635.25,239243.25,0.6345149999999898,0.4028500000000113
28,0,w0_20260416_101443,97,11428,83883,311709,0.22388999999999856,0.36005999999998656
28,0,w0_20260416_101443,98,283836.5,132966,223897.5,0.7669850000000484,0.3971600000000184
28,0,w0_20260416_101443,99,261821,120633.75,185675.25,0.791054999999934,0.35001000000001564
28,0,w0_20260416_101443,100,126160,79281,244539,0.640474999999993,0.3586950000000119
28,1,w1_20260416_102310,1,198932.75,132551.25,124086,0.7489199999999706,0.1890149999999801
28,1,w1_20260416_102310,2,208292.5,137166,66421.5,0.7460199999999755,0.18439499999998848
28,1,w1_20260416_102310,3,226429.25,125966.25,54004.5,0.7686149999999594,0.16697999999999366
28,1,w1_20260416_102310,4,-10000,112358.28136580157,16399.575,0.4257749999999832,0.23212499999999617
28,1,w1_20260416_102310,5,211482.25,145405.5,47012.25,0.7293249999999787,0.24195499999999193
28,1,w1_20260416_102310,6,-10000,44063.25,24990.75,0.33107999999999593,0.36409499999998574
28,1,w1_20260416_102310,7,115046.75,237600,50993.25,0.5627699999999811,0.1703050000000017
28,1,w1_20260416_102310,8,173715,178846.5,50758.5,0.671119999999976,0.17770499999999637
28,1,w1_20260416_102310,9,51695.75,288810,48644.25,0.4465099999999906,0.17366999999999444
28,1,w1_20260416_102310,10,90860,255000,52770,0.50756499999999,0.3358450000000012
28,1,w1_20260416_102310,11,9005.75,252184.5,45309.75,0.3445199999999918,0.2723200000000102
28,1,w1_20260416_102310,12,41959.75,94611.75,42208.5,0.5225799999999972,0.252764999999988
28,1,w1_20260416_102310,13,53076.5,159650.25,41183.25,0.4895949999999977,0.2601800000000079
28,1,w1_20260416_102310,14,275006.5,73116,99217.5,0.8642799999999781,0.21084499999999404
28,1,w1_20260416_102310,15,370895.5,66998.25,159836.25,0.8809149999999903,0.4534150000000059
28,1,w1_20260416_102310,16,106696.25,248024.25,53179.5,0.536234999999993,0.17342499999999095
28,1,w1_20260416_102310,17,296984.25,71424,87741.75,0.8722649999999527,0.2357399999999864
28,1,w1_20260416_102310,18,206847.5,194966.25,116696.25,0.6532699999999966,0.4120199999999978
28,1,w1_20260416_102310,19,258800.75,186248.25,263211,0.6637699999999978,0.4738499999999949
28,1,w1_20260416_102310,20,359638.75,94707.75,270463.5,0.8322499999999329,0.4727099999999922
28,1,w1_20260416_102310,21,204418.5,197181,305020.5,0.6515150000000053,0.37034499999998305
28,1,w1_20260416_102310,22,204166.5,180975.75,302727.75,0.6810049999999809,0.35275499999999604
28,1,w1_20260416_102310,23,150417,241792.5,299260.5,0.5257750000000101,0.4151150000000052
28,1,w1_20260416_102310,24,144683,264244.5,326842.5,0.5345200000000104,0.382970000000003
28,1,w1_20260416_102310,25,279413.25,96689.25,298207.5,0.8305049999999561,0.3202849999999967
28,1,w1_20260416_102310,26,92157,240858.75,300524.25,0.4438499999999934,0.36556999999999074
28,1,w1_20260416_102310,27,71031.25,261947.25,309301.5,0.35890499999999803,0.39003500000000274
28,1,w1_20260416_102310,28,394994,57417,267519,0.8990449999999726,0.47068000000002513
28,1,w1_20260416_102310,29,80838.75,230865,248516.25,0.5208399999999886,0.2739949999999978
28,1,w1_20260416_102310,30,135065.75,233466,247898.25,0.5711499999999976,0.31312000000001
28,1,w1_20260416_102310,31,315892.25,132837,267030.75,0.7668449999999813,0.4515349999999966
28,1,w1_20260416_102310,32,88411.75,281760.75,262177.5,0.39686499999999847,0.4189500000000149
28,1,w1_20260416_102310,33,410202.75,86724.75,242572.5,0.8463899999999966,0.5391599999999892
28,1,w1_20260416_102310,34,-10000,97683.9,73468.2,0.4443699999999916,0.40408000000003136
28,1,w1_20260416_102310,35,265017.75,114759.75,208582.5,0.7880050000000037,0.33369499999999497
28,1,w1_20260416_102310,36,167808.75,183140.25,155901,0.6560349999999597,0.2764249999999944
28,1,w1_20260416_102310,37,319541.25,92388,246990.75,0.837369999999937,0.3940299999999928
28,1,w1_20260416_102310,38,347692,66797.25,255030.75,0.8843649999999896,0.3819899999999931
28,1,w1_20260416_102310,39,55404,261972.75,295583.25,0.30910499999998486,0.4168849999999967
28,1,w1_20260416_102310,40,101076.25,204393.75,271410,0.31567000000001105,0.4598049999999972
28,1,w1_20260416_102310,41,284159.25,131903.25,228667.5,0.7623249999999743,0.4019799999999999
28,1,w1_20260416_102310,42,147299.25,229946.25,287764.5,0.5440899999999895,0.4191049999999983
28,1,w1_20260416_102310,43,191646,226729.5,246424.5,0.598144999999995,0.4152950000000053
28,1,w1_20260416_102310,44,231152.5,173396.25,229301.25,0.6960299999999817,0.37620000000000425
28,1,w1_20260416_102310,45,210617,204254.25,232608.75,0.6483100000000006,0.4016100000000003
28,1,w1_20260416_102310,46,147397.25,167079,293613.75,0.5416549999999822,0.4019149999999967
28,1,w1_20260416_102310,47,296953.5,98752.5,263574,0.8195449999999681,0.39932499999999577
28,1,w1_20260416_102310,48,191523,78375.75,257861.25,0.639334999999996,0.39144499999999344
28,1,w1_20260416_102310,49,279113.5,110691.75,238884.75,0.8047399999999759,0.38164000000000153
28,1,w1_20260416_102310,50,140063.5,96999.75,228306.75,0.5428949999999833,0.3457950000000089
28,1,w1_20260416_102310,51,364070.25,33632.25,290947.5,0.928314999999992,0.3690300000000069
28,1,w1_20260416_102310,52,107753.25,134860.5,258656.25,0.49021499999998375,0.3855250000000068
28,1,w1_20260416_102310,53,193736.5,52665.75,200757.75,0.6941549999999839,0.40296999999999855
28,1,w1_20260416_102310,54,138896.25,147074.25,223429.5,0.6464649999999984,0.42713999999999286
28,1,w1_20260416_102310,55,76410.25,163659.75,212700,0.5331850000000066,0.3764450000000064
28,1,w1_20260416_102310,56,135008,113013,130719,0.6844500000000059,0.42456000000000865
28,1,w1_20260416_102310,57,194058,140259,255723,0.6767899999999641,0.4440349999999924
28,1,w1_20260416_102310,58,249652,178125.75,291152.25,0.6953899999999865,0.4046299999999893
28,1,w1_20260416_102310,59,121645.5,209097.75,247446.75,0.4884800000000111,0.44871500000000586
28,1,w1_20260416_102310,60,191948,231623.25,314748.75,0.5998599999999772,0.40606499999999457
28,1,w1_20260416_102310,61,132048,162985.5,206116.5,0.579309999999997,0.3947700000000026
28,1,w1_20260416_102310,62,185319.5,185747.25,207863.25,0.6454950000000127,0.3792150000000024
28,1,w1_20260416_102310,63,192005.75,235176,300398.25,0.5973849999999797,0.3987749999999975
28,1,w1_20260416_102310,64,157162,210281.25,272376.75,0.4983199999999946,0.4572799999999761
28,1,w1_20260416_102310,65,203530.75,164541,295568.25,0.6105349999999438,0.4263549999999941
28,1,w1_20260416_102310,66,278165.75,166614.75,250009.5,0.7154400000000127,0.4769499999999768
28,1,w1_20260416_102310,67,301811.5,127333.5,242445,0.7852799999999628,0.4274549999999987
28,1,w1_20260416_102310,68,306335.25,115686,281928.75,0.8041449999999813,0.39632999999998786
28,1,w1_20260416_102310,69,166979,153411,254850,0.5780699999999585,0.45998000000000927
28,1,w1_20260416_102310,70,61400,159207.75,157772.25,0.5011049999999821,0.3859799999999731
28,1,w1_20260416_102310,71,42100.25,147304.5,101405.25,0.4831749999999784,0.35427999999999743
28,1,w1_20260416_102310,72,366205.25,68843.25,270031.5,0.8797900000000047,0.4449599999999952
28,1,w1_20260416_102310,73,178798,213104.25,64467.75,0.6207950000000022,0.298229999999983
28,1,w1_20260416_102310,74,106956.25,128355,228378.75,0.5053549999999868,0.3829450000000042
28,1,w1_20260416_102310,75,217628.75,180349.5,210081.75,0.6685600000000214,0.41561999999999927
28,1,w1_20260416_102310,76,296473.75,111596.25,233730,0.8097699999999831,0.3656349999999887
28,1,w1_20260416_102310,77,111693.75,203636.25,260760,0.4722049999999908,0.40964499999999304
28,1,w1_20260416_102310,78,146601,200659.5,273979.5,0.4971449999999686,0.4545800000000048
28,1,w1_20260416_102310,79,137745.75,106425.75,293068.5,0.6553399999999541,0.34766
28,1,w1_20260416_102310,80,327720.75,105654,241235.25,0.8077049999999966,0.465275000000006
28,1,w1_20260416_102310,81,40662.75,105044.25,229803,0.4190400000000179,0.32517499999998356
28,1,w1_20260416_102310,82,316360.25,101151.75,206718,0.8072050000000758,0.4743099999999882
28,1,w1_20260416_102310,83,236010,142839.75,208640.25,0.727855000000047,0.37847499999998424
28,1,w1_20260416_102310,84,28775.75,113963.25,110481,0.4006550000000034,0.35879499999997144
28,1,w1_20260416_102310,85,349542,42894,259374,0.915634999999972,0.35637500000000505
28,1,w1_20260416_102310,86,3565.75,97948.5,34455.75,0.4142350000000265,0.4847249999999764
28,1,w1_20260416_102310,87,67405.75,120906.75,157777.5,0.5393899999999777,0.40549999999998254
28,1,w1_20260416_102310,88,362723.25,36432.75,205794,0.936464999999994,0.34547999999999707
28,1,w1_20260416_102310,89,346144,82881.75,105314.25,0.8600599999999453,0.5045150000000096
28,1,w1_20260416_102310,90,118643.25,168819,182637.75,0.6065249999999696,0.2551899999999862
28,1,w1_20260416_102310,91,111284.75,180623.25,148182,0.6182600000000384,0.24145499999998907
28,1,w1_20260416_102310,92,271226.5,163272.75,185370.75,0.7033049999999763,0.5090150000000019
28,1,w1_20260416_102310,93,150828.75,229060.5,162240.75,0.578385000000021,0.32936499999998053
28,1,w1_20260416_102310,94,206284.75,199813.5,190071.75,0.6538000000000157,0.3537449999999813
28,1,w1_20260416_102310,95,139482.25,220854.75,50103,0.5589499999999734,0.30707999999999686
28,1,w1_20260416_102310,96,368123.75,44814,171992.25,0.9237749999999414,0.41535999999999457
28,1,w1_20260416_102310,97,110520.75,235077.75,144031.5,0.4497549999999942,0.4448349999999733
28,1,w1_20260416_102310,98,-9999.999999999996,234931.64656410465,137237.87528581836,0.3430599999999985,0.4283249999999587
28,1,w1_20260416_102310,99,293247.75,109741.5,143130.75,0.802329999999999,0.4233699999999828
28,1,w1_20260416_102310,100,275961,113405.25,144153.75,0.8006150000000595,0.44988999999998613
29,0,w0_20260416_103136,1,230414,100916.25,109059.75,0.8029699999999805,0.1973099999999735
29,0,w0_20260416_103136,2,195313,154800.75,57836.25,0.7137050000000131,0.19691499999998888
29,0,w0_20260416_103136,3,77735.75,263472,66242.25,0.5024000000000198,0.18021499999999105
29,0,w0_20260416_103136,4,-9999.999999999998,70152.09011724374,31378.34683441875,0.5273100000000319,0.21144999999998815
29,0,w0_20260416_103136,5,54691.75,284680.5,50697.75,0.45694500000000254,0.18264000000000263
29,0,w0_20260416_103136,6,13601.25,176445.75,60543,0.3775749999999996,0.233030000000004
29,0,w0_20260416_103136,7,164923,189321,52746,0.648805000000019,0.26607500000001083
29,0,w0_20260416_103136,8,161830.25,189520.5,81269.25,0.6554499999999867,0.1786399999999926
29,0,w0_20260416_103136,9,95245.5,256544.25,84860.25,0.5274199999999987,0.22262500000000127
29,0,w0_20260416_103136,10,57955.5,320472.75,192321.75,0.37192000000000747,0.40704500000000093
29,0,w0_20260416_103136,11,37606.25,260805,66648.75,0.41288500000000866,0.25258500000000766
29,0,w0_20260416_103136,12,77868,276279.75,225242.25,0.4673349999999938,0.3259400000000197
29,0,w0_20260416_103136,13,188476.5,188064.75,171348.75,0.6556799999999807,0.3597950000000007
29,0,w0_20260416_103136,14,286898,92880,313152,0.8320999999999807,0.33577500000001753
29,0,w0_20260416_103136,15,237654,159586.5,261499.5,0.7157800000000202,0.3652849999999994
29,0,w0_20260416_103136,16,297290.75,130356,288833.25,0.767909999999978,0.43331000000002406
29,0,w0_20260416_103136,17,76815.5,273297.75,260316.75,0.40224500000000296,0.4029800000000208
29,0,w0_20260416_103136,18,150941.5,261660,287128.5,0.5273000000000178,0.40413000000000665
29,0,w0_20260416_103136,19,83437.75,262671.75,262720.5,0.4189749999999984,0.39843499999999743
29,0,w0_20260416_103136,20,88267.75,288605.25,240447,0.45976999999998913,0.35257500000001196
29,0,w0_20260416_103136,21,142703.25,239007.75,253839,0.5693200000000044,0.3234949999999868
29,0,w0_20260416_103136,22,193455.75,192270.75,244933.5,0.6569749999999657,0.3258600000000056
29,0,w0_20260416_103136,23,106628.75,222348.75,276172.5,0.4431400000000106,0.3943149999999977
29,0,w0_20260416_103136,24,40527.25,164403,220629.75,0.3273100000000097,0.3540650000000073
29,0,w0_20260416_103136,25,147112.5,211355.25,209402.25,0.6131800000000018,0.28349000000000474
29,0,w0_20260416_103136,26,146574.75,224397,206648.25,0.6002100000000116,0.33541500000000285
29,0,w0_20260416_103136,27,81125.75,180855,240899.25,0.4188199999999803,0.46902500000001845
29,0,w0_20260416_103136,28,51060.25,190105.5,266054.25,0.355635,0.4105550000000078
29,0,w0_20260416_103136,29,38857.25,145371,232371.75,0.2199049999999939,0.4582399999999908
29,0,w0_20260416_103136,30,309100.5,57438.75,257280.75,0.895564999999929,0.281775000000004
29,0,w0_20260416_103136,31,232847.25,191685.75,235287,0.6626799999999433,0.43160999999999256
29,0,w0_20260416_103136,32,44701.5,163419,240319.5,0.3739300000000184,0.3719550000000047
29,0,w0_20260416_103136,33,45040.25,183747.75,248142,0.32123500000000077,0.4003799999999854
29,0,w0_20260416_103136,34,334781.75,63720,236348.25,0.8834649999999535,0.3614050000000074
29,0,w0_20260416_103136,35,294437.25,103634.25,200038.5,0.8192799999999661,0.3651100000000055
29,0,w0_20260416_103136,36,163258,241803.75,281558.25,0.5215949999999898,0.4354000000000237
29,0,w0_20260416_103136,37,281337.25,137685.75,281877,0.7609599999999392,0.3955749999999977
29,0,w0_20260416_103136,38,120718.5,146820,267391.5,0.4902749999999898,0.42688500000001706
29,0,w0_20260416_103136,39,332008.25,96872.25,279529.5,0.8280549999999853,0.4282749999999979
29,0,w0_20260416_103136,40,26949.25,186902.25,277138.5,0.3437900000000017,0.385410000000007
29,0,w0_20260416_103136,41,90553.75,148020,220676.25,0.3761199999999853,0.4975750000000095
29,0,w0_20260416_103136,42,363360,63720,263610,0.889779999999966,0.41955499999999313
29,0,w0_20260416_103136,43,161048.5,245802,234919.5,0.5790449999999846,0.3714899999999872
29,0,w0_20260416_103136,44,175184.5,178670.25,228035.25,0.4819099999999977,0.5723799999999896
29,0,w0_20260416_103136,45,138200.25,245241.75,265578,0.54523999999998,0.3774449999999984
29,0,w0_20260416_103136,46,172099.25,232285.5,228215.25,0.6029799999999849,0.38492999999999544
29,0,w0_20260416_103136,47,-6299.5,133067.25,182462.25,0.26788500000000776,0.34253000000000144
29,0,w0_20260416_103136,48,38510.5,240910.5,240429,0.24184999999998497,0.4988799999999988
29,0,w0_20260416_103136,49,40264.75,204426.75,197008.5,0.15706999999998938,0.5589599999999937
29,0,w0_20260416_103136,50,60060.25,144501,284778.75,0.27260000000000056,0.44645500000002775
29,0,w0_20260416_103136,51,344319.25,41252.25,253438.5,0.9291949999999908,0.2990899999999979
29,0,w0_20260416_103136,52,96769.5,157804.5,286536,0.519000000000006,0.3889649999999957
29,0,w0_20260416_103136,53,190018.75,132111.75,291829.5,0.686660000000019,0.4321350000000083
29,0,w0_20260416_103136,54,349160.75,69639.75,261649.5,0.8813149999999846,0.41256499999999985
29,0,w0_20260416_103136,55,193166.5,207103.5,278400,0.643925000000015,0.3765800000000094
29,0,w0_20260416_103136,56,355990.25,53770.5,216809.25,0.908300000000035,0.3961149999999983
29,0,w0_20260416_103136,57,175741,206318.25,278310.75,0.6015350000000114,0.4013500000000044
29,0,w0_20260416_103136,58,84552,187935,313023,0.5214300000000066,0.3453349999999987
29,0,w0_20260416_103136,59,199963.5,221289.75,272196.75,0.5901399999999836,0.4717899999999989
29,0,w0_20260416_103136,60,93884.75,196272.75,276442.5,0.36672499999999464,0.44627500000000053
29,0,w0_20260416_103136,61,72755.5,148431.75,300792.75,0.45177500000000065,0.4263399999999939
29,0,w0_20260416_103136,62,356892.5,55825.5,290622,0.9052100000000112,0.38357000000002905
29,0,w0_20260416_103136,63,363470.5,54616.5,282723,0.9075249999999752,0.4056350000000023
29,0,w0_20260416_103136,64,23933.5,117066,265270.5,0.2261500000000313,0.3554900000000062
29,0,w0_20260416_103136,65,23644.25,25142.25,221413.5,0.7165750000000127,0.3568350000000207
29,0,w0_20260416_103136,66,23500.5,36162,110677.5,0.7812499999999891,0.393225000000005
29,0,w0_20260416_103136,67,233415,125901,271764,0.6811700000000139,0.4304649999999971
29,0,w0_20260416_103136,68,326969.25,69924,74646.75,0.8783700000000021,0.35142999999999763
29,0,w0_20260416_103136,69,375227.25,35304.75,205998,0.9404349999999972,0.4341000000000081
29,0,w0_20260416_103136,70,193064.25,189511.5,284024.25,0.586364999999956,0.4125100000000013
29,0,w0_20260416_103136,71,101595.5,134490,277654.5,0.5385900000000183,0.3802950000000041
29,0,w0_20260416_103136,72,-9999.999999999996,121109.82893181818,51264.87825,0.5214749999999961,0.4221599999999885
29,0,w0_20260416_103136,73,294994.75,85893,178712.25,0.8314949999999357,0.3673800000000063
29,0,w0_20260416_103136,74,332771,71174.25,149814.75,0.8802450000000215,0.39847000000001226
29,0,w0_20260416_103136,75,184435.75,206361.75,146632.5,0.6333949999999962,0.4334500000000087
29,0,w0_20260416_103136,76,303773.25,96737.25,226549.5,0.8297749999999878,0.3947349999999995
29,0,w0_20260416_103136,77,328307.75,79224,229298.25,0.8650999999999452,0.36206000000000615
29,0,w0_20260416_103136,78,39047.25,119226,205026.75,0.6818750000000768,0.32325499999998747
29,0,w0_20260416_103136,79,106351.5,127043.25,188525.25,0.5303200000000117,0.38626500000000846
29,0,w0_20260416_103136,80,36799.25,77622.75,59178,0.6082950000000737,0.6446050000000845
29,0,w0_20260416_103136,81,243922.25,160591.5,181586.25,0.7227550000000049,0.4029650000000006
29,0,w0_20260416_103136,82,126826.25,88632.75,194961,0.6032250000000577,0.4826900000000144
29,0,w0_20260416_103136,83,49228.25,118087.5,227564.25,0.4582850000000035,0.3415099999999949
29,0,w0_20260416_103136,84,74179.25,102898.5,174482.25,0.10940499999999416,0.5597599999999785
29,0,w0_20260416_103136,85,43413.75,169544.25,356922,0.49389500000001735,0.3635999999999924
29,0,w0_20260416_103136,86,119236.75,63987.75,287305.5,0.6377199999999967,0.3765750000000032
29,0,w0_20260416_103136,87,390445.75,30734.25,266070,0.9483400000000082,0.362879999999991
29,0,w0_20260416_103136,88,89416.75,88143.75,283309.5,0.6361000000000511,0.3746649999999808
29,0,w0_20260416_103136,89,348168,33039.75,278342.25,0.9427449999999968,0.305660000000004
29,0,w0_20260416_103136,90,212332.75,177183.75,249253.5,0.6975600000000173,0.32774500000000145
29,0,w0_20260416_103136,91,67076,174714.75,310259.25,0.3653350000000069,0.3962150000000036
29,0,w0_20260416_103136,92,8017.25,178845,313947.75,0.3383050000000115,0.3532800000000011
29,0,w0_20260416_103136,93,125370,69942,250278,0.6632600000000253,0.45407000000000025
29,0,w0_20260416_103136,94,106129.5,113494.5,192006,0.6083799999999793,0.3818949999999865
29,0,w0_20260416_103136,95,243032,160113,241305,0.7255199999999584,0.341469999999994
29,0,w0_20260416_103136,96,67409.5,122673,184717.5,0.4343150000000565,0.3743500000000068
29,0,w0_20260416_103136,97,315601,86641.5,201307.5,0.8265249999999652,0.5041900000000158
29,0,w0_20260416_103136,98,2815.25,133188,215886.75,0.32143500000004666,0.3595850000000086
29,0,w0_20260416_103136,99,108237.5,69006,187096.5,0.6297399999999769,0.3854699999999866
29,0,w0_20260416_103136,100,184633.75,172995.75,246760.5,0.6192099999999463,0.4520449999999944
29,1,w1_20260416_104021,1,222068.25,105585.75,100206,0.7890099999999968,0.19965999999998
29,1,w1_20260416_104021,2,214852.75,138861,51806.25,0.7432149999999711,0.2525549999999846
29,1,w1_20260416_104021,3,81483.75,269722.5,53793.75,0.4991349999999955,0.21785499999999589
29,1,w1_20260416_104021,4,125060.5,227530.5,59619,0.5817049999999861,0.21041499999999463
29,1,w1_20260416_104021,5,206816,146310.75,52703.25,0.7299399999999711,0.19465999999999964
29,1,w1_20260416_104021,6,81945.25,270102.75,80382,0.49671499999999,0.27733000000000824
29,1,w1_20260416_104021,7,50683.5,286314,108352.5,0.47409999999998137,0.1472599999999922
29,1,w1_20260416_104021,8,39041.75,276735,195803.25,0.4733399999999838,0.1791649999999863
29,1,w1_20260416_104021,9,243932.5,108082.5,97935,0.8044149999999775,0.2888849999999996
29,1,w1_20260416_104021,10,11553.75,299967,67229.25,0.363509999999992,0.23326499999999029
29,1,w1_20260416_104021,11,53146.5,254027.25,50996.25,0.43899999999999184,0.23459499999999767
29,1,w1_20260416_104021,12,221589.75,128607.75,100882.5,0.7682199999999887,0.20826499999999729
29,1,w1_20260416_104021,13,149384.75,208034.25,70041,0.6263699999999781,0.20139999999999952
29,1,w1_20260416_104021,14,70785.25,267331.5,70193.25,0.49213000000000273,0.2125199999999923
29,1,w1_20260416_104021,15,174720.25,192652.5,58277.25,0.6554700000000082,0.2847649999999945
29,1,w1_20260416_104021,16,237069.5,133892.25,69758.25,0.7612649999999564,0.3342249999999936
29,1,w1_20260416_104021,17,291913.25,69853.5,77993.25,0.8750999999999798,0.23846500000000131
29,1,w1_20260416_104021,18,63064.25,220290.75,84405,0.4325700000000072,0.22609000000000273
29,1,w1_20260416_104021,19,274478.5,136481.25,160220.25,0.7435199999999657,0.4948199999999859
29,1,w1_20260416_104021,20,95950.75,256914,99605.25,0.505514999999993,0.28531500000001836
29,1,w1_20260416_104021,21,179598.75,189492.75,53248.5,0.664220000000001,0.1850899999999955
29,1,w1_20260416_104021,22,301944,70467.75,91328.25,0.8765299999999768,0.3012450000000067
29,1,w1_20260416_104021,23,67938.25,203252.25,148939.5,0.38223500000002103,0.29904000000000464
29,1,w1_20260416_104021,24,247741.75,121674,65294.25,0.7820049999999791,0.2206999999999984
29,1,w1_20260416_104021,25,180164.75,201649.5,122085.75,0.6383399999999786,0.35439000000000076
29,1,w1_20260416_104021,26,142324.5,224465.25,85910.25,0.5909500000000029,0.26981500000000325
29,1,w1_20260416_104021,27,105168,177415.5,103576.5,0.566259999999997,0.29461500000000107
29,1,w1_20260416_104021,28,54673.25,171424.5,85202.25,0.47835999999997,0.28984500000000096
29,1,w1_20260416_104021,29,125260,216537.75,99482.25,0.5802449999999855,0.2486149999999979
29,1,w1_20260416_104021,30,37817.75,186802.5,191379.75,0.35347500000005583,0.3978799999999893
29,1,w1_20260416_104021,31,315808.25,108328.5,209813.25,0.8084999999999655,0.4379500000000265
29,1,w1_20260416_104021,32,236991.5,218420.25,218918.25,0.6020750000000021,0.5248199999999783
29,1,w1_20260416_104021,33,189802.75,192016.5,194370.75,0.6018750000000076,0.3917550000000188
29,1,w1_20260416_104021,34,312996,53277,100977,0.904570000000006,0.1524299999999975
29,1,w1_20260416_104021,35,375694.25,72284.25,211231.5,0.8752949999999843,0.4689700000000069
29,1,w1_20260416_104021,36,197454.75,197746.5,251328.75,0.5328299999999601,0.4699150000000013
29,1,w1_20260416_104021,37,220974,162464.25,234141.75,0.6761450000000042,0.4077050000000031
29,1,w1_20260416_104021,38,119370,209549.25,234060.75,0.5346049999999596,0.3311950000000043
29,1,w1_20260416_104021,39,153311,186289.5,253699.5,0.58724999999997,0.3543050000000045
29,1,w1_20260416_104021,40,75415.75,209289.75,140254.5,0.5239399999999745,0.1786149999999919
29,1,w1_20260416_104021,41,23592.5,47564.25,178073.25,0.6630600000000855,0.32920000000002425
29,1,w1_20260416_104021,42,289083.5,134447.25,230249.25,0.7634049999999923,0.43139500000001263
29,1,w1_20260416_104021,43,119809.25,150729.75,250251,0.5794650000000442,0.448630000000007
29,1,w1_20260416_104021,44,205780.25,216336.75,243033,0.5364749999999944,0.5368199999999935
29,1,w1_20260416_104021,45,294897,111969,225534,0.8040649999999022,0.36519000000000645
29,1,w1_20260416_104021,46,116522.75,217557,277190.25,0.4553200000000244,0.4398249999999969
29,1,w1_20260416_104021,47,164435.75,223869.75,261184.5,0.573135000000001,0.37211500000000297
29,1,w1_20260416_104021,48,196908.5,195786.75,270714.75,0.5493349999999845,0.499329999999996
29,1,w1_20260416_104021,49,131913,142410.75,277496.25,0.5687900000000015,0.4000799999999982
29,1,w1_20260416_104021,50,50103.25,92454.75,273162,0.4088500000000293,0.4049299999999999
29,1,w1_20260416_104021,51,209577.5,205275,270397.5,0.6416649999999793,0.3876449999999892
29,1,w1_20260416_104021,52,221762.5,200526.75,276420.75,0.6565699999999816,0.3941700000000002
29,1,w1_20260416_104021,53,214145.25,194580.75,292554,0.6274099999999858,0.4383550000000093
29,1,w1_20260416_104021,54,39672,96438.75,277169.25,0.3305699999999917,0.40612499999999174
29,1,w1_20260416_104021,55,114046,108165,231639,0.35568999999998296,0.5562050000000067
29,1,w1_20260416_104021,56,30948.5,115477.5,268074,0.3190100000000307,0.3959549999999904
29,1,w1_20260416_104021,57,364259.25,53494.5,225146.25,0.9036999999999316,0.4347950000000121
29,1,w1_20260416_104021,58,173081.25,223311,270897.75,0.5413850000000078,0.4530449999999986
29,1,w1_20260416_104021,59,161994.5,228488.25,285857.25,0.5529700000000116,0.43353999999999376
29,1,w1_20260416_104021,60,184217.25,199197.75,301245,0.6142699999999924,0.4026449999999908
29,1,w1_20260416_104021,61,351152.25,60381.75,249156,0.8945349999999491,0.3829200000000105
29,1,w1_20260416_104021,62,70246,215596.5,296437.5,0.38189500000001614,0.40822499999997103
29,1,w1_20260416_104021,63,148552,209365.5,282262.5,0.5449350000000192,0.40319999999998585
29,1,w1_20260416_104021,64,172356,168314.25,275889.75,0.5854000000000212,0.4490249999999892
29,1,w1_20260416_104021,65,252287.5,182125.5,276687,0.6513399999999631,0.4656299999999809
29,1,w1_20260416_104021,66,367259.75,57680.25,299010,0.8981849999999764,0.40114499999999687
29,1,w1_20260416_104021,67,34604,201497.25,240138.75,0.3445750000000143,0.3764200000000069
29,1,w1_20260416_104021,68,170179.25,202208.25,229042.5,0.5841700000000173,0.4071400000000008
29,1,w1_20260416_104021,69,339453.75,69196.5,277779.75,0.8830250000000458,0.36279500000001474
29,1,w1_20260416_104021,70,79120.25,191274,208365.75,0.445430000000012,0.36497000000000457
29,1,w1_20260416_104021,71,136959.75,185790.75,172969.5,0.5360299999999861,0.3886450000000165
29,1,w1_20260416_104021,72,92373.75,137036.25,195240,0.49792999999999255,0.39022999999999897
29,1,w1_20260416_104021,73,226333,173742,234375,0.6894799999999676,0.4358450000000209
29,1,w1_20260416_104021,74,173347.75,127147.5,216294.75,0.5770150000000153,0.47444000000000214
29,1,w1_20260416_104021,75,151801.75,154579.5,135258.75,0.6575600000000369,0.35060000000001834
29,1,w1_20260416_104021,76,301563.5,87637.5,143859,0.8500749999999598,0.34125500000000947
29,1,w1_20260416_104021,77,96869.25,130440,93570.75,0.6137349999999996,0.25946999999998854
29,1,w1_20260416_104021,78,59342.25,196764.75,114603,0.47522999999999976,0.3019399999999963
29,1,w1_20260416_104021,79,289136.5,128085,143968.5,0.7734049999998968,0.5032500000000204
29,1,w1_20260416_104021,80,65175.75,208926.75,69247.5,0.4544750000000166,0.2918649999999826
29,1,w1_20260416_104021,81,20436,99441,119613,0.33916000000001406,0.3664349999999891
29,1,w1_20260416_104021,82,335373.75,60549.75,260596.5,0.8931199999998863,0.3240099999999989
29,1,w1_20260416_104021,83,20519.5,79148.25,245612.25,0.28471499999999555,0.3655599999999995
29,1,w1_20260416_104021,84,92225.25,111804.75,286380,0.5478999999999796,0.4292200000000008
29,1,w1_20260416_104021,85,25102,107029.5,164518.5,0.4568449999999896,0.3183950000000028
29,1,w1_20260416_104021,86,312348.5,101196.75,187104.75,0.8266149999999639,0.3854200000000099
29,1,w1_20260416_104021,87,91940.25,158819.25,61360.5,0.48209000000000735,0.19370499999998364
29,1,w1_20260416_104021,88,128457.5,118686.75,61575.75,0.6650700000000072,0.252914999999992
29,1,w1_20260416_104021,89,366770.25,58127.25,180592.5,0.8997199999999884,0.45871500000000304
29,1,w1_20260416_104021,90,263774.75,89578.5,135096.75,0.7926849999999361,0.2850799999999994
29,1,w1_20260416_104021,91,213013.25,29701.5,194615.25,0.7581699999998944,0.2969549999999976
29,1,w1_20260416_104021,92,15611.25,155662.5,164126.25,0.38897500000002344,0.27416000000000984
29,1,w1_20260416_104021,93,102081.5,157124.25,78614.25,0.6328300000000112,0.244859999999976
29,1,w1_20260416_104021,94,189363.25,127748.25,85948.5,0.6843899999999554,0.29085500000001135
29,1,w1_20260416_104021,95,14469,125715.75,151865.25,0.3502200000000005,0.3331949999999859
29,1,w1_20260416_104021,96,114722.5,163539,235018.5,0.5292100000000073,0.3876400000000039
29,1,w1_20260416_104021,97,124097.75,80970.75,262861.5,0.5166400000000358,0.3942749999999835
29,1,w1_20260416_104021,98,211667.5,141471,85351.5,0.7107500000000344,0.35834000000002264
29,1,w1_20260416_104021,99,352981.25,41110.5,133088.25,0.9249199999999642,0.3466250000000025
29,1,w1_20260416_104021,100,286515.75,98943.75,183610.5,0.7991250000000101,0.37753000000001147
