seed,world,run_id,episode,investor_return,fair_1,max_1,fair_1_repay,max_1_repay
13,0,w0_20260418_014404,1,185209.25,149636.25,105724.5,0.7147599999999902,0.18482000000000323
13,0,w0_20260418_014404,2,168896,180681,56913,0.661984999999985,0.23673000000001063
13,0,w0_20260418_014404,3,139139.5,209500.5,71490,0.6153549999999873,0.15849999999999656
13,0,w0_20260418_014404,4,199596.25,149364,66609.75,0.7248299999999894,0.1828849999999993
13,0,w0_20260418_014404,5,35557.75,312405.75,47866.5,0.4204099999999973,0.15681999999999596
13,0,w0_20260418_014404,6,-10000,60960.27912647155,10444.5,0.5835800000000073,0.22221000000002508
13,0,w0_20260418_014404,7,183828.75,169203,50408.25,0.6893900000000375,0.13945999999999736
13,0,w0_20260418_014404,8,3662,229093.5,42934.5,0.3670249999999841,0.19641000000000236
13,0,w0_20260418_014404,9,29219.25,310699.5,42101.25,0.4058799999999906,0.17359500000000083
13,0,w0_20260418_014404,10,159135.75,191883.75,47110.5,0.6465799999999986,0.12718999999999173
13,0,w0_20260418_014404,11,65171.25,297132,42456.75,0.4605150000000036,0.2740749999999977
13,0,w0_20260418_014404,12,277237.25,76409.25,61453.5,0.860274999999978,0.11659999999999736
13,0,w0_20260418_014404,13,136804,229657.5,34258.5,0.586245000000005,0.3194599999999932
13,0,w0_20260418_014404,14,46342,300768,42480,0.4340600000000143,0.14230999999999108
13,0,w0_20260418_014404,15,101001.5,263487,58561.5,0.5135249999999941,0.3159350000000221
13,0,w0_20260418_014404,16,281769.5,84660.75,48909.75,0.8484349999999978,0.20252499999999624
13,0,w0_20260418_014404,17,12317.5,316353.75,52038.75,0.36887000000001857,0.1760349999999984
13,0,w0_20260418_014404,18,140314.25,177390,116565.75,0.5582049999999935,0.42206499999998887
13,0,w0_20260418_014404,19,155923,214191,154656,0.6161449999999743,0.28458999999999474
13,0,w0_20260418_014404,20,46234.25,257388.75,55377,0.46836499999999176,0.1342600000000007
13,0,w0_20260418_014404,21,166030.25,187135.5,45734.25,0.6600499999999668,0.17687499999999692
13,0,w0_20260418_014404,22,207866.5,176397,66886.5,0.6856849999999333,0.3568250000000053
13,0,w0_20260418_014404,23,98915.75,269176.5,204327.75,0.512879999999983,0.29414000000000523
13,0,w0_20260418_014404,24,41057.25,325991.25,264421.5,0.4035200000000166,0.32571500000000336
13,0,w0_20260418_014404,25,250304.75,133500.75,238144.5,0.7643199999999741,0.3448999999999938
13,0,w0_20260418_014404,26,266008,153659.25,281892.75,0.724209999999951,0.4272399999999927
13,0,w0_20260418_014404,27,168669.5,225873,305497.5,0.6014849999999846,0.35701999999999545
13,0,w0_20260418_014404,28,289996,110512.5,257431.5,0.8053649999999567,0.3695000000000117
13,0,w0_20260418_014404,29,86174.5,267885,188260.5,0.5011250000000006,0.28822500000001067
13,0,w0_20260418_014404,30,67747.75,249639.75,240922.5,0.3452150000000095,0.4669099999999833
13,0,w0_20260418_014404,31,197992,240557.25,269130.75,0.5610099999999726,0.46242500000001135
13,0,w0_20260418_014404,32,115601.75,272210.25,309468,0.4819100000000118,0.3900849999999947
13,0,w0_20260418_014404,33,288101,89621.25,210507.75,0.8386799999999308,0.30123000000001887
13,0,w0_20260418_014404,34,149063.5,303204.75,265071.75,0.45436500000001695,0.4785649999999965
13,0,w0_20260418_014404,35,214465,180317.25,249567.75,0.6694749999999733,0.3759950000000171
13,0,w0_20260418_014404,36,144716.75,253318.5,266634.75,0.531645,0.3934500000000014
13,0,w0_20260418_014404,37,238570.5,175075.5,286704,0.6876899999999778,0.40139500000000017
13,0,w0_20260418_014404,38,66497.5,293410.5,253962,0.42250999999999783,0.3581150000000236
13,0,w0_20260418_014404,39,295998.25,186042,249819.75,0.6594849999999682,0.5409650000000015
13,0,w0_20260418_014404,40,18713.5,166191.75,149934.75,0.3675700000000058,0.2935200000000112
13,0,w0_20260418_014404,41,191809,256442.25,226968.75,0.5306650000000307,0.5002599999999986
13,0,w0_20260418_014404,42,173986.5,185992.5,201051,0.6606449999999756,0.2707400000000089
13,0,w0_20260418_014404,43,172875.25,197389.5,225005.25,0.6356549999999824,0.3140700000000176
13,0,w0_20260418_014404,44,331529,111897,249384,0.8058849999999351,0.4580099999999992
13,0,w0_20260418_014404,45,277344.5,123099,281896.5,0.7873849999999647,0.3494350000000179
13,0,w0_20260418_014404,46,114619.25,222715.5,232415.25,0.5794449999999869,0.30814500000001727
13,0,w0_20260418_014404,47,285786,186603.75,238370.25,0.6687149999999863,0.5168750000000064
13,0,w0_20260418_014404,48,288886.5,114477,239386.5,0.8044099999999619,0.33818000000000076
13,0,w0_20260418_014404,49,195033.25,249912,238134.75,0.5698900000000069,0.4533049999999876
13,0,w0_20260418_014404,50,73151,311602.5,288316.5,0.39486500000002145,0.4050199999999934
13,0,w0_20260418_014404,51,204458.5,214513.5,304788,0.6230699999999922,0.40325499999998826
13,0,w0_20260418_014404,52,75993,256794,277383,0.42503499999996985,0.3752549999999959
13,0,w0_20260418_014404,53,269489,102697.5,186973.5,0.8035799999999772,0.2794200000000041
13,0,w0_20260418_014404,54,283876,155304,273660,0.7290999999999888,0.4489150000000004
13,0,w0_20260418_014404,55,139698,219258,288414,0.5192250000000046,0.3957149999999942
13,0,w0_20260418_014404,56,122652.75,205203,292784.25,0.5209049999999709,0.381984999999986
13,0,w0_20260418_014404,57,6860.5,285426,324973.5,0.3142950000000011,0.35962000000000527
13,0,w0_20260418_014404,58,115459.25,165399,294261.75,0.4733399999999995,0.3895750000000035
13,0,w0_20260418_014404,59,227244,137845.5,229570.5,0.7330149999999753,0.36715000000000303
13,0,w0_20260418_014404,60,362580.5,76033.5,213276,0.8707350000000017,0.4536499999999905
13,0,w0_20260418_014404,61,187378,176780.25,265221.75,0.6395950000000065,0.41101499999998886
13,0,w0_20260418_014404,62,295984.75,109584,173381.25,0.8121150000000306,0.3647350000000073
13,0,w0_20260418_014404,63,205034,84641.25,272784.75,0.5303899999999871,0.45666499999997456
13,0,w0_20260418_014404,64,167209.25,123550.5,281180.25,0.6182899999999634,0.3877250000000017
13,0,w0_20260418_014404,65,38200.25,156480.75,286029,0.34658999999999085,0.3723699999999978
13,0,w0_20260418_014404,66,94003,140156.25,285840.75,0.5642349999999726,0.4106699999999901
13,0,w0_20260418_014404,67,166226.25,194064,276369.75,0.6022549999999932,0.3772599999999924
13,0,w0_20260418_014404,68,291049,128051.25,270729.75,0.7799249999999254,0.40223499999998896
13,0,w0_20260418_014404,69,408389.75,22766.25,273084,0.96098499999994,0.4412750000000083
13,0,w0_20260418_014404,70,218154,185628.75,268337.25,0.6514650000000018,0.4298999999999872
13,0,w0_20260418_014404,71,84100.75,174189.75,296629.5,0.3995500000000006,0.40561999999998954
13,0,w0_20260418_014404,72,54649,141828.75,313952.25,0.333025000000029,0.36894000000000055
13,0,w0_20260418_014404,73,175600,166351.5,282688.5,0.6604249999999976,0.3403349999999994
13,0,w0_20260418_014404,74,188882,196885.5,302302.5,0.6472949999999973,0.36050999999998967
13,0,w0_20260418_014404,75,178325.25,98204.25,299230.5,0.5617799999999921,0.423845000000002
13,0,w0_20260418_014404,76,175555,98769,308886,0.724039999999996,0.4156599999999824
13,0,w0_20260418_014404,77,151408.75,111387,287084.25,0.6018750000000039,0.4431249999999979
13,0,w0_20260418_014404,78,185577.5,86475.75,292266.75,0.6225999999999842,0.3902449999999995
13,0,w0_20260418_014404,79,69477.75,130153.5,296298.75,0.4030950000000066,0.3860200000000091
13,0,w0_20260418_014404,80,174819.25,71577,293043.75,0.5717100000000314,0.38248000000001214
13,0,w0_20260418_014404,81,215788,61062.75,267119.25,0.742884999999958,0.42551000000000794
13,0,w0_20260418_014404,82,106758.5,71849.25,281732.25,0.48051999999999545,0.39494999999999814
13,0,w0_20260418_014404,83,111114.75,89249.25,288546,0.4626400000000075,0.4149699999999998
13,0,w0_20260418_014404,84,157987.25,93238.5,321674.25,0.5675300000000184,0.4359950000000039
13,0,w0_20260418_014404,85,72432,105106.5,284371.5,0.3549600000000007,0.40023000000000825
13,0,w0_20260418_014404,86,141960,97512,284208,0.5320150000000032,0.47458499999998255
13,0,w0_20260418_014404,87,101177.25,70458.75,281154,0.5414949999999722,0.40005499999999206
13,0,w0_20260418_014404,88,16492.75,33425.25,305202,0.6239799999999994,0.3691300000000047
13,0,w0_20260418_014404,89,95524,79943.25,283782.75,0.4164850000000176,0.45156500000001887
13,0,w0_20260418_014404,90,107392.5,32293.5,295014,0.49760000000000326,0.4106850000000108
13,0,w0_20260418_014404,91,79776.25,42055.5,302318.25,0.3272399999999999,0.4072399999999912
13,0,w0_20260418_014404,92,108331.25,60413.25,308275.5,0.5801400000000133,0.3783900000000072
13,0,w0_20260418_014404,93,130826,28363.5,311860.5,0.6835749999999609,0.4088049999999863
13,0,w0_20260418_014404,94,92680.25,85737,271632.75,0.5342899999999827,0.39719999999999234
13,0,w0_20260418_014404,95,100692,64343.25,246534.75,0.5904050000000112,0.3616150000000045
13,0,w0_20260418_014404,96,334591,93305.25,264333.75,0.826124999999928,0.4435850000000229
13,0,w0_20260418_014404,97,320033.75,81515.25,245031,0.8581949999998655,0.35944500000000196
13,0,w0_20260418_014404,98,158723.5,195305.25,199421.25,0.6614049999999732,0.1927649999999977
13,0,w0_20260418_014404,99,58482.5,91698.75,88908.75,0.5488750000000071,0.13921499999999584
13,0,w0_20260418_014404,100,120862.5,74994,24253.5,0.8251549999999744,0.4874800000000016
13,1,w1_20260418_015119,1,175480.75,145965,98474.25,0.7130249999999911,0.20760999999999635
13,1,w1_20260418_015119,2,220184.75,129666.75,68518.5,0.7590299999999885,0.24012999999999737
13,1,w1_20260418_015119,3,141247.5,208235.25,72287.25,0.6189349999999849,0.16920499999999197
13,1,w1_20260418_015119,4,67367.25,283696.5,55916.25,0.47903500000000904,0.1438199999999957
13,1,w1_20260418_015119,5,181039.25,166750.5,62360.25,0.6920749999999968,0.15088499999999838
13,1,w1_20260418_015119,6,45159.75,310495.5,42654.75,0.4266950000000104,0.24091000000000024
13,1,w1_20260418_015119,7,117006.5,238132.5,50781,0.5635650000000056,0.18890999999999425
13,1,w1_20260418_015119,8,108123.75,246809.25,56247,0.5507850000000156,0.2402399999999985
13,1,w1_20260418_015119,9,196004.5,159460.5,63975,0.7087849999999688,0.2301399999999968
13,1,w1_20260418_015119,10,54989.75,288510.75,73819.5,0.4639350000000077,0.16103499999999857
13,1,w1_20260418_015119,11,184284,180169.5,121456.5,0.6755049999999915,0.3036450000000147
13,1,w1_20260418_015119,12,39426.5,273191.25,52652.25,0.44387499999999097,0.2607949999999925
13,1,w1_20260418_015119,13,366390.75,85390.5,272268.75,0.8444600000000663,0.4849749999999806
13,1,w1_20260418_015119,14,79825,204831,194334,0.42813499999999394,0.3913250000000282
13,1,w1_20260418_015119,15,261173.75,111770.25,346716,0.7982500000000354,0.331965000000013
13,1,w1_20260418_015119,16,153593.5,219708,265828.5,0.6062949999999931,0.3317299999999908
13,1,w1_20260418_015119,17,42004.75,273094.5,119400.75,0.4341400000000033,0.2319949999999913
13,1,w1_20260418_015119,18,159492.5,201606,215251.5,0.6344599999999743,0.31119499999999123
13,1,w1_20260418_015119,19,204421.75,152057.25,173721,0.7300699999999656,0.23640999999999213
13,1,w1_20260418_015119,20,125744,234424.5,183781.5,0.5790549999999954,0.2589599999999892
13,1,w1_20260418_015119,21,261142.75,108463.5,190833.75,0.8076550000000265,0.2908349999999902
13,1,w1_20260418_015119,22,109320,248215.5,138094.5,0.5583500000000096,0.2619249999999947
13,1,w1_20260418_015119,23,69139.5,260676,105754.5,0.4810049999999854,0.362990000000011
13,1,w1_20260418_015119,24,56580.5,284405.25,82514.25,0.4685200000000029,0.14582499999999335
13,1,w1_20260418_015119,25,168374.75,218227.5,214137.75,0.6119200000000135,0.35447499999999843
13,1,w1_20260418_015119,26,39021.5,180531.75,299916.75,0.4405299999999878,0.35015500000000094
13,1,w1_20260418_015119,27,55373.75,151021.5,291054.75,0.4816800000000004,0.38275500000000273
13,1,w1_20260418_015119,28,308138.25,87306,281775.75,0.8466349999999766,0.34759500000000837
13,1,w1_20260418_015119,29,57966,269691,303483,0.4007100000000076,0.35505000000001496
13,1,w1_20260418_015119,30,198898,289789.5,249712.5,0.4714850000000076,0.5493199999999919
13,1,w1_20260418_015119,31,229501.25,173500.5,282848.25,0.6651999999999892,0.4459200000000026
13,1,w1_20260418_015119,32,137919.25,185577,306813.75,0.5478850000000037,0.41817000000001336
13,1,w1_20260418_015119,33,346679.75,76256.25,260514,0.8635099999999606,0.39559999999999296
13,1,w1_20260418_015119,34,139418.5,240534.75,257796.75,0.573874999999987,0.29613999999998947
13,1,w1_20260418_015119,35,149210.75,240631.5,258567.75,0.5717599999999985,0.3459200000000086
13,1,w1_20260418_015119,36,215487.75,191230.5,237081.75,0.6595249999999874,0.3816599999999889
13,1,w1_20260418_015119,37,62977.75,172861.5,266160.75,0.43440999999998847,0.37640500000000465
13,1,w1_20260418_015119,38,168421.75,227913.75,259114.5,0.5745199999999746,0.3950200000000144
13,1,w1_20260418_015119,39,212834.25,197347.5,263708.25,0.6359900000000049,0.42401500000000025
13,1,w1_20260418_015119,40,231382.75,186678,240329.25,0.6755799999999442,0.3879600000000074
13,1,w1_20260418_015119,41,12075.5,325289.25,65525.25,0.3680650000000175,0.2074500000000039
13,1,w1_20260418_015119,42,105516,201226.5,270547.5,0.4069750000000068,0.46421000000000656
13,1,w1_20260418_015119,43,174602.25,229134,231663.75,0.5842500000000024,0.4065899999999912
13,1,w1_20260418_015119,44,161388,242091.75,190940.25,0.5804949999999902,0.3728249999999983
13,1,w1_20260418_015119,45,177893.25,210160.5,252026.25,0.5176499999999911,0.4801449999999913
13,1,w1_20260418_015119,46,70086.5,252949.5,219984,0.4286400000000026,0.37351000000000983
13,1,w1_20260418_015119,47,184468,198726.75,196805.25,0.6205000000000058,0.37039999999999457
13,1,w1_20260418_015119,48,140470.75,230887.5,204171.75,0.5578350000000023,0.3543799999999975
13,1,w1_20260418_015119,49,207829.75,189805.5,242454.75,0.6402350000000065,0.4069450000000044
13,1,w1_20260418_015119,50,275233.25,110910.75,187956,0.7995849999999881,0.3585199999999897
13,1,w1_20260418_015119,51,294371.5,96375,165313.5,0.8335149999999776,0.3472849999999824
13,1,w1_20260418_015119,52,57138.25,210768,190653.75,0.390349999999994,0.3339900000000007
13,1,w1_20260418_015119,53,-10000,32623.5,15024,0.10801500000000938,0.6443000000000227
13,1,w1_20260418_015119,54,9443.75,182028.75,193477.5,0.3798749999999983,0.33213999999999844
13,1,w1_20260418_015119,55,11501.25,150423.75,185955,0.3212050000000082,0.3122199999999931
13,1,w1_20260418_015119,56,92622.5,157856.25,189341.25,0.47707000000001,0.3555549999999942
13,1,w1_20260418_015119,57,314530,68489.25,206040.75,0.8822399999999889,0.2781750000000032
13,1,w1_20260418_015119,58,102707,166543.5,190249.5,0.4875700000000146,0.3961349999999945
13,1,w1_20260418_015119,59,326802.5,77586.75,214860.75,0.8635899999999834,0.4081350000000021
13,1,w1_20260418_015119,60,277614.75,121287.75,211057.5,0.7941250000000044,0.34566499999999395
13,1,w1_20260418_015119,61,83859.25,120428.25,132112.5,0.47673499999998464,0.3553550000000121
13,1,w1_20260418_015119,62,182917,188219.25,310503.75,0.6365750000000128,0.38234999999999825
13,1,w1_20260418_015119,63,202925,184756.5,236698.5,0.6598749999999892,0.3710499999999974
13,1,w1_20260418_015119,64,67397.25,223543.5,164339.25,0.466239999999999,0.275484999999995
13,1,w1_20260418_015119,65,280249.5,92834.25,206156.25,0.8355149999999745,0.31321499999999525
13,1,w1_20260418_015119,66,228200.75,151150.5,189378.75,0.7434099999999696,0.28186999999999673
13,1,w1_20260418_015119,67,7293.25,132739.5,94307.25,0.444330000000001,0.26624499999999496
13,1,w1_20260418_015119,68,-391,41428.5,23632.5,0.6296250000000793,0.3912249999999772
13,1,w1_20260418_015119,69,5614.75,66592.5,63132.75,0.5034750000000158,0.21628999999999468
13,1,w1_20260418_015119,70,4043.5,75201,33745.5,0.3325200000000113,0.3218300000000032
13,1,w1_20260418_015119,71,-7106,74154,29292,0.3951800000000143,0.4114300000000059
13,1,w1_20260418_015119,72,226636.5,145929,249394.5,0.7210800000000103,0.36698999999999937
13,1,w1_20260418_015119,73,-9458.5,58825.5,43833,0.24846500000001295,0.3207549999999983
13,1,w1_20260418_015119,74,1358.75,41026.5,43944.75,0.5131900000000036,0.2891850000000139
13,1,w1_20260418_015119,75,-10000,35970.975,27857.25,0.09841000000000542,0.4003449999999877
13,1,w1_20260418_015119,76,232318.25,119030.25,236251.5,0.6212449999999976,0.4199450000000009
13,1,w1_20260418_015119,77,215240.25,170165.25,265474.5,0.6553649999999865,0.4075149999999983
13,1,w1_20260418_015119,78,2317.25,162015.75,123117,0.3639899999999932,0.32656000000001256
13,1,w1_20260418_015119,79,17922.75,49455,74912.25,0.5075700000000253,0.2854400000000099
13,1,w1_20260418_015119,80,283694.25,214583.25,226672.5,0.5956749999999557,0.5873299999999994
13,1,w1_20260418_015119,81,143592.25,136875,140502.75,0.6480900000000402,0.25910500000000825
13,1,w1_20260418_015119,82,189805.5,163844.25,256070.25,0.6585650000000003,0.35803499999999205
13,1,w1_20260418_015119,83,93781.75,173528.25,277950,0.5197499999999954,0.3480799999999994
13,1,w1_20260418_015119,84,234149,155267.25,295563.75,0.7142600000000199,0.3674950000000166
13,1,w1_20260418_015119,85,94414.5,85965,138190.5,0.6371299999999862,0.22769000000000036
13,1,w1_20260418_015119,86,126609.25,67356,71694.75,0.6633850000000137,0.33143500000000264
13,1,w1_20260418_015119,87,129047,107339.25,78213.75,0.6407399999999585,0.24698500000002033
13,1,w1_20260418_015119,88,-10000,23823.75,27150.75,0.81238499999989,0.4022549999999909
13,1,w1_20260418_015119,89,132570.75,66627,22952.25,0.6545599999999916,0.2322250000000019
13,1,w1_20260418_015119,90,82347,116860.5,85342.5,0.5866349999999987,0.3601200000000075
13,1,w1_20260418_015119,91,-10000,41603.25,16389.75,0.3729350000000136,0.30083000000004145
13,1,w1_20260418_015119,92,109411.5,151036.5,178062,0.5481649999999956,0.37406499999998744
13,1,w1_20260418_015119,93,102237.5,114626.25,29876.25,0.560570000000046,0.3573850000000269
13,1,w1_20260418_015119,94,25921.75,94068.75,45649.5,0.5231000000000122,0.3345350000000197
13,1,w1_20260418_015119,95,98596,54003,34521,0.6680399999999831,0.21629500000000204
13,1,w1_20260418_015119,96,39968.25,120047.25,56314.5,0.5323250000000241,0.23091500000000575
13,1,w1_20260418_015119,97,94604.25,178391.25,57874.5,0.5884799999999741,0.2084599999999932
13,1,w1_20260418_015119,98,135702.25,49975.5,77312.25,0.7246349999999607,0.3377150000000151
13,1,w1_20260418_015119,99,105612.5,68339.25,54368.25,0.6913049999999734,0.22790000000000776
13,1,w1_20260418_015119,100,126581.75,118037.25,156831,0.648049999999981,0.16185499999999947
14,0,w0_20260418_015858,1,53215.25,180531,117783.75,0.4576499999999965,0.1879599999999823
14,0,w0_20260418_015858,2,246936,76776.75,124127.25,0.8435149999999619,0.19955999999998136
14,0,w0_20260418_015858,3,277787,75296.25,166356.75,0.8611749999999733,0.26759499999999475
14,0,w0_20260418_015858,4,270295.5,117766.5,253488,0.7832549999999678,0.3918199999999992
14,0,w0_20260418_015858,5,174583.75,208505.25,217101,0.6201849999999824,0.38902000000001
14,0,w0_20260418_015858,6,178351.25,208869,254469.75,0.6180299999999946,0.38482500000000786
14,0,w0_20260418_015858,7,49016.75,326607.75,177805.5,0.4048650000000058,0.3826300000000216
14,0,w0_20260418_015858,8,211200.25,157947,148092.75,0.7136549999999775,0.3367200000000115
14,0,w0_20260418_015858,9,-10000,72668.25,23610.75,0.5909800000000233,0.4761050000000088
14,0,w0_20260418_015858,10,50976,227438.25,244065.75,0.3665299999999811,0.4079150000000021
14,0,w0_20260418_015858,11,35252.75,285447.75,193219.5,0.40490499999996993,0.3490349999999975
14,0,w0_20260418_015858,12,130027,240230.25,177582.75,0.5662399999999803,0.3270199999999836
14,0,w0_20260418_015858,13,280650.5,112547.25,251042.25,0.7986449999999591,0.37662999999999897
14,0,w0_20260418_015858,14,82422.5,288573.75,254553.75,0.4568049999999868,0.3532350000000007
14,0,w0_20260418_015858,15,161694.75,262260,277265.25,0.5234500000000012,0.4481500000000128
14,0,w0_20260418_015858,16,27210.5,75045,183964.5,0.44646500000000694,0.3619849999999973
14,0,w0_20260418_015858,17,165507.5,200532,236830.5,0.609635000000011,0.3663499999999969
14,0,w0_20260418_015858,18,25561,225381,208878,0.33563500000002733,0.34507999999999633
14,0,w0_20260418_015858,19,21641.75,140763.75,165034.5,0.3566750000000061,0.31623999999998714
14,0,w0_20260418_015858,20,108434,164928.75,185747.25,0.6032650000000043,0.31924999999999226
14,0,w0_20260418_015858,21,211844,153456.75,129629.25,0.7255099999999715,0.2679050000000041
14,0,w0_20260418_015858,22,242370.75,190257,274982.25,0.662529999999978,0.4422850000000025
14,0,w0_20260418_015858,23,198368.75,182150.25,211101,0.6757099999999933,0.3440849999999999
14,0,w0_20260418_015858,24,304261,72550.5,188968.5,0.8702549999999881,0.30027999999999333
14,0,w0_20260418_015858,25,88103.25,215470.5,249836.25,0.3359000000000034,0.45537000000000544
14,0,w0_20260418_015858,26,125046.25,258183,259410.75,0.5431499999999856,0.32461500000000076
14,0,w0_20260418_015858,27,66008.75,179368.5,164682.75,0.42337500000001355,0.34779500000000135
14,0,w0_20260418_015858,28,171308.5,206147.25,225794.25,0.6213450000000093,0.3446599999999954
14,0,w0_20260418_015858,29,35628.75,117440.25,244071,0.4535349999999781,0.3731499999999869
14,0,w0_20260418_015858,30,364927.75,69889.5,285492.75,0.8755249999999647,0.4386050000000185
14,0,w0_20260418_015858,31,318149,68908.5,260062.5,0.8805849999999906,0.31118999999999686
14,0,w0_20260418_015858,32,100503.25,245547,229479.75,0.5020550000000129,0.30524999999999525
14,0,w0_20260418_015858,33,236248.25,165204.75,239367,0.7095350000000306,0.35015499999999716
14,0,w0_20260418_015858,34,270106.25,124896.75,229617,0.7780199999999744,0.3310099999999979
14,0,w0_20260418_015858,35,358143,61644.75,291032.25,0.8924399999999781,0.4009000000000067
14,0,w0_20260418_015858,36,134030.25,120453,273936.75,0.459279999999988,0.3670599999999928
14,0,w0_20260418_015858,37,315167,149607.75,273425.25,0.7129349999999868,0.504964999999998
14,0,w0_20260418_015858,38,170212.25,163782,304095.75,0.6086699999999757,0.4108249999999959
14,0,w0_20260418_015858,39,185407,140889,307944,0.6767249999999788,0.4115299999999984
14,0,w0_20260418_015858,40,120766.25,138510,292923.75,0.3932300000000319,0.4057099999999907
14,0,w0_20260418_015858,41,150501.25,84123.75,293055,0.5734449999999702,0.35647000000000423
14,0,w0_20260418_015858,42,179225.25,117849,272025.75,0.6887649999999735,0.36526499999999273
14,0,w0_20260418_015858,43,157294,92811,261225,0.6596349999999772,0.3960949999999911
14,0,w0_20260418_015858,44,53099.25,162667.5,270533.25,0.29756000000000904,0.36724999999999447
14,0,w0_20260418_015858,45,133808.25,22414.5,242507.25,0.790079999999951,0.38254999999999256
14,0,w0_20260418_015858,46,203433.5,138885,242731.5,0.6905449999999903,0.35375999999999724
14,0,w0_20260418_015858,47,199146.5,179224.5,285459,0.5935350000000071,0.4518749999999939
14,0,w0_20260418_015858,48,61148.5,141288.75,282702.75,0.3264999999999886,0.3558700000000025
14,0,w0_20260418_015858,49,150206,45547.5,273286.5,0.6814849999999717,0.398364999999996
14,0,w0_20260418_015858,50,8118.25,90639,269772.75,0.45470000000000294,0.2923600000000159
14,0,w0_20260418_015858,51,23655.5,52275,188029.5,0.5291199999999646,0.29266000000000314
14,0,w0_20260418_015858,52,116850,75253.5,194416.5,0.5947099999999622,0.47901999999997114
14,0,w0_20260418_015858,53,190892.75,86169,245138.25,0.7154049999999884,0.4687349999999974
14,0,w0_20260418_015858,54,136307.5,144758.25,242054.25,0.538175000000019,0.4043049999999927
14,0,w0_20260418_015858,55,158289.75,98052.75,266497.5,0.5954799999999976,0.4512299999999996
14,0,w0_20260418_015858,56,340000.5,35652.75,174096.75,0.9170799999999985,0.33962999999998605
14,0,w0_20260418_015858,57,133644.5,154564.5,234891,0.5289199999999948,0.3228549999999934
14,0,w0_20260418_015858,58,182678.5,108856.5,324405,0.6481600000000107,0.3718749999999882
14,0,w0_20260418_015858,59,209146,108819,332235,0.6852099999999933,0.36593000000000586
14,0,w0_20260418_015858,60,115593,143637,300930,0.4907499999999939,0.3791049999999984
14,0,w0_20260418_015858,61,161631,91207.5,262351.5,0.6452449999999481,0.41061
14,0,w0_20260418_015858,62,174547.75,107264.25,306768,0.6003550000000444,0.388909999999995
14,0,w0_20260418_015858,63,173168,129015.75,287936.25,0.6538899999999994,0.3934149999999873
14,0,w0_20260418_015858,64,110441.5,127971,241297.5,0.6057899999999736,0.34793500000000765
14,0,w0_20260418_015858,65,158201,123086.25,273582.75,0.5527599999999959,0.43657999999998137
14,0,w0_20260418_015858,66,-2468.5,166984.5,186144,0.38939000000000745,0.2857650000000033
14,0,w0_20260418_015858,67,17010.5,114404.25,215585.25,0.23958500000000765,0.4065050000000005
14,0,w0_20260418_015858,68,-9999.999999999998,87615.5325,87624.6225,0.1492399999999984,0.4848599999999692
14,0,w0_20260418_015858,69,304968.25,68955.75,313416,0.8309649999999973,0.3728550000000096
14,0,w0_20260418_015858,70,-9999.999999999998,70614.32374575,115381.41783975001,0.13436499999999857,0.3795499999999994
14,0,w0_20260418_015858,71,488.5,162438,209773.5,0.19375500000000215,0.38324499999998607
14,0,w0_20260418_015858,72,99567,64036.5,165916.5,0.774464999999969,0.27824500000000413
14,0,w0_20260418_015858,73,271403,142931.25,244155.75,0.7558999999999177,0.39228000000000585
14,0,w0_20260418_015858,74,86541,144428.25,131670.75,0.5161550000000013,0.33513500000001534
14,0,w0_20260418_015858,75,53350.75,168821.25,135078,0.4910800000000022,0.31909000000000565
14,0,w0_20260418_015858,76,110474.5,141956.25,254789.25,0.5682449999999936,0.423530000000015
14,0,w0_20260418_015858,77,-10000,118233,74457,0.4351350000000073,0.23139500000002167
14,0,w0_20260418_015858,78,60284.75,73605.75,141709.5,0.498394999999984,0.3336000000000158
14,0,w0_20260418_015858,79,50398.5,213213,184558.5,0.43871999999999406,0.262575000000001
14,0,w0_20260418_015858,80,-118.25,54117,134201.25,0.35333999999999033,0.31562000000001095
14,0,w0_20260418_015858,81,75393.25,53210.25,131956.5,0.6271349999999684,0.3554300000000058
14,0,w0_20260418_015858,82,43808.75,100517.25,142524,0.4649350000000057,0.296585000000015
14,0,w0_20260418_015858,83,245712.25,43731.75,199656,0.768489999999995,0.2529999999999985
14,0,w0_20260418_015858,84,403487,23361.75,269831.25,0.9568299999999896,0.4044850000000009
14,0,w0_20260418_015858,85,131253,104718.75,237848.25,0.543520000000003,0.3964050000000042
14,0,w0_20260418_015858,86,136079.25,78323.25,242317.5,0.641894999999993,0.36321000000000686
14,0,w0_20260418_015858,87,79491.5,35403,245665.5,0.7329249999999922,0.3105650000000035
14,0,w0_20260418_015858,88,246790.25,80753.25,197446.5,0.7747699999999229,0.2953300000000017
14,0,w0_20260418_015858,89,272820,64303.5,230536.5,0.8782099999999077,0.1214399999999958
14,0,w0_20260418_015858,90,95499.25,123888.75,141192,0.5254649999999751,0.34421999999999475
14,0,w0_20260418_015858,91,335086.5,35911.5,267192,0.882919999999988,0.4013849999999976
14,0,w0_20260418_015858,92,23057.75,133329.75,153982.5,0.2945549999999806,0.26495999999999903
14,0,w0_20260418_015858,93,9804.75,86257.5,291567.75,0.28290000000000776,0.36456500000000674
14,0,w0_20260418_015858,94,100145.5,31647.75,251226.75,0.7732999999999681,0.400440000000003
14,0,w0_20260418_015858,95,76292,127021.5,302626.5,0.5486299999999867,0.3621199999999948
14,0,w0_20260418_015858,96,222702,133008,281550,0.6738549999999863,0.3691400000000085
14,0,w0_20260418_015858,97,212926.5,52974,257719.5,0.8171549999999158,0.37166500000001207
14,0,w0_20260418_015858,98,297921.5,67544.25,222644.25,0.8381599999999666,0.3772299999999939
14,0,w0_20260418_015858,99,361210.5,33399.75,188529.75,0.9438799999999686,0.31593999999999556
14,0,w0_20260418_015858,100,371597.5,66545.25,270527.25,0.885189999999877,0.4497049999999983
14,1,w1_20260418_020641,1,69087.5,170274.75,89517.75,0.47718999999999967,0.21088499999999472
14,1,w1_20260418_020641,2,218104,60461.25,93474.75,0.8382550000000054,0.21651999999997876
14,1,w1_20260418_020641,3,258473.25,91979.25,66127.5,0.8305799999999828,0.1715899999999872
14,1,w1_20260418_020641,4,250297,102297.75,59825.25,0.8114349999999962,0.19515499999998873
14,1,w1_20260418_020641,5,153313.25,204858.75,51648,0.6294800000000099,0.19714499999998805
14,1,w1_20260418_020641,6,164139.25,192747.75,59673,0.646390000000001,0.24121500000000584
14,1,w1_20260418_020641,7,124909,230556,48795,0.5785200000000061,0.16358999999999627
14,1,w1_20260418_020641,8,-3536.5,334011,84265.5,0.3355499999999923,0.22283999999999668
14,1,w1_20260418_020641,9,-9999.999999999996,87229.14064443012,10639.959706467149,0.5561949999999981,0.2655749999999877
14,1,w1_20260418_020641,10,45412.75,303963.75,54793.5,0.42816000000001425,0.23024499999999365
14,1,w1_20260418_020641,11,162585,194384.25,52110.75,0.6467650000000051,0.1566699999999939
14,1,w1_20260418_020641,12,52022.5,307633.5,40404,0.44117000000001533,0.1883649999999896
14,1,w1_20260418_020641,13,198152,166680,44838,0.6992899999999933,0.2624800000000161
14,1,w1_20260418_020641,14,231822,135183,61335,0.7578849999999769,0.29878500000000113
14,1,w1_20260418_020641,15,182553.25,234102.75,191784,0.5193350000000241,0.540595
14,1,w1_20260418_020641,16,81448.25,250782,175569.75,0.4618200000000174,0.2847600000000068
14,1,w1_20260418_020641,17,201943,164763.75,53483.25,0.7064999999999937,0.1991449999999953
14,1,w1_20260418_020641,18,72956.75,299550,62783.25,0.46859000000001905,0.2818450000000031
14,1,w1_20260418_020641,19,241745.25,137618.25,49516.5,0.7536749999999611,0.3875850000000297
14,1,w1_20260418_020641,20,127151.25,245053.5,56915.25,0.564950000000011,0.2774849999999869
14,1,w1_20260418_020641,21,23332.5,253454.25,61883.25,0.3786999999999998,0.33396500000001017
14,1,w1_20260418_020641,22,127674.5,198285,181810.5,0.5163349999999959,0.4223849999999935
14,1,w1_20260418_020641,23,119667.5,226471.5,239331,0.3787699999999885,0.5200600000000138
14,1,w1_20260418_020641,24,88217.75,211920,200672.25,0.4783550000000123,0.39871499999999094
14,1,w1_20260418_020641,25,85444.25,251993.25,72382.5,0.5107150000000261,0.26139000000001544
14,1,w1_20260418_020641,26,240854.25,132075,38940.75,0.7646299999999956,0.25770000000001236
14,1,w1_20260418_020641,27,89589.25,260102.25,191458.5,0.4395249999999945,0.4232349999999957
14,1,w1_20260418_020641,28,58673,135231,82626,0.5956600000000144,0.17714999999998696
14,1,w1_20260418_020641,29,286635.5,90531.75,40392.75,0.8420799999999629,0.1968199999999942
14,1,w1_20260418_020641,30,290892,93159,39039,0.8379599999999587,0.3616349999999916
14,1,w1_20260418_020641,31,118167,224016.75,39806.25,0.538815,0.2541350000000002
14,1,w1_20260418_020641,32,102084.5,271043.25,213842.25,0.4162099999999956,0.4779899999999736
14,1,w1_20260418_020641,33,322797.75,54431.25,84561,0.9048749999999752,0.23507499999999204
14,1,w1_20260418_020641,34,98915.25,250165.5,203789.25,0.4701599999999702,0.3632299999999884
14,1,w1_20260418_020641,35,295527.25,101921.25,93631.5,0.8191549999999994,0.43325000000001257
14,1,w1_20260418_020641,36,331691,56807.25,93531.75,0.9021249999999538,0.34864500000001025
14,1,w1_20260418_020641,37,146623.75,210191.25,57645,0.5680800000000036,0.2622500000000011
14,1,w1_20260418_020641,38,319002.5,73587.75,190629.75,0.8635599999999657,0.387830000000015
14,1,w1_20260418_020641,39,239377.75,179998.5,233373.75,0.663795000000004,0.4394900000000032
14,1,w1_20260418_020641,40,268567.5,163617,241195.5,0.687765000000033,0.4659449999999927
14,1,w1_20260418_020641,41,268869,165865.5,216415.5,0.7028449999999915,0.46157500000001456
14,1,w1_20260418_020641,42,228268.5,202728.75,257922.75,0.6313350000000186,0.4412600000000291
14,1,w1_20260418_020641,43,183727,226911.75,233621.25,0.5882250000000155,0.4058000000000002
14,1,w1_20260418_020641,44,7014,98042.25,350733.75,0.19288999999996223,0.34299999999999115
14,1,w1_20260418_020641,45,22528.75,21234.75,306616.5,0.6570200000000703,0.35354499999998495
14,1,w1_20260418_020641,46,44332.5,92961,224506.5,0.5450950000000228,0.3352499999999744
14,1,w1_20260418_020641,47,191373.25,217108.5,293678.25,0.5740950000000319,0.4407700000000062
14,1,w1_20260418_020641,48,184140,208092.75,211427.25,0.5860300000000122,0.3948349999999835
14,1,w1_20260418_020641,49,259691.75,129732,163856.25,0.7321150000000091,0.3467850000000067
14,1,w1_20260418_020641,50,233512.25,196215.75,267702,0.6363749999999919,0.44017499999998744
14,1,w1_20260418_020641,51,343514.25,70038.75,276867,0.8584500000000027,0.40286000000001826
14,1,w1_20260418_020641,52,131375.5,206484,234730.5,0.3834550000000155,0.5310450000000001
14,1,w1_20260418_020641,53,109245.75,74702.25,277212,0.6265599999999812,0.418644999999997
14,1,w1_20260418_020641,54,266273.25,141328.5,251798.25,0.7017050000000153,0.5329149999999956
14,1,w1_20260418_020641,55,103345.75,176049,260945.25,0.4696800000000038,0.40129000000000087
14,1,w1_20260418_020641,56,243342.75,108312,244775.25,0.7491749999999867,0.35598499999999406
14,1,w1_20260418_020641,57,276742.5,123841.5,234486,0.7522299999999984,0.39439499999999544
14,1,w1_20260418_020641,58,290492,55659.75,233888.25,0.8654099999999757,0.351864999999999
14,1,w1_20260418_020641,59,93252.25,198041.25,231736.5,0.4653550000000067,0.3072850000000033
14,1,w1_20260418_020641,60,201593.5,164144.25,283922.25,0.6189800000000366,0.40059999999999185
14,1,w1_20260418_020641,61,144001.5,189402,270196.5,0.4904199999999864,0.3813349999999989
14,1,w1_20260418_020641,62,247893,147896.25,305490.75,0.7108750000000459,0.4025949999999997
14,1,w1_20260418_020641,63,316062.5,82167,271690.5,0.8473449999999894,0.3695299999999922
14,1,w1_20260418_020641,64,60162.75,107320.5,236496.75,0.5825299999999836,0.372999999999986
14,1,w1_20260418_020641,65,30201.5,86182.5,245226,0.4779450000000112,0.3592600000000121
14,1,w1_20260418_020641,66,113308,172443,274299,0.49012499999999465,0.41714999999999774
14,1,w1_20260418_020641,67,289317.5,124965.75,285726.75,0.7666450000000287,0.42455999999999794
14,1,w1_20260418_020641,68,268600.25,150045,322074.75,0.7410450000000088,0.3872300000000019
14,1,w1_20260418_020641,69,301918.25,134419.5,324662.25,0.7717299999999977,0.4115099999999953
14,1,w1_20260418_020641,70,116875.25,112068,231456.75,0.516639999999987,0.4396249999999915
14,1,w1_20260418_020641,71,29901.5,98403,246445.5,0.28865000000002056,0.4051199999999891
14,1,w1_20260418_020641,72,117603.5,131391.75,276054.75,0.5274149999999765,0.42402999999999463
14,1,w1_20260418_020641,73,406653,31798.5,314068.5,0.9424000000000362,0.4230949999999968
14,1,w1_20260418_020641,74,75969.75,139428.75,271711.5,0.43142499999999745,0.39833999999998215
14,1,w1_20260418_020641,75,196761,192232.5,292096.5,0.6323199999999981,0.3708099999999996
14,1,w1_20260418_020641,76,172079,202557,310644,0.6193699999999696,0.39669999999998734
14,1,w1_20260418_020641,77,372033.25,47390.25,319126.5,0.91644999999998,0.3813700000000026
14,1,w1_20260418_020641,78,146036,114098.25,275685.75,0.6001299999999694,0.423484999999987
14,1,w1_20260418_020641,79,292958.5,127563.75,307497.75,0.771549999999976,0.40356000000000486
14,1,w1_20260418_020641,80,99090.5,130112.25,271727.25,0.46454000000000617,0.397129999999988
14,1,w1_20260418_020641,81,86971,40564.5,271114.5,0.694414999999978,0.430344999999996
14,1,w1_20260418_020641,82,78580.75,133878.75,276820.5,0.4644799999999965,0.3913300000000056
14,1,w1_20260418_020641,83,223676.75,182211.75,288121.5,0.6794699999999898,0.40130500000001296
14,1,w1_20260418_020641,84,235258.5,167762.25,286649.25,0.7059099999999723,0.38602500000000006
14,1,w1_20260418_020641,85,119450.25,161349,279030.75,0.4513650000000092,0.40793499999999666
14,1,w1_20260418_020641,86,124682.5,138642,319045.5,0.5565599999999876,0.3496750000000111
14,1,w1_20260418_020641,87,210011.75,148971,303527.25,0.659819999999973,0.40052999999999866
14,1,w1_20260418_020641,88,154863.5,208580.25,231926.25,0.5849449999999998,0.3683850000000015
14,1,w1_20260418_020641,89,219809.5,169989,297091.5,0.6538099999999828,0.43697999999998965
14,1,w1_20260418_020641,90,148016.25,166586.25,223927.5,0.608179999999991,0.3084249999999976
14,1,w1_20260418_020641,91,452981,32068.5,244030.5,0.9389350000000032,0.5278999999999756
14,1,w1_20260418_020641,92,55480.5,131238.75,246780.75,0.4004550000000121,0.43359499999998535
14,1,w1_20260418_020641,93,128287.75,51377.25,298665,0.7029450000000117,0.400844999999999
14,1,w1_20260418_020641,94,362360.75,61948.5,196530.75,0.8874949999999603,0.4715299999999796
14,1,w1_20260418_020641,95,146630.5,233072.25,310037.25,0.5639850000000125,0.377479999999994
14,1,w1_20260418_020641,96,194037.25,109685.25,277807.5,0.7061400000000074,0.3516650000000141
14,1,w1_20260418_020641,97,102236.75,138743.25,322620,0.48839499999997854,0.3719350000000018
14,1,w1_20260418_020641,98,67294.75,129375.75,266539.5,0.31247500000000306,0.43377500000000174
14,1,w1_20260418_020641,99,69417.5,86919,288643.5,0.538324999999975,0.40855999999999826
14,1,w1_20260418_020641,100,27823.25,56689.5,199157.25,0.2887799999999865,0.42898499999998574
15,0,w0_20260418_021428,1,150055.25,177720.75,101124,0.656414999999993,0.13203999999999952
15,0,w0_20260418_021428,2,115936.25,230505,55368.75,0.5714999999999946,0.15181999999999166
15,0,w0_20260418_021428,3,223294.25,126003.75,54972,0.7674699999999786,0.15485999999999725
15,0,w0_20260418_021428,4,172048.5,174720,49921.5,0.6764099999999655,0.12463499999999542
15,0,w0_20260418_021428,5,167461,178260.75,49148.25,0.6659949999999649,0.13265999999999864
15,0,w0_20260418_021428,6,122127.25,218378.25,44794.5,0.5800949999999759,0.20181499999999192
15,0,w0_20260418_021428,7,94706.25,241514.25,51259.5,0.5341049999999892,0.1551649999999986
15,0,w0_20260418_021428,8,80479.25,240001.5,54869.25,0.51083999999998,0.14229500000000073
15,0,w0_20260418_021428,9,62972.25,243213.75,66564,0.467745000000031,0.2943200000000044
15,0,w0_20260418_021428,10,62641.75,239372.25,79596,0.46942500000003046,0.22220499999999369
15,0,w0_20260418_021428,11,240686.25,115185,46038.75,0.7861599999999659,0.25491499999999806
15,0,w0_20260418_021428,12,-4589,147831,73338,0.3536500000000132,0.2600749999999899
15,0,w0_20260418_021428,13,53879.25,223704,39876.75,0.4479100000000157,0.16299999999999834
15,0,w0_20260418_021428,14,228360.75,122937,94382.25,0.7790999999999885,0.16442499999998944
15,0,w0_20260418_021428,15,258908,97576.5,71875.5,0.8250299999999426,0.1751299999999879
15,0,w0_20260418_021428,16,150098.75,217025.25,34056,0.610019999999963,0.28852999999999956
15,0,w0_20260418_021428,17,116477,248869.5,61693.5,0.5520799999999927,0.2441400000000093
15,0,w0_20260418_021428,18,200335.25,234963,146181.75,0.44626000000000743,0.6375499999999419
15,0,w0_20260418_021428,19,193984.5,159854.25,273041.25,0.6081199999999809,0.49525500000001194
15,0,w0_20260418_021428,20,145405,222305.25,75129.75,0.6061599999999686,0.149104999999991
15,0,w0_20260418_021428,21,236227.25,129808.5,46334.25,0.7695449999999339,0.178079999999999
15,0,w0_20260418_021428,22,76029,250410,45861,0.5404549999999863,0.16520000000000307
15,0,w0_20260418_021428,23,71874.5,287486.25,65549.25,0.480210000000009,0.21765999999999436
15,0,w0_20260418_021428,24,-10000,116077.65,72124.05,0.3685950000000533,0.2179999999999929
15,0,w0_20260418_021428,25,155720,199832.25,50517.75,0.6241349999999934,0.2955399999999886
15,0,w0_20260418_021428,26,199439.5,178975.5,74655,0.6857049999999705,0.3164499999999977
15,0,w0_20260418_021428,27,156651,209822.25,67386.75,0.6261149999999785,0.24248499999999812
15,0,w0_20260418_021428,28,249240.25,116646,93783.75,0.794504999999951,0.28620499999999854
15,0,w0_20260418_021428,29,121114,241744.5,57931.5,0.5658699999999971,0.24672999999999196
15,0,w0_20260418_021428,30,151693.25,201069,195327.75,0.6010549999999936,0.36201000000000233
15,0,w0_20260418_021428,31,247186.75,255326.25,199707,0.5021999999999931,0.629765000000009
15,0,w0_20260418_021428,32,75087.25,237781.5,325271.25,0.4672149999999898,0.3469450000000142
15,0,w0_20260418_021428,33,102028.25,234007.5,43544.25,0.5427150000000043,0.15344500000000072
15,0,w0_20260418_021428,34,44934.5,185421.75,56553.75,0.4548399999999776,0.2326749999999851
15,0,w0_20260418_021428,35,27125,171445.5,37819.5,0.35074000000000854,0.1889049999999929
15,0,w0_20260418_021428,36,311376.5,57519.75,115833.75,0.8948099999999851,0.24767999999998577
15,0,w0_20260418_021428,37,354862.75,44122.5,253104.75,0.92384999999998485,0.3704200000000024
15,0,w0_20260418_021428,38,330968.25,45734.25,120697.5,0.9209700000000136,0.20139999999999092
15,0,w0_20260418_021428,39,96207.25,205562.25,31510.5,0.5278999999999772,0.11975000000000488
15,0,w0_20260418_021428,40,161689,201184.5,29056.5,0.6280300000000004,0.09438999999999924
15,0,w0_20260418_021428,41,259809,110747.25,55353.75,0.8029949999999709,0.1100199999999962
15,0,w0_20260418_021428,42,307640.5,241264.5,138105,0.5445750000000157,0.6847700000000135
15,0,w0_20260418_021428,43,166350.5,210039.75,223719.75,0.6028249999999657,0.4159700000000002
15,0,w0_20260418_021428,44,96475.75,181435.5,30978.75,0.5191449999999878,0.2074549999999972
15,0,w0_20260418_021428,45,305953,74217.75,54509.25,0.8713499999999563,0.24670000000000164
15,0,w0_20260418_021428,46,120877.75,180064.5,33297.75,0.538174999999999,0.15666999999998804
15,0,w0_20260418_021428,47,68957.25,116187.75,21525,0.4249949999999972,0.3888099999999946
15,0,w0_20260418_021428,48,97425,137601,73644,0.5199299999999971,0.2994099999999924
15,0,w0_20260418_021428,49,164390.25,133382.25,30067.5,0.6595799999999692,0.2256099999999968
15,0,w0_20260418_021428,50,86882.5,284663.25,328544.25,0.3827649999999988,0.41098999999999
15,0,w0_20260418_021428,51,182439.25,128682.75,58488,0.6711249999999824,0.23766999999998284
15,0,w0_20260418_021428,52,128647.25,82011.75,191091,0.5103549999999845,0.3144349999999983
15,0,w0_20260418_021428,53,116907,121790.25,219402.75,0.4915299999999811,0.3607099999999986
15,0,w0_20260418_021428,54,207354.5,107478.75,38076.75,0.7198749999999762,0.35903000000001095
15,0,w0_20260418_021428,55,138146.75,94971,154562.25,0.5473899999999985,0.4521450000000237
15,0,w0_20260418_021428,56,156983.75,66504,207422.25,0.7088599999999923,0.3999750000000043
15,0,w0_20260418_021428,57,205110.25,72810,50109.75,0.6797350000000114,0.293974999999985
15,0,w0_20260418_021428,58,190944,107066.25,70749.75,0.697604999999975,0.40076500000002313
15,0,w0_20260418_021428,59,316214,63135.75,81230.25,0.8873099999999058,0.408964999999996
15,0,w0_20260418_021428,60,186064.25,106417.5,52208.25,0.7185849999999742,0.22176499999998828
15,0,w0_20260418_021428,61,175982,96775.5,27802.5,0.7117849999999547,0.23086999999998303
15,0,w0_20260418_021428,62,63794.25,90759.75,32706,0.4548600000000055,0.28201500000001084
15,0,w0_20260418_021428,63,11992.25,92777.25,54370.5,0.3318950000000222,0.3767699999999962
15,0,w0_20260418_021428,64,100853.75,130135.5,58860.75,0.6249949999999933,0.2989599999999958
15,0,w0_20260418_021428,65,127779.5,122922.75,53637.75,0.6482549999999822,0.326120000000014
15,0,w0_20260418_021428,66,177558.5,95355.75,141405.75,0.7862349999999806,0.379800000000008
15,0,w0_20260418_021428,67,165461.75,105091.5,115956.75,0.7343699999999699,0.33213500000000307
15,0,w0_20260418_021428,68,149380.5,87120,260899.5,0.6628799999999763,0.3755850000000054
15,0,w0_20260418_021428,69,101548.75,177360.75,135790.5,0.5534949999999942,0.3168000000000161
15,0,w0_20260418_021428,70,135491.75,200300.25,97218,0.5833099999999997,0.17293999999998597
15,0,w0_20260418_021428,71,128368.5,171153.75,109227.75,0.597339999999998,0.3133300000000039
15,0,w0_20260418_021428,72,75003.5,230142.75,74103.75,0.4746599999999994,0.30157500000000276
15,0,w0_20260418_021428,73,-10000,58710.34545170235,27020.84629572416,0.6488399999999673,0.366550000000026
15,0,w0_20260418_021428,74,97160.25,199980,41709.75,0.5740850000000113,0.25974000000000436
15,0,w0_20260418_021428,75,96139.75,211758,94532.25,0.5344700000000336,0.3064800000000257
15,0,w0_20260418_021428,76,331372.25,74592.75,258645,0.872869999999949,0.3820250000000008
15,0,w0_20260418_021428,77,94025.75,217905,65549.25,0.5321149999999987,0.1935949999999989
15,0,w0_20260418_021428,78,56383.75,207904.5,139941.75,0.4475950000000041,0.33700999999999803
15,0,w0_20260418_021428,79,242491,57327.75,130901.25,0.8558849999999442,0.10074499999999376
15,0,w0_20260418_021428,80,164612.25,186909,29478.75,0.6419049999999791,0.4730199999999849
15,0,w0_20260418_021428,81,-3064,197838,54876,0.337044999999987,0.3502000000000254
15,0,w0_20260418_021428,82,123522.5,166420.5,141537,0.4861550000000275,0.3798900000000368
15,0,w0_20260418_021428,83,368198.25,39751.5,129560.25,0.9331149999999822,0.2552800000000152
15,0,w0_20260418_021428,84,281570.25,127886.25,117313.5,0.7847099999999468,0.23046499999999673
15,0,w0_20260418_021428,85,297392.25,101457,70800.75,0.8278499999999558,0.18250999999997955
15,0,w0_20260418_021428,86,177442.5,128296.5,125331,0.6764299999999827,0.34312000000002335
15,0,w0_20260418_021428,87,148328,221562.75,270359.25,0.5068849999999728,0.4177000000000195
15,0,w0_20260418_021428,88,84905.25,176556.75,101328,0.51840499999999,0.2020799999999864
15,0,w0_20260418_021428,89,310074.5,93321.75,128433.75,0.8422849999999851,0.3617449999999879
15,0,w0_20260418_021428,90,230280.5,199661.25,212798.25,0.656074999999991,0.3865000000000097
15,0,w0_20260418_021428,91,159405.25,228413.25,171211.5,0.5466049999999762,0.3898600000000004
15,0,w0_20260418_021428,92,68338,179725.5,71956.5,0.5377899999999398,0.4419799999999731
15,0,w0_20260418_021428,93,255158.25,75351,268650.75,0.8626950000000172,0.306185000000006
15,0,w0_20260418_021428,94,51861.75,289375.5,228432.75,0.43426000000001513,0.3244100000000036
15,0,w0_20260418_021428,95,320942,57832.5,254485.5,0.9021599999999602,0.332224999999997
15,0,w0_20260418_021428,96,375930.25,47503.5,277646.25,0.9201999999999296,0.3682949999999894
15,0,w0_20260418_021428,97,182352.25,238574.25,313453.5,0.5966600000000007,0.37968499999999833
15,0,w0_20260418_021428,98,173268.25,216009.75,259482,0.6056650000000151,0.3188649999999985
15,0,w0_20260418_021428,99,-10000,246419.25,210975.75,0.2806750000000247,0.4580949999999879
15,0,w0_20260418_021428,100,216918,191739,294813,0.6711399999999954,0.3606349999999981
15,1,w1_20260418_022213,1,153217.25,183570.75,99582,0.6536199999999905,0.18225999999999867
15,1,w1_20260418_022213,2,248192.25,97956,75531.75,0.8185949999999745,0.1878949999999954
15,1,w1_20260418_022213,3,225383.75,127672.5,51273.75,0.7653649999999714,0.1817150000000009
15,1,w1_20260418_022213,4,208334,146286,47250,0.7311249999999732,0.17798499999999978
15,1,w1_20260418_022213,5,126527.25,227734.5,50558.25,0.5838699999999974,0.1753099999999961
15,1,w1_20260418_022213,6,115378.5,240137.25,41984.25,0.5592399999999872,0.19821500000000267
15,1,w1_20260418_022213,7,107834.5,246148.5,61017,0.5517349999999882,0.1681799999999939
15,1,w1_20260418_022213,8,157258,201774.75,46217.25,0.6349499999999955,0.17466499999999677
15,1,w1_20260418_022213,9,155579.75,203747.25,57303,0.633284999999994,0.1703649999999905
15,1,w1_20260418_022213,10,80178.5,282342,50029.5,0.4917899999999936,0.19842999999999328
15,1,w1_20260418_022213,11,214384.25,145799.25,55876.5,0.736284999999982,0.20631499999999817
15,1,w1_20260418_022213,12,47782.5,316640.25,65927.25,0.4313349999999967,0.2741049999999945
15,1,w1_20260418_022213,13,56116.75,296179.5,58773.75,0.45887000000000233,0.18720999999999935
15,1,w1_20260418_022213,14,-10000,48240,6201,0.7049249999999141,0.35180000000002554
15,1,w1_20260418_022213,15,260529.75,132408,246122.25,0.7607699999999624,0.3751100000000022
15,1,w1_20260418_022213,16,303748.5,141779.25,189812.25,0.7452799999999878,0.4900100000000076
15,1,w1_20260418_022213,17,348766.25,119958,202365.75,0.7829799999999785,0.5270150000000051
15,1,w1_20260418_022213,18,142973.25,215493.75,250353,0.619879999999988,0.24469999999999736
15,1,w1_20260418_022213,19,18914.75,320899.5,200895.75,0.4093749999999949,0.23194500000000823
15,1,w1_20260418_022213,20,157499.5,215259.75,124020.75,0.6196300000000087,0.28260500000000593
15,1,w1_20260418_022213,21,224145.75,206232.75,235561.5,0.6302399999999904,0.43808499999999384
15,1,w1_20260418_022213,22,71697,313903.5,263449.5,0.37564499999999423,0.4160899999999988
15,1,w1_20260418_022213,23,323099,105658.5,225502.5,0.8109099999999269,0.4523949999999918
15,1,w1_20260418_022213,24,123216.5,281124,245299.5,0.4344050000000043,0.4773199999999797
15,1,w1_20260418_022213,25,298099.75,102540,199550.25,0.816764999999933,0.3882050000000237
15,1,w1_20260418_022213,26,302518,89886,167136,0.8404299999999817,0.3525650000000028
15,1,w1_20260418_022213,27,150854.75,240006,215789.25,0.576609999999967,0.32007000000000346
15,1,w1_20260418_022213,28,-10000.000000000002,63172.5252434475,74521.85474121752,0.2276049999999977,0.49564000000001407
15,1,w1_20260418_022213,29,226368.75,170701.5,229629.75,0.6931749999999536,0.36290500000001846
15,1,w1_20260418_022213,30,263067.75,131088.75,169993.5,0.771954999999966,0.3223800000000167
15,1,w1_20260418_022213,31,71174.25,260088.75,195207,0.491655,0.2358650000000086
15,1,w1_20260418_022213,32,85932.75,277055.25,229032,0.4099249999999876,0.4269649999999996
15,1,w1_20260418_022213,33,246620,151934.25,234825.75,0.7193749999999943,0.382275000000004
15,1,w1_20260418_022213,34,193992.75,215604,240503.25,0.6247349999999671,0.38199499999999936
15,1,w1_20260418_022213,35,55157,241963.5,230989.5,0.3756799999999909,0.36889999999999584
15,1,w1_20260418_022213,36,363263.25,59448.75,252468,0.8927549999999538,0.41738000000000475
15,1,w1_20260418_022213,37,262909.25,136016.25,163864.5,0.7645399999999802,0.35293000000001423
15,1,w1_20260418_022213,38,337698.5,74450.25,158801.25,0.8724399999999836,0.39025000000000826
15,1,w1_20260418_022213,39,233457.5,174172.5,173220,0.7001149999999898,0.37928500000000587
15,1,w1_20260418_022213,40,338717.5,90160.5,249612,0.8449849999998962,0.41701500000001296
15,1,w1_20260418_022213,41,213731.5,194833.5,178245,0.6652650000000155,0.33022000000000223
15,1,w1_20260418_022213,42,28444.75,223289.25,152046,0.3504950000000017,0.3459500000000123
15,1,w1_20260418_022213,43,134714,206893.5,281542.5,0.4940249999999829,0.4144350000000088
15,1,w1_20260418_022213,44,286777.75,139651.5,233040.75,0.7585249999999567,0.4272150000000132
15,1,w1_20260418_022213,45,167448.25,249828.75,253143,0.5628500000000043,0.4050299999999997
15,1,w1_20260418_022213,46,35720,240178.5,269881.5,0.33976000000000484,0.3589900000000052
15,1,w1_20260418_022213,47,155462.5,226347.75,273309.75,0.5594599999999983,0.3932900000000003
15,1,w1_20260418_022213,48,268593.75,151833.75,204142.5,0.7381999999999507,0.3934150000000046
15,1,w1_20260418_022213,49,306760,111559.5,207670.5,0.8069199999999772,0.395365000000006
15,1,w1_20260418_022213,50,142851.25,263435.25,298033.5,0.5295049999999929,0.3924549999999952
15,1,w1_20260418_022213,51,98458,236053.5,288598.5,0.4266150000000081,0.39220000000000166
15,1,w1_20260418_022213,52,91132.75,277508.25,209019,0.4749450000000096,0.3870350000000005
15,1,w1_20260418_022213,53,85415.25,174309.75,227655,0.4115150000000067,0.3843050000000189
15,1,w1_20260418_022213,54,307716.25,107733.75,163410,0.8077350000000035,0.4452300000000048
15,1,w1_20260418_022213,55,383473,63364.5,267142.5,0.8919449999999218,0.45184500000001687
15,1,w1_20260418_022213,56,425738.25,41390.25,275041.5,0.9295699999999544,0.47567999999998584
15,1,w1_20260418_022213,57,93382.75,207223.5,219873.75,0.43638000000001986,0.3368250000000044
15,1,w1_20260418_022213,58,66889,156659.25,187071.75,0.48909500000001144,0.3701800000000072
15,1,w1_20260418_022213,59,264440,148634.25,276015.75,0.73352499999995735,0.4188100000000001
15,1,w1_20260418_022213,60,92077.5,232370.25,276752.25,0.5103800000000095,0.4113049999999933
15,1,w1_20260418_022213,61,129161.5,135219.75,146208.75,0.6396449999999546,0.3699950000000002
15,1,w1_20260418_022213,62,249334.75,176116.5,299328.75,0.6864750000000075,0.4128949999999928
15,1,w1_20260418_022213,63,231729.75,193671.75,312988.5,0.662564999999967,0.40332999999999314
15,1,w1_20260418_022213,64,133113.75,161908.5,254817.75,0.526504999999976,0.3693449999999976
15,1,w1_20260418_022213,65,147571,145612.5,225496.5,0.6503599999999731,0.3699200000000096
15,1,w1_20260418_022213,66,142616,173170.5,290443.5,0.5679699999999898,0.3877450000000046
15,1,w1_20260418_022213,67,166278.75,177362.25,285579,0.5934250000000083,0.3943050000000001
15,1,w1_20260418_022213,68,174327.5,117361.5,255861,0.592779999999988,0.42635000000001655
15,1,w1_20260418_022213,69,267519.75,88628.25,273072,0.7796149999999737,0.3938699999999968
15,1,w1_20260418_022213,70,157875,116697.75,246407.25,0.6478950000000161,0.4027750000000223
15,1,w1_20260418_022213,71,43384.25,134747.25,301918.5,0.4195549999999916,0.24311499999999583
15,1,w1_20260418_022213,72,97838.75,95559.75,223651.5,0.4653749999999894,0.5092100000000123
15,1,w1_20260418_022213,73,82583.25,119793,216003.75,0.48994500000001945,0.4145999999999989
15,1,w1_20260418_022213,74,18528.25,81576,172275.75,0.3516500000000017,0.2663199999999977
15,1,w1_20260418_022213,75,42987.25,41723.25,282049.5,0.4980800000000177,0.3712000000000283
15,1,w1_20260418_022213,76,201881.75,152493,252125.25,0.702164999999976,0.28513500000001113
15,1,w1_20260418_022213,77,217222.25,95349.75,259158,0.6551149999999825,0.5138349999999958
15,1,w1_20260418_022213,78,-5287.25,24674.25,178863,0.30351499999995146,0.2697650000000111
15,1,w1_20260418_022213,79,225851,86190.75,297008.25,0.6991699999999627,0.4270499999999954
15,1,w1_20260418_022213,80,69256.25,145340.25,354103.5,0.5920950000000149,0.214184999999991
15,1,w1_20260418_022213,81,344913.5,66405,307711.5,0.8833049999999457,0.36676000000000625
15,1,w1_20260418_022213,82,137160.75,141597.75,351241.5,0.655004999999995,0.2467249999999936
15,1,w1_20260418_022213,83,85415,167939.25,319035.75,0.5039049999999966,0.2542400000000021
15,1,w1_20260418_022213,84,-10000,19017.75,57257.25,0.11156499999998142,0.4893899999999855
15,1,w1_20260418_022213,85,176486,186211.5,245572.5,0.6354349999999834,0.4454300000000061
15,1,w1_20260418_022213,86,113738.25,126398.25,287983.5,0.6480299999999742,0.22867000000000295
15,1,w1_20260418_022213,87,242558.5,174569.25,300332.25,0.6782499999999685,0.4334250000000026
15,1,w1_20260418_022213,88,73139.75,128088,147422.25,0.633914999999965,0.24807999999999825
15,1,w1_20260418_022213,89,184375.25,163152.75,240432,0.6680449999999675,0.4142550000000048
15,1,w1_20260418_022213,90,113481,125268,213231,0.6288699999999801,0.3380949999999962
15,1,w1_20260418_022213,91,175192.5,175325.25,266342.25,0.6571149999999839,0.32084000000002144
15,1,w1_20260418_022213,92,263706.5,85893,272800.5,0.8494349999999841,0.2733100000000036
15,1,w1_20260418_022213,93,263129.5,82663.5,201417,0.85792499999999,0.16013999999998751
15,1,w1_20260418_022213,94,295003.5,77335.5,179361,0.8653400000000162,0.27663000000001664
15,1,w1_20260418_022213,95,141590.25,137293.5,71486.25,0.6145549999999951,0.3751899999999918
15,1,w1_20260418_022213,96,125438,164191.5,47680.5,0.5685099999999945,0.558305000000018
15,1,w1_20260418_022213,97,225515.75,156102.75,121951.5,0.7350999999999842,0.347810000000032
15,1,w1_20260418_022213,98,173140.25,204303.75,38976,0.6377049999999898,0.3026250000000151
15,1,w1_20260418_022213,99,-10000,43329.3,7855.5,0.8190049999998629,0.5669099999999705
15,1,w1_20260418_022213,100,-10000,58086.75,14081.25,0.3222000000000183,0.4373999999999885
16,0,w0_20260418_023001,1,122824.75,184947.75,87487.5,0.6238549999999872,0.14204499999999398
16,0,w0_20260418_023001,2,244184.5,102783,65392.5,0.8105299999999724,0.17081499999998964
16,0,w0_20260418_023001,3,54280,292943.25,55056.75,0.4545799999999965,0.1611499999999886
16,0,w0_20260418_023001,4,194634,154770,51006,0.7149399999999729,0.13278999999999547
16,0,w0_20260418_023001,5,128173,222290.25,50406.75,0.590360000000008,0.14456499999999436
16,0,w0_20260418_023001,6,26076.25,230670.75,46383,0.4625549999999914,0.1621749999999956
16,0,w0_20260418_023001,7,53533.75,277383,47303.25,0.45992499999998954,0.14393999999999216
16,0,w0_20260418_023001,8,180116,172202.25,44271.75,0.6845299999999999,0.1423649999999912
16,0,w0_20260418_023001,9,223620.5,131391.75,44817.75,0.7595199999999767,0.1568199999999933
16,0,w0_20260418_023001,10,102620.75,254991.75,39367.5,0.533289999999999,0.20204499999999467
16,0,w0_20260418_023001,11,3153,162844.5,39892.5,0.3823900000000138,0.15411999999999174
16,0,w0_20260418_023001,12,38863.75,233297.25,47439,0.40831000000000184,0.27365999999999413
16,0,w0_20260418_023001,13,-5831.25,120066,54335.25,0.3561500000000074,0.24831500000000348
16,0,w0_20260418_023001,14,279321,102223.5,155395.5,0.8140849999999777,0.32967500000000444
16,0,w0_20260418_023001,15,101078.75,260997,41144.25,0.5282150000000181,0.19872499999999177
16,0,w0_20260418_023001,16,9985.25,139933.5,34181.25,0.41288499999996287,0.18372999999999737
16,0,w0_20260418_023001,17,103832.75,226717.5,48129.75,0.5544799999999968,0.23417999999999264
16,0,w0_20260418_023001,18,264685,80377.5,126577.5,0.8557649999999634,0.12660999999999
16,0,w0_20260418_023001,19,240539.5,130348.5,64812,0.7695199999999892,0.22871499999999523
16,0,w0_20260418_023001,20,161141.75,271668,129020.25,0.4122499999999801,0.653269999999972
16,0,w0_20260418_023001,21,95012.5,236742,52975.5,0.5163450000000351,0.1576599999999918
16,0,w0_20260418_023001,22,216715,156816,175089,0.713304999999963,0.31337500000001944
16,0,w0_20260418_023001,23,140871.75,222993.75,48874.5,0.5968699999999915,0.20825999999999545
16,0,w0_20260418_023001,24,128733.75,264998.25,149538,0.5141949999999805,0.3508250000000012
16,0,w0_20260418_023001,25,393171.5,143098.5,184620,0.73514999999997,0.6367799999999942
16,0,w0_20260418_023001,26,7.25,140394,148818.75,0.39870500000000736,0.37131499999997936
16,0,w0_20260418_023001,27,149522.25,118573.5,249794.25,0.6472450000000114,0.38862000000000624
16,0,w0_20260418_023001,28,329009.75,105714.75,280975.5,0.7998300000000271,0.4699449999999887
16,0,w0_20260418_023001,29,197240.5,206007.75,260661.75,0.6428349999999672,0.35800499999999186
16,0,w0_20260418_023001,30,283340.25,82848.75,142461,0.8536199999999929,0.1933499999999912
16,0,w0_20260418_023001,31,280422,101610.75,178277.25,0.8224849999999994,0.3616699999999898
16,0,w0_20260418_023001,32,24649.25,89892,152268.75,0.44392999999997534,0.3610550000000047
16,0,w0_20260418_023001,33,266994,102522.75,237713.25,0.7908199999999739,0.3448349999999945
16,0,w0_20260418_023001,34,295066.75,102696,270527.25,0.8215199999999975,0.3589299999999941
16,0,w0_20260418_023001,35,142280,267534.75,298625.25,0.5186950000000402,0.3999299999999816
16,0,w0_20260418_023001,36,293670.75,185384.25,261615,0.675525000000004,0.5140499999999901
16,0,w0_20260418_023001,37,205850.25,225603,283146.75,0.5902399999999816,0.4304249999999909
16,0,w0_20260418_023001,38,124931.25,251427.75,299871,0.4794249999999916,0.404125000000011
16,0,w0_20260418_023001,39,59715.25,131042.25,271912.5,0.3551350000000278,0.4289100000000004
16,0,w0_20260418_023001,40,43207.5,63425.25,278747.25,0.5131049999999565,0.39649500000000554
16,0,w0_20260418_023001,41,435976.5,78722.25,217061.25,0.8468399999999847,0.603174999999984
16,0,w0_20260418_023001,42,79601.25,134536.5,286052.25,0.41987999999998976,0.4172949999999881
16,0,w0_20260418_023001,43,53739.5,111789.75,255390.75,0.3457149999999934,0.3937049999999978
16,0,w0_20260418_023001,44,199579.5,193826.25,265184.25,0.6375749999999919,0.38956500000000255
16,0,w0_20260418_023001,45,74379.75,166158.75,241351.5,0.2608599999999869,0.5048050000000109
16,0,w0_20260418_023001,46,75044,158139,278457,0.4817199999999835,0.4058949999999923
16,0,w0_20260418_023001,47,110027.5,216999,220453.5,0.5065550000000041,0.3970149999999974
16,0,w0_20260418_023001,48,289651.5,144336.75,280131.75,0.7338899999999634,0.4523800000000023
16,0,w0_20260418_023001,49,47683.5,210397.5,187059,0.4353849999999849,0.2943400000000244
16,0,w0_20260418_023001,50,153066.5,184694.25,179009.25,0.6275000000000337,0.3211649999999926
16,0,w0_20260418_023001,51,58535.75,228718.5,234855.75,0.4137200000000004,0.3542199999999901
16,0,w0_20260418_023001,52,19999.25,107147.25,207673.5,0.3130599999999894,0.3378699999999872
16,0,w0_20260418_023001,53,308861.25,84379.5,258209.25,0.8082250000000016,0.42532999999999965
16,0,w0_20260418_023001,54,113283.5,282427.5,270159,0.4580849999999882,0.4517850000000022
16,0,w0_20260418_023001,55,129499.75,219576,157634.25,0.5763649999999777,0.4364100000000144
16,0,w0_20260418_023001,56,115170.75,210311.25,230628,0.5652199999999976,0.4069750000000215
16,0,w0_20260418_023001,57,118348,204370.5,262771.5,0.4744600000000056,0.4540599999999795
16,0,w0_20260418_023001,58,40279,64399.5,279451.5,0.10332999999997332,0.43694499999998454
16,0,w0_20260418_023001,59,197186,83073.75,273860.25,0.7450399999999264,0.3397099999999964
16,0,w0_20260418_023001,60,46757.75,139685.25,243687,0.4141900000000266,0.4009600000000037
16,0,w0_20260418_023001,61,-10000,45711,35844,0.14473499999997733,0.5830449999999894
16,0,w0_20260418_023001,62,163155.75,181845.75,231958.5,0.6171149999999793,0.33660000000000606
16,0,w0_20260418_023001,63,191649,196079.25,263751.75,0.6459799999999934,0.39419000000000026
16,0,w0_20260418_023001,64,329967,80106.75,217496.25,0.8549699999999757,0.42493000000000447
16,0,w0_20260418_023001,65,350566,68278.5,257575.5,0.8825549999999659,0.4026000000000184
16,0,w0_20260418_023001,66,45599.25,165693.75,252657,0.4285449999999978,0.3752500000000149
16,0,w0_20260418_023001,67,178384.75,218758.5,255186.75,0.6010350000000152,0.3859650000000112
16,0,w0_20260418_023001,68,192877.5,143166.75,277875.75,0.6272900000000058,0.4001850000000038
16,0,w0_20260418_023001,69,248210.25,174136.5,239723.25,0.7061299999999983,0.39317499999999667
16,0,w0_20260418_023001,70,63976,122635.5,237298.5,0.3915100000000295,0.48597499999998944
16,0,w0_20260418_023001,71,72888.5,186881.25,290030.25,0.4720549999999879,0.3699050000000103
16,0,w0_20260418_023001,72,68084.75,174639.75,286405.5,0.4626049999999837,0.39227000000002
16,0,w0_20260418_023001,73,179293.5,200023.5,285213,0.6211700000000178,0.3918750000000102
16,0,w0_20260418_023001,74,257388.75,155562,269429.25,0.7322949999999636,0.37248500000000634
16,0,w0_20260418_023001,75,-10000,110679.4875,109425.3375,0.5347150000000478,0.5111850000000092
16,0,w0_20260418_023001,76,116504.25,257803.5,277952.25,0.49010000000002457,0.4174700000000099
16,0,w0_20260418_023001,77,212170.5,268614.75,250524.75,0.5293650000000382,0.5233400000000242
16,0,w0_20260418_023001,78,289840.25,130339.5,286820.25,0.779574999999976,0.3786750000000042
16,0,w0_20260418_023001,79,398117.25,21489,291513.75,0.963124999999964,0.38760000000000927
16,0,w0_20260418_023001,80,72513.75,257917.5,286968.75,0.4769849999999825,0.3552400000000095
16,0,w0_20260418_023001,81,238663.5,145389.75,208866.75,0.7257600000000052,0.40146499999999286
16,0,w0_20260418_023001,82,-10000,137269.94859375,146166.91921875,0.4685800000000138,0.37701999999998537
16,0,w0_20260418_023001,83,259922.75,139773.75,234283.5,0.7434049999999808,0.3860550000000124
16,0,w0_20260418_023001,84,203420.75,198099,250250.25,0.6495700000000318,0.38396000000000224
16,0,w0_20260418_023001,85,236915.25,213348,249096.75,0.6375699999999918,0.46770999999998875
16,0,w0_20260418_023001,86,214217.25,184130.25,264502.5,0.6628399999999613,0.3897950000000054
16,0,w0_20260418_023001,87,366682.75,60270.75,268186.5,0.8983299999998975,0.4032550000000147
16,0,w0_20260418_023001,88,293910.75,179880,280259.25,0.694180000000011,0.4794200000000049
16,0,w0_20260418_023001,89,364944,50318.25,193137.75,0.9144699999999064,0.3904100000000077
16,0,w0_20260418_023001,90,341467,64154.25,144888.75,0.8921400000000028,0.369409999999997
16,0,w0_20260418_023001,91,55647.25,183972,322800.75,0.40204499999998294,0.3763950000000127
16,0,w0_20260418_023001,92,96692,174072,239856,0.509665000000023,0.3899000000000227
16,0,w0_20260418_023001,93,378476.75,30326.25,243927,0.9486000000000124,0.361329999999999
16,0,w0_20260418_023001,94,105970.25,177516,272673.75,0.5552700000000168,0.3691000000000178
16,0,w0_20260418_023001,95,370359.75,46377.75,262222.5,0.9184799999999874,0.3870500000000121
16,0,w0_20260418_023001,96,133872.5,198569.25,260198.25,0.4945150000000229,0.43382000000002574
16,0,w0_20260418_023001,97,216629.5,206331,264949.5,0.6394750000000119,0.4234499999999948
16,0,w0_20260418_023001,98,135699.5,200228.25,265592.25,0.5738200000000095,0.38479000000000146
16,0,w0_20260418_023001,99,157056.25,233699.25,292084.5,0.5653500000000083,0.3898250000000071
16,0,w0_20260418_023001,100,327845.75,97103.25,264801,0.8358099999999753,0.4194100000000029
16,1,w1_20260418_023743,1,155899.75,173194.5,110805.75,0.6668449999999795,0.20661999999999603
16,1,w1_20260418_023743,2,256124.75,94285.5,84459.75,0.826874999999982,0.2352850000000019
16,1,w1_20260418_023743,3,98001.75,258918.75,73999.5,0.5230000000000069,0.2760750000000064
16,1,w1_20260418_023743,4,234941.25,125114.25,88324.5,0.7710799999999939,0.30493500000000934
16,1,w1_20260418_023743,5,115441.25,241083.75,121605,0.5217650000000166,0.3735199999999947
16,1,w1_20260418_023743,6,92600.25,259167,161112.75,0.5058700000000033,0.290994999999998
16,1,w1_20260418_023743,7,205024.5,169798.5,184557,0.6889349999999801,0.343899999999998
16,1,w1_20260418_023743,8,97664.25,271542.75,310053,0.49955999999998146,0.338570000000007
16,1,w1_20260418_023743,9,90362.5,261433.5,184524,0.5103749999999871,0.3306050000000007
16,1,w1_20260418_023743,10,95167,286436.25,284586.75,0.4727799999999842,0.37997500000000706
16,1,w1_20260418_023743,11,216776.5,166531.5,330912,0.6990149999999838,0.3605200000000041
16,1,w1_20260418_023743,12,98405,275500.5,282634.5,0.44423499999999166,0.41874500000001974
16,1,w1_20260418_023743,13,89958,291705.75,314846.25,0.4704149999999806,0.36222000000000687
16,1,w1_20260418_023743,14,309184,61770.75,296345.25,0.8888499999999941,0.33861000000000263
16,1,w1_20260418_023743,15,21577.5,189009,242593.5,0.3822200000000063,0.3606900000000224
16,1,w1_20260418_023743,16,250410.75,134100,266159.25,0.7588450000000011,0.3532900000000118
16,1,w1_20260418_023743,17,161466.25,217822.5,231461.25,0.6097549999999834,0.3233850000000069
16,1,w1_20260418_023743,18,67054.25,259314.75,214671,0.4502349999999904,0.31259500000001483
16,1,w1_20260418_023743,19,267946.25,99962.25,163921.5,0.8239049999999816,0.2757850000000063
16,1,w1_20260418_023743,20,9025.25,210646.5,184358.25,0.3533900000000214,0.325195000000016
16,1,w1_20260418_023743,21,36333.25,110580,190386.75,0.43186500000000705,0.38020500000000573
16,1,w1_20260418_023743,22,228623.5,173033.25,243533.25,0.6962849999999844,0.3869750000000097
16,1,w1_20260418_023743,23,53316.25,162226.5,213707.25,0.501325000000002,0.3584300000000094
16,1,w1_20260418_023743,24,204238.25,205919.25,257872.5,0.6375650000000036,0.4038800000000099
16,1,w1_20260418_023743,25,77815.5,232761.75,220452.75,0.4744299999999907,0.35500499999999874
16,1,w1_20260418_023743,26,174104.75,173266.5,211608.75,0.6602299999999797,0.3312649999999989
16,1,w1_20260418_023743,27,317850.5,76218.75,220350.75,0.8657749999999811,0.37617000000002576
16,1,w1_20260418_023743,28,103475.75,238927.5,235026.75,0.4820699999999731,0.3611749999999897
16,1,w1_20260418_023743,29,28378.75,192660.75,208930.5,0.38665499999999114,0.30676000000001524
16,1,w1_20260418_023743,30,347830.25,75937.5,207662.25,0.8653700000000004,0.458690000000006
16,1,w1_20260418_023743,31,159603.75,213956.25,129150,0.6264799999999924,0.32524000000001574
16,1,w1_20260418_023743,32,140815.75,205319.25,264015,0.5280999999999866,0.3913900000000128
16,1,w1_20260418_023743,33,90715.5,182726.25,180458.25,0.4680949999999912,0.27474000000000776
16,1,w1_20260418_023743,34,332269.25,64748.25,226612.5,0.8882899999999847,0.370130000000018
16,1,w1_20260418_023743,35,47042.25,269776.5,264881.25,0.361430000000004,0.35452499999999015
16,1,w1_20260418_023743,36,302236.75,71883.75,148729.5,0.8732799999999871,0.29043499999999955
16,1,w1_20260418_023743,37,282932.25,110544.75,146403,0.8075900000000085,0.40641500000001257
16,1,w1_20260418_023743,38,76004.5,227514,241681.5,0.4710449999999822,0.36654000000000103
16,1,w1_20260418_023743,39,135590.5,241586.25,199373.25,0.5636449999999805,0.35515000000001756
16,1,w1_20260418_023743,40,36963.75,172160.25,132606,0.4391700000000381,0.17920000000000247
16,1,w1_20260418_023743,41,99192.5,162048.75,82578.75,0.5771599999999869,0.2165200000000048
16,1,w1_20260418_023743,42,127183,219279,260028,0.5597299999999901,0.3836999999999942
16,1,w1_20260418_023743,43,175773,222124.5,250552.5,0.6091599999999966,0.3706349999999968
16,1,w1_20260418_023743,44,256191.25,149851.5,220607.25,0.7416749999999959,0.3870899999999987
16,1,w1_20260418_023743,45,193283.75,202515,252641.25,0.6504600000000105,0.35073499999999397
16,1,w1_20260418_023743,46,34558,284680.5,166501.5,0.3185499999999944,0.38867499999999505
16,1,w1_20260418_023743,47,251361.25,146960.25,197608.5,0.7445450000000086,0.369140000000008
16,1,w1_20260418_023743,48,162048.5,117808.5,266793,0.7528849999999953,0.15354499999999224
16,1,w1_20260418_023743,49,290223.5,116998.5,223788,0.7999249999999757,0.3890599999999942
16,1,w1_20260418_023743,50,142948,167644.5,301777.5,0.7043150000000047,0.11184499999999624
16,1,w1_20260418_023743,51,43091.25,176723.25,216535.5,0.4027149999999826,0.34039999999999754
16,1,w1_20260418_023743,52,5682.25,153576.75,143511,0.35721499999998735,0.22797999999999455
16,1,w1_20260418_023743,53,74907.5,193125.75,170226.75,0.48018500000000175,0.23874999999999055
16,1,w1_20260418_023743,54,153132.5,119283.75,168063.75,0.6841400000000089,0.24756500000000328
16,1,w1_20260418_023743,55,-2458.25,141882,61406.25,0.3659800000000415,0.18348499999999657
16,1,w1_20260418_023743,56,67282.5,76935,117682.5,0.628850000000018,0.29191499999999937
16,1,w1_20260418_023743,57,82526.75,136783.5,81579.75,0.5588649999999926,0.2899249999999939
16,1,w1_20260418_023743,58,155550.25,91072.5,116357.25,0.6933349999999909,0.2435700000000056
16,1,w1_20260418_023743,59,122729.25,112714.5,29276.25,0.521219999999987,0.4112650000000124
16,1,w1_20260418_023743,60,157704,49009.5,62086.5,0.6334600000000106,0.35474500000000386
16,1,w1_20260418_023743,61,63294.75,125169.75,117175.5,0.4771449999999655,0.25152500000000366
16,1,w1_20260418_023743,62,147560.5,53166.75,58722.75,0.7333549999999969,0.19364499999999849
16,1,w1_20260418_023743,63,297985,65350.5,110644.5,0.8788049999999618,0.23613500000000667
16,1,w1_20260418_023743,64,296913.5,72023.25,151673.25,0.8669249999999853,0.3373550000000058
16,1,w1_20260418_023743,65,243770.75,117057,176672.25,0.798549999999965,0.2188850000000008
16,1,w1_20260418_023743,66,78771.5,113188.5,75480,0.5050599999999791,0.25715500000000097
16,1,w1_20260418_023743,67,74839.75,106440.75,118399.5,0.5619000000000098,0.3016050000000036
16,1,w1_20260418_023743,68,284091,95523,130566,0.8370599999999113,0.31902500000001427
16,1,w1_20260418_023743,69,72690.25,116136,93483.75,0.5023599999999917,0.19804499999999933
16,1,w1_20260418_023743,70,37731.75,208635.75,251962.5,0.421945000000011,0.3193300000000072
16,1,w1_20260418_023743,71,76410.25,138728.25,201181.5,0.49586500000000816,0.28321500000000677
16,1,w1_20260418_023743,72,-10000,95713.405125,60503.114625,0.24766499999994043,0.2161349999999916
16,1,w1_20260418_023743,73,250865.75,128929.5,148644.75,0.7788100000000202,0.25723999999999647
16,1,w1_20260418_023743,74,67170,141375.75,246164.25,0.5777150000000096,0.4058499999999958
16,1,w1_20260418_023743,75,36850,146708.25,156891.75,0.41488499999999384,0.2850800000000018
16,1,w1_20260418_023743,76,172497.5,189059.25,142703.25,0.6531649999999392,0.31797499999999984
16,1,w1_20260418_023743,77,80320.5,263769.75,319509.75,0.5055549999999815,0.29368500000000225
16,1,w1_20260418_023743,78,98275.5,146747.25,148637.25,0.5828950000000029,0.24346499999999344
16,1,w1_20260418_023743,79,178531.25,205558.5,138710.25,0.6446749999999972,0.3680549999999992
16,1,w1_20260418_023743,80,139041.25,221388,107070.75,0.5834049999999917,0.29597000000001755
16,1,w1_20260418_023743,81,128345.25,200713.5,185441.25,0.5798499999999759,0.29080500000000065
16,1,w1_20260418_023743,82,55597.25,104716.5,207656.25,0.41327500000001327,0.31940999999999453
16,1,w1_20260418_023743,83,151376.5,129745.5,188868,0.6029600000000153,0.3813050000000123
16,1,w1_20260418_023743,84,-2549.25,131823,96956.25,0.4276749999999767,0.3343450000000095
16,1,w1_20260418_023743,85,89862.25,99573.75,117564,0.6254400000000166,0.28144000000000724
16,1,w1_20260418_023743,86,184248,163204.5,243007.5,0.7074100000000186,0.19741999999998683
16,1,w1_20260418_023743,87,43498.5,123415.5,194016,0.4144399999999927,0.3760100000000293
16,1,w1_20260418_023743,88,12797,61968,37515,0.4735700000000242,0.5506699999999854
16,1,w1_20260418_023743,89,274735.75,81841.5,281772.75,0.8400300000000459,0.364625000000023
16,1,w1_20260418_023743,90,110948.25,193362.75,188829,0.5633550000000033,0.3110500000000046
16,1,w1_20260418_023743,91,42832.25,140205,207732.75,0.4844750000000195,0.3414699999999974
16,1,w1_20260418_023743,92,37842.75,94291.5,123345.75,0.4936750000000075,0.3165300000000042
16,1,w1_20260418_023743,93,54775.75,94896,79238.25,0.5636200000000345,0.2801049999999976
16,1,w1_20260418_023743,94,230794.25,163917.75,278778,0.7038749999999316,0.3582350000000249
16,1,w1_20260418_023743,95,77699.25,196194,246816.75,0.5053399999999901,0.3259050000000178
16,1,w1_20260418_023743,96,162755.25,235834.5,242540.25,0.5091499999999818,0.4980050000000007
16,1,w1_20260418_023743,97,89457.25,159951,239901.75,0.5001399999999988,0.3817400000000111
16,1,w1_20260418_023743,98,135552.5,169530,211627.5,0.6139249999999851,0.3710650000000119
16,1,w1_20260418_023743,99,93229.25,156321,246069.75,0.4986500000000095,0.3695250000000074
16,1,w1_20260418_023743,100,119532.5,163924.5,249183,0.538600000000021,0.34766000000002123
17,0,w0_20260418_024528,1,82224.5,237275.25,84920.25,0.5215700000000034,0.15886499999999293
17,0,w0_20260418_024528,2,178618.25,164625,84636.75,0.6945349999999914,0.1728399999999904
17,0,w0_20260418_024528,3,21078,239885.25,77706.75,0.3974399999999907,0.17311499999999033
17,0,w0_20260418_024528,4,142311.25,203209.5,71129.25,0.6272150000000113,0.1549999999999914
17,0,w0_20260418_024528,5,13109,230607,47124,0.3739699999999827,0.2892200000000151
17,0,w0_20260418_024528,6,15671,149114.25,54504.75,0.3786399999999867,0.2085550000000055
17,0,w0_20260418_024528,7,76028.5,271378.5,46443,0.49397000000001073,0.1565949999999949
17,0,w0_20260418_024528,8,182247.75,177774.75,47167.5,0.6691299999999776,0.2963150000000092
17,0,w0_20260418_024528,9,192153.25,159334.5,73772.25,0.7089899999999978,0.17344999999999483
17,0,w0_20260418_024528,10,186589.75,177726.75,69883.5,0.6765049999999891,0.32935499999999934
17,0,w0_20260418_024528,11,186632.25,175940.25,52747.5,0.6787599999999918,0.29214000000001017
17,0,w0_20260418_024528,12,-1084.75,285999.75,51495,0.35025999999997104,0.13669500000000293
17,0,w0_20260418_024528,13,45703.5,166527.75,117708.75,0.4087649999999724,0.509499999999981
17,0,w0_20260418_024528,14,219851.75,162993.75,222574.5,0.7060199999999984,0.3690249999999902
17,0,w0_20260418_024528,15,57203.25,242324.25,254392.5,0.4197849999999817,0.3869200000000145
17,0,w0_20260418_024528,16,223001.5,146298.75,98079.75,0.7386799999999921,0.2579649999999883
17,0,w0_20260418_024528,17,193616.5,210370.5,201153,0.5675800000000025,0.5162799999999887
17,0,w0_20260418_024528,18,32852.75,226635,58292.25,0.4313150000000082,0.1744949999999969
17,0,w0_20260418_024528,19,100436,270010.5,48463.5,0.5217800000000316,0.2617999999999991
17,0,w0_20260418_024528,20,155055.25,228559.5,136655.25,0.5953300000000173,0.37538000000000815
17,0,w0_20260418_024528,21,339138.75,98085.75,231085.5,0.8252249999999436,0.479695000000016
17,0,w0_20260418_024528,22,189763.25,180264.75,165432,0.6787049999999992,0.2949199999999848
17,0,w0_20260418_024528,23,36518.5,197175.75,248475.75,0.3166450000000007,0.38412499999998345
17,0,w0_20260418_024528,24,228446,152561.25,238932.75,0.7301699999999913,0.3422749999999846
17,0,w0_20260418_024528,25,315076.25,92103.75,276840,0.838269999999971,0.3879350000000007
17,0,w0_20260418_024528,26,140134.5,234714.75,176430.75,0.5858799999999971,0.28357500000001046
17,0,w0_20260418_024528,27,257613,202765.5,271051.5,0.6432000000000024,0.486074999999985
17,0,w0_20260418_024528,28,227419,146409,140832,0.7436200000000008,0.22297499999999032
17,0,w0_20260418_024528,29,232529,138618,75093,0.759434999999978,0.24773499999999776
17,0,w0_20260418_024528,30,33358,175534.5,127447.5,0.38688000000000905,0.29490500000000436
17,0,w0_20260418_024528,31,239441,126003.75,69905.25,0.7785449999999882,0.17029500000000253
17,0,w0_20260418_024528,32,-10000.000000000002,130475.5125,97873.7175,0.22362999999997843,0.2793149999999878
17,0,w0_20260418_024528,33,63575,203316.75,268538.25,0.3950499999999868,0.3772999999999969
17,0,w0_20260418_024528,34,219690.75,155128.5,67410.75,0.7307249999999779,0.12022499999999715
17,0,w0_20260418_024528,35,-4867.75,122403.75,82614,0.27914000000000466,0.3185249999999873
17,0,w0_20260418_024528,36,87471.5,158454.75,248223.75,0.3261399999999975,0.4332749999999882
17,0,w0_20260418_024528,37,50892.5,190391.25,287096.25,0.2819300000000127,0.3817299999999962
17,0,w0_20260418_024528,38,342994.75,44671.5,278823.75,0.9094400000000168,0.34941500000000986
17,0,w0_20260418_024528,39,192073,189828,281919,0.6364949999999732,0.36777999999999533
17,0,w0_20260418_024528,40,117865.5,149262,161752.5,0.4615899999999744,0.4081449999999973
17,0,w0_20260418_024528,41,56508,131221.5,150940.5,0.4741199999999977,0.22170500000000515
17,0,w0_20260418_024528,42,110349,120720.75,286220.25,0.548214999999982,0.38456500000000854
17,0,w0_20260418_024528,43,106442,174363,283875,0.3963999999999899,0.415405000000023
17,0,w0_20260418_024528,44,46061.75,120343.5,93324.75,0.4146150000000198,0.2060100000000016
17,0,w0_20260418_024528,45,135454,79296,264240,0.5648599999999779,0.35700000000001897
17,0,w0_20260418_024528,46,276628.75,109920.75,272620.5,0.7927649999999886,0.3977799999999943
17,0,w0_20260418_024528,47,342732.5,60882.75,302784.75,0.8928250000000084,0.3784000000000003
17,0,w0_20260418_024528,48,49619.75,119619,311711.25,0.3760899999999791,0.37175000000000863
17,0,w0_20260418_024528,49,83276.5,59694.75,300858.75,0.5247500000000127,0.3734649999999812
17,0,w0_20260418_024528,50,151917.25,98471.25,203641.5,0.7300099999999893,0.2972650000000124
17,0,w0_20260418_024528,51,181452.75,132552,245855.25,0.6271750000000036,0.3800249999999912
17,0,w0_20260418_024528,52,338752,39925.5,198982.5,0.9232500000000046,0.3483999999999997
17,0,w0_20260418_024528,53,152117.5,271861.5,282351,0.5016100000000259,0.4387899999999978
17,0,w0_20260418_024528,54,108188.5,88677.75,284973.75,0.44725,0.3835500000000051
17,0,w0_20260418_024528,55,68589.25,105315.75,234645,0.4895650000000072,0.348309999999997
17,0,w0_20260418_024528,56,65571,134790.75,278498.25,0.45979000000001297,0.3810499999999869
17,0,w0_20260418_024528,57,14166.25,112101.75,233412,0.2404400000000369,0.3691250000000018
17,0,w0_20260418_024528,58,48798.25,69099,283692.75,0.5989649999999821,0.3894749999999974
17,0,w0_20260418_024528,59,18835,138402.75,213572.25,0.47327999999998766,0.31321499999999847
17,0,w0_20260418_024528,60,71010,106746,258024,0.5762599999999813,0.3523049999999968
17,0,w0_20260418_024528,61,50074.75,126207,215108.25,0.467705000000015,0.3112600000000104
17,0,w0_20260418_024528,62,140911.5,119206.5,316872,0.6300750000000139,0.37143499999999025
17,0,w0_20260418_024528,63,22034,101058,333888,0.3645499999999759,0.3813850000000046
17,0,w0_20260418_024528,64,343917,69401.25,238101.75,0.8785899999999314,0.43643999999999233
17,0,w0_20260418_024528,65,104848.75,158974.5,271206.75,0.5962849999999871,0.3589000000000083
17,0,w0_20260418_024528,66,196954.75,171166.5,250218.75,0.6816799999999531,0.34696000000000443
17,0,w0_20260418_024528,67,9974.5,81458.25,318887.25,0.3032699999999883,0.3598999999999976
17,0,w0_20260418_024528,68,85808,125994,250368,0.5047399999999942,0.3970300000000047
17,0,w0_20260418_024528,69,8188,66043.5,293368.5,0.2693149999999776,0.3607499999999854
17,0,w0_20260418_024528,70,11727,75287.25,255945.75,0.15997500000001563,0.4265699999999845
17,0,w0_20260418_024528,71,162891.25,100127.25,313141.5,0.604939999999993,0.4133499999999876
17,0,w0_20260418_024528,72,400552.75,51625.5,212691.75,0.9000150000000212,0.5086149999999865
17,0,w0_20260418_024528,73,99483.5,190871.25,224525.25,0.4748450000000026,0.3835599999999846
17,0,w0_20260418_024528,74,176722.25,154882.5,306635.25,0.6683550000000035,0.3655249999999942
17,0,w0_20260418_024528,75,249133.5,163410,308656.5,0.7152550000000155,0.3982249999999952
17,0,w0_20260418_024528,76,55712.5,252414,321973.5,0.32247999999999166,0.4198349999999894
17,0,w0_20260418_024528,77,302389.25,63736.5,325064.25,0.8920000000000029,0.2763700000000069
17,0,w0_20260418_024528,78,180871.5,113860.5,168798,0.728635000000016,0.1851599999999889
17,0,w0_20260418_024528,79,292165.75,115122.75,280231.5,0.8016099999999315,0.3702299999999927
17,0,w0_20260418_024528,80,246026,168358.5,297685.5,0.7124550000000157,0.37339499999999465
17,0,w0_20260418_024528,81,57089.25,119516.25,150784.5,0.42062999999999184,0.42455999999999894
17,0,w0_20260418_024528,82,90398.5,124730.25,254321.25,0.5236299999999987,0.4094150000000013
17,0,w0_20260418_024528,83,279617,131671.5,293371.5,0.7779799999999394,0.3780950000000203
17,0,w0_20260418_024528,84,-9999.999999999996,86562.49483627193,93246.52085960264,0.6523049999999582,0.48317000000001753
17,0,w0_20260418_024528,85,265737.5,133053.75,185268.75,0.762479999999962,0.3829999999999979
17,0,w0_20260418_024528,86,78570.5,122394,218905.5,0.4452949999999868,0.35614000000000656
17,0,w0_20260418_024528,87,2247.75,57018,280214.25,0.2873749999999809,0.3696849999999877
17,0,w0_20260418_024528,88,97580,72583.5,212266.5,0.6247399999999814,0.3605499999999981
17,0,w0_20260418_024528,89,12726,58044,322620,0.2065200000000115,0.3736149999999917
17,0,w0_20260418_024528,90,66913.75,29535,285851.25,0.6250850000000036,0.3860899999999981
17,0,w0_20260418_024528,91,113128.25,204761.25,225220.5,0.5953699999999822,0.3556350000000007
17,0,w0_20260418_024528,92,45587.25,183765.75,202767,0.5003599999999985,0.4170700000000033
17,0,w0_20260418_024528,93,64792.25,85845,109692.75,0.5859949999999837,0.3021699999999727
17,0,w0_20260418_024528,94,276379,91851.75,219209.25,0.7665049999999022,0.4324050000000011
17,0,w0_20260418_024528,95,381729.25,92349,251451.75,0.842389999999907,0.5191049999999915
17,0,w0_20260418_024528,96,326502,80208,105720,0.8575649999999099,0.4616399999999985
17,0,w0_20260418_024528,97,278971.5,67473.75,168264.75,0.8794449999999758,0.1946749999999975
17,0,w0_20260418_024528,98,326648,47790.75,198341.25,0.9093899999999648,0.378144999999989
17,0,w0_20260418_024528,99,274258.75,134233.5,189567.75,0.7668799999999862,0.4129949999999945
17,0,w0_20260418_024528,100,320936.5,95946,275197.5,0.8363200000000205,0.398374999999991
17,1,w1_20260418_025322,1,83449,230142,93279,0.5197850000000013,0.23398499999998848
17,1,w1_20260418_025322,2,184918.25,157503,108528.75,0.7056149999999827,0.24860499999999291
17,1,w1_20260418_025322,3,197601.25,119328,164250.75,0.7672199999999619,0.14533999999999755
17,1,w1_20260418_025322,4,233783,110544.75,71912.25,0.7962549999999561,0.13747999999999624
17,1,w1_20260418_025322,5,14182.25,247138.5,97409.25,0.4304150000000076,0.18026999999999865
17,1,w1_20260418_025322,6,36144,241082.25,76563.75,0.4526400000000035,0.14498000000000238
17,1,w1_20260418_025322,7,68349,264825,93276,0.486365000000019,0.22829499999999825
17,1,w1_20260418_025322,8,16656.25,141453,55650.75,0.4375900000000128,0.20475000000000196
17,1,w1_20260418_025322,9,78332.75,268267.5,53619.75,0.4960449999999936,0.1739749999999981
17,1,w1_20260418_025322,10,16683,235430.25,73326.75,0.38742500000000984,0.227309999999998
17,1,w1_20260418_025322,11,108416.5,246599.25,78704.25,0.553495000000002,0.17731999999999673
17,1,w1_20260418_025322,12,153194,154749.75,195296.25,0.6680899999999682,0.33743499999999454
17,1,w1_20260418_025322,13,141801.5,173083.5,255465,0.616309999999977,0.36157500000000103
17,1,w1_20260418_025322,14,200824.25,174979.5,146576.25,0.6864400000000038,0.31660500000000497
17,1,w1_20260418_025322,15,361347.75,140623.5,138378.75,0.7041149999999529,0.710864999999984
17,1,w1_20260418_025322,16,182873,218241.75,249095.25,0.6102850000000191,0.3722349999999934
17,1,w1_20260418_025322,17,97763.5,286750.5,221166,0.49152000000001034,0.30824500000000044
17,1,w1_20260418_025322,18,278053.75,92313.75,145612.5,0.8353649999999503,0.2845200000000058
17,1,w1_20260418_025322,19,259603,109189.5,74347.5,0.8070900000000016,0.2219150000000036
17,1,w1_20260418_025322,20,211374.5,200115,270100.5,0.644554999999997,0.3954549999999864
17,1,w1_20260418_025322,21,74830,286526.25,235953.75,0.4352099999999691,0.340275000000005
17,1,w1_20260418_025322,22,142055,249150.75,247334.25,0.5518999999999832,0.34610500000000766
17,1,w1_20260418_025322,23,75074.5,287179.5,242556,0.43358499999998656,0.3591600000000034
17,1,w1_20260418_025322,24,224018.75,170258.25,249693,0.6945449999999918,0.371239999999991
17,1,w1_20260418_025322,25,139608.25,239551.5,121070.25,0.5725849999999826,0.34514499999998727
17,1,w1_20260418_025322,26,48195,204490.5,118024.5,0.4510150000000032,0.22841999999999463
17,1,w1_20260418_025322,27,70047.5,288127.5,288795,0.36581000000000785,0.41656500000000496
17,1,w1_20260418_025322,28,209241.25,155249.25,253609.5,0.6879200000000122,0.34485000000001215
17,1,w1_20260418_025322,29,118270.5,250663.5,265566,0.4639499999999948,0.4159700000000019
17,1,w1_20260418_025322,30,232785.5,163884.75,248079.75,0.7040049999999881,0.39955999999999886
17,1,w1_20260418_025322,31,242781.5,137989.5,151239,0.748994999999988,0.3601849999999894
17,1,w1_20260418_025322,32,101564.5,222825.75,284949.75,0.4719500000000001,0.4116799999999928
17,1,w1_20260418_025322,33,59315.25,240123,249471.75,0.4467549999999826,0.349545000000005
17,1,w1_20260418_025322,34,98963.75,206185.5,293070.75,0.40298000000000017,0.4181749999999998
17,1,w1_20260418_025322,35,267400,129896.25,258033.75,0.7678349999999524,0.3693100000000027
17,1,w1_20260418_025322,36,385981.5,52487.25,262421.25,0.904464999999967,0.46439500000001926
17,1,w1_20260418_025322,37,164591.5,239517,242461.5,0.5528549999999899,0.4387749999999884
17,1,w1_20260418_025322,38,293457,139223.25,291579.75,0.7544849999999355,0.4207649999999919
17,1,w1_20260418_025322,39,117819.25,174783.75,264297,0.4387499999999794,0.4608250000000048
17,1,w1_20260418_025322,40,101054.5,188034,298201.5,0.3783999999999943,0.4233349999999997
17,1,w1_20260418_025322,41,176140.5,217107,302722.5,0.5570449999999916,0.4075199999999953
17,1,w1_20260418_025322,42,302051.5,124013.25,289895.25,0.7802799999999497,0.41281999999999935
17,1,w1_20260418_025322,43,101545.75,218394.75,290509.5,0.4729549999999922,0.38838499999999415
17,1,w1_20260418_025322,44,113876.5,198056.25,243407.25,0.5198599999999703,0.33887000000000644
17,1,w1_20260418_025322,45,164318,187998,278064,0.5944250000000022,0.3928949999999882
17,1,w1_20260418_025322,46,380277.75,85087.5,273354.75,0.8474349999999642,0.48792500000000594
17,1,w1_20260418_025322,47,108506.25,175041,230952.75,0.38666999999998675,0.5118899999999708
17,1,w1_20260418_025322,48,279848,133875,284277,0.7365299999999858,0.4270199999999901
17,1,w1_20260418_025322,49,190993.75,209628,268598.25,0.6258100000000045,0.3735049999999874
17,1,w1_20260418_025322,50,167746.5,140692.5,146601,0.6126699999999562,0.3926949999999976
17,1,w1_20260418_025322,51,185334.5,119097.75,183567.75,0.6697399999999915,0.3798050000000011
17,1,w1_20260418_025322,52,103234.75,185821.5,229773.75,0.4543099999999747,0.3826199999999854
17,1,w1_20260418_025322,53,292225.75,72097.5,205986.75,0.850349999999988,0.3766549999999944
17,1,w1_20260418_025322,54,225063,152272.5,246904.5,0.711459999999965,0.33820499999998727
17,1,w1_20260418_025322,55,72531,180799.5,276379.5,0.3272449999999878,0.39441500000002433
17,1,w1_20260418_025322,56,87248.5,140004.75,207546.75,0.4775950000000048,0.32485499999998413
17,1,w1_20260418_025322,57,219929.25,150985.5,269615.25,0.6720449999999861,0.3703099999999945
17,1,w1_20260418_025322,58,92920,130941.75,287588.25,0.56035999999998,0.3842399999999875
17,1,w1_20260418_025322,59,269937,102321.75,154691.25,0.8088399999999388,0.3458050000000035
17,1,w1_20260418_025322,60,109648.25,134479.5,174092.25,0.5153649999999972,0.3552949999999941
17,1,w1_20260418_025322,61,110256.5,117286.5,272937,0.4783950000000029,0.3948550000000198
17,1,w1_20260418_025322,62,-1713.5,137496,274027.5,0.2421799999999913,0.3682999999999975
17,1,w1_20260418_025322,63,138508.5,125139.75,151251.75,0.6166699999999875,0.31921500000000225
17,1,w1_20260418_025322,64,-8718.25,86850.75,253897.5,0.25691999999999965,0.3641950000000117
17,1,w1_20260418_025322,65,75922.5,160727.25,203780.25,0.5504749999999732,0.2766249999999963
17,1,w1_20260418_025322,66,127352.25,188638.5,186539.25,0.5657649999999769,0.3318400000000008
17,1,w1_20260418_025322,67,59217.5,228354,265708.5,0.4250300000000228,0.29891500000000126
17,1,w1_20260418_025322,68,251479.5,117460.5,164160,0.786354999999961,0.16691000000000183
17,1,w1_20260418_025322,69,4161.25,255112.5,160856.25,0.41535500000000375,0.10734499999999428
17,1,w1_20260418_025322,70,92501.5,130423.5,250335,0.4253449999999928,0.4004649999999966
17,1,w1_20260418_025322,71,75673,256792.5,89734.5,0.4975799999999862,0.25520499999997714
17,1,w1_20260418_025322,72,298605.5,82785.75,64428.75,0.8577199999998777,0.2521649999999862
17,1,w1_20260418_025322,73,286511,94771.5,51847.5,0.8369999999999489,0.2860749999999986
17,1,w1_20260418_025322,74,17353,242771.25,86025.75,0.36329500000001447,0.22828000000000565
17,1,w1_20260418_025322,75,52559.25,201090,57000.75,0.3893900000000128,0.17653499999998165
17,1,w1_20260418_025322,76,197557.75,69397.5,123684.75,0.6852749999999616,0.473725000000023
17,1,w1_20260418_025322,77,153436.5,159294,34639.5,0.5960149999999825,0.1993949999999853
17,1,w1_20260418_025322,78,100558,90163.5,48568.5,0.527004999999993,0.4041400000000031
17,1,w1_20260418_025322,79,254512,104361.75,85616.25,0.7935899999999892,0.24942999999998547
17,1,w1_20260418_025322,80,115840.5,109120.5,40809,0.6754100000000299,0.31897000000000125
17,1,w1_20260418_025322,81,112024.25,112545,43740.75,0.5826250000000207,0.2992299999999951
17,1,w1_20260418_025322,82,175188.25,196185,60816.75,0.6408899999999796,0.3718199999999865
17,1,w1_20260418_025322,83,74503.5,81276,46570.5,0.43494499999999353,0.2739299999999973
17,1,w1_20260418_025322,84,53956.25,92745.75,163908,0.4209650000000091,0.4097250000000007
17,1,w1_20260418_025322,85,67554.25,89784.75,47031,0.6660249999999771,0.24178500000000072
17,1,w1_20260418_025322,86,213650.75,79758,36911.25,0.8311949999999435,0.34655999999999615
17,1,w1_20260418_025322,87,287408.25,103887.75,42114,0.8252449999999817,0.4116350000000053
17,1,w1_20260418_025322,88,95701.25,82624.5,156344.25,0.6577949999999925,0.26462000000000074
17,1,w1_20260418_025322,89,62351.5,110844,76444.5,0.531859999999998,0.2748400000000173
17,1,w1_20260418_025322,90,44260,102894.75,152465.25,0.3444949999999943,0.26440500000000083
17,1,w1_20260418_025322,91,22242.75,120959.25,74418,0.4314399999999889,0.24502499999999972
17,1,w1_20260418_025322,92,66140,121494.75,40025.25,0.5096349999999975,0.2343349999999972
17,1,w1_20260418_025322,93,336297.25,46233.75,50709,0.91559500000004,0.2543749999999898
17,1,w1_20260418_025322,94,345791,51846.75,166952.25,0.912524999999977,0.3378650000000033
17,1,w1_20260418_025322,95,246900.5,141141.75,75297.75,0.7624800000000114,0.2864399999999925
17,1,w1_20260418_025322,96,42228.5,124533.75,105717.75,0.5202950000000052,0.276335000000012
17,1,w1_20260418_025322,97,140452,206679.75,63068.25,0.5716200000000161,0.24321999999999416
17,1,w1_20260418_025322,98,142929,219205.5,260545.5,0.5947949999999732,0.3448500000000011
17,1,w1_20260418_025322,99,175551,244833,302886,0.5862649999999966,0.3818899999999961
17,1,w1_20260418_025322,100,173005.5,184018.5,127746,0.6669399999999805,0.32515499999998987
18,0,w0_20260418_030103,1,213953.75,108333,94493.25,0.7832749999999612,0.15396499999999574
18,0,w0_20260418_030103,2,216006.75,132117,55976.25,0.7506599999999608,0.17629999999999316
18,0,w0_20260418_030103,3,178000.25,171871.5,53858.25,0.6838949999999766,0.15074499999999572
18,0,w0_20260418_030103,4,136101.5,217504.5,50454,0.6018399999999966,0.16063499999999328
18,0,w0_20260418_030103,5,74747.75,283570.5,65451.75,0.4660750000000138,0.40139999999999687
18,0,w0_20260418_030103,6,112061.25,244522.5,59906.25,0.5528799999999896,0.24738999999999975
18,0,w0_20260418_030103,7,81238.25,271408.5,51353.25,0.5030800000000071,0.14494499999998844
18,0,w0_20260418_030103,8,236142.5,124158,45349.5,0.7708349999999717,0.22950499999999616
18,0,w0_20260418_030103,9,177318.25,178836,54285.75,0.6732549999999786,0.16389499999999688
18,0,w0_20260418_030103,10,259246,88602.75,100841.25,0.8403849999999635,0.18572999999999573
18,0,w0_20260418_030103,11,33771.75,301068,157610.25,0.4107900000000059,0.2563149999999921
18,0,w0_20260418_030103,12,172923,233266.5,190120.5,0.4832149999999991,0.561410000000011
18,0,w0_20260418_030103,13,-2511.5,59194.5,227637,0.1781600000000032,0.31293500000001434
18,0,w0_20260418_030103,14,322866.25,94050,221403.75,0.8318949999999792,0.4531650000000074
18,0,w0_20260418_030103,15,131567,219903.75,232319.25,0.5589649999999903,0.33616999999999186
18,0,w0_20260418_030103,16,90441.5,256324.5,273804,0.4578650000000036,0.365035000000001
18,0,w0_20260418_030103,17,148810.75,230253.75,262495.5,0.5661549999999727,0.36781999999999815
18,0,w0_20260418_030103,18,136436.25,241775.25,223588.5,0.5440499999999987,0.35893500000001455
18,0,w0_20260418_030103,19,253830,223041,219489,0.5906899999999661,0.5558849999999799
18,0,w0_20260418_030103,20,17965.25,138806.25,260788.5,0.20505999999999608,0.4185549999999909
18,0,w0_20260418_030103,21,297593,102860.25,283326.75,0.7867499999999927,0.44897500000001944
18,0,w0_20260418_030103,22,96189.25,245588.25,255562.5,0.499155000000004,0.3227650000000025
18,0,w0_20260418_030103,23,45630.5,289779,245950.5,0.41600500000001256,0.30541000000000695
18,0,w0_20260418_030103,24,174967.5,227127,287455.5,0.5652299999999912,0.4136850000000043
18,0,w0_20260418_030103,25,162279,229293.75,248237.25,0.5834449999999821,0.3663000000000031
18,0,w0_20260418_030103,26,174458,205260.75,249611.25,0.6159999999999608,0.36883000000000343
18,0,w0_20260418_030103,27,264052.5,163146.75,265560.75,0.7123299999999696,0.4283350000000179
18,0,w0_20260418_030103,28,264866.25,141077.25,261166.5,0.7498499999999872,0.3698100000000105
18,0,w0_20260418_030103,29,152593.25,206102.25,287764.5,0.5984800000000383,0.39987499999999504
18,0,w0_20260418_030103,30,57428.25,115787.25,303694.5,0.40292499999999287,0.4419549999999883
18,0,w0_20260418_030103,31,169736.25,214483.5,266330.25,0.6046650000000012,0.36245999999999823
18,0,w0_20260418_030103,32,261487,139035.75,254207.25,0.7496199999999956,0.3770899999999938
18,0,w0_20260418_030103,33,284092.75,100782,228005.25,0.8185150000000255,0.3260449999999946
18,0,w0_20260418_030103,34,42923.5,177561,196615.5,0.37598000000002224,0.35942500000000127
18,0,w0_20260418_030103,35,43271.25,166203,266775.75,0.31278000000000566,0.43165500000000895
18,0,w0_20260418_030103,36,125387,241420.5,277762.5,0.4509500000000126,0.44528000000002976
18,0,w0_20260418_030103,37,216664.5,37841.25,233384.25,0.8380049999999933,0.3551400000000062
18,0,w0_20260418_030103,38,388031.75,59748,285440.25,0.8938199999999955,0.4624700000000068
18,0,w0_20260418_030103,39,379291.5,52850.25,304568.25,0.9091449999999706,0.42407500000000775
18,0,w0_20260418_030103,40,90973.25,271741.5,254495.25,0.46990999999999566,0.34277500000000627
18,0,w0_20260418_030103,41,263874,119549.25,203586.75,0.789879999999946,0.3797300000000025
18,0,w0_20260418_030103,42,58608,186875.25,284886.75,0.4308649999999959,0.41033500000000667
18,0,w0_20260418_030103,43,91401.25,162070.5,250118.25,0.5091850000000118,0.3723499999999989
18,0,w0_20260418_030103,44,60196.25,128036.25,257197.5,0.521794999999981,0.36887000000001546
18,0,w0_20260418_030103,45,107336.25,102660,245973.75,0.5510549999999709,0.40497500000000697
18,0,w0_20260418_030103,46,370351.25,56494.5,296384.25,0.8871650000000049,0.4221399999999854
18,0,w0_20260418_030103,47,362862.25,42610.5,214517.25,0.9268299999999828,0.38215000000000177
18,0,w0_20260418_030103,48,361010.75,32312.25,174927,0.9447999999999778,0.32476000000000455
18,0,w0_20260418_030103,49,348845.25,55472.25,167932.5,0.905424999999979,0.3651299999999929
18,0,w0_20260418_030103,50,57999.25,179701.5,176279.25,0.396615000000005,0.38400000000000184
18,0,w0_20260418_030103,51,167863.75,130564.5,270081.75,0.5621799999999626,0.44254500000001673
18,0,w0_20260418_030103,52,101307.25,155553.75,290379,0.3336300000000046,0.4420599999999903
18,0,w0_20260418_030103,53,16967.75,49488,312524.25,0.13293999999999945,0.3838750000000099
18,0,w0_20260418_030103,54,13108.5,42414.75,248106.75,0.15505000000000146,0.416149999999989
18,0,w0_20260418_030103,55,338069,51579,171822,0.8989899999999449,0.4049249999999774
18,0,w0_20260418_030103,56,74232.25,225675.75,189282,0.4051799999999931,0.3718400000000028
18,0,w0_20260418_030103,57,149082,150707.25,166470.75,0.5885949999999891,0.41455500000000495
18,0,w0_20260418_030103,58,204609.75,160503,238787.25,0.6353100000000127,0.4040850000000003
18,0,w0_20260418_030103,59,55224,183753,211953,0.48143500000001577,0.1955999999999944
18,0,w0_20260418_030103,60,129730,132955.5,159154.5,0.5627800000000072,0.2916600000000043
18,0,w0_20260418_030103,61,171640.5,213700.5,322539,0.5692499999999947,0.3888550000000008
18,0,w0_20260418_030103,62,184221.5,157059.75,280368.75,0.5818849999999728,0.37851000000000073
18,0,w0_20260418_030103,63,125578.75,132786.75,206974.5,0.5617349999999656,0.3092099999999977
18,0,w0_20260418_030103,64,306805,118906.5,279868.5,0.7762650000000002,0.4387249999999837
18,0,w0_20260418_030103,65,161024.5,154713,182542.5,0.6014949999999614,0.2453249999999904
18,0,w0_20260418_030103,66,117738.25,153018.75,270003,0.5382799999999897,0.3696100000000064
18,0,w0_20260418_030103,67,-3391.5,70633.5,91908,0.2412499999999856,0.17580000000000015
18,0,w0_20260418_030103,68,23598.25,56577.75,43014,0.5240600000000211,0.2327749999999852
18,0,w0_20260418_030103,69,177764.75,125391,84584.25,0.6750149999999959,0.3624100000000024
18,0,w0_20260418_030103,70,292018.25,89327.25,248134.5,0.7896099999999927,0.4227600000000065
18,0,w0_20260418_030103,71,86767.75,188830.5,160461.75,0.4224549999999672,0.4329249999999986
18,0,w0_20260418_030103,72,249027.5,173556,253936.5,0.7003299999999755,0.43174000000000096
18,0,w0_20260418_030103,73,138003.25,178675.5,145001.25,0.6040249999999946,0.3363649999999987
18,0,w0_20260418_030103,74,204597.5,187452,232450.5,0.6246649999999323,0.4650949999999732
18,0,w0_20260418_030103,75,238941.5,134830.5,144138,0.7469049999999351,0.3557300000000041
18,0,w0_20260418_030103,76,-3038.75,64596,78852.75,0.3949899999999842,0.39937499999999176
18,0,w0_20260418_030103,77,-6402.75,58224,132798.75,0.44398999999999234,0.2894200000000056
18,0,w0_20260418_030103,78,68385.75,81672,234332.25,0.4452100000000132,0.4613399999999936
18,0,w0_20260418_030103,79,-10000,64768.5,57627,0.4730599999999761,0.5151599999999734
18,0,w0_20260418_030103,80,134379.25,28359.75,161061,0.662069999999932,0.3964549999999939
18,0,w0_20260418_030103,81,186829.75,162021.75,180718.5,0.7191700000000293,0.17157499999999223
18,0,w0_20260418_030103,82,68917.75,90595.5,249066.75,0.289489999999998,0.49494499999998726
18,0,w0_20260418_030103,83,131769.75,138928.5,244701.75,0.5418399999999755,0.4435900000000155
18,0,w0_20260418_030103,84,253497.75,90476.25,123066,0.8094849999999708,0.25404499999999386
18,0,w0_20260418_030103,85,129485.5,180746.25,98978.25,0.6176649999999664,0.13630999999999166
18,0,w0_20260418_030103,86,50869.75,189942,201998.25,0.3520549999999928,0.445524999999987
18,0,w0_20260418_030103,87,33717.5,102044.25,97058.25,0.4552800000000021,0.2218399999999936
18,0,w0_20260418_030103,88,43764.75,93660,9485.25,0.509330000000007,0.3591949999999878
18,0,w0_20260418_030103,89,106605.5,54632.25,57722.25,0.7033849999999542,0.2478900000000089
18,0,w0_20260418_030103,90,88074.25,146649,71946.75,0.5413949999999829,0.21478000000000033
18,0,w0_20260418_030103,91,-10000,23278.5,16126.5,0.4217599999999822,0.34575500000000847
18,0,w0_20260418_030103,92,23815.5,108420,29644.5,0.3848750000000083,0.4117699999999976
18,0,w0_20260418_030103,93,67434.75,94532.25,36333,0.5409900000000127,0.1621550000000023
18,0,w0_20260418_030103,94,43963.75,104979.75,49786.5,0.4903149999999844,0.3163199999999842
18,0,w0_20260418_030103,95,90596,160263.75,40730.25,0.5194699999999777,0.2427150000000085
18,0,w0_20260418_030103,96,163029.5,182780.25,35720.25,0.6299799999999526,0.45107499999999656
18,0,w0_20260418_030103,97,54856.75,162904.5,58848.75,0.4507199999999914,0.26331500000000535
18,0,w0_20260418_030103,98,41113.25,143098.5,35528.25,0.45761000000001006,0.1619650000000078
18,0,w0_20260418_030103,99,324235,34516.5,99058.5,0.9305799999999944,0.13546000000000355
18,0,w0_20260418_030103,100,324710.25,56558.25,93661.5,0.9043949999999684,0.2849250000000093
18,1,w1_20260418_030854,1,204781.75,126202.5,103605.75,0.7502449999999656,0.19936500000000232
18,1,w1_20260418_030854,2,263924.25,91189.5,51236.25,0.8285149999999709,0.2643249999999982
18,1,w1_20260418_030854,3,170718.75,178887.75,59893.5,0.6683899999999884,0.18378000000000017
18,1,w1_20260418_030854,4,182615,173347.5,55687.5,0.6816599999999859,0.22720999999999855
18,1,w1_20260418_030854,5,132284.5,222078.75,62706.75,0.5911949999999977,0.23514500000000116
18,1,w1_20260418_030854,6,82852.25,263977.5,93830.25,0.5180900000000079,0.15798499999999496
18,1,w1_20260418_030854,7,129413,206872.5,118024.5,0.6227649999999879,0.1306299999999983
18,1,w1_20260418_030854,8,58479.75,282201,116759.25,0.4852999999999979,0.14020499999999728
18,1,w1_20260418_030854,9,-10000,41634,15081,0.2718149999999945,0.2999350000000106
18,1,w1_20260418_030854,10,-10000,29335.68,12400.26,0.5186150000000129,0.4670500000000052
18,1,w1_20260418_030854,11,231439,122028.75,85232.25,0.7793949999999791,0.18822999999999449
18,1,w1_20260418_030854,12,-10000,54578.25,18591.75,0.4161150000000182,0.3189800000000152
18,1,w1_20260418_030854,13,94754.25,273788.25,146617.5,0.4635699999999943,0.3944849999999945
18,1,w1_20260418_030854,14,12774.75,279225.75,196759.5,0.3200800000000113,0.34356000000000625
18,1,w1_20260418_030854,15,353577.75,84593.25,254289,0.8309799999999599,0.5215300000000089
18,1,w1_20260418_030854,16,111227.25,247594.5,145868.25,0.5561800000000174,0.29888500000001433
18,1,w1_20260418_030854,17,124730.75,240294.75,285154.5,0.5674149999999879,0.31389500000000514
18,1,w1_20260418_030854,18,137721.25,221806.5,208082.25,0.6040599999999968,0.2771150000000108
18,1,w1_20260418_030854,19,193158,186810.75,272321.25,0.6689499999999737,0.33458000000001514
18,1,w1_20260418_030854,20,302508,76422.75,222299.25,0.8647699999999917,0.34235500000001257
18,1,w1_20260418_030854,21,87064.25,299453.25,344392.5,0.46587499999999826,0.3515049999999927
18,1,w1_20260418_030854,22,170196.5,221904,272899.5,0.527574999999999,0.4570249999999999
18,1,w1_20260418_030854,23,303757.5,91113.75,240348.75,0.8395799999999847,0.3631000000000192
18,1,w1_20260418_030854,24,175806.5,218927.25,270686.25,0.6161549999999809,0.3399649999999953
18,1,w1_20260418_030854,25,178608.75,202495.5,230505.75,0.6446949999999606,0.30893000000000004
18,1,w1_20260418_030854,26,111683,268467,284460,0.5209249999999909,0.32967000000000696
18,1,w1_20260418_030854,27,174375.5,214973.25,289211.25,0.6185899999999797,0.35642000000000124
18,1,w1_20260418_030854,28,221164.5,164637,227248.5,0.7080450000000201,0.33989500000000095
18,1,w1_20260418_030854,29,141309.75,236800.5,295929.75,0.5453849999999529,0.39600499999999217
18,1,w1_20260418_030854,30,33425.25,272088.75,261576,0.388285000000039,0.2937900000000121
18,1,w1_20260418_030854,31,166158,219806.25,273135.75,0.599379999999983,0.3626250000000052
18,1,w1_20260418_030854,32,47943.5,239489.25,250727.25,0.4005900000000395,0.3121400000000068
18,1,w1_20260418_030854,33,104193.25,184505.25,287761.5,0.4843500000000172,0.3789349999999851
18,1,w1_20260418_030854,34,267274.25,107368.5,208517.25,0.8120049999999929,0.279730000000001
18,1,w1_20260418_030854,35,98059.75,243785.25,265215,0.5324350000000146,0.34523000000000026
18,1,w1_20260418_030854,36,171875,239005.5,277789.5,0.5656099999999916,0.4160600000000014
18,1,w1_20260418_030854,37,153607,264060.75,278942.25,0.5431349999999976,0.3855550000000096
18,1,w1_20260418_030854,38,103495.5,268020,275734.5,0.49710500000000785,0.3753150000000049
18,1,w1_20260418_030854,39,148449.75,246076.5,212163.75,0.5701300000000095,0.3271650000000128
18,1,w1_20260418_030854,40,112571.75,60668.25,192900,0.6999299999999323,0.5308450000000107
18,1,w1_20260418_030854,41,205075,201804,271281,0.6491299999999749,0.3712150000000001
18,1,w1_20260418_030854,42,366325.25,38115,252879.75,0.9334199999999626,0.3922699999999933
18,1,w1_20260418_030854,43,103782,240213.75,264674.25,0.49440999999999646,0.33052500000000085
18,1,w1_20260418_030854,44,76887.5,207255.75,242886.75,0.4984649999999939,0.3100650000000064
18,1,w1_20260418_030854,45,230486.75,186307.5,259995.75,0.6804549999999625,0.39232500000000375
18,1,w1_20260418_030854,46,157296.75,226151.25,157302,0.6115399999999789,0.27460500000000443
18,1,w1_20260418_030854,47,102567.5,254067.75,277254.75,0.5145750000000093,0.3581900000000031
18,1,w1_20260418_030854,48,119025.5,263167.5,317667,0.47581999999998414,0.4130650000000004
18,1,w1_20260418_030854,49,340359.75,46228.5,228861.75,0.9189599999999888,0.32208499999999207
18,1,w1_20260418_030854,50,348127.5,39513,218629.5,0.9324399999999902,0.2887199999999996
18,1,w1_20260418_030854,51,28321.25,101263.5,215795.25,0.33606500000000133,0.39619499999996544
18,1,w1_20260418_030854,52,258111,127730.25,195618.75,0.7746150000000065,0.3286700000000024
18,1,w1_20260418_030854,53,148225.25,205986,198138.75,0.6178449999999746,0.32978000000000235
18,1,w1_20260418_030854,54,81058.25,173554.5,284627.25,0.4153099999999894,0.4288350000000131
18,1,w1_20260418_030854,55,229905.25,212574,302160.75,0.6184400000000213,0.4522450000000066
18,1,w1_20260418_030854,56,65088.75,162610.5,322770.75,0.36271999999998894,0.3696400000000016
18,1,w1_20260418_030854,57,279683,147990.75,281126.25,0.7405349999999723,0.42017999999999095
18,1,w1_20260418_030854,58,134509,169369.5,315691.5,0.4404200000000235,0.4001950000000009
18,1,w1_20260418_030854,59,293850.75,136860.75,263068.5,0.7414199999999973,0.45046999999999554
18,1,w1_20260418_030854,60,359593.75,75582.75,216223.5,0.871459999999947,0.43033499999999913
18,1,w1_20260418_030854,61,355774.25,96750.75,242475,0.835779999999957,0.4701249999999949
18,1,w1_20260418_030854,62,112059.5,169832.25,309218.25,0.4482499999999924,0.4015249999999875
18,1,w1_20260418_030854,63,7076.75,157019.25,270954,0.4391649999999851,0.31808999999999577
18,1,w1_20260418_030854,64,40173.5,160454.25,233582.25,0.4871900000000102,0.34872499999999734
18,1,w1_20260418_030854,65,309771.75,88078.5,238839.75,0.8490799999999821,0.3203049999999951
18,1,w1_20260418_030854,66,200861.5,222953.25,247685.25,0.5710849999999977,0.4758050000000033
18,1,w1_20260418_030854,67,52981.75,107529,304499.25,0.2623199999999827,0.4213149999999787
18,1,w1_20260418_030854,68,92305.5,75695.25,246059.25,0.6676500000000108,0.39784999999998766
18,1,w1_20260418_030854,69,29832.5,152934,254473.5,0.28159499999997645,0.40176999999999863
18,1,w1_20260418_030854,70,46557.75,253854.75,234847.5,0.42577000000001736,0.357469999999997
18,1,w1_20260418_030854,71,283121.5,128193,243115.5,0.7772499999999631,0.3916399999999969
18,1,w1_20260418_030854,72,75217,269180.25,130782.75,0.4674199999999882,0.4093599999999968
18,1,w1_20260418_030854,73,54666.5,246863.25,160820.25,0.42539499999998726,0.36507499999999343
18,1,w1_20260418_030854,74,77823.5,249374.25,131282.25,0.4349100000000034,0.37777499999998015
18,1,w1_20260418_030854,75,348144,63486,172830,0.8896749999999789,0.39287999999999607
18,1,w1_20260418_030854,76,5983.25,214029,176397.75,0.2868849999999999,0.3809850000000051
18,1,w1_20260418_030854,77,46608.5,122126.25,211295.25,0.39127500000000104,0.4319050000000166
18,1,w1_20260418_030854,78,183027.25,222718.5,258134.25,0.6001149999999786,0.3858649999999936
18,1,w1_20260418_030854,79,332004,112538.25,277647.75,0.8067799999999705,0.4453899999999848
18,1,w1_20260418_030854,80,128604,218057.25,235758.75,0.5081149999999779,0.4095200000000031
18,1,w1_20260418_030854,81,222604.5,208098.75,227376.75,0.6386549999999527,0.4439200000000132
18,1,w1_20260418_030854,82,275312,147333.75,232514.25,0.7476549999999798,0.4045199999999931
18,1,w1_20260418_030854,83,343277.5,86180.25,250652.25,0.8541800000000481,0.4394249999999983
18,1,w1_20260418_030854,84,43477.75,225325.5,209916.75,0.24637999999999924,0.48490000000000344
18,1,w1_20260418_030854,85,39588,83757,283875,0.32658499999999197,0.4184549999999886
18,1,w1_20260418_030854,86,9425,44227.5,134947.5,0.4550349999999974,0.39568999999999815
18,1,w1_20260418_030854,87,257364.25,130618.5,274847.25,0.7234699999999902,0.3868799999999901
18,1,w1_20260418_030854,88,18550.75,121254,230135.25,0.3097949999999823,0.39786500000001945
18,1,w1_20260418_030854,89,305247.5,78312.75,249459.75,0.8343399999999576,0.43709499999999263
18,1,w1_20260418_030854,90,158786.5,235250.25,280913.25,0.561459999999971,0.3994399999999917
18,1,w1_20260418_030854,91,105334.5,263859,307426.5,0.4668949999999928,0.40265500000000504
18,1,w1_20260418_030854,92,113342.25,199571.25,224086.5,0.4056849999999992,0.48270499999999167
18,1,w1_20260418_030854,93,259708.25,122607,259404.75,0.648004999999999,0.4898350000000198
18,1,w1_20260418_030854,94,183508.5,153016.5,252465,0.5390549999999886,0.4791650000000012
18,1,w1_20260418_030854,95,125012.5,137783.25,300704.25,0.604344999999992,0.3560400000000094
18,1,w1_20260418_030854,96,157633.5,155860.5,248196,0.5586800000000205,0.4397049999999971
18,1,w1_20260418_030854,97,151174.25,246043.5,283112.25,0.46839500000000744,0.47646999999999434
18,1,w1_20260418_030854,98,161840.75,227600.25,279219,0.5631249999999958,0.4091049999999932
18,1,w1_20260418_030854,99,100282,203577.75,255860.25,0.3858150000000003,0.4155650000000001
18,1,w1_20260418_030854,100,138448,207414.75,265007.25,0.5172500000000051,0.4418149999999975
19,0,w0_20260418_031639,1,24497,187169.25,68613.75,0.41516500000000495,0.1511250000000026
19,0,w0_20260418_031639,2,258477.5,75729,128743.5,0.8570799999999752,0.20499999999999885
19,0,w0_20260418_031639,3,217629.5,131583,80527.5,0.7586899999999857,0.2049699999999989
19,0,w0_20260418_031639,4,120754.75,234042,46223.25,0.5711649999999744,0.19138499999999511
19,0,w0_20260418_031639,5,52993,304268.25,45888.75,0.4404550000000167,0.2380299999999956
19,0,w0_20260418_031639,6,75570.75,276576,68963.25,0.485725000000005,0.29107000000001826
19,0,w0_20260418_031639,7,176107.5,176565,60847.5,0.6791049999999788,0.16158499999998716
19,0,w0_20260418_031639,8,85556.25,265548,45255.75,0.4927750000000096,0.2728000000000064
19,0,w0_20260418_031639,9,211361.5,147871.5,53937,0.7306699999999575,0.2021499999999973
19,0,w0_20260418_031639,10,237381.25,117804.75,59094,0.7863099999999843,0.18054499999999576
19,0,w0_20260418_031639,11,58124,250444.5,93811.5,0.46520999999999896,0.18569999999999023
19,0,w0_20260418_031639,12,270022.75,93661.5,49995.75,0.8321549999999899,0.21948500000000296
19,0,w0_20260418_031639,13,63758.75,243924,35507.25,0.4351550000000024,0.39929499999998214
19,0,w0_20260418_031639,14,314392.75,59193.75,45283.5,0.8936399999999524,0.39123999999999975
19,0,w0_20260418_031639,15,176968.75,194924.25,36057,0.6530449999999945,0.30282499999999707
19,0,w0_20260418_031639,16,254161.75,111286.5,40461.75,0.8013250000000005,0.175319999999998
19,0,w0_20260418_031639,17,61441.25,206164.5,70514.25,0.5009699999999916,0.14297499999999205
19,0,w0_20260418_031639,18,108904.75,248289.75,64225.5,0.5249500000000159,0.3856850000000039
19,0,w0_20260418_031639,19,88966.25,239187.75,54966,0.4946750000000212,0.11897999999999297
19,0,w0_20260418_031639,20,156531,209631.75,44627.25,0.6237350000000106,0.2310399999999932
19,0,w0_20260418_031639,21,149192.5,225489.75,63177.75,0.6011600000000233,0.294355000000002
19,0,w0_20260418_031639,22,232668.25,148031.25,81430.5,0.7381500000000178,0.411999999999999
19,0,w0_20260418_031639,23,189255,179508.75,43106.25,0.6827499999999732,0.13358499999999582
19,0,w0_20260418_031639,24,83540.25,213070.5,44009.25,0.4643550000000141,0.20920500000000591
19,0,w0_20260418_031639,25,96299,218457,65874,0.5229849999999789,0.2531850000000041
19,0,w0_20260418_031639,26,128735.25,230849.25,48505.5,0.5827650000000183,0.2625400000000174
19,0,w0_20260418_031639,27,118644.5,254605.5,37320,0.5527049999999986,0.19853499999999027
19,0,w0_20260418_031639,28,224736,148144.5,48859.5,0.7411100000000107,0.2306699999999962
19,0,w0_20260418_031639,29,63871.5,223554.75,39633.75,0.5330900000000104,0.18802499999999847
19,0,w0_20260418_031639,30,205844,167175,50901,0.7088799999999645,0.18843999999999617
19,0,w0_20260418_031639,31,55334.25,244155,157680.75,0.400324999999998,0.3220150000000132
19,0,w0_20260418_031639,32,10221.25,277634.25,164104.5,0.31473500000000576,0.35665499999999917
19,0,w0_20260418_031639,33,83092.5,212568,35239.5,0.5414100000000062,0.107854999999992
19,0,w0_20260418_031639,34,263515,105061.5,88513.5,0.8153499999999928,0.2827800000000087
19,0,w0_20260418_031639,35,11369.5,306093,45517.5,0.3878600000000049,0.21028499999999611
19,0,w0_20260418_031639,36,188406.5,199227.75,177315.75,0.6117949999999993,0.4096649999999855
19,0,w0_20260418_031639,37,74091.25,250897.5,35471.25,0.4780750000000163,0.16864499999999114
19,0,w0_20260418_031639,38,150947.75,228254.25,34428,0.606445000000005,0.13161999999999374
19,0,w0_20260418_031639,39,29899.75,275137.5,42162.75,0.3908250000000135,0.14185499999999004
19,0,w0_20260418_031639,40,150877.75,194796.75,128935.5,0.6112200000000225,0.35317500000000174
19,0,w0_20260418_031639,41,88281.25,183044.25,92254.5,0.4917999999999855,0.323929999999996
19,0,w0_20260418_031639,42,223282.25,147438,75729.75,0.7382699999999772,0.30255500000000307
19,0,w0_20260418_031639,43,188826.25,166720.5,49043.25,0.6975950000000014,0.16353499999999135
19,0,w0_20260418_031639,44,65379,239340.75,86420.25,0.45218000000000846,0.32576500000000197
19,0,w0_20260418_031639,45,322356.5,53984.25,66569.25,0.9061299999999805,0.35235000000000616
19,0,w0_20260418_031639,46,58295,222984,44451,0.47014500000001064,0.31058000000000313
19,0,w0_20260418_031639,47,83546,224223,32781,0.4814699999999883,0.2182250000000056
19,0,w0_20260418_031639,48,158040.75,200832,40757.25,0.6355699999999892,0.12180500000000266
19,0,w0_20260418_031639,49,263163.25,127050,225066.75,0.7703149999999854,0.38334499999999166
19,0,w0_20260418_031639,50,61867.5,255791.25,44891.25,0.4557450000000304,0.19299999999999629
19,0,w0_20260418_031639,51,129871.5,149967,151381.5,0.5281650000000091,0.4221750000000129
19,0,w0_20260418_031639,52,357477.25,34051.5,132281.25,0.9408650000000012,0.3841299999999901
19,0,w0_20260418_031639,53,26113.5,186385.5,123561,0.39421500000000753,0.3219699999999913
19,0,w0_20260418_031639,54,337254,40337.25,57198.75,0.9267899999999796,0.21309000000000697
19,0,w0_20260418_031639,55,46789,195903.75,56867.25,0.44361000000001616,0.19999999999998755
19,0,w0_20260418_031639,56,79119.25,158797.5,101573.25,0.513189999999989,0.3021900000000069
19,0,w0_20260418_031639,57,65745.5,197355.75,59418.75,0.5353300000000188,0.32926000000001004
19,0,w0_20260418_031639,58,109977.5,156675,121177.5,0.5729249999999918,0.3219250000000073
19,0,w0_20260418_031639,59,307933,86670,171327,0.8524749999999356,0.33639999999999926
19,0,w0_20260418_031639,60,57193.25,216747,149979.75,0.469815000000008,0.3871750000000067
19,0,w0_20260418_031639,61,75660.75,188312.25,209667,0.5112800000000112,0.26725000000000526
19,0,w0_20260418_031639,62,71784,278600.25,215175.75,0.3248800000000234,0.4356650000000082
19,0,w0_20260418_031639,63,208288.25,149606.25,204895.5,0.6887700000000078,0.3276899999999999
19,0,w0_20260418_031639,64,155224.75,213592.5,173532.75,0.5292650000000112,0.4061999999999959
19,0,w0_20260418_031639,65,248663,94463.25,232023.75,0.7814049999999848,0.3940700000000077
19,0,w0_20260418_031639,66,94054.5,209603.25,184322.25,0.44968500000002687,0.40405500000000893
19,0,w0_20260418_031639,67,92899.25,86617.5,161333.25,0.45341499999997814,0.3406600000000149
19,0,w0_20260418_031639,68,154619.25,145029.75,255651,0.568939999999996,0.4246049999999972
19,0,w0_20260418_031639,69,78557,252557.25,232365.75,0.27477000000000334,0.5159999999999939
19,0,w0_20260418_031639,70,129928.25,140425.5,247946.25,0.5665550000000117,0.4324500000000045
19,0,w0_20260418_031639,71,142756,126691.5,267262.5,0.5734000000000001,0.402819999999995
19,0,w0_20260418_031639,72,110836.25,123274.5,253079.25,0.4455200000000128,0.4452850000000035
19,0,w0_20260418_031639,73,95544.5,126190.5,248415,0.4805450000000157,0.43479000000002377
19,0,w0_20260418_031639,74,62368.75,70305,244826.25,0.4915400000000086,0.4433300000000088
19,0,w0_20260418_031639,75,20861.75,102020.25,222018,0.22474000000000027,0.4573050000000097
19,0,w0_20260418_031639,76,105630.25,69824.25,195865.5,0.592840000000012,0.5153400000000075
19,0,w0_20260418_031639,77,178766,97299,250545,0.7262499999999902,0.38327000000000294
19,0,w0_20260418_031639,78,106580.5,66987,198502.5,0.5189450000000198,0.49797999999999737
19,0,w0_20260418_031639,79,268968.25,100002,179439.75,0.7710849999999637,0.4934899999999932
19,0,w0_20260418_031639,80,28952.5,50055.75,203391.75,0.6104100000000084,0.3363199999999872
19,0,w0_20260418_031639,81,111778.5,233324.25,130757.25,0.5266850000000258,0.4050550000000069
19,0,w0_20260418_031639,82,242085.25,92152.5,123812.25,0.8054799999999659,0.3286899999999965
19,0,w0_20260418_031639,83,140331.75,189513.75,198544.5,0.647214999999984,0.18324999999999564
19,0,w0_20260418_031639,84,235376.25,152829.75,169404,0.7406049999999573,0.32134500000000504
19,0,w0_20260418_031639,85,294578.75,79983.75,160567.5,0.8593650000000301,0.3305849999999959
19,0,w0_20260418_031639,86,251568,167326.5,181825.5,0.7037349999999887,0.41602500000001347
19,0,w0_20260418_031639,87,216073.75,177183,148433.25,0.6999849999999902,0.33222999999999314
19,0,w0_20260418_031639,88,112916.25,226257,163926.75,0.5760549999999861,0.3263800000000055
19,0,w0_20260418_031639,89,176459,234782.25,217038.75,0.5105750000000073,0.5313349999999933
19,0,w0_20260418_031639,90,77110.75,290922.75,217966.5,0.4442000000000125,0.3592900000000049
19,0,w0_20260418_031639,91,395969.5,55308,245482.5,0.9019499999999788,0.46582500000000865
19,0,w0_20260418_031639,92,185775.25,185274.75,174360,0.6594100000000114,0.3041350000000038
19,0,w0_20260418_031639,93,-10000,12635.25,70086.75,0.7282349999999872,0.5590099999999603
19,0,w0_20260418_031639,94,186686.5,186520.5,180303,0.6733300000000142,0.2918200000000082
19,0,w0_20260418_031639,95,399261.5,46013.25,205925.25,0.9199049999999924,0.4974999999999971
19,0,w0_20260418_031639,96,-6090.5,64505.25,149525.25,0.4386200000000035,0.29876499999999684
19,0,w0_20260418_031639,97,35418.5,16053.75,74667.75,0.34170500000001014,0.5600150000000004
19,0,w0_20260418_031639,98,110007,41184,139299,0.7665850000000077,0.459935000000019
19,0,w0_20260418_031639,99,42491.25,10785.75,144453,0.8494550000000518,0.36786500000001376
19,0,w0_20260418_031639,100,58769.25,205314.75,130686,0.5135450000000136,0.2194149999999947
19,1,w1_20260418_032425,1,31794,183201,85995,0.42800000000000354,0.21939499999999829
19,1,w1_20260418_032425,2,239301.5,88401.75,134646.75,0.8300399999999749,0.18680999999999137
19,1,w1_20260418_032425,3,99786.25,251798.25,59425.5,0.5375949999999957,0.17614999999999068
19,1,w1_20260418_032425,4,25022.5,236600.25,122417.25,0.4413750000000174,0.26532500000000403
19,1,w1_20260418_032425,5,82456.75,259965.75,94387.5,0.519235000000014,0.17120999999999667
19,1,w1_20260418_032425,6,-10000,85993.65000000001,53157,0.4962700000000256,0.1352749999999898
19,1,w1_20260418_032425,7,116242.5,236361.75,73395.75,0.5641750000000069,0.24530999999998376
19,1,w1_20260418_032425,8,132782.75,209711.25,86406,0.6108249999999944,0.15687999999999178
19,1,w1_20260418_032425,9,216927.25,138814.5,50258.25,0.7475499999999718,0.13608499999999915
19,1,w1_20260418_032425,10,105720.5,239422.5,59697,0.5552249999999901,0.1733449999999865
19,1,w1_20260418_032425,11,158918.25,208977,77214.75,0.6104150000000103,0.41168500000000574
19,1,w1_20260418_032425,12,157710.25,207960.75,128859,0.6167650000000128,0.30686499999999906
19,1,w1_20260418_032425,13,109743.75,234642.75,185743.5,0.5720000000000004,0.2320999999999936
19,1,w1_20260418_032425,14,45436.5,204147.75,147765.75,0.351955000000026,0.4353149999999861
19,1,w1_20260418_032425,15,134256.75,240201.75,287311.5,0.5467099999999933,0.3662499999999869
19,1,w1_20260418_032425,16,260515,114867.75,232697.25,0.789204999999993,0.3711399999999962
19,1,w1_20260418_032425,17,20238.75,306909,130802.25,0.393960000000024,0.3027800000000015
19,1,w1_20260418_032425,18,123481.25,233262,195396.75,0.5798850000000071,0.2639350000000034
19,1,w1_20260418_032425,19,54357.5,278222.25,201770.25,0.42426000000001657,0.3233100000000071
19,1,w1_20260418_032425,20,212617.5,156784.5,245298,0.7093449999999681,0.32643500000001097
19,1,w1_20260418_032425,21,-10000,233322,195372,0.3788050000000109,0.34824500000002123
19,1,w1_20260418_032425,22,228479.75,184500.75,238159.5,0.6175700000000188,0.5115000000000084
19,1,w1_20260418_032425,23,77398.75,250601.25,201090,0.4308000000000201,0.3831749999999996
19,1,w1_20260418_032425,24,86715.5,220744.5,214020,0.4447499999999898,0.35529999999999656
19,1,w1_20260418_032425,25,233916,199471.5,230602.5,0.600645000000004,0.4925900000000099
19,1,w1_20260418_032425,26,62303.75,218964.75,216091.5,0.4079299999999979,0.29448000000000374
19,1,w1_20260418_032425,27,117070,208232.25,252537.75,0.4764800000000063,0.4505900000000026
19,1,w1_20260418_032425,28,263810.75,183646.5,232332.75,0.658824999999992,0.4987249999999909
19,1,w1_20260418_032425,29,288917,133650.75,232742.25,0.7614099999999754,0.4379149999999901
19,1,w1_20260418_032425,30,135829.75,240843.75,206746.5,0.45884500000000855,0.5309699999999948
19,1,w1_20260418_032425,31,96219.75,221549.25,218631,0.33457500000000473,0.531085000000012
19,1,w1_20260418_032425,32,313678.75,164283,233558.25,0.6982400000000044,0.5390900000000048
19,1,w1_20260418_032425,33,37084.75,173976,298049.25,0.2758900000000087,0.39384499999999495
19,1,w1_20260418_032425,34,119670.75,151238.25,184431,0.5786749999999943,0.3878700000000097
19,1,w1_20260418_032425,35,49942,216743.25,253914.75,0.3846699999999885,0.3798249999999984
19,1,w1_20260418_032425,36,295142,99186,260232,0.8098399999999704,0.38126500000000185
19,1,w1_20260418_032425,37,78144.5,234354.75,198720.75,0.4529600000000067,0.3077650000000113
19,1,w1_20260418_032425,38,191811.5,218979.75,239508.75,0.6112600000000026,0.41693500000000167
19,1,w1_20260418_032425,39,38738.75,254493.75,277267.5,0.3575100000000084,0.36566500000000163
19,1,w1_20260418_032425,40,102940.75,252795,243674.25,0.4572500000000138,0.4132850000000012
19,1,w1_20260418_032425,41,311698.25,117846.75,279465,0.7850649999999626,0.44994000000000745
19,1,w1_20260418_032425,42,363219.25,59173.5,212987.25,0.8980899999999765,0.4602850000000008
19,1,w1_20260418_032425,43,147889.5,236157.75,251562.75,0.4306899999999974,0.5149199999999893
19,1,w1_20260418_032425,44,303888.5,104998.5,259083,0.8146149999999822,0.3922049999999981
19,1,w1_20260418_032425,45,24019,152855.25,223875.75,0.3970199999999979,0.34825000000000667
19,1,w1_20260418_032425,46,204815,159154.5,250330.5,0.6763399999999729,0.4242050000000023
19,1,w1_20260418_032425,47,305286.5,158683.5,247380,0.7242149999999601,0.5019550000000101
19,1,w1_20260418_032425,48,118689.75,264921,289469.25,0.4834800000000189,0.3940999999999954
19,1,w1_20260418_032425,49,379130,47864.25,250155.75,0.914930000000017,0.4221150000000079
19,1,w1_20260418_032425,50,263084,200269.5,269206.5,0.6563349999999942,0.4748100000000101
19,1,w1_20260418_032425,51,35517.75,145899,216143.25,0.28070999999999524,0.4317149999999966
19,1,w1_20260418_032425,52,300027.75,99825,273467.25,0.776539999999969,0.4780599999999913
19,1,w1_20260418_032425,53,154607.75,200045.25,282657,0.5127500000000217,0.47412999999999583
19,1,w1_20260418_032425,54,56336.75,133647.75,241255.5,0.3783550000000146,0.3686799999999956
19,1,w1_20260418_032425,55,179467,174776.25,208416.75,0.6082149999999916,0.5053100000000053
19,1,w1_20260418_032425,56,73847.25,224261.25,255361.5,0.38748000000000754,0.4202149999999918
19,1,w1_20260418_032425,57,238487.75,154605,180437.25,0.7228449999999547,0.38994499999999493
19,1,w1_20260418_032425,58,367110.75,51939.75,204619.5,0.91090499999999,0.43973000000000995
19,1,w1_20260418_032425,59,37977,257689.5,276373.5,0.27197500000003116,0.4421649999999813
19,1,w1_20260418_032425,60,74969.5,98085,169375.5,0.5074900000000145,0.36325499999999766
19,1,w1_20260418_032425,61,354034.25,73926,174039.75,0.8734799999999621,0.4683149999999762
19,1,w1_20260418_032425,62,46971.5,227055,141133.5,0.3984650000000149,0.3378799999999896
19,1,w1_20260418_032425,63,302835.75,175259.25,241995,0.6906649999999765,0.5198149999999908
19,1,w1_20260418_032425,64,150356,239646.75,280067.25,0.5389849999999945,0.41156500000000895
19,1,w1_20260418_032425,65,371751.5,70569,227689.5,0.8775299999999655,0.48844500000000735
19,1,w1_20260418_032425,66,33915.5,177417.75,186606.75,0.3506950000000249,0.2787400000000271
19,1,w1_20260418_032425,67,27699.5,136345.5,70815,0.34115000000002704,0.4670500000000032
19,1,w1_20260418_032425,68,219189.25,81581.25,176359.5,0.7770799999999973,0.28890499999999647
19,1,w1_20260418_032425,69,169319.75,242313.75,238366.5,0.5331650000000052,0.4704050000000109
19,1,w1_20260418_032425,70,169763.5,193749.75,268176.75,0.6262749999999692,0.3322999999999977
19,1,w1_20260418_032425,71,60523.5,283283.25,175283.25,0.44656500000002336,0.299790000000005
19,1,w1_20260418_032425,72,207939.5,160277.25,247553.25,0.6580949999999847,0.34840500000000263
19,1,w1_20260418_032425,73,251797.25,166931.25,183691.5,0.7090749999999951,0.4469399999999817
19,1,w1_20260418_032425,74,67101,161628.75,208730.25,0.4459150000000298,0.4360600000000021
19,1,w1_20260418_032425,75,23281.25,86048.25,201910.5,0.4209200000000128,0.3817800000000042
19,1,w1_20260418_032425,76,178213.5,194874,256432.5,0.555610000000022,0.4586000000000044
19,1,w1_20260418_032425,77,72580,137910.75,207689.25,0.483595000000046,0.42504000000000697
19,1,w1_20260418_032425,78,386347,34548,243015,0.9391699999999868,0.43018000000000456
19,1,w1_20260418_032425,79,103880.25,199782,250617.75,0.4560150000000251,0.4473350000000059
19,1,w1_20260418_032425,80,220455.25,196432.5,162602.25,0.6463300000000081,0.4842600000000116
19,1,w1_20260418_032425,81,173013.5,246739.5,189297,0.5779699999999929,0.4164799999999892
19,1,w1_20260418_032425,82,15678,149238.75,145913.25,0.35924999999997803,0.40388499999999744
19,1,w1_20260418_032425,83,202528.75,177785.25,249366,0.6741799999999737,0.34075499999999387
19,1,w1_20260418_032425,84,7399.25,95304,130596.75,0.3694399999999704,0.4390399999999997
19,1,w1_20260418_032425,85,16257,133185.75,250307.25,0.2637849999999918,0.3601850000000053
19,1,w1_20260418_032425,86,10361.75,11392.5,159195.75,0.3247900000000008,0.35950500000000485
19,1,w1_20260418_032425,87,26538.25,57453.75,276438,0.33026000000000866,0.3884199999999893
19,1,w1_20260418_032425,88,33554,16110.75,290615.25,0.36602999999995767,0.39561999999999986
19,1,w1_20260418_032425,89,30843.25,22223.25,264253.5,0.6153449999999684,0.3391900000000092
19,1,w1_20260418_032425,90,49109.25,141420,245670.75,0.5950900000000161,0.3103200000000078
19,1,w1_20260418_032425,91,260043.5,115155,224761.5,0.7927750000000076,0.3389899999999969
19,1,w1_20260418_032425,92,53669.5,83586.75,246813.75,0.43245999999999896,0.42880499999997446
19,1,w1_20260418_032425,93,77789.75,34367.25,243783,0.6362100000000018,0.4017450000000082
19,1,w1_20260418_032425,94,386805,18629.25,249765.75,0.9683599999999948,0.35867000000000304
19,1,w1_20260418_032425,95,382493.75,15628.5,235167.75,0.9738000000000068,0.31171999999998884
19,1,w1_20260418_032425,96,341574,61270.5,253345.5,0.8974200000000118,0.338234999999996
19,1,w1_20260418_032425,97,186573,183438.75,237518.25,0.6855850000000424,0.25058000000000374
19,1,w1_20260418_032425,98,59435.25,124662,205302.75,0.4115350000000234,0.4494699999999936
19,1,w1_20260418_032425,99,231716.25,168302.25,291481.5,0.7050550000000235,0.3411200000000022
19,1,w1_20260418_032425,100,75302.25,279665.25,198262.5,0.4415299999999989,0.37536499999998457
20,0,w0_20260418_033223,1,246630,87443.25,101586.75,0.830599999999971,0.1988650000000083
20,0,w0_20260418_033223,2,164513.25,184014.75,52152,0.6600749999999843,0.1435149999999951
20,0,w0_20260418_033223,3,122550.5,226695,51424.5,0.5812049999999852,0.1364299999999961
20,0,w0_20260418_033223,4,56658.5,290860.5,50091,0.4594100000000067,0.14396999999999766
20,0,w0_20260418_033223,5,-8375.25,130706.25,47799,0.3999750000000117,0.14999500000000007
20,0,w0_20260418_033223,6,185654,166617,44229,0.691934999999975,0.15410499999999586
20,0,w0_20260418_033223,7,122583.25,215932.5,42584.25,0.582084999999985,0.21002499999999533
20,0,w0_20260418_033223,8,94558,253995.75,45326.25,0.5229349999999979,0.19860999999999257
20,0,w0_20260418_033223,9,6779.25,187263.75,37347,0.3509199999999919,0.20246500000000212
20,0,w0_20260418_033223,10,14166,190735.5,35008.5,0.3777849999999898,0.2295100000000126
20,0,w0_20260418_033223,11,229136,126578.25,54255.75,0.7668949999999755,0.1557999999999948
20,0,w0_20260418_033223,12,153270.75,207545.25,40854,0.6255899999999647,0.14254499999999967
20,0,w0_20260418_033223,13,25829,231224.25,44616.75,0.3681649999999895,0.37740999999999086
20,0,w0_20260418_033223,14,-10000,52884.75,28016.25,0.2164650000000048,0.16706500000000651
20,0,w0_20260418_033223,15,157336.75,207355.5,34287.75,0.611239999999974,0.3905150000000047
20,0,w0_20260418_033223,16,146902.5,206301.75,75975.75,0.6276599999999773,0.1180300000000004
20,0,w0_20260418_033223,17,-807.25,225575.25,75492,0.3761799999999851,0.17774500000000054
20,0,w0_20260418_033223,18,179652,193065,128103,0.5815549999999966,0.48081000000003143
20,0,w0_20260418_033223,19,-10000,44574,22162.5,0.13215999999999956,0.13217500000000038
20,0,w0_20260418_033223,20,63092,105839.25,132828.75,0.41991999999998425,0.31416999999998924
20,0,w0_20260418_033223,21,61624.25,329265.75,190320,0.36656500000001646,0.3862049999999936
20,0,w0_20260418_033223,22,304042.25,54212.25,205495.5,0.902744999999986,0.2824999999999909
20,0,w0_20260418_033223,23,484360.75,69429.75,135169.5,0.8687299999999767,0.696539999999966
20,0,w0_20260418_033223,24,217709.25,212877.75,196623,0.5296450000000015,0.5693499999999796
20,0,w0_20260418_033223,25,30756.5,335117.25,294296.25,0.4086999999999698,0.2896450000000021
20,0,w0_20260418_033223,26,285111.75,86211.75,181456.5,0.8447499999999459,0.3322650000000073
20,0,w0_20260418_033223,27,74816.75,329673,319220.25,0.40603999999995766,0.3952800000000093
20,0,w0_20260418_033223,28,134034,214350,283356,0.4478049999999803,0.4615000000000129
20,0,w0_20260418_033223,29,195673.75,186566.25,319320,0.6229549999999721,0.3941450000000067
20,0,w0_20260418_033223,30,102719,203097,278754,0.421369999999994,0.4546199999999808
20,0,w0_20260418_033223,31,317930.5,82665.75,291393.75,0.8419699999999746,0.3707649999999827
20,0,w0_20260418_033223,32,276680.75,128658,307661.25,0.773069999999954,0.37920999999998767
20,0,w0_20260418_033223,33,61689.5,172006.5,216384,0.465614999999971,0.2658650000000018
20,0,w0_20260418_033223,34,195811.75,182706,208712.25,0.6691750000000158,0.3434049999999988
20,0,w0_20260418_033223,35,117807.75,193838.25,212364,0.5328800000000108,0.2989099999999899
20,0,w0_20260418_033223,36,108574,138926.25,258459.75,0.4600850000000201,0.4123099999999863
20,0,w0_20260418_033223,37,358736.75,45135,298748.25,0.9192900000000171,0.3746350000000042
20,0,w0_20260418_033223,38,276386,142076.25,286257.75,0.7502349999999745,0.394444999999992
20,0,w0_20260418_033223,39,107469,253227.75,266813.25,0.39120999999999606,0.45952999999999145
20,0,w0_20260418_033223,40,65318.5,150745.5,301086,0.31024500000000294,0.41621499999999695
20,0,w0_20260418_033223,41,203774.75,179400.75,264964.5,0.6445750000000122,0.4130599999999868
20,0,w0_20260418_033223,42,179702.5,231414.75,281262.75,0.5769399999999879,0.40729499999997326
20,0,w0_20260418_033223,43,149827.25,121608,264174.75,0.6810249999999508,0.3510599999999841
20,0,w0_20260418_033223,44,173442,122923.5,273454.5,0.588389999999992,0.41435500000000186
20,0,w0_20260418_033223,45,313821,105460.5,282988.5,0.8071800000000261,0.4064950000000002
20,0,w0_20260418_033223,46,105357,138000,285453,0.4788050000000099,0.39507499999998136
20,0,w0_20260418_033223,47,38402.25,40463.25,317734.5,0.1791350000000022,0.39857500000000057
20,0,w0_20260418_033223,48,119398,92859,295203,0.4530299999999894,0.4487049999999731
20,0,w0_20260418_033223,49,113270,61866.75,292973.25,0.6065549999999973,0.38826999999998146
20,0,w0_20260418_033223,50,107685.75,126437.25,300447,0.540425000000004,0.3584550000000017
20,0,w0_20260418_033223,51,339848,59433,265569,0.8979749999999979,0.35093000000000085
20,0,w0_20260418_033223,52,63339.5,144927,309553.5,0.35436000000000256,0.3916549999999915
20,0,w0_20260418_033223,53,26664,25474.5,287881.5,0.11965500000000592,0.3894999999999735
20,0,w0_20260418_033223,54,50106.75,37743.75,269569.5,0.0981300000000021,0.4562449999999937
20,0,w0_20260418_033223,55,125,19146.75,254468.25,0.22499499999999376,0.3278649999999868
20,0,w0_20260418_033223,56,34148.75,107631.75,247879.5,0.3441050000000063,0.3551499999999865
20,0,w0_20260418_033223,57,53860,209651.25,197448.75,0.4684849999999895,0.31968499999999667
20,0,w0_20260418_033223,58,70789.25,294393.75,184017,0.4514950000000059,0.3175649999999843
20,0,w0_20260418_033223,59,214109,191067,186984,0.67060999999998006,0.347344999999977
20,0,w0_20260418_033223,60,357429.75,70762.5,313827.75,0.8572200000000181,0.41859500000000127
20,0,w0_20260418_033223,61,232502.25,113092.5,296345.25,0.5849700000000063,0.43806999999998464
20,0,w0_20260418_033223,62,330121,81896.25,312672.75,0.8593250000000137,0.3708999999999866
20,0,w0_20260418_033223,63,44865.5,332295.75,258828.75,0.3882250000000246,0.34332499999999155
20,0,w0_20260418_033223,64,266175.75,112086,223508.25,0.8020599999999675,0.3069299999999936
20,0,w0_20260418_033223,65,50889.25,211417.5,196433.25,0.37359000000000736,0.4565850000000179
20,0,w0_20260418_033223,66,52923.25,111967.5,225749.25,0.2929900000000052,0.44759999999998473
20,0,w0_20260418_033223,67,75791.25,269403.75,207255,0.3812250000000089,0.45944499999999416
20,0,w0_20260418_033223,68,333914.25,81684.75,263691,0.8339000000000265,0.4266999999999949
20,0,w0_20260418_033223,69,163578.75,216037.5,241623.75,0.4993349999999867,0.43441999999999426
20,0,w0_20260418_033223,70,263477.75,134696.25,292326,0.7591599999999702,0.36892999999998954
20,0,w0_20260418_033223,71,288244.5,128575.5,301320,0.7718249999999716,0.39576999999998913
20,0,w0_20260418_033223,72,251542.25,54824.25,198223.5,0.8228899999999941,0.5962400000000135
20,0,w0_20260418_033223,73,127180,195026.25,283413.75,0.5269950000000092,0.3846699999999925
20,0,w0_20260418_033223,74,202343,131982,294555,0.6304549999999776,0.4216799999999983
20,0,w0_20260418_033223,75,134262.5,201861.75,226455.75,0.5998300000000004,0.3652400000000075
20,0,w0_20260418_033223,76,67595,168450,95985,0.5462200000000421,0.4381899999999937
20,0,w0_20260418_033223,77,236662,71789.25,279108.75,0.6790949999999619,0.4849549999999946
20,0,w0_20260418_033223,78,108346,171339.75,167804.25,0.5520400000000006,0.3254900000000008
20,0,w0_20260418_033223,79,106629.75,160107.75,314842.5,0.5885800000000101,0.370354999999984
20,0,w0_20260418_033223,80,274631,72194.25,188184.75,0.8699349999998982,0.26988499999998256
20,0,w0_20260418_033223,81,330193.5,46364.25,277352.25,0.919064999999918,0.30794999999999867
20,0,w0_20260418_033223,82,224954.5,186310.5,318315,0.6647549999999702,0.40097999999999406
20,0,w0_20260418_033223,83,71568.75,198551.25,210570,0.4810250000000047,0.39007999999999554
20,0,w0_20260418_033223,84,220703,103762.5,273844.5,0.5808100000000003,0.52116499999999355
20,0,w0_20260418_033223,85,248685.25,121867.5,244967.25,0.7737549999999936,0.3488799999999951
20,0,w0_20260418_033223,86,88014.75,176277,284918.25,0.5619399999999932,0.36041500000000726
20,0,w0_20260418_033223,87,346322.75,64108.5,226818.75,0.8682799999999643,0.46349499999999005
20,0,w0_20260418_033223,88,357483.25,85503,255603.75,0.7665700000000061,0.5625750000000079
20,0,w0_20260418_033223,89,167374,196092,259464,0.6376700000000218,0.33856499999998785
20,0,w0_20260418_033223,90,415656.5,160755,188878.5,0.7083549999999558,0.6696900000000071
20,0,w0_20260418_033223,91,167644.75,116595,303650.25,0.5857599999999877,0.47845499999999747
20,0,w0_20260418_033223,92,105606.5,184887.75,340095.75,0.5087150000000035,0.3697300000000138
20,0,w0_20260418_033223,93,327165,48105,155820,0.909794999999962,0.32863500000001755
20,0,w0_20260418_033223,94,357110.25,17722.5,306137.25,0.9686600000000002,0.3074749999999964
20,0,w0_20260418_033223,95,268542.25,88950,197517.75,0.804594999999947,0.3971600000000023
20,0,w0_20260418_033223,96,118824.25,173921.25,164944.5,0.6217949999999943,0.24803500000000245
20,0,w0_20260418_033223,97,42520.5,62009.25,151430.25,0.731800000000088,0.16520499999999674
20,0,w0_20260418_033223,98,359869.5,48090.75,255399.75,0.9116699999999612,0.4222300000000048
20,0,w0_20260418_033223,99,67598.5,105553.5,219858,0.7017149999999754,0.11637499999999448
20,0,w0_20260418_033223,100,143710.25,204608.25,245911.5,0.5543849999999902,0.37673000000000784
20,1,w1_20260418_034015,1,213113.25,117578.25,93958.5,0.7698549999999773,0.1636849999999893
20,1,w1_20260418_034015,2,165627.75,184897.5,48084.75,0.6554199999999997,0.19068499999998711
20,1,w1_20260418_034015,3,35991,302301.75,52247.25,0.4198850000000056,0.17529499999999074
20,1,w1_20260418_034015,4,84371,255791.25,48207.75,0.5043600000000245,0.17346999999999538
20,1,w1_20260418_034015,5,31920.5,289529.25,52490.25,0.4170150000000255,0.1675999999999855
20,1,w1_20260418_034015,6,92704,244928.25,46947.75,0.525224999999993,0.14898999999998774
20,1,w1_20260418_034015,7,78381,263412.75,46766.25,0.4960600000000132,0.1900099999999813
20,1,w1_20260418_034015,8,140743,204464.25,55062.75,0.6147600000000077,0.1869999999999946
20,1,w1_20260418_034015,9,164457.25,187389,57933.75,0.6566099999999933,0.17144499999998714
20,1,w1_20260418_034015,10,86557.25,266957.25,38155.5,0.5043249999999929,0.22017499999999615
20,1,w1_20260418_034015,11,144455.25,213119.25,41125.5,0.6107900000000009,0.17067499999998317
20,1,w1_20260418_034015,12,2722.5,318270.75,40266.75,0.3563550000000154,0.18424499999998897
20,1,w1_20260418_034015,13,205505.75,141166.5,48207.75,0.7364299999999747,0.18995499999999105
20,1,w1_20260418_034015,14,173076,233561.25,38922.75,0.5759250000000062,0.6742400000000056
20,1,w1_20260418_034015,15,68353.75,282448.5,85557.75,0.47796999999999223,0.26273000000000585
20,1,w1_20260418_034015,16,320346.75,237576.75,86446.5,0.5449149999999868,0.7558500000000004
20,1,w1_20260418_034015,17,59158.5,281576.25,172445.25,0.4526549999999932,0.26548500000000325
20,1,w1_20260418_034015,18,497143.75,106415.25,122151,0.8114149999999887,0.74635499999996
20,1,w1_20260418_034015,19,62099.5,266021.25,162779.25,0.4623749999999998,0.28254500000000515
20,1,w1_20260418_034015,20,30560,320757,267333,0.3824200000000056,0.34644499999999656
20,1,w1_20260418_034015,21,214516.75,257391.75,265381.5,0.5375799999999966,0.5168849999999623
20,1,w1_20260418_034015,22,236345.5,167214.75,274329.75,0.695894999999994,0.40866000000001096
20,1,w1_20260418_034015,23,273604.5,155712.75,305652.75,0.714319999999965,0.44203000000001713
20,1,w1_20260418_034015,24,-10000,182542.425,148584.225,0.2621349999999633,0.6200000000000108
20,1,w1_20260418_034015,25,-10000,40500.980625,27181.573125,0.20330500000001775,0.6346350000000035
20,1,w1_20260418_034015,26,85443.25,258970.5,256976.25,0.47141499999997766,0.34752999999999895
20,1,w1_20260418_034015,27,176063.25,201140.25,261976.5,0.6242850000000326,0.3917300000000133
20,1,w1_20260418_034015,28,350312.75,86208.75,281038.5,0.8428800000000051,0.45518499999998974
20,1,w1_20260418_034015,29,170578.25,213921,240120.75,0.5773550000000035,0.395495000000004
20,1,w1_20260418_034015,30,290946.75,193255.5,252267.75,0.6407899999999915,0.5484300000000079
20,1,w1_20260418_034015,31,266313.5,154218,231868.5,0.7279149999999849,0.4159700000000073
20,1,w1_20260418_034015,32,331857,76427.25,223215.75,0.8666849999999917,0.3711450000000101
20,1,w1_20260418_034015,33,273252.25,166989.75,245598,0.710489999999995,0.4349050000000018
20,1,w1_20260418_034015,34,-10000,122100.75,215529.07324032,0.1733499999999774,0.32568500000001865
20,1,w1_20260418_034015,35,25905.25,30879,182235.75,0.6697399999999533,0.29466999999999105
20,1,w1_20260418_034015,36,26004,98954.25,234951.75,0.34931999999999896,0.37173999999999485
20,1,w1_20260418_034015,37,33710.5,106662,316477.5,0.3528299999999816,0.3754600000000013
20,1,w1_20260418_034015,38,164940.25,229889.25,153700.5,0.5966250000000052,0.32572000000000584
20,1,w1_20260418_034015,39,99278.75,264744,311567.25,0.4637249999999915,0.3873999999999933
20,1,w1_20260418_034015,40,254626.5,159511.5,270912,0.6824650000000017,0.4670200000000138
20,1,w1_20260418_034015,41,376204.25,52119.75,276486,0.9088600000000236,0.4249199999999953
20,1,w1_20260418_034015,42,223429.75,166341,168629.25,0.7147900000000006,0.26647000000000864
20,1,w1_20260418_034015,43,65321,192614.25,219354.75,0.4916249999999975,0.3857649999999942
20,1,w1_20260418_034015,44,273784.25,118675.5,188930.25,0.7898349999999809,0.3060650000000028
20,1,w1_20260418_034015,45,196785.75,200472.75,203521.5,0.6529450000000193,0.3515749999999995
20,1,w1_20260418_034015,46,87485.75,166676.25,268428,0.4861950000000004,0.41532499999998446
20,1,w1_20260418_034015,47,219966.25,167081.25,172222.5,0.7059749999999847,0.28617499999999885
20,1,w1_20260418_034015,48,169479.75,233304,199736.25,0.596824999999991,0.37052500000001054
20,1,w1_20260418_034015,49,64647.75,283506,183836.25,0.4312699999999996,0.3509500000000022
20,1,w1_20260418_034015,50,235703,155223.75,191573.25,0.7303049999999851,0.3388300000000061
20,1,w1_20260418_034015,51,198635.75,221774.25,259680,0.613865000000002,0.4102050000000065
20,1,w1_20260418_034015,52,112411.5,263207.25,230321.25,0.48972499999998736,0.4021749999999991
20,1,w1_20260418_034015,53,170987.75,196706.25,213906,0.5911400000000196,0.3805950000000076
20,1,w1_20260418_034015,54,43226.75,285629.25,200394,0.3889449999999993,0.3442350000000071
20,1,w1_20260418_034015,55,145339,179043,229158,0.5229949999999944,0.4347949999999873
20,1,w1_20260418_034015,56,-10000,64140,76631.019140625,0.5437299999999771,0.4397050000000036
20,1,w1_20260418_034015,57,197339.25,173282.25,239818.5,0.5800450000000142,0.5132599999999972
20,1,w1_20260418_034015,58,86904.25,173513.25,246442.5,0.4726900000000081,0.3471049999999982
20,1,w1_20260418_034015,59,33158.25,208431,43170.75,0.3648499999999876,0.18919999999999765
20,1,w1_20260418_034015,60,114834,165218.25,107247.75,0.6044399999999948,0.4272300000000042
20,1,w1_20260418_034015,61,50446,128910,275874,0.4070899999999895,0.4010550000000087
20,1,w1_20260418_034015,62,81978.5,61391.25,161000.25,0.5196749999999907,0.3660350000000131
20,1,w1_20260418_034015,63,159796,146127,240867,0.6420249999999879,0.4336700000000067
20,1,w1_20260418_034015,64,105487,237930.75,211922.25,0.5072899999999854,0.3679499999999986
20,1,w1_20260418_034015,65,156961.75,184186.5,176571.75,0.6051150000000267,0.4339949999999983
20,1,w1_20260418_034015,66,144615.75,224443.5,216360.75,0.5334650000000098,0.4527350000000106
20,1,w1_20260418_034015,67,255090.75,69567,256952.25,0.8692500000000071,0.26084499999999805
20,1,w1_20260418_034015,68,133524.5,213765,245290.5,0.5080799999999687,0.46157000000000536
20,1,w1_20260418_034015,69,11127,77716.5,90346.5,0.48866500000001434,0.506769999999979
20,1,w1_20260418_034015,70,284958.5,76257.75,311253.75,0.8656750000000227,0.2997750000000172
20,1,w1_20260418_034015,71,88899.25,272182.5,257078.25,0.3639199999999798,0.4650100000000039
20,1,w1_20260418_034015,72,50899,133377.75,207833.25,0.47215499999999583,0.4047550000000127
20,1,w1_20260418_034015,73,132846,214532.25,246561.75,0.6000600000000103,0.2910449999999984
20,1,w1_20260418_034015,74,46546.25,155758.5,135275.25,0.44361999999997886,0.3977400000000145
20,1,w1_20260418_034015,75,109080.5,165003,244546.5,0.5176200000000162,0.49776500000002777
20,1,w1_20260418_034015,76,46271,158553,197196,0.43478499999999193,0.37057500000002314
20,1,w1_20260418_034015,77,258174.25,180744.75,295761,0.6663649999999925,0.445615000000004
20,1,w1_20260418_034015,78,59660.5,185990.25,248219.25,0.4432649999999976,0.3934300000000153
20,1,w1_20260418_034015,79,166584.75,197120.25,285345,0.6373649999999915,0.3244000000000022
20,1,w1_20260418_034015,80,55368.5,174242.25,92819.25,0.49444999999999056,0.4098000000000268
20,1,w1_20260418_034015,81,110367.25,183457.5,200735.25,0.5562149999999869,0.247760000000003
20,1,w1_20260418_034015,82,79372.25,210996.75,186321,0.3810650000000011,0.443515000000008
20,1,w1_20260418_034015,83,213627.25,198146.25,247336.5,0.6180549999999505,0.4610650000000029
20,1,w1_20260418_034015,84,22823,158025,174102,0.47667999999998273,0.2245600000000041
20,1,w1_20260418_034015,85,204774.25,98839.5,356246.25,0.814585000000053,0.16965000000000657
20,1,w1_20260418_034015,86,253421.75,139318.5,174579.75,0.7495999999999514,0.36530000000001994
20,1,w1_20260418_034015,87,209386.5,129444.75,161538.75,0.7718650000000103,0.18489499999998768
20,1,w1_20260418_034015,88,25267.25,152236.5,84266.25,0.4723900000000024,0.2980149999999978
20,1,w1_20260418_034015,89,53773.25,128964,134592.75,0.5909350000000071,0.19447000000001005
20,1,w1_20260418_034015,90,79382.5,199602,123205.5,0.5504599999999967,0.1531949999999987
20,1,w1_20260418_034015,91,250326.5,176656.5,133857,0.6929799999999648,0.5140249999999948
20,1,w1_20260418_034015,92,140091.25,263942.25,205666.5,0.5383200000000207,0.38131500000000607
20,1,w1_20260418_034015,93,158271.5,242048.25,272000.25,0.5261099999999891,0.4438299999999872
20,1,w1_20260418_034015,94,251241.25,114107.25,124681.5,0.7928949999999125,0.25328500000000814
20,1,w1_20260418_034015,95,-6794.75,92898,19986.75,0.5823649999999638,0.34678500000002616
20,1,w1_20260418_034015,96,-5836,145418.25,10047.75,0.2992299999999977,0.24179999999999505
20,1,w1_20260418_034015,97,123823.5,189962.25,103994.25,0.6036999999999734,0.11125000000000046
20,1,w1_20260418_034015,98,149327.75,222299.25,85833,0.617839999999998,0.3186299999999927
20,1,w1_20260418_034015,99,317907.75,69598.5,54093.75,0.8822150000000464,0.4044649999999876
20,1,w1_20260418_034015,100,356801,18863.25,79305.75,0.962760000000001,0.34458999999998646
21,0,w0_20260418_034804,1,241360.25,87960,109089.75,0.8306899999999843,0.15269499999999384
21,0,w0_20260418_034804,2,119946,233685,52659,0.5718199999999698,0.2167899999999896
21,0,w0_20260418_034804,3,70337.75,273074.25,56958,0.4863549999999957,0.17656999999999518
21,0,w0_20260418_034804,4,30991.25,171072,54366.75,0.46781999999998536,0.16529499999999497
21,0,w0_20260418_034804,5,76549.75,244332.75,54697.5,0.49882999999998456,0.16785499999999287
21,0,w0_20260418_034804,6,72391.5,265613.25,52835.25,0.49416999999997513,0.1326399999999983
21,0,w0_20260418_034804,7,86442.75,256051.5,54225.75,0.5157399999999838,0.17208499999999474
21,0,w0_20260418_034804,8,170342.75,185447.25,47820,0.6626449999999833,0.1331949999999981
21,0,w0_20260418_034804,9,236341.5,125165.25,43253.25,0.7710799999999567,0.2885149999999978
21,0,w0_20260418_034804,10,255427,103297.5,45655.5,0.8139199999999657,0.1497049999999931
21,0,w0_20260418_034804,11,273064.75,85380.75,47914.5,0.8459799999999764,0.14239999999999864
21,0,w0_20260418_034804,12,86843.25,267468,40488.75,0.5082649999999918,0.16863499999999143
21,0,w0_20260418_034804,13,117314.5,236441.25,40514.25,0.563314999999994,0.1892899999999964
21,0,w0_20260418_034804,14,18825.25,332939.25,43975.5,0.38039499999999943,0.2295949999999818
21,0,w0_20260418_034804,15,254525.25,111407.25,41827.5,0.8011599999999812,0.20705000000000243
21,0,w0_20260418_034804,16,293349,72324,65247,0.8716849999999582,0.268870000000009
21,0,w0_20260418_034804,17,195211.75,170379.75,38758.5,0.6934450000000002,0.1945099999999863
21,0,w0_20260418_034804,18,290956.25,73336.5,55547.25,0.8700599999999711,0.1774999999999915
21,0,w0_20260418_034804,19,89935.5,278424,73180.5,0.5003850000000066,0.3828600000000301
21,0,w0_20260418_034804,20,56257.75,208182.75,28819.5,0.435835000000013,0.26045999999999586
21,0,w0_20260418_034804,21,318934,76923,250353,0.8628549999999845,0.36481499999997735
21,0,w0_20260418_034804,22,105920.75,265008.75,60400.5,0.5324349999999969,0.23596500000000925
21,0,w0_20260418_034804,23,270441,103284,85215,0.8181799999999662,0.29976500000000217
21,0,w0_20260418_034804,24,193213,250209,178698,0.49653500000000234,0.5709199999999957
21,0,w0_20260418_034804,25,281169.25,97093.5,180137.25,0.8217849999999802,0.36520000000001496
21,0,w0_20260418_034804,26,-10000,127019.25,96878.25,0.6281500000000174,0.3542850000000177
21,0,w0_20260418_034804,27,189959,184592.25,217698.75,0.6589350000000027,0.3473300000000102
21,0,w0_20260418_034804,28,402437.5,69157.5,220815,0.8770849999999643,0.5186950000000036
21,0,w0_20260418_034804,29,272534.5,96259.5,153486,0.8318849999999873,0.2473900000000007
21,0,w0_20260418_034804,30,39347.25,200469,50823.75,0.4231049999999999,0.292944999999987
21,0,w0_20260418_034804,31,309957.25,115869.75,256233,0.7951299999999834,0.4227650000000094
21,0,w0_20260418_034804,32,340757.25,97578,275754.75,0.8298299999999894,0.43554499999999224
21,0,w0_20260418_034804,33,201391.5,234122.25,271856.25,0.5828149999999745,0.43683999999998013
21,0,w0_20260418_034804,34,375215.75,115900.5,238803.75,0.794889999999971,0.5467350000000081
21,0,w0_20260418_034804,35,41662.5,152013.75,241803.75,0.4419799999999971,0.35270500000001337
21,0,w0_20260418_034804,36,96501.25,167390.25,264958.5,0.478390000000006,0.4518200000000344
21,0,w0_20260418_034804,37,150017,266309.25,299793.75,0.5244249999999739,0.40751499999999585
21,0,w0_20260418_034804,38,323290,84697.5,271672.5,0.8522549999999764,0.3542749999999998
21,0,w0_20260418_034804,39,53681.25,242238.75,256020,0.431219999999999,0.3548949999999882
21,0,w0_20260418_034804,40,81724,215218.5,278467.5,0.37239500000000314,0.40240999999998656
21,0,w0_20260418_034804,41,193171.5,186375,190003.5,0.6692399999999772,0.29221500000001416
21,0,w0_20260418_034804,42,130118.5,219012.75,285078.75,0.47601000000000543,0.39729499999999646
21,0,w0_20260418_034804,43,15833.5,168245.25,290771.25,0.2657000000000017,0.3651000000000087
21,0,w0_20260418_034804,44,71864.75,176865.75,289939.5,0.47645999999999206,0.3801699999999936
21,0,w0_20260418_034804,45,149995.25,115324.5,260900.25,0.4780200000000317,0.5489600000000048
21,0,w0_20260418_034804,46,191468.25,67873.5,239528.25,0.6822249999999938,0.5879950000000096
21,0,w0_20260418_034804,47,129802.5,201919.5,262218,0.5264899999999876,0.31548500000001106
21,0,w0_20260418_034804,48,108279.5,235686,306604.5,0.49933500000001296,0.3791399999999936
21,0,w0_20260418_034804,49,302644.75,97167,281948.25,0.810634999999967,0.40637499999999577
21,0,w0_20260418_034804,50,122374.25,251340.75,195765,0.5240200000000015,0.34238000000000435
21,0,w0_20260418_034804,51,269966.25,117241.5,255182.25,0.7897900000000035,0.3304750000000117
21,0,w0_20260418_034804,52,350699.5,62498.25,311282.25,0.8919250000000286,0.3704600000000019
21,0,w0_20260418_034804,53,44076.5,224685.75,172617.75,0.37865999999999056,0.3701999999999924
21,0,w0_20260418_034804,54,65052,30741,229647,0.7967399999999855,0.3536800000000021
21,0,w0_20260418_034804,55,94576.25,203745.75,201768,0.4846700000000118,0.3361100000000063
21,0,w0_20260418_034804,56,312344.5,73082.25,183443.25,0.8711450000000057,0.31027000000001526
21,0,w0_20260418_034804,57,321104.25,82650,267585.75,0.8596849999999795,0.3928699999999905
21,0,w0_20260418_034804,58,23827.75,99981.75,203380.5,0.3996699999999898,0.3579400000000092
21,0,w0_20260418_034804,59,21614.75,64368.75,175936.5,0.5185800000000002,0.3488000000000107
21,0,w0_20260418_034804,60,-944.25,114170.25,152034,0.35167500000000984,0.30023500000001446
21,0,w0_20260418_034804,61,322888,85516.5,196165.5,0.8296800000000738,0.4106900000000079
21,0,w0_20260418_034804,62,54036.25,129716.25,258307.5,0.48327500000002394,0.4111699999999964
21,0,w0_20260418_034804,63,317349,85001.25,228969.75,0.853594999999969,0.3411750000000059
21,0,w0_20260418_034804,64,9868.75,158376,168785.25,0.2724600000000101,0.3569700000000053
21,0,w0_20260418_034804,65,260504.5,123538.5,250497,0.7500849999999682,0.3962000000000008
21,0,w0_20260418_034804,66,355154.75,31338,130757.25,0.9471199999999824,0.3662900000000176
21,0,w0_20260418_034804,67,475139,73583.25,187227.75,0.8758150000000152,0.621949999999994
21,0,w0_20260418_034804,68,238059.75,156219,223121.25,0.7215049999999795,0.3822350000000048
21,0,w0_20260418_034804,69,49933.5,73020,286156.5,0.32183999999999274,0.41646999999998896
21,0,w0_20260418_034804,70,99205.75,71860.5,265293.75,0.5125900000000185,0.48540499999998926
21,0,w0_20260418_034804,71,134668,250518,307524,0.4802249999999899,0.44400999999998503
21,0,w0_20260418_034804,72,314280.75,103417.5,264651.75,0.8185699999999576,0.40516999999998904
21,0,w0_20260418_034804,73,36297.75,163328.25,298824,0.425704999999997,0.3693600000000076
21,0,w0_20260418_034804,74,276306.75,161082,252791.25,0.6982949999999969,0.4543399999999976
21,0,w0_20260418_034804,75,151476,218576.25,169377.75,0.5679049999999535,0.4008649999999955
21,0,w0_20260418_034804,76,365055.75,28724.25,240450,0.949779999999992,0.34207000000000715
21,0,w0_20260418_034804,77,340037.25,49566,182316.75,0.9154199999999856,0.34491500000001013
21,0,w0_20260418_034804,78,68855.25,175441.5,238793.25,0.4073600000000035,0.4560699999999998
21,0,w0_20260418_034804,79,106590.5,191853,241186.5,0.5013550000000212,0.3716700000000082
21,0,w0_20260418_034804,80,141425.5,192519,259645.5,0.4682750000000057,0.5355650000000174
21,0,w0_20260418_034804,81,34841,149979.75,124079.25,0.4300700000000008,0.2475949999999973
21,0,w0_20260418_034804,82,2939.5,95849.25,246761.25,0.28224999999997624,0.3414050000000092
21,0,w0_20260418_034804,83,47968,109623.75,226298.25,0.4552649999999885,0.3751750000000127
21,0,w0_20260418_034804,84,132365.75,146504.25,215850,0.5606199999999966,0.3736849999999858
21,0,w0_20260418_034804,85,231527.25,133875.75,281517,0.7317549999999529,0.3528250000000018
21,0,w0_20260418_034804,86,430754.75,44881.5,256863.75,0.9235199999998956,0.5008849999999843
21,0,w0_20260418_034804,87,145916.75,155577,191486.25,0.6605149999999761,0.20850499999999733
21,0,w0_20260418_034804,88,461730.25,69898.5,195071.25,0.8623049999999742,0.6279899999999762
21,0,w0_20260418_034804,89,194506.5,187581,266782.5,0.564570000000002,0.45738499999999976
21,0,w0_20260418_034804,90,111642,137236.5,139531.5,0.5682849999999929,0.26311999999999375
21,0,w0_20260418_034804,91,217189,145298.25,229392.75,0.7335699999999341,0.3412750000000021
21,0,w0_20260418_034804,92,215068.75,137349,216062.25,0.7022699999999593,0.34747500000001447
21,0,w0_20260418_034804,93,196422.75,180184.5,309942.75,0.6478699999999771,0.4027600000000131
21,0,w0_20260418_034804,94,214111.25,154080.75,317928,0.6802200000000004,0.36994500000001385
21,0,w0_20260418_034804,95,330948,69915.75,294656.25,0.8750999999999631,0.3844400000000006
21,0,w0_20260418_034804,96,281524.75,108044.25,281061,0.8119150000000064,0.33287999999999146
21,0,w0_20260418_034804,97,154577,140588.25,168114.75,0.6410650000000028,0.2956200000000018
21,0,w0_20260418_034804,98,66277,123040.5,144862.5,0.5632250000000134,0.3639349999999983
21,0,w0_20260418_034804,99,106622,149823,210495,0.5662649999999916,0.33298000000000255
21,0,w0_20260418_034804,100,87455.75,183369,264395.25,0.43081499999996503,0.4499349999999987
21,1,w1_20260418_035547,1,236088.75,81042.75,78238.5,0.82984999999997,0.15192499999999876
21,1,w1_20260418_035547,2,139985,211808.25,53046.75,0.6092099999999809,0.19340500000000124
21,1,w1_20260418_035547,3,43645.75,294713.25,54291,0.4368049999999964,0.18479500000000512
21,1,w1_20260418_035547,4,6963,238673.25,52323.75,0.3830500000000012,0.17386000000000223
21,1,w1_20260418_035547,5,94562.75,192755.25,153672,0.5113899999999921,0.40530999999999856
21,1,w1_20260418_035547,6,93093.75,233480.25,229926,0.4639549999999976,0.40559500000003207
21,1,w1_20260418_035547,7,133540.5,213322.5,111477,0.6063999999999741,0.2098699999999977
21,1,w1_20260418_035547,8,254026.75,107322.75,117940.5,0.8041999999999482,0.3165950000000029
21,1,w1_20260418_035547,9,207024,167408.25,253737.75,0.6945450000000012,0.34988000000000424
21,1,w1_20260418_035547,10,158213.5,202107.75,200988.75,0.6342949999999901,0.3113399999999986
21,1,w1_20260418_035547,11,279185,86358.75,128816.25,0.8441999999999612,0.36541999999999286
21,1,w1_20260418_035547,12,21300.25,302750.25,222019.5,0.38465999999997774,0.2966999999999918
21,1,w1_20260418_035547,13,161608.25,207327,206574.75,0.6251899999999992,0.3239149999999972
21,1,w1_20260418_035547,14,7802.75,280540.5,187206.75,0.3553149999999853,0.3046199999999894
21,1,w1_20260418_035547,15,145288.25,203808.75,163023,0.6260499999999701,0.2677750000000003
21,1,w1_20260418_035547,16,-10000,52184.25,38400.75,0.4436149999999365,0.4785799999999899
21,1,w1_20260418_035547,17,5492.75,233423.25,165024,0.390864999999986,0.2417799999999984
21,1,w1_20260418_035547,18,6602.25,159025.5,154142.25,0.30665999999999743,0.37244500000000497
21,1,w1_20260418_035547,19,138527.75,201739.5,153882.75,0.6109049999999786,0.28875999999999996
21,1,w1_20260418_035547,20,-10000.000000000004,73321.74165634227,56137.184908535775,0.4103299999999385,0.2921300000000003
21,1,w1_20260418_035547,21,297067.25,113819.25,232393.5,0.7923399999999708,0.4300850000000069
21,1,w1_20260418_035547,22,128691.75,222659.25,148599,0.5958699999999693,0.27308999999999667
21,1,w1_20260418_035547,23,199521.25,170350.5,247298.25,0.7003999999999911,0.3107900000000059
21,1,w1_20260418_035547,24,20135.25,194100.75,210804,0.3755150000000047,0.31356500000000187
21,1,w1_20260418_035547,25,-10000.000000000002,63943.15471875,32321.437490625,0.5719149999999613,0.2407699999999985
21,1,w1_20260418_035547,26,90044.5,255354.75,93030.75,0.5161550000000092,0.28432499999998817
21,1,w1_20260418_035547,27,76230.25,281957.25,91282.5,0.48978000000001665,0.2559749999999883
21,1,w1_20260418_035547,28,47580.75,281655.75,122413.5,0.4398400000000049,0.2882849999999905
21,1,w1_20260418_035547,29,379066.5,62593.5,267630,0.8910349999999931,0.462030000000004
21,1,w1_20260418_035547,30,148255.5,232103.25,156851.25,0.5962199999999924,0.3367250000000093
21,1,w1_20260418_035547,31,233202.25,130311.75,173706,0.7745200000000038,0.25262000000000545
21,1,w1_20260418_035547,32,109166.5,226262.25,136391.25,0.5212650000000223,0.31463999999999576
21,1,w1_20260418_035547,33,33287.5,214014,215878.5,0.35836499999997673,0.3351549999999878
21,1,w1_20260418_035547,34,277229.75,96818.25,265842,0.810029999999971,0.35139000000000026
21,1,w1_20260418_035547,35,-10000,51753.75,57365.25,0.21145999999997145,0.23154499999999795
21,1,w1_20260418_035547,36,67940.75,185439.75,203119.5,0.4440600000000053,0.33121500000000204
21,1,w1_20260418_035547,37,271180.5,88230,119029.5,0.8418199999999427,0.17000999999999256
21,1,w1_20260418_035547,38,166719.75,211647.75,150052.5,0.6337200000000043,0.32519500000000395
21,1,w1_20260418_035547,39,67434.5,205014,130231.5,0.4865850000000144,0.2608550000000107
21,1,w1_20260418_035547,40,118079.25,171881.25,163549.5,0.6144549999999852,0.2768250000000023
21,1,w1_20260418_035547,41,142623.5,221414.25,202172.25,0.6037349999999794,0.3208799999999889
21,1,w1_20260418_035547,42,43095.75,123261.75,222142.5,0.5038149999999952,0.3365699999999855
21,1,w1_20260418_035547,43,97736.75,154455,163748.25,0.6280249999999886,0.3122099999999994
21,1,w1_20260418_035547,44,56270,270788.25,324261.75,0.4339299999999862,0.3607650000000004
21,1,w1_20260418_035547,45,292885.5,94912.5,273522,0.8334949999999837,0.3507899999999927
21,1,w1_20260418_035547,46,14899,108498,92073,0.5110350000000078,0.29451000000000316
21,1,w1_20260418_035547,47,122099.5,233540.25,161930.25,0.5773949999999866,0.22318999999999423
21,1,w1_20260418_035547,48,234268,134784.75,165767.25,0.76862999999997506,0.26586499999999985
21,1,w1_20260418_035547,49,178989,222180.75,264080.25,0.6177299999999741,0.37922499999999715
21,1,w1_20260418_035547,50,268792.5,105884.25,247193.25,0.8189549999999981,0.28565000000001084
21,1,w1_20260418_035547,51,-10000,157262.87421131512,64884.98833546482,0.4469600000000198,0.4503350000000027
21,1,w1_20260418_035547,52,297320.75,77274.75,172024.5,0.8660999999999309,0.27832499999999966
21,1,w1_20260418_035547,53,92666,297038.25,261585.75,0.4369199999999891,0.4348800000000076
21,1,w1_20260418_035547,54,13971.5,173784.75,141483.75,0.34930999999998874,0.30538000000000376
21,1,w1_20260418_035547,55,17699.75,212267.25,148893,0.4737449999999973,0.21175999999998643
21,1,w1_20260418_035547,56,37956.75,100326,292427.25,0.38518499999999806,0.3978350000000041
21,1,w1_20260418_035547,57,354508.75,38405.25,300756,0.923075000000026,0.3518400000000061
21,1,w1_20260418_035547,58,395346,40527,304137,0.9306550000000104,0.4256250000000111
21,1,w1_20260418_035547,59,52150.75,219361.5,297177.75,0.4509549999999944,0.33299999999999524
21,1,w1_20260418_035547,60,131070.5,129231.75,245247.75,0.506744999999975,0.5041799999999925
21,1,w1_20260418_035547,61,108026.25,230300.25,208333.5,0.5452599999999919,0.27929499999999896
21,1,w1_20260418_035547,62,16213,149300.25,291426.75,0.36621499999998103,0.3443199999999973
21,1,w1_20260418_035547,63,210127.75,138699,190973.25,0.7397799999999501,0.30907499999998805
21,1,w1_20260418_035547,64,146489.5,245574.75,303465.75,0.5694600000000066,0.35653500000002625
21,1,w1_20260418_035547,65,320133.25,52311.75,159975,0.9067200000000212,0.29734999999999934
21,1,w1_20260418_035547,66,45313.5,162530.25,339626.25,0.4927549999999589,0.34247000000000194
21,1,w1_20260418_035547,67,191659.5,186817.5,263403,0.6537349999999935,0.37100000000000183
21,1,w1_20260418_035547,68,24461.75,145049.25,260589,0.4609349999999993,0.3574000000000075
21,1,w1_20260418_035547,69,50262.25,140747.25,311380.5,0.4659449999999859,0.3934549999999999
21,1,w1_20260418_035547,70,30837.25,170641.5,270431.25,0.34517999999999954,0.40888000000000185
21,1,w1_20260418_035547,71,80872.75,114425.25,265152,0.6583949999999656,0.3790799999999985
21,1,w1_20260418_035547,72,107114,86619.75,228686.25,0.7025749999999844,0.4115549999999893
21,1,w1_20260418_035547,73,155245.75,165787.5,152016.75,0.4292050000000016,0.6674249999999647
21,1,w1_20260418_035547,74,85030.5,93038.25,166361.25,0.5371300000000062,0.46189999999997056
21,1,w1_20260418_035547,75,12691.75,108701.25,240537,0.3273649999999948,0.35858999999997637
21,1,w1_20260418_035547,76,57975.5,70125,198169.5,0.4656449999999766,0.3377799999999796
21,1,w1_20260418_035547,77,36648.25,110805,237966.75,0.4204099999999967,0.3807699999999896
21,1,w1_20260418_035547,78,69031.5,105421.5,162777,0.4532099999999947,0.35763999999997753
21,1,w1_20260418_035547,79,262498.25,96840.75,132861,0.8147699999999659,0.4410599999999732
21,1,w1_20260418_035547,80,7315.75,123930.75,152023.5,0.31809499999997504,0.34220999999998847
21,1,w1_20260418_035547,81,170255.75,187302.75,125881.5,0.6268900000000025,0.3804149999999986
21,1,w1_20260418_035547,82,92615,151932.75,188012.25,0.5355100000000234,0.3995249999999865
21,1,w1_20260418_035547,83,127322.25,213854.25,163003.5,0.5479649999999917,0.3222350000000001
21,1,w1_20260418_035547,84,155538.25,226060.5,99731.25,0.5742999999999879,0.42728499999999087
21,1,w1_20260418_035547,85,150462.5,221997,97630.5,0.5999049999999623,0.3927949999999966
21,1,w1_20260418_035547,86,45756.75,134264.25,223839,0.3933199999999711,0.4573949999999957
21,1,w1_20260418_035547,87,1516.25,13104.75,122709,0.2904149999999769,0.36232500000000534
21,1,w1_20260418_035547,88,282916,42043.5,209920.5,0.9168650000000054,0.14507999999999008
21,1,w1_20260418_035547,89,361430.5,25257,79132.5,0.9563399999999952,0.4316449999999926
21,1,w1_20260418_035547,90,379926.5,13458.75,35124.75,0.9717249999999896,0.5511249999999792
21,1,w1_20260418_035547,91,328412.5,56453.25,78854.25,0.9033149999999954,0.3024799999999842
21,1,w1_20260418_035547,92,89838.75,237630,93641.25,0.492195000000005,0.40596499999999897
21,1,w1_20260418_035547,93,102415.75,234317.25,34227,0.5023499999999848,0.3826450000000083
21,1,w1_20260418_035547,94,294800,58201.5,78508.5,0.8688000000000011,0.32976000000000016
21,1,w1_20260418_035547,95,324010.25,50490.75,97809,0.915254999999825,0.26340500000000067
21,1,w1_20260418_035547,96,256925.25,117923.25,48541.5,0.7822649999999867,0.39864500000000513
21,1,w1_20260418_035547,97,25229.75,128560.5,153729.75,0.36150499999999736,0.33545499999998285
21,1,w1_20260418_035547,98,61983.25,137492.25,233614.5,0.40648499999998705,0.47363999999999423
21,1,w1_20260418_035547,99,362724.5,21567.75,138567.75,0.9506449999999976,0.33078000000000235
21,1,w1_20260418_035547,100,259328,117388.5,193003.5,0.7669449999999565,0.35708999999999025
22,0,w0_20260418_040334,1,236777.75,84829.5,103962.75,0.8284699999999704,0.18798999999999852
22,0,w0_20260418_040334,2,281055.75,68636.25,60768,0.8732149999999829,0.1880050000000005
22,0,w0_20260418_040334,3,-10000,103207.40025,17865.75,0.4047750000000124,0.17805500000000107
22,0,w0_20260418_040334,4,238703.5,116330.25,47636.25,0.786529999999996,0.20227500000000795
22,0,w0_20260418_040334,5,-10000.000000000002,146775.53418750002,38704.138687499995,0.4612699999999748,0.2349199999999988
22,0,w0_20260418_040334,6,28827.25,216414,64008.75,0.4466300000000062,0.18420000000000072
22,0,w0_20260418_040334,7,164524,190686,52830,0.6442450000000118,0.29698499999999906
22,0,w0_20260418_040334,8,46806.75,305794.5,48078.75,0.4363250000000197,0.1870899999999978
22,0,w0_20260418_040334,9,168448,182237.25,47994.75,0.6511250000000072,0.20347999999999983
22,0,w0_20260418_040334,10,174835.75,181698,52346.25,0.671944999999986,0.14842000000000208
22,0,w0_20260418_040334,11,-10000,131448.6,36200.25,0.2962350000000203,0.1709399999999948
22,0,w0_20260418_040334,12,146598,205438.5,43843.5,0.6175899999999962,0.1903799999999954
22,0,w0_20260418_040334,13,226671.75,191523,93965.25,0.6565849999999914,0.4699499999999978
22,0,w0_20260418_040334,14,2823.25,293007,29949.75,0.3360700000000055,0.2366700000000147
22,0,w0_20260418_040334,15,306532.25,187862.25,92125.5,0.6587700000000053,0.5775699999999793
22,0,w0_20260418_040334,16,-10000,120502.5,39106.5,0.22513000000003783,0.26479499999999806
22,0,w0_20260418_040334,17,236047,217731.75,214961.25,0.5480750000000013,0.5552650000000088
22,0,w0_20260418_040334,18,218207.5,110229,224023.5,0.802929999999961,0.1638249999999997
22,0,w0_20260418_040334,19,70671.75,284549.25,236109,0.48679500000001347,0.3014549999999962
22,0,w0_20260418_040334,20,11085.5,96854.25,241550.25,0.25028500000002757,0.3604799999999913
22,0,w0_20260418_040334,21,198356.25,267188.25,115885.5,0.4499600000000057,0.7040149999999876
22,0,w0_20260418_040334,22,264360.25,131943,326856.75,0.7650699999999889,0.38087499999999014
22,0,w0_20260418_040334,23,40428.75,206493,242288.25,0.4780999999999879,0.26169999999998717
22,0,w0_20260418_040334,24,3042.75,66243.75,249613.5,0.2009599999999727,0.3428499999999962
22,0,w0_20260418_040334,25,91453.25,265959,308907.75,0.4893999999999987,0.33753500000000225
22,0,w0_20260418_040334,26,195731,191641.5,312007.5,0.6338200000000255,0.3884200000000017
22,0,w0_20260418_040334,27,20168.75,103780.5,262290.75,0.43932499999999425,0.3404549999999859
22,0,w0_20260418_040334,28,172447,225426,286257,0.5742749999999971,0.39156999999999936
22,0,w0_20260418_040334,29,67963.25,361896,286080.75,0.36028000000001054,0.43497999999999065
22,0,w0_20260418_040334,30,252486,141706.5,284197.5,0.7465799999999858,0.359064999999992
22,0,w0_20260418_040334,31,348996.5,58440.75,300852.75,0.8923949999999737,0.37965000000000865
22,0,w0_20260418_040334,32,27922.25,173859.75,259338,0.42578499999996894,0.3797750000000065
22,0,w0_20260418_040334,33,267783,118275.75,174071.25,0.7893300000000059,0.3311250000000054
22,0,w0_20260418_040334,34,276424.25,114744.75,243141,0.795149999999984,0.3560949999999827
22,0,w0_20260418_040334,35,291264.25,135097.5,286598.25,0.7638749999999851,0.40860999999998954
22,0,w0_20260418_040334,36,368036.75,100617.75,249655.5,0.8263949999999742,0.484870000000016
22,0,w0_20260418_040334,37,171269,222572.25,241998.75,0.6156300000000073,0.3189849999999991
22,0,w0_20260418_040334,38,59262,250153.5,259234.5,0.364135000000019,0.35990499999999337
22,0,w0_20260418_040334,39,323289,82611,255990,0.84728499999997,0.35934499999999714
22,0,w0_20260418_040334,40,61589.25,103164.75,160746,0.5017899999999718,0.22614499999999765
22,0,w0_20260418_040334,41,285479,113256,243915,0.794329999999984,0.3677849999999911
22,0,w0_20260418_040334,42,375691.25,39400.5,288818.25,0.92873000000000006,0.3803350000000007
22,0,w0_20260418_040334,43,137489.5,117040.5,201810,0.47719499999999354,0.5302149999999979
22,0,w0_20260418_040334,44,17743.5,72863.25,318713.25,0.5931549999999723,0.37058499999999794
22,0,w0_20260418_040334,45,174710.75,219998.25,295971,0.6067549999999746,0.35826500000000205
22,0,w0_20260418_040334,46,109109,162045,277626,0.4416250000000203,0.33815499999999404
22,0,w0_20260418_040334,47,288674.75,99205.5,251379.75,0.82203499999997,0.3221450000000034
22,0,w0_20260418_040334,48,306357.75,114139.5,249912.75,0.802040000000024,0.46045000000001385
22,0,w0_20260418_040334,49,175705.5,126215.25,229679.25,0.4875750000000385,0.5058299999999903
22,0,w0_20260418_040334,50,127684.5,126435.75,257499.75,0.4920350000000008,0.4074000000000027
22,0,w0_20260418_040334,51,101011.5,208697.25,261761.25,0.3922800000000311,0.45495999999999487
22,0,w0_20260418_040334,52,248116.75,114325.5,183897.75,0.7521799999999556,0.4034249999999766
22,0,w0_20260418_040334,53,69451.75,201954,275414.25,0.39374000000002746,0.40652000000000055
22,0,w0_20260418_040334,54,66005,136332,239343,0.5098350000000106,0.3972249999999992
22,0,w0_20260418_040334,55,256980.25,146836.5,202073.25,0.735769999999965,0.4226749999999974
22,0,w0_20260418_040334,56,103955,147640.5,261754.5,0.386395000000013,0.4984249999999973
22,0,w0_20260418_040334,57,352543.75,60987,275219.25,0.8866150000000029,0.44223500000001176
22,0,w0_20260418_040334,58,95169.5,220076.25,254624.25,0.4752600000000097,0.38900499999998994
22,0,w0_20260418_040334,59,135644.75,180684.75,245050.5,0.5807199999999875,0.4069849999999909
22,0,w0_20260418_040334,60,268905.25,76239,299385.75,0.8644449999999839,0.25191000000001507
22,0,w0_20260418_040334,61,340360,96037.5,278902.5,0.8354549999999935,0.42569999999999825
22,0,w0_20260418_040334,62,41773,113386.5,228550.5,0.3558850000000205,0.40113000000001015
22,0,w0_20260418_040334,63,218588.75,43910.25,248931,0.8294149999999226,0.4091449999999981
22,0,w0_20260418_040334,64,-9916.610333985684,86129.25,133793.70111636966,0.3380100000000163,0.3038950000000232
22,0,w0_20260418_040334,65,141809.75,96165.75,279904.5,0.58891499999998,0.4262800000000144
22,0,w0_20260418_040334,66,253197.25,172126.5,253016.25,0.6849099999999538,0.45819500000000146
22,0,w0_20260418_040334,67,294303.5,153611.25,298895.25,0.7337099999999485,0.44922499999997656
22,0,w0_20260418_040334,68,60608.25,139971.75,280140,0.3439499999999987,0.4245299999999919
22,0,w0_20260418_040334,69,308930.5,120472.5,275997,0.7674499999999501,0.4450149999999871
22,0,w0_20260418_040334,70,227461.75,139517.25,241941,0.7175499999999843,0.4124149999999943
22,0,w0_20260418_040334,71,42898.75,65907,224354.25,0.454485000000006,0.3848500000000033
22,0,w0_20260418_040334,72,68043.5,193023,225043.5,0.43605499999999103,0.4040549999999939
22,0,w0_20260418_040334,73,142108.5,229314.75,217506.75,0.5498699999999817,0.4474949999999801
22,0,w0_20260418_040334,74,385121.25,52109.25,304009.5,0.9042849999999486,0.43124499999999943
22,0,w0_20260418_040334,75,151237.75,194907.75,219034.5,0.5886850000000003,0.4236299999999906
22,0,w0_20260418_040334,76,49950,175912.5,264667.5,0.33439000000002006,0.41453500000000465
22,0,w0_20260418_040334,77,325704,93678.75,250697.25,0.8252349999999345,0.3977950000000025
22,0,w0_20260418_040334,78,261410,171747,254373,0.7117649999999544,0.432564999999996
22,0,w0_20260418_040334,79,69160,64398.75,227021.25,0.5031299999999878,0.37825000000000025
22,0,w0_20260418_040334,80,358556,75735.75,252428.25,0.8674699999999129,0.41586500000000515
22,0,w0_20260418_040334,81,388375.5,57917.25,218807.25,0.902670000000002,0.47346999999999306
22,0,w0_20260418_040334,82,275679.25,48429,252561.75,0.915050000000058,0.19633999999998009
22,0,w0_20260418_040334,83,359087.75,84183,277049.25,0.8585350000000855,0.4346200000000085
22,0,w0_20260418_040334,84,63385.5,215835,208999.5,0.3554400000000415,0.43040499999999254
22,0,w0_20260418_040334,85,59113.75,45273,158153.25,0.5785099999999851,0.38666500000000953
22,0,w0_20260418_040334,86,156028.75,237589.5,249801.75,0.5501599999999883,0.3949599999999884
22,0,w0_20260418_040334,87,198700.25,205837.5,301052.25,0.5879299999999926,0.4462900000000004
22,0,w0_20260418_040334,88,30091,56548.5,306430.5,0.17475999999998343,0.3817750000000116
22,0,w0_20260418_040334,89,322580.75,87111.75,255217.5,0.8358850000000121,0.3894249999999913
22,0,w0_20260418_040334,90,181079,177472.5,257578.5,0.6412900000000056,0.4139700000000005
22,0,w0_20260418_040334,91,376800.25,66115.5,283784.25,0.8889049999999644,0.4252549999999871
22,0,w0_20260418_040334,92,205058.5,235329,272812.5,0.6039949999999996,0.4283199999999958
22,0,w0_20260418_040334,93,58930.25,189465.75,254184,0.4508350000000124,0.3990249999999877
22,0,w0_20260418_040334,94,349051.25,18921,150057.75,0.9571700000000009,0.30573500000001197
22,0,w0_20260418_040334,95,253858.75,186922.5,233538.75,0.686849999999966,0.4145899999999989
22,0,w0_20260418_040334,96,115785,108270.75,264584.25,0.5827450000000577,0.4770549999999936
22,0,w0_20260418_040334,97,162447.25,131269.5,287213.25,0.501315000000018,0.4799449999999922
22,0,w0_20260418_040334,98,272111.5,195356.25,250652.25,0.6714150000000128,0.4783799999999991
22,0,w0_20260418_040334,99,120275.75,290168.25,214116,0.4978450000000096,0.3778499999999882
22,0,w0_20260418_040334,100,82654.5,224105.25,224330.25,0.4174450000000059,0.3814049999999984
22,1,w1_20260418_041121,1,235879,93115.5,113125.5,0.8162449999999691,0.1913299999999971
22,1,w1_20260418_041121,2,273141.25,72134.25,69244.5,0.8666199999999752,0.15106499999999493
22,1,w1_20260418_041121,3,-10000,114296.25,25583.25,0.35927000000000614,0.24320499999999964
22,1,w1_20260418_041121,4,206555.25,147679.5,51695.25,0.7294149999999959,0.1943599999999985
22,1,w1_20260418_041121,5,134346.5,220856.25,50717.25,0.5928999999999719,0.25020500000000195
22,1,w1_20260418_041121,6,6901.75,216114.75,82933.5,0.3753500000000087,0.21743500000000476
22,1,w1_20260418_041121,7,9978.75,150128.25,99453,0.45089499999999905,0.32027500000000764
22,1,w1_20260418_041121,8,78844.25,265319.25,101716.5,0.5088599999999874,0.22089999999999285
22,1,w1_20260418_041121,9,171706.5,182940.75,110172.75,0.6662699999999819,0.2519899999999978
22,1,w1_20260418_041121,10,251426.25,114951,71982.75,0.79415499999994,0.31577000000000305
22,1,w1_20260418_041121,11,299761,101206.5,122692.5,0.8167949999999682,0.3976800000000139
22,1,w1_20260418_041121,12,-10000.00000000001,190921.2514649763,124401.7895005846,0.28826499999999305,0.3728700000000254
22,1,w1_20260418_041121,13,211646,165063,200091,0.7004299999999665,0.36378000000000016
22,1,w1_20260418_041121,14,210077.5,155587.5,120855,0.7245749999999767,0.2701000000000026
22,1,w1_20260418_041121,15,14482,247920.75,176447.25,0.4002450000000173,0.27950500000000167
22,1,w1_20260418_041121,16,56785,261605.25,211569.75,0.4681149999999797,0.2910700000000047
22,1,w1_20260418_041121,17,111429.5,238839,121111.5,0.5663049999999864,0.24358499999999897
22,1,w1_20260418_041121,18,145041.25,210696,95232.75,0.6149099999999833,0.23277999999999335
22,1,w1_20260418_041121,19,265674.5,94002,111613.5,0.8345649999999779,0.2383300000000104
22,1,w1_20260418_041121,20,113904,249439.5,113206.5,0.5576299999999832,0.2512450000000127
22,1,w1_20260418_041121,21,-10000,47514.75,49965.75,0.5796249999999517,0.5277449999999815
22,1,w1_20260418_041121,22,208004.5,117016.5,174729,0.7436249999999669,0.32287499999999564
22,1,w1_20260418_041121,23,-10000,83302.54593749999,51137.4121875,0.4801699999999983,0.5397049999999424
22,1,w1_20260418_041121,24,-4959.5,68510.25,100559.25,0.33190000000001213,0.29175000000001494
22,1,w1_20260418_041121,25,407460.75,52401.75,243937.5,0.8991549999999725,0.5194299999999896
22,1,w1_20260418_041121,26,2261.5,223401.75,240186.75,0.28292500000002463,0.3308899999999963
22,1,w1_20260418_041121,27,71543.25,240543.75,187113,0.4839800000000195,0.2743450000000115
22,1,w1_20260418_041121,28,361808.25,119568.75,195453,0.7687599999999705,0.5945400000000146
22,1,w1_20260418_041121,29,246893.75,135636.75,297379.5,0.7589649999999538,0.3371400000000236
22,1,w1_20260418_041121,30,98531,301605.75,256613.25,0.4583099999999996,0.38683000000000894
22,1,w1_20260418_041121,31,267707.5,92078.25,129344.25,0.8325849999999906,0.20189999999999544
22,1,w1_20260418_041121,32,228070.5,160524.75,141234.75,0.720469999999961,0.36227500000001794
22,1,w1_20260418_041121,33,31889.75,226368,187172.25,0.4498850000000034,0.2263900000000015
22,1,w1_20260418_041121,34,332413,77829,270408,0.8608600000000102,0.3863700000000257
22,1,w1_20260418_041121,35,115433.5,241440,184756.5,0.3646200000000051,0.5629299999999937
22,1,w1_20260418_041121,36,138509.75,222504.75,198925.5,0.588995000000015,0.29419500000000537
22,1,w1_20260418_041121,37,74234.5,148561.5,272754,0.4723750000000152,0.3983150000000037
22,1,w1_20260418_041121,38,228684.75,284624.25,174951,0.4148999999999943,0.6816099999999865
22,1,w1_20260418_041121,39,301958.75,101355.75,263095.5,0.822939999999975,0.35902499999999254
22,1,w1_20260418_041121,40,216611.5,192146.25,267512.25,0.6657849999999811,0.3594000000000124
22,1,w1_20260418_041121,41,47609.25,175600.5,230150.25,0.364909999999999,0.3988999999999903
22,1,w1_20260418_041121,42,14307.25,169099.5,295493.25,0.2192400000000045,0.3913199999999783
22,1,w1_20260418_041121,43,312038.5,135220.5,274611,0.7356099999999415,0.4806800000000233
22,1,w1_20260418_041121,44,357102.75,50885.25,230862,0.9128549999999668,0.3407650000000121
22,1,w1_20260418_041121,45,148635,246567,212058,0.5744099999999869,0.28749500000000683
22,1,w1_20260418_041121,46,134695,249527.25,233217.75,0.5486199999999818,0.32054500000001523
22,1,w1_20260418_041121,47,91416.5,274746,245347.5,0.4448149999999948,0.4156499999999981
22,1,w1_20260418_041121,48,284097.25,125898,208284.75,0.7762049999999419,0.3744899999999981
22,1,w1_20260418_041121,49,337817.5,95139.75,260922.75,0.8342949999999472,0.43364500000000983
22,1,w1_20260418_041121,50,92178.75,227787.75,284023.5,0.4606350000000048,0.3955449999999931
22,1,w1_20260418_041121,51,28167.5,120522,259480.5,0.3435250000000171,0.39133999999999
22,1,w1_20260418_041121,52,79210.5,221814,202945.5,0.4890700000000067,0.3168150000000037
22,1,w1_20260418_041121,53,50876.25,159081.75,296742,0.32594500000000115,0.40471499999998733
22,1,w1_20260418_041121,54,4985,107090.25,237594.75,0.18875500000001064,0.3559550000000021
22,1,w1_20260418_041121,55,101739.25,218215.5,212495.25,0.4977500000000029,0.36107999999999046
22,1,w1_20260418_041121,56,313228.75,99532.5,250638.75,0.8210150000000227,0.40565500000001786
22,1,w1_20260418_041121,57,168125,223650,284835,0.5600950000000081,0.42550999999999695
22,1,w1_20260418_041121,58,60250,105357.75,290942.25,0.461855000000006,0.38227499999999703
22,1,w1_20260418_041121,59,30156.5,134638.5,293055,0.3547750000000265,0.3560249999999796
22,1,w1_20260418_041121,60,122239,135669,291582,0.5471849999999765,0.4196550000000064
22,1,w1_20260418_041121,61,42600.25,111366.75,302583,0.3065200000000268,0.414624999999983
22,1,w1_20260418_041121,62,84712.25,90862.5,255905.25,0.5413550000000118,0.3689550000000009
22,1,w1_20260418_041121,63,359385,45524.25,200310.75,0.9177449999999552,0.3912250000000299
22,1,w1_20260418_041121,64,237337.25,159628.5,240914.25,0.7278299999999632,0.34598500000000865
22,1,w1_20260418_041121,65,55342.5,72896.25,292121.25,0.3909800000000297,0.4153099999999894
22,1,w1_20260418_041121,66,111724.25,148792.5,289973.25,0.5315600000000009,0.40241500000000024
22,1,w1_20260418_041121,67,338743,85079.25,273027.75,0.8512999999999589,0.3876900000000056
22,1,w1_20260418_041121,68,87106.75,232743.75,294109.5,0.4220000000000079,0.3969899999999916
22,1,w1_20260418_041121,69,72869.5,160231.5,299949,0.4424999999999989,0.3806249999999924
22,1,w1_20260418_041121,70,81789.5,236838.75,247731.75,0.47677499999999173,0.30901000000000256
22,1,w1_20260418_041121,71,199534.75,210590.25,251445,0.6107549999999947,0.44814499999997914
22,1,w1_20260418_041121,72,61908.75,207053.25,120798,0.5028350000000076,0.31598999999999583
22,1,w1_20260418_041121,73,251135,136989.75,194225.25,0.661319999999996,0.5912850000000069
22,1,w1_20260418_041121,74,105720.5,180954.75,242874.75,0.4560199999999976,0.4390249999999878
22,1,w1_20260418_041121,75,156300.25,130777.5,271472.25,0.5896249999999904,0.448599999999987
22,1,w1_20260418_041121,76,252332,160634.25,164883.75,0.6896499999999255,0.4879449999999798
22,1,w1_20260418_041121,77,46100.5,148794,253255.5,0.2657050000000038,0.3889049999999985
22,1,w1_20260418_041121,78,270465.75,139877.25,154317,0.7282299999999825,0.49736000000000047
22,1,w1_20260418_041121,79,396044.25,31314,171501.75,0.94494499999995,0.4789549999999712
22,1,w1_20260418_041121,80,268622.75,31705.5,398991.75,0.94658499999997,0.15446499999998986
22,1,w1_20260418_041121,81,282945.75,151881,201443.25,0.6865700000000127,0.5622449999999948
22,1,w1_20260418_041121,82,155489.75,235386.75,215083.5,0.5836150000000164,0.35545499999998786
22,1,w1_20260418_041121,83,225107.5,109521,252841.5,0.6996449999999732,0.4888849999999962
22,1,w1_20260418_041121,84,150914,168428.25,243687.75,0.6123300000000031,0.35931000000000796
22,1,w1_20260418_041121,85,200430.25,138156.75,292593,0.6579449999999826,0.41195499999999274
22,1,w1_20260418_041121,86,216920,145004.25,288345.75,0.6535899999999879,0.3995800000000052
22,1,w1_20260418_041121,87,180557.75,203215.5,199356.75,0.6132199999999992,0.3866300000000153
22,1,w1_20260418_041121,88,146112.5,153090.75,280416.75,0.4907050000000088,0.40517499999999457
22,1,w1_20260418_041121,89,108658.25,116249.25,276052.5,0.54305000000001,0.3696600000000122
22,1,w1_20260418_041121,90,215891,148492.5,310576.5,0.6650449999999832,0.37554999999999233
22,1,w1_20260418_041121,91,54670,121435.5,279364.5,0.397520000000047,0.4164099999999907
22,1,w1_20260418_041121,92,270267.5,117941.25,205481.25,0.7515599999999272,0.3847550000000039
22,1,w1_20260418_041121,93,225490.25,179415,216864.75,0.6734649999999753,0.31901999999998143
22,1,w1_20260418_041121,94,354832.5,41037,175630.5,0.9284499999999664,0.35441000000000433
22,1,w1_20260418_041121,95,287985,110274.75,207350.25,0.762299999999976,0.397579999999995
22,1,w1_20260418_041121,96,156156.5,154534.5,251529,0.6176649999999922,0.31585999999999725
22,1,w1_20260418_041121,97,184457,119580,268863,0.5756400000000089,0.40801500000000335
22,1,w1_20260418_041121,98,223213.25,96006,265530.75,0.7269050000000136,0.4876800000000201
22,1,w1_20260418_041121,99,103756.75,107782.5,185610.75,0.5476700000000264,0.23986999999999
22,1,w1_20260418_041121,100,164599.25,127787.25,279403.5,0.4352700000000049,0.47400499999999873
23,0,w0_20260418_041930,1,238613.25,83910,96366.75,0.8346499999999724,0.15204999999999322
23,0,w0_20260418_041930,2,127175.5,222045.75,49908.75,0.5898399999999994,0.14526499999999418
23,0,w0_20260418_041930,3,134908,214533,50889,0.60217500000001,0.15594499999999492
23,0,w0_20260418_041930,4,121242.5,229202.25,49265.25,0.5759999999999974,0.14341999999999164
23,0,w0_20260418_041930,5,219436,131694.75,47549.25,0.7577999999999866,0.1372599999999894
23,0,w0_20260418_041930,6,52442,304387.5,41140.5,0.4402200000000146,0.216199999999996
23,0,w0_20260418_041930,7,-10000,85670.25,12741.75,0.5674350000000017,0.1708249999999885
23,0,w0_20260418_041930,8,2097,133011.75,48281.25,0.3741149999999968,0.15254499999999194
23,0,w0_20260418_041930,9,222962,136242.75,42965.25,0.752924999999988,0.21206999999998433
23,0,w0_20260418_041930,10,106637,247660.5,45772.5,0.5466400000000073,0.21014499999999808
23,0,w0_20260418_041930,11,24733.25,306081,45405.75,0.3807150000000006,0.2795150000000039
23,0,w0_20260418_041930,12,25122.25,291171,54006.75,0.3891350000000108,0.4664600000000075
23,0,w0_20260418_041930,13,264933.25,99975.75,52911,0.8200749999999538,0.25786499999998835
23,0,w0_20260418_041930,14,264097.5,120886.5,78996,0.7826599999999708,0.5135500000000232
23,0,w0_20260418_041930,15,134831,243294.75,77174.25,0.5660300000000091,0.38820500000000474
23,0,w0_20260418_041930,16,180197,173878.5,98254.5,0.689454999999964,0.16680499999999365
23,0,w0_20260418_041930,17,135029,240543,159378,0.5656600000000097,0.32071500000000996
23,0,w0_20260418_041930,18,104711.75,353297.25,236631,0.3405650000000154,0.5289149999999699
23,0,w0_20260418_041930,19,424937,81351,205302,0.8512549999999556,0.603364999999975
23,0,w0_20260418_041930,20,291614.5,70863.75,161211.75,0.8742449999999795,0.27058000000001153
23,0,w0_20260418_041930,21,122067.5,258620.25,240722.25,0.5324699999999923,0.3551599999999969
23,0,w0_20260418_041930,22,208594.25,216948.75,301167,0.618630000000011,0.41102500000000247
23,0,w0_20260418_041930,23,216106.75,213327,285566.25,0.6194450000000152,0.43168999999999086
23,0,w0_20260418_041930,24,272452.25,151258.5,276899.25,0.7304499999999748,0.42761500000001834
23,0,w0_20260418_041930,25,195487,209631,289002,0.6304350000000147,0.3642299999999976
23,0,w0_20260418_041930,26,268302,119223,210645,0.7915549999999456,0.3115600000000171
23,0,w0_20260418_041930,27,176961.25,227765.25,278023.5,0.5890100000000144,0.3965249999999976
23,0,w0_20260418_041930,28,90539.5,316613.25,303707.25,0.3969500000000091,0.423990000000016
23,0,w0_20260418_041930,29,200098.5,244338,280963.5,0.562499999999993,0.46453999999999135
23,0,w0_20260418_041930,30,166016.75,252904.5,262518.75,0.4682550000000274,0.5039149999999946
23,0,w0_20260418_041930,31,182624,222205.5,267880.5,0.5937500000000082,0.3950950000000001
23,0,w0_20260418_041930,32,52027.5,293772.75,266079.75,0.4011299999999836,0.34035000000001275
23,0,w0_20260418_041930,33,119241,224253,214086,0.5365299999999971,0.34264000000001793
23,0,w0_20260418_041930,34,341878.25,98439,256872.75,0.8283450000000155,0.4456650000000057
23,0,w0_20260418_041930,35,311208.5,130768.5,258603,0.7677499999999674,0.4657600000000299
23,0,w0_20260418_041930,36,174218.5,184232.25,272759.25,0.6072700000000145,0.4320099999999988
23,0,w0_20260418_041930,37,108798,177154.5,253597.5,0.4991399999999845,0.3772599999999999
23,0,w0_20260418_041930,38,132831,117224.25,215004.75,0.6375849999999831,0.3814650000000111
23,0,w0_20260418_041930,39,225634.75,159719.25,221046,0.5505400000000005,0.5617450000000366
23,0,w0_20260418_041930,40,175898,194175,273267,0.5629150000000219,0.4296350000000126
23,0,w0_20260418_041930,41,251461,180923.25,271155.75,0.6829399999999964,0.42740500000001186
23,0,w0_20260418_041930,42,98046.25,176911.5,294872.25,0.4463299999999781,0.3985550000000044
23,0,w0_20260418_041930,43,286341.5,43453.5,293145,0.912720000000017,0.22597999999999388
23,0,w0_20260418_041930,44,99274.5,160604.25,243041.25,0.4188699999999801,0.36576500000001616
23,0,w0_20260418_041930,45,344519,77552.25,258948.75,0.8602300000000006,0.4121200000000058
23,0,w0_20260418_041930,46,141544.25,163614.75,257571,0.6031999999999673,0.37288500000001623
23,0,w0_20260418_041930,47,125214.75,189712.5,239442.75,0.5741549999999727,0.3784250000000074
23,0,w0_20260418_041930,48,311438.5,173680.5,249351,0.6927199999999903,0.5214099999999862
23,0,w0_20260418_041930,49,120840,151293,278157,0.5046200000000222,0.4295199999999969
23,0,w0_20260418_041930,50,265720,130719,269391,0.7667699999999746,0.3418850000000122
23,0,w0_20260418_041930,51,254805.25,125132.25,200482.5,0.7860950000000191,0.30685000000000556
23,0,w0_20260418_041930,52,114185.75,175038,289916.25,0.4723899999999795,0.4312599999999969
23,0,w0_20260418_041930,53,87985.25,169756.5,306638.25,0.45797000000000226,0.4142949999999957
23,0,w0_20260418_041930,54,108510,196739.25,260850.75,0.5108950000000179,0.3623550000000055
23,0,w0_20260418_041930,55,120806.75,251704.5,247158.75,0.5025050000000135,0.3674100000000088
23,0,w0_20260418_041930,56,143764.75,209064.75,247360.5,0.5340999999999975,0.37060000000001153
23,0,w0_20260418_041930,57,232704.75,169839,278996.25,0.6892700000000138,0.4032700000000157
23,0,w0_20260418_041930,58,315995.75,36583.5,287280.75,0.9350099999999808,0.24619500000000272
23,0,w0_20260418_041930,59,300161.25,126015.75,238743,0.7861699999999945,0.4133200000000032
23,0,w0_20260418_041930,60,329336.5,152429.25,270644.25,0.740929999999998,0.4943050000000008
23,0,w0_20260418_041930,61,148512,224530.5,284137.5,0.47628499999999496,0.4742650000000033
23,0,w0_20260418_041930,62,56727.5,206145,319417.5,0.38571499999999287,0.3835749999999836
23,0,w0_20260418_041930,63,330215.5,62586.75,185457.75,0.8913649999998783,0.2955199999999786
23,0,w0_20260418_041930,64,381046.25,77103,280710.75,0.8691499999998996,0.4593050000000155
23,0,w0_20260418_041930,65,165987,253222.5,279820.5,0.5627300000000162,0.3704150000000015
23,0,w0_20260418_041930,66,370260,92713.5,298726.5,0.8383849999999485,0.4631149999999892
23,0,w0_20260418_041930,67,-10000,93141,64299,0.16498000000002486,0.3864749999999904
23,0,w0_20260418_041930,68,-2865.75,139752.75,279483,0.32593499999997927,0.3590049999999976
23,0,w0_20260418_041930,69,75196,170431.5,297382.5,0.5023300000000133,0.38027000000000266
23,0,w0_20260418_041930,70,27149.75,196231.5,302208.75,0.22866999999996585,0.4095249999999816
23,0,w0_20260418_041930,71,356950.75,97302,282377.25,0.8225399999999193,0.4604699999999933
23,0,w0_20260418_041930,72,49562,151876.5,244441.5,0.3273349999999719,0.4376049999999808
23,0,w0_20260418_041930,73,16079.75,112658.25,250992,0.16767499999996616,0.4149950000000023
23,0,w0_20260418_041930,74,304273.5,81783.75,212892.75,0.853164999999948,0.3277399999999905
23,0,w0_20260418_041930,75,149179,187041.75,217739.25,0.6153099999999813,0.37024000000001095
23,0,w0_20260418_041930,76,40677.75,159918,299474.25,0.5576749999999676,0.299895000000018
23,0,w0_20260418_041930,77,88106,228291.75,241682.25,0.5083500000000136,0.32473000000001306
23,0,w0_20260418_041930,78,67360,145798.5,210631.5,0.5638349999999692,0.3305499999999994
23,0,w0_20260418_041930,79,133295.75,220066.5,310137.75,0.5188350000000089,0.39970999999999735
23,0,w0_20260418_041930,80,300413.75,105240,235106.25,0.818279999999933,0.3915399999999715
23,0,w0_20260418_041930,81,379402,55226.25,218631.75,0.9068249999999716,0.4822999999999808
23,0,w0_20260418_041930,82,96360.75,257058,238361.25,0.42225500000002586,0.40564500000000286
23,0,w0_20260418_041930,83,300150.75,111445.5,239943.75,0.8087249999999431,0.3821199999999943
23,0,w0_20260418_041930,84,111232,251466,260052,0.48208999999999896,0.41715499999997974
23,0,w0_20260418_041930,85,197821.75,221869.5,223668.75,0.6071749999999911,0.46221499999997784
23,0,w0_20260418_041930,86,14155,50085.75,301049.25,0.16094500000002068,0.3625449999999907
23,0,w0_20260418_041930,87,364705,45843,219882,0.9140299999999734,0.3869249999999829
23,0,w0_20260418_041930,88,-10000,88235.5808085,158663.7097905,0.22657500000002384,0.4665849999999791
23,0,w0_20260418_041930,89,386577.5,58382.25,207560.25,0.8931149999999732,0.47155000000000935
23,0,w0_20260418_041930,90,83847.5,219027,198265.5,0.4015349999999918,0.47615500000001376
23,0,w0_20260418_041930,91,147135.5,256905,229219.5,0.542490000000029,0.39536000000001725
23,0,w0_20260418_041930,92,27685.75,28669.5,274134.75,0.5065699999999996,0.3711899999999923
23,0,w0_20260418_041930,93,135876,20592.75,225011.25,0.8348249999999161,0.4248149999999992
23,0,w0_20260418_041930,94,54314.25,187899.75,259986,0.30627999999999456,0.46975000000002265
23,0,w0_20260418_041930,95,89204,87894.75,229151.25,0.5575050000000029,0.38998500000001
23,0,w0_20260418_041930,96,355524,38906.25,238509.75,0.914614999999984,0.3924200000000018
23,0,w0_20260418_041930,97,170359,209292.75,282098.25,0.5982500000000528,0.35306000000000676
23,0,w0_20260418_041930,98,107550.5,246144.75,298374.75,0.4655700000000081,0.4179399999999891
23,0,w0_20260418_041930,99,368378.75,46515,265766.25,0.9199300000000054,0.3757600000000177
23,0,w0_20260418_041930,100,186280.25,209878.5,245141.25,0.594250000000025,0.408555000000002
23,1,w1_20260418_042736,1,226652,96757.5,95560.5,0.8088949999999822,0.17204499999999764
23,1,w1_20260418_042736,2,114832.25,235722,55635.75,0.5636500000000133,0.18740499999999716
23,1,w1_20260418_042736,3,148298.25,203058,58503.75,0.6254049999999998,0.19324499999999303
23,1,w1_20260418_042736,4,-10000,42220.5,14377.5,0.48063000000001066,0.27911499999999695
23,1,w1_20260418_042736,5,152168.5,185851.5,118380,0.6574449999999971,0.1616599999999868
23,1,w1_20260418_042736,6,90517.25,256623.75,212649,0.5245500000000103,0.26498500000001607
23,1,w1_20260418_042736,7,7713.5,294556.5,144270,0.3293699999999973,0.299384999999997
23,1,w1_20260418_042736,8,71823.75,248404.5,105261.75,0.5134350000000109,0.20235499999998097
23,1,w1_20260418_042736,9,184217.75,170028.75,98773.5,0.6876499999999984,0.30105500000000457
23,1,w1_20260418_042736,10,13384.5,183778.5,150447,0.4132600000000017,0.25348500000001806
23,1,w1_20260418_042736,11,124195.25,199896,210468.75,0.5811599999999979,0.33196999999999893
23,1,w1_20260418_042736,12,35536.5,158043,110560.5,0.4939250000000071,0.1811699999999906
23,1,w1_20260418_042736,13,196695.75,124761,139763.25,0.7634649999999826,0.1660199999999881
23,1,w1_20260418_042736,14,226260.25,173868.75,224901,0.6671449999999906,0.4382550000000052
23,1,w1_20260418_042736,15,71869,226196.25,183654.75,0.5013699999999949,0.23679499999999729
23,1,w1_20260418_042736,16,83162.75,234671.25,240936,0.5024499999999912,0.2828999999999992
23,1,w1_20260418_042736,17,84625.75,244695.75,148168.5,0.5176750000000114,0.29204000000000313
23,1,w1_20260418_042736,18,73444,238518.75,105167.25,0.4964150000000028,0.2138249999999858
23,1,w1_20260418_042736,19,150093.5,213988.5,239118,0.4984850000000148,0.49265500000000256
23,1,w1_20260418_042736,20,141724.5,228301.5,256284,0.47224499999999914,0.47380000000000255
23,1,w1_20260418_042736,21,388927.25,108261.75,228981,0.8028849999999615,0.5690150000000025
23,1,w1_20260418_042736,22,115360.5,223184.25,100475.25,0.583019999999997,0.1841049999999884
23,1,w1_20260418_042736,23,40227.75,178093.5,266478.75,0.4363550000000403,0.3923900000000099
23,1,w1_20260418_042736,24,166422.75,172921.5,180615.75,0.6613749999999688,0.3463749999999906
23,1,w1_20260418_042736,25,-10000.000000000002,85465.97220267453,65124.09000161985,0.3910100000000215,0.26397000000001475
23,1,w1_20260418_042736,26,264610.5,88745.25,208364.25,0.833599999999962,0.31460999999999445
23,1,w1_20260418_042736,27,84105.5,193999.5,245565,0.462140000000017,0.3915850000000038
23,1,w1_20260418_042736,28,173248.5,125778,127333.5,0.7374249999999808,0.2913400000000006
23,1,w1_20260418_042736,29,73734.5,146399.25,85136.25,0.490285000000016,0.27050999999999115
23,1,w1_20260418_042736,30,190411.75,206184,282194.25,0.6039900000000085,0.4063400000000103
23,1,w1_20260418_042736,31,53061.5,118542.75,110235.75,0.4613249999999978,0.35331500000001104
23,1,w1_20260418_042736,32,234465,86442,173673,0.7660149999999653,0.40499500000000954
23,1,w1_20260418_042736,33,116089.25,131442,59148.75,0.5993449999999949,0.49538000000000937
23,1,w1_20260418_042736,34,126914,147258.75,100817.25,0.6394500000000065,0.2990999999999774
23,1,w1_20260418_042736,35,202350.75,147630,110639.25,0.7270599999999967,0.21520999999999169
23,1,w1_20260418_042736,36,165334.5,163956.75,89718.75,0.6808850000000612,0.1988949999999956
23,1,w1_20260418_042736,37,162066.75,210219,264704.25,0.605185000000067,0.3627899999999834
23,1,w1_20260418_042736,38,57054.75,132021.75,57373.5,0.4322150000000013,0.192669999999999
23,1,w1_20260418_042736,39,83076,133328.25,72525.75,0.5016750000000078,0.25661499999998477
23,1,w1_20260418_042736,40,263253.25,97645.5,158861.25,0.814679999999962,0.29567499999999153
23,1,w1_20260418_042736,41,128292.5,162819,159838.5,0.5055249999999953,0.4243850000000034
23,1,w1_20260418_042736,42,183422,186594.75,198623.25,0.6664249999999933,0.2971299999999914
23,1,w1_20260418_042736,43,211471.25,150623.25,69145.5,0.7288549999999917,0.1623900000000002
23,1,w1_20260418_042736,44,85343.25,121503,141903.75,0.4361049999999976,0.460224999999987
23,1,w1_20260418_042736,45,77430,83526,57414,0.5308850000000007,0.2460949999999923
23,1,w1_20260418_042736,46,-10000,36960.324375,38370.241875,0.40650499999999895,0.36424999999998736
23,1,w1_20260418_042736,47,145575,103986.75,184478.25,0.5512200000000167,0.4577600000000195
23,1,w1_20260418_042736,48,108032.75,66588,84449.25,0.7481099999999571,0.1915749999999942
23,1,w1_20260418_042736,49,85317.5,164319,104203.5,0.5579750000000063,0.27949999999999364
23,1,w1_20260418_042736,50,249081.75,129633.75,143074.5,0.7648799999999367,0.3198949999999853
23,1,w1_20260418_042736,51,79665.25,114606.75,44088,0.5430349999999827,0.2120449999999942
23,1,w1_20260418_042736,52,110560.25,58458.75,24681,0.697050000000013,0.1957849999999843
23,1,w1_20260418_042736,53,146213.25,105378,206148.75,0.6128300000000116,0.47658000000000766
23,1,w1_20260418_042736,54,88384.75,57936.75,31828.5,0.6091350000000121,0.2938549999999953
23,1,w1_20260418_042736,55,41788,46636.5,101365.5,0.6278299999999816,0.3265549999999931
23,1,w1_20260418_042736,56,108382.25,127911.75,57036,0.6692399999999782,0.286855000000015
23,1,w1_20260418_042736,57,128596.75,158882.25,74571,0.6172299999999943,0.1966800000000025
23,1,w1_20260418_042736,58,-10000,83882.325,37885.725,0.3009399999999985,0.5849799999999632
23,1,w1_20260418_042736,59,218002.75,126362.25,186555,0.6966399999999935,0.4198450000000089
23,1,w1_20260418_042736,60,48436,152178.75,31265.25,0.4533800000000034,0.3841299999999854
23,1,w1_20260418_042736,61,76521.25,124150.5,68228.25,0.5145449999999939,0.3812250000000006
23,1,w1_20260418_042736,62,140464.5,172250.25,55775.25,0.6185450000000104,0.07989500000000022
23,1,w1_20260418_042736,63,309562,48213,59685,0.9076399999999696,0.3308100000000128
23,1,w1_20260418_042736,64,40939.5,146664,19696.5,0.4471900000000252,0.26972499999999316
23,1,w1_20260418_042736,65,782,60258,128340,0.6175200000000485,0.26332500000000136
23,1,w1_20260418_042736,66,269289,152565,206736,0.7270799999999888,0.40528499999998896
23,1,w1_20260418_042736,67,282342.75,135579,220718.25,0.7646949999999995,0.3619099999999942
23,1,w1_20260418_042736,68,55206.75,304791.75,234481.5,0.40935000000001015,0.35608000000002676
23,1,w1_20260418_042736,69,32910.5,177241.5,114018,0.3408849999999825,0.5304949999999803
23,1,w1_20260418_042736,70,19869,194076,177675,0.4145299999999956,0.35298500000001026
23,1,w1_20260418_042736,71,147249.75,233001,233009.25,0.5629650000000258,0.3659149999999894
23,1,w1_20260418_042736,72,25221,278860.5,108598.5,0.39231499999999486,0.206449999999991
23,1,w1_20260418_042736,73,45347.5,232161.75,197430.75,0.4071949999999936,0.3595550000000063
23,1,w1_20260418_042736,74,125247.5,211751.25,68561.25,0.6042799999999998,0.32141499999998713
23,1,w1_20260418_042736,75,183729.75,188760,100580.25,0.6552100000000183,0.45625499999999386
23,1,w1_20260418_042736,76,9429.5,148323,60667.5,0.35734000000000465,0.27896500000000185
23,1,w1_20260418_042736,77,259045.75,137212.5,191691.75,0.7441099999999734,0.41886500000001
23,1,w1_20260418_042736,78,39923.5,89856.75,40179.75,0.5191499999999932,0.13139999999999685
23,1,w1_20260418_042736,79,283572.5,62520,74527.5,0.8501249999999689,0.14046999999999535
23,1,w1_20260418_042736,80,235060.5,150175.5,59904,0.7410099999999878,0.5895849999999908
23,1,w1_20260418_042736,81,289888.25,79110.75,121311,0.832879999999986,0.41648500000002125
23,1,w1_20260418_042736,82,276307.25,105241.5,53921.25,0.8196300000001363,0.2302450000000029
23,1,w1_20260418_042736,83,286254.5,96483,38452.5,0.8332900000000367,0.16521000000000594
23,1,w1_20260418_042736,84,241263.25,133352.25,26074.5,0.7558399999999761,0.10605000000000028
23,1,w1_20260418_042736,85,142354.75,238761.75,28663.5,0.5834399999999926,0.33397000000000765
23,1,w1_20260418_042736,86,186973,54741.75,222005.25,0.7998300000000272,0.192109999999997
23,1,w1_20260418_042736,87,122991.75,264330,19868.25,0.5491199999999888,0.40109500000003184
23,1,w1_20260418_042736,88,100492,235399.5,214498.5,0.4333899999999805,0.40765000000000823
23,1,w1_20260418_042736,89,55544.75,150022.5,229872.75,0.3929800000000031,0.4397750000000078
23,1,w1_20260418_042736,90,337952.5,40509,77038.5,0.9254899999999922,0.19276499999999056
23,1,w1_20260418_042736,91,18104.25,154469.25,48466.5,0.39150499999997873,0.19743999999999595
23,1,w1_20260418_042736,92,-4736.75,45669,20817.75,0.2702599999999861,0.4109599999999928
23,1,w1_20260418_042736,93,50404,52101,67065,0.587490000000027,0.5567750000000002
23,1,w1_20260418_042736,94,38372,214389,202539,0.4182450000000222,0.28784000000000165
23,1,w1_20260418_042736,95,103844.75,176302.5,54072.75,0.6468100000000049,0.29780500000001453
23,1,w1_20260418_042736,96,279875.5,103387.5,71487,0.8215049999999453,0.25944999999998775
23,1,w1_20260418_042736,97,-9553.75,69731.25,42502.5,0.24789499999999484,0.3158549999999942
23,1,w1_20260418_042736,98,150761,233286,153063,0.4197350000000044,0.5903049999999939
23,1,w1_20260418_042736,99,370692.25,28506.75,133071,0.9499800000000114,0.4536150000000328
23,1,w1_20260418_042736,100,53158.25,70709.25,140092.5,0.45620000000000055,0.2169699999999744
24,0,w0_20260418_043536,1,245389.75,90787.5,106482.75,0.828514999999985,0.18340499999998933
24,0,w0_20260418_043536,2,175190,174652.5,55147.5,0.6765749999999949,0.16887999999998726
24,0,w0_20260418_043536,3,135853,216471.75,51785.25,0.601795000000018,0.18596999999998867
24,0,w0_20260418_043536,4,179242,178876.5,43141.5,0.672124999999989,0.24607000000000456
24,0,w0_20260418_043536,5,-9999.999999999998,46242.549300000006,12649.570125,0.48298999999999653,0.15855499999998457
24,0,w0_20260418_043536,6,-10000,53046.75,12870.75,0.3943750000000055,0.17599999999999408
24,0,w0_20260418_043536,7,50604,268788,50538,0.43791999999999615,0.23744999999998245
24,0,w0_20260418_043536,8,29059.5,319733.25,52937.25,0.4063350000000165,0.1940449999999917
24,0,w0_20260418_043536,9,-10000.000000000002,231975.451125,69066.502125,0.29697999999999786,0.2671400000000012
24,0,w0_20260418_043536,10,5608.25,132767.25,124534.5,0.3193850000000188,0.3974200000000066
24,0,w0_20260418_043536,11,252874.25,106709.25,53536.5,0.8032349999999724,0.28477000000002417
24,0,w0_20260418_043536,12,156567.75,198206.25,57576,0.6388049999999775,0.1926449999999879
24,0,w0_20260418_043536,13,118254,248741.25,62634.75,0.5431299999999978,0.445284999999999
24,0,w0_20260418_043536,14,34646.75,306268.5,72804.75,0.41978500000000024,0.16632999999999143
24,0,w0_20260418_043536,15,62833,53632.5,54214.5,0.6859449999999869,0.16105999999999185
24,0,w0_20260418_043536,16,118947.25,241046.25,55846.5,0.5664449999999663,0.1735599999999876
24,0,w0_20260418_043536,17,37812,323318.25,100959.75,0.3357749999999999,0.3489599999999806
24,0,w0_20260418_043536,18,248407.75,219193.5,168948.75,0.5706500000000018,0.5755349999999888
24,0,w0_20260418_043536,19,124276,273639.75,274334.25,0.5144950000000104,0.3588649999999645
24,0,w0_20260418_043536,20,17600.75,289327.5,185001.75,0.380729999999996,0.2671350000000133
24,0,w0_20260418_043536,21,129765.5,252784.5,269100,0.5205449999999806,0.3759449999999869
24,0,w0_20260418_043536,22,239307.25,249825,221547.75,0.5355550000000081,0.5778499999999934
24,0,w0_20260418_043536,23,136394.75,260695.5,254049.75,0.537245000000008,0.37133499999999464
24,0,w0_20260418_043536,24,138332.25,262094.25,277663.5,0.526850000000022,0.382179999999989
24,0,w0_20260418_043536,25,285765.5,105588,141766.5,0.8123649999999207,0.438750000000006
24,0,w0_20260418_043536,26,70052.5,272211,119536.5,0.46244500000002053,0.2625700000000063
24,0,w0_20260418_043536,27,213950.5,175114.5,169395,0.6895899999999848,0.3276850000000014
24,0,w0_20260418_043536,28,114180,263647.5,206572.5,0.5196450000000001,0.32357000000000136
24,0,w0_20260418_043536,29,251662.75,201978,269219.25,0.6373499999999905,0.4870449999999866
24,0,w0_20260418_043536,30,79385.5,295824,316930.5,0.3904600000000052,0.4077700000000108
24,0,w0_20260418_043536,31,78879,274342.5,304798.5,0.4037100000000101,0.38829500000000966
24,0,w0_20260418_043536,32,131383.75,264683.25,302493,0.5163799999999815,0.3765000000000152
24,0,w0_20260418_043536,33,58256,191401.5,271942.5,0.32593500000001413,0.4558950000000111
24,0,w0_20260418_043536,34,269829,121587,278394,0.7871250000000737,0.3273200000000021
24,0,w0_20260418_043536,35,293715.25,126891,223353.75,0.7806849999999835,0.4209950000000037
24,0,w0_20260418_043536,36,124630.25,260223,294246.75,0.4902749999999873,0.3896749999999965
24,0,w0_20260418_043536,37,55354.75,195824.25,278541,0.33457500000001283,0.41703500000000465
24,0,w0_20260418_043536,38,129885.25,195733.5,287651.25,0.4636649999999832,0.38378499999998544
24,0,w0_20260418_043536,39,352521.5,57003,246325.5,0.8969349999999616,0.35050000000001175
24,0,w0_20260418_043536,40,319107.5,84111,244981.5,0.854124999999981,0.3448950000000114
24,0,w0_20260418_043536,41,351180.5,47795.25,280184.25,0.9175599999999672,0.33207499999998913
24,0,w0_20260418_043536,42,55601.25,252750.75,295038,0.2870900000000046,0.4428150000000086
24,0,w0_20260418_043536,43,51785.5,91971.75,268722.75,0.4613799999999976,0.45948999999997825
24,0,w0_20260418_043536,44,314027.75,93002.25,282450,0.8366399999999591,0.369685000000004
24,0,w0_20260418_043536,45,-10000,79479,121200,0.3072499999999985,0.46915000000003426
24,0,w0_20260418_043536,46,116464,59424,232572,0.6518599999999515,0.3917299999999963
24,0,w0_20260418_043536,47,116522.5,190001.25,287036.25,0.5075000000000046,0.3820499999999823
24,0,w0_20260418_043536,48,213830.25,132961.5,231038.25,0.7046449999999885,0.4124950000000121
24,0,w0_20260418_043536,49,370816.5,43536.75,273486.75,0.9203949999999924,0.39022999999999736
24,0,w0_20260418_043536,50,75424.25,262119,256626.75,0.4158799999999884,0.36482499999999407
24,0,w0_20260418_043536,51,210420.5,189125.25,253784.25,0.6460749999999632,0.4130250000000043
24,0,w0_20260418_043536,52,366009,77763,259158,0.8638649999999625,0.4658749999999912
24,0,w0_20260418_043536,53,161328.5,200964.75,231426.75,0.5529749999999776,0.3742700000000051
24,0,w0_20260418_043536,54,120889.75,149585.25,236895,0.46542999999999984,0.3638600000000048
24,0,w0_20260418_043536,55,175784.25,91872.75,233073,0.6637400000000238,0.4549450000000169
24,0,w0_20260418_043536,56,112749.5,110402.25,227648.25,0.4863050000000004,0.4105999999999892
24,0,w0_20260418_043536,57,127556.75,145632,192311.25,0.5859299999999773,0.35498500000000116
24,0,w0_20260418_043536,58,320179,57658.5,254332.5,0.8756799999999577,0.4431800000000097
24,0,w0_20260418_043536,59,250320.25,151365,229374.75,0.7300299999999382,0.38720499999999064
24,0,w0_20260418_043536,60,170691,112941,262608,0.6631049999999793,0.4047149999999992
24,0,w0_20260418_043536,61,129355,150675,235800,0.40255999999999686,0.4896599999999928
24,0,w0_20260418_043536,62,118658.25,116713.5,252638.25,0.42107500000001047,0.4667400000000086
24,0,w0_20260418_043536,63,189055.75,140643.75,228850.5,0.6520249999999848,0.4154549999999994
24,0,w0_20260418_043536,64,29990.25,74476.5,167063.25,0.31757500000005723,0.2988250000000168
24,0,w0_20260418_043536,65,67122.25,168677.25,286930.5,0.3885450000000179,0.3871699999999914
24,0,w0_20260418_043536,66,-3548.25,26844.75,313783.5,0.16881499999998756,0.3228049999999787
24,0,w0_20260418_043536,67,266243.25,124527.75,220239,0.7796849999998966,0.4127500000000027
24,0,w0_20260418_043536,68,20107.25,30541.5,150161.25,0.22529500000000613,0.2539350000000236
24,0,w0_20260418_043536,69,20394.5,13003.5,191172,0.21139999999998976,0.3127600000000019
24,0,w0_20260418_043536,70,14118.25,11395.5,58526.25,0.4308250000000088,0.4325050000000325
24,0,w0_20260418_043536,71,48607.75,27350.25,225372,0.5075550000000042,0.4524549999999811
24,0,w0_20260418_043536,72,59101.5,46214.25,219914.25,0.4861299999999963,0.405409999999989
24,0,w0_20260418_043536,73,179075.5,177328.5,99636,0.6510149999999902,0.3727200000000045
24,0,w0_20260418_043536,74,138148.25,99345,215106.75,0.5552399999999995,0.4686449999999928
24,0,w0_20260418_043536,75,158125.25,217462.5,90782.25,0.618829999999968,0.28396000000001415
24,0,w0_20260418_043536,76,352007,33744,172659,0.9357399999999884,0.3152349999999993
24,0,w0_20260418_043536,77,332016,55747.5,147646.5,0.9056900000000044,0.33402499999999197
24,0,w0_20260418_043536,78,219417.25,157144.5,188468.25,0.7179349999999836,0.26106500000000626
24,0,w0_20260418_043536,79,34505.75,151363.5,109860.75,0.4951449999999836,0.35220500000000193
24,0,w0_20260418_043536,80,208370.5,174505.5,301404,0.6553649999999976,0.3765250000000155
24,0,w0_20260418_043536,81,82944,168786,86490,0.4858150000000115,0.1720649999999972
24,0,w0_20260418_043536,82,80041.75,73040.25,129978,0.41297000000000017,0.3348150000000259
24,0,w0_20260418_043536,83,136637,99920.25,145422.75,0.6620449999999901,0.3117699999999998
24,0,w0_20260418_043536,84,264918,101341.5,227350.5,0.7123600000000411,0.5347250000000123
24,0,w0_20260418_043536,85,240422.75,105331.5,156135.75,0.76132500000002,0.286460000000002
24,0,w0_20260418_043536,86,192324.25,166829.25,274276.5,0.5841499999999618,0.5056849999999827
24,0,w0_20260418_043536,87,134425.25,79057.5,309767.25,0.6795699999999363,0.37329000000000057
24,0,w0_20260418_043536,88,210135.5,130134.75,301779.75,0.6062599999999916,0.46023999999997234
24,0,w0_20260418_043536,89,112554.5,156710.25,222785.25,0.4738150000000124,0.36469999999999647
24,0,w0_20260418_043536,90,157799.5,137955,202945.5,0.5945249999999973,0.4090799999999891
24,0,w0_20260418_043536,91,33250,136700.25,173019.75,0.4209699999999899,0.42836999999999614
24,0,w0_20260418_043536,92,144829.75,116354.25,214926,0.5385100000000071,0.3689300000000006
24,0,w0_20260418_043536,93,-10000,51300.75,56166.75,0.49861000000005423,0.5679100000000149
24,0,w0_20260418_043536,94,208522.25,141521.25,258826.5,0.582159999999982,0.4751500000000112
24,0,w0_20260418_043536,95,221744.5,106418.25,254777.25,0.6443599999999973,0.5040249999999865
24,0,w0_20260418_043536,96,138413.75,91866,233150.25,0.5857649999999892,0.544984999999997
24,0,w0_20260418_043536,97,287381,75734.25,289074.75,0.8054549999999875,0.3929199999999869
24,0,w0_20260418_043536,98,64499.75,114814.5,276405.75,0.4713049999999919,0.35872499999998725
24,0,w0_20260418_043536,99,231662,115218,181260,0.7238999999999751,0.4435799999999955
24,0,w0_20260418_043536,100,182520.5,143860.5,156189,0.6485949999999834,0.39291499999999624
24,1,w1_20260418_044335,1,218354.5,104627.25,141908.25,0.7996599999999768,0.18928999999999405
24,1,w1_20260418_044335,2,128709.25,217383.75,72957,0.5966449999999741,0.19592000000000023
24,1,w1_20260418_044335,3,100726.75,246472.5,88860.75,0.5445699999999901,0.23046000000000927
24,1,w1_20260418_044335,4,49355.25,295269.75,96795,0.4504149999999925,0.22263500000000028
24,1,w1_20260418_044335,5,176041,180868.5,84790.5,0.6695299999999563,0.2396950000000087
24,1,w1_20260418_044335,6,26626.5,311883,109000.5,0.4130250000000079,0.1908549999999969
24,1,w1_20260418_044335,7,87700.5,257280.75,99168.75,0.5298649999999934,0.1668699999999966
24,1,w1_20260418_044335,8,112738.5,236784.75,90966.75,0.5643799999999844,0.24281500000000977
24,1,w1_20260418_044335,9,201363,168784.5,123892.5,0.693664999999976,0.3548900000000122
24,1,w1_20260418_044335,10,-9757,158495.25,77601.75,0.4229499999999879,0.2063899999999952
24,1,w1_20260418_044335,11,13507.5,244995,103567.5,0.3919749999999935,0.3246050000000019
24,1,w1_20260418_044335,12,256497.25,136437,188775.75,0.7516149999999637,0.4179250000000027
24,1,w1_20260418_044335,13,152090.75,220189.5,152889.75,0.6041449999999813,0.3475749999999998
24,1,w1_20260418_044335,14,143566.5,209219.25,148574.25,0.627259999999982,0.24969499999999584
24,1,w1_20260418_044335,15,134353.5,286062.75,221223.75,0.4514799999999914,0.4951549999999934
24,1,w1_20260418_044335,16,254245.5,91572.75,238761.75,0.8367599999999679,0.241159999999999
24,1,w1_20260418_044335,17,157543.75,219480.75,203905.5,0.6101399999999829,0.33292999999999606
24,1,w1_20260418_044335,18,137952.25,220146,155931.75,0.6059449999999754,0.23146999999999135
24,1,w1_20260418_044335,19,182578.75,220803,271478.25,0.6032099999999762,0.39551499999999895
24,1,w1_20260418_044335,20,107278,267643.5,151768.5,0.5275999999999937,0.25890999999999365
24,1,w1_20260418_044335,21,46969.5,299122.5,108648,0.4323899999999925,0.24163499999998655
24,1,w1_20260418_044335,22,179254.5,193320,217855.5,0.6588299999999689,0.29396499999999753
24,1,w1_20260418_044335,23,245339.75,155580,268190.25,0.72549499999997,0.3728999999999891
24,1,w1_20260418_044335,24,94557.25,277827.75,197685,0.4971700000000083,0.3032849999999918
24,1,w1_20260418_044335,25,192836.5,208621.5,279582,0.627539999999977,0.37540500000000054
24,1,w1_20260418_044335,26,338397,112198.5,275164.5,0.8025249999999482,0.46269999999999545
24,1,w1_20260418_044335,27,226589.75,138477.75,183742.5,0.7593599999999513,0.22913500000000384
24,1,w1_20260418_044335,28,246897.5,122643.75,125838.75,0.7867449999999784,0.2001249999999881
24,1,w1_20260418_044335,29,22103,341820.75,72566.25,0.39322999999998537,0.21354499999998516
24,1,w1_20260418_044335,30,-10000,86069.25,12333.75,0.5337349999999274,0.596950000000028
24,1,w1_20260418_044335,31,256966.25,148473.75,268440,0.7408399999999504,0.37995499999999777
24,1,w1_20260418_044335,32,35025.25,250449,118245.75,0.3994649999999913,0.3055599999999897
24,1,w1_20260418_044335,33,335780.25,96357,260322.75,0.83069999999998,0.4269250000000102
24,1,w1_20260418_044335,34,155549.25,295722,238788.75,0.45235000000001263,0.5153549999999828
24,1,w1_20260418_044335,35,65534,314432.25,179073.75,0.44444500000000114,0.29176499999999256
24,1,w1_20260418_044335,36,350980,65890.5,275929.5,0.8836499999999882,0.3977349999999957
24,1,w1_20260418_044335,37,238554.25,177168.75,226677,0.6949299999999559,0.3934499999999886
24,1,w1_20260418_044335,38,197037,194628,167565,0.6638049999999587,0.3272000000000098
24,1,w1_20260418_044335,39,293146.75,84670.5,241122.75,0.8517749999999862,0.32269499999999823
24,1,w1_20260418_044335,40,92832,262352.25,223995.75,0.479124999999999,0.3718149999999924
24,1,w1_20260418_044335,41,171293,225276.75,220670.25,0.6085149999999785,0.3539850000000075
24,1,w1_20260418_044335,42,314491.75,102265.5,247422.75,0.8233149999999774,0.4020800000000006
24,1,w1_20260418_044335,43,194149.25,228263.25,289687.5,0.5994949999999934,0.42262999999999
24,1,w1_20260418_044335,44,54507.75,236193.75,227998.5,0.3821600000000055,0.38410000000000305
24,1,w1_20260418_044335,45,-10000,84282.75,73356.75,0.6793650000000008,0.2865199999999852
24,1,w1_20260418_044335,46,2273,140754.75,274022.25,0.3289249999999708,0.33914999999999623
24,1,w1_20260418_044335,47,280465.75,106446.75,208147.5,0.8143650000000158,0.30455500000000196
24,1,w1_20260418_044335,48,48281.75,172902.75,227995.5,0.41398499999998567,0.3552300000000058
24,1,w1_20260418_044335,49,126452.75,238987.5,299379.75,0.50168,0.4080499999999999
24,1,w1_20260418_044335,50,153179.75,230543.25,223077,0.5818399999999897,0.33842999999999573
24,1,w1_20260418_044335,51,285994.25,122555.25,244870.5,0.7903299999999753,0.3777699999999888
24,1,w1_20260418_044335,52,83513,203258.25,298338.75,0.46773499999999096,0.4076550000000006
24,1,w1_20260418_044335,53,308377.25,102658.5,292964.25,0.8072399999999548,0.40276999999999374
24,1,w1_20260418_044335,54,105810.5,202031.25,315848.25,0.47257499999999136,0.39174999999999305
24,1,w1_20260418_044335,55,11488.75,86817,220694.25,0.19026,0.4209799999999748
24,1,w1_20260418_044335,56,52500.75,156714.75,255994.5,0.41159999999998953,0.32527500000000453
24,1,w1_20260418_044335,57,242032.25,168636,230541.75,0.705904999999991,0.3789050000000068
24,1,w1_20260418_044335,58,231724.5,190655.25,267830.25,0.6695849999999989,0.38967999999999625
24,1,w1_20260418_044335,59,31302.75,212851.5,262395.75,0.3727149999999956,0.34476000000000967
24,1,w1_20260418_044335,60,48395,166541.25,258573.75,0.3864999999999943,0.37347000000000463
24,1,w1_20260418_044335,61,145173,153703.5,261763.5,0.5147899999999693,0.4804400000000091
24,1,w1_20260418_044335,62,85930,193955.25,258984.75,0.4587699999999897,0.4073550000000054
24,1,w1_20260418_044335,63,109312.25,195661.5,285386.25,0.5096199999999829,0.3703550000000009
24,1,w1_20260418_044335,64,222266.75,73328.25,414345,0.8736600000000426,0.13923999999999762
24,1,w1_20260418_044335,65,156786.25,243165.75,271638,0.5765149999999957,0.3603000000000088
24,1,w1_20260418_044335,66,119034.25,235624.5,270911.25,0.5127249999999893,0.4099950000000018
24,1,w1_20260418_044335,67,57475.75,242203.5,311670.75,0.4437999999999786,0.3276950000000093
24,1,w1_20260418_044335,68,235738.25,157642.5,219149.25,0.7204699999999753,0.3681250000000136
24,1,w1_20260418_044335,69,59455.5,167064.75,189249.75,0.382029999999998,0.41575500000000504
24,1,w1_20260418_044335,70,189837.25,200533.5,241109.25,0.6190550000000004,0.40877500000000994
24,1,w1_20260418_044335,71,90152.5,204786.75,267180.75,0.4209350000000101,0.41111999999999654
24,1,w1_20260418_044335,72,85535.75,127599,256145.25,0.4437049999999761,0.41005000000000746
24,1,w1_20260418_044335,73,168332.75,176952.75,248794.5,0.5749299999999794,0.44271999999999606
24,1,w1_20260418_044335,74,164894.5,203359.5,159306,0.5947599999999716,0.4494699999999926
24,1,w1_20260418_044335,75,105114.75,141477,163628.25,0.42430499999998794,0.5214700000000002
24,1,w1_20260418_044335,76,356724.5,56205.75,252939.75,0.8916449999999672,0.4474150000000126
24,1,w1_20260418_044335,77,108340.25,229487.25,43132.5,0.5069300000000099,0.6548100000000017
24,1,w1_20260418_044335,78,113502.5,220993.5,74244,0.5218549999999811,0.4725650000000057
24,1,w1_20260418_044335,79,124514.75,120807.75,158377.5,0.5100999999999842,0.4693649999999936
24,1,w1_20260418_044335,80,212414.75,207549.75,51475.5,0.6371999999999922,0.7417299999999414
24,1,w1_20260418_044335,81,26502.75,196697.25,280170,0.34440999999999533,0.3792999999999904
24,1,w1_20260418_044335,82,233519.5,204330.75,227859.75,0.6390199999999973,0.48960999999999866
24,1,w1_20260418_044335,83,38821.75,128217.75,241000.5,0.4280599999999988,0.35585500000000386
24,1,w1_20260418_044335,84,181899.25,156567,177813.75,0.663224999999992,0.2607750000000022
24,1,w1_20260418_044335,85,77431,111528,154701,0.5294449999999992,0.36800000000001176
24,1,w1_20260418_044335,86,256429,134226,198585,0.7660349999999828,0.3664349999999997
24,1,w1_20260418_044335,87,56694.75,114579.75,146335.5,0.4013449999999961,0.38313000000001973
24,1,w1_20260418_044335,88,40381.75,110922.75,197365.5,0.4646900000000065,0.37642500000002665
24,1,w1_20260418_044335,89,35127,81060,223683,0.4173850000000161,0.4148450000000017
24,1,w1_20260418_044335,90,121582,165848.25,224379.75,0.5127850000000016,0.4867149999999968
24,1,w1_20260418_044335,91,100475.75,141853.5,269850.75,0.5199900000000012,0.3619900000000081
24,1,w1_20260418_044335,92,299577.75,81363,159869.25,0.8610499999999612,0.22480500000000253
24,1,w1_20260418_044335,93,356053,13584.75,161732.25,0.977200000000005,0.19120999999999908
24,1,w1_20260418_044335,94,42475.75,192634.5,178239.75,0.4991450000000142,0.22101499999998608
24,1,w1_20260418_044335,95,65196,191880,163884,0.4888850000000381,0.294359999999989
24,1,w1_20260418_044335,96,170224,198100.5,170905.5,0.6282649999999647,0.4426350000000191
24,1,w1_20260418_044335,97,284479,105293.25,266037.75,0.8164199999999644,0.35114999999999674
24,1,w1_20260418_044335,98,77884.5,203935.5,246840,0.46455999999999414,0.36457000000001255
24,1,w1_20260418_044335,99,104508.75,285276,305675.25,0.49551500000001614,0.362875000000002
24,1,w1_20260418_044335,100,56322,67935,210543,0.3699550000000335,0.4934100000000109
25,0,w0_20260418_045150,1,165080,164668.5,106471.5,0.6851799999999841,0.1413149999999998
25,0,w0_20260418_045150,2,215586,132984.75,56429.25,0.75470499999998375,0.1413649999999998
25,0,w0_20260418_045150,3,128913,221207.25,50889.75,0.5901949999999738,0.1542349999999986
25,0,w0_20260418_045150,4,131899.5,221833.5,50637,0.5932099999999947,0.16091999999999584
25,0,w0_20260418_045150,5,31555.75,317945.25,50559,0.40794500000001177,0.1972599999999916
25,0,w0_20260418_045150,6,29256.5,124754.25,165779.25,0.3445050000000001,0.425670000000011
25,0,w0_20260418_045150,7,89146.25,262689.75,73824,0.5038600000000057,0.25722500000002135
25,0,w0_20260418_045150,8,67489.25,286050.75,58200,0.47530000000000727,0.17006999999999017
25,0,w0_20260418_045150,9,29072.75,302852.25,79665,0.39171999999999063,0.27283500000000027
25,0,w0_20260418_045150,10,175759.25,185206.5,44564.25,0.6657649999999988,0.17945499999999603
25,0,w0_20260418_045150,11,-64,214980,135234,0.41232999999997055,0.1771349999999908
25,0,w0_20260418_045150,12,6590.75,162384,210515.25,0.3605849999999841,0.31456499999999776
25,0,w0_20260418_045150,13,44938.75,305448.75,59662.5,0.4302000000000065,0.22554999999999512
25,0,w0_20260418_045150,14,34869,256618.5,152482.5,0.40253499999998194,0.3474449999999949
25,0,w0_20260418_045150,15,259385.25,111278.25,83506.5,0.8012399999999819,0.2669099999999948
25,0,w0_20260418_045150,16,106677.75,282837.75,125074.5,0.4956349999999993,0.3752150000000054
25,0,w0_20260418_045150,17,194668.25,203781,207720.75,0.6381399999999898,0.40267500000000056
25,0,w0_20260418_045150,18,77271.25,351354,241014.75,0.3242900000000152,0.5123349999999864
25,0,w0_20260418_045150,19,254330.5,162720,246499.5,0.7031900000000076,0.43383500000001296
25,0,w0_20260418_045150,20,275410,149793,256677,0.726840000000002,0.44418999999999026
25,0,w0_20260418_045150,21,80825.25,306231.75,292143,0.4084499999999998,0.41169000000001427
25,0,w0_20260418_045150,22,317105.5,70571.25,247883.25,0.8750349999999891,0.34437499999999666
25,0,w0_20260418_045150,23,288136.25,113013.75,225990,0.8005150000000151,0.37640500000000454
25,0,w0_20260418_045150,24,22949.75,182489.25,283191,0.4843900000000026,0.3687149999999953
25,0,w0_20260418_045150,25,350814,112447.5,269158.5,0.7967049999999918,0.4934199999999894
25,0,w0_20260418_045150,26,303784,111926.25,251649.75,0.8030199999999817,0.3926750000000014
25,0,w0_20260418_045150,27,265235.25,159519,266535.75,0.7211499999999799,0.4185400000000152
25,0,w0_20260418_045150,28,-10000,76676.25,136300.875,0.14892999999997472,0.42848000000001946
25,0,w0_20260418_045150,29,28130.5,96885.75,284673.75,0.2987750000000144,0.38243000000000854
25,0,w0_20260418_045150,30,70509.25,152116.5,308324.25,0.4487300000000214,0.4065850000000164
25,0,w0_20260418_045150,31,106513.5,177613.5,296313,0.4171600000000295,0.4336249999999982
25,0,w0_20260418_045150,32,214021,201641.25,252657.75,0.6454200000000319,0.4119950000000077
25,0,w0_20260418_045150,33,49348.75,160283.25,303828,0.3884799999999982,0.386229999999996
25,0,w0_20260418_045150,34,278106,127662,245682,0.7744549999999948,0.36390500000001347
25,0,w0_20260418_045150,35,241190.25,198399.75,288930,0.6564849999999824,0.4347549999999952
25,0,w0_20260418_045150,36,343751.25,63891.75,273477,0.889334999999992,0.3660500000000059
25,0,w0_20260418_045150,37,75139.75,213870,296990.25,0.38323500000000976,0.4313550000000001
25,0,w0_20260418_045150,38,149996,199424.25,308709.75,0.5146899999999788,0.42292499999998806
25,0,w0_20260418_045150,39,268882.25,151579.5,307058.25,0.7400499999999787,0.3843200000000086
25,0,w0_20260418_045150,40,183314,203187.75,271298.25,0.5709699999999757,0.4927499999999969
25,0,w0_20260418_045150,41,220461.5,204204,292504.5,0.6462649999999648,0.41344000000000214
25,0,w0_20260418_045150,42,196240.25,237503.25,289456.5,0.5924300000000282,0.4279000000000047
25,0,w0_20260418_045150,43,172909.25,246323.25,292747.5,0.5705699999999995,0.40040000000000775
25,0,w0_20260418_045150,44,32318.5,243414.75,263046.75,0.3161999999999791,0.40110500000000937
25,0,w0_20260418_045150,45,89181,28353,161256,0.5761500000000185,0.5221249999999833
25,0,w0_20260418_045150,46,59876.25,196481.25,262282.5,0.2873250000000023,0.4534149999999926
25,0,w0_20260418_045150,47,128497,139830.75,270452.25,0.4186349999999926,0.4623499999999951
25,0,w0_20260418_045150,48,205868.25,148114.5,257927.25,0.6710849999999621,0.4228400000000137
25,0,w0_20260418_045150,49,184262.5,77864.25,228173.25,0.6610000000000178,0.3913150000000126
25,0,w0_20260418_045150,50,23400.25,40479,266490.75,0.1346249999999772,0.36324500000001336
25,0,w0_20260418_045150,51,38588.25,25965.75,219306,0.3337050000000469,0.367030000000009
25,0,w0_20260418_045150,52,107056.5,50767.5,242496,0.5334500000000063,0.4598799999999987
25,0,w0_20260418_045150,53,239980.25,52472.25,197677.5,0.8193849999999581,0.5383250000000157
25,0,w0_20260418_045150,54,69979.5,45170.25,274820.25,0.2884550000000421,0.46670500000001586
25,0,w0_20260418_045150,55,119482,62961,277437,0.5359549999999914,0.45614499999998914
25,0,w0_20260418_045150,56,171822.75,215257.5,275739.75,0.5832099999999931,0.38431000000001103
25,0,w0_20260418_045150,57,171636,112759.5,280024.5,0.5982949999999667,0.3913650000000049
25,0,w0_20260418_045150,58,311528.75,118606.5,249624.75,0.7866899999999607,0.4356049999999907
25,0,w0_20260418_045150,59,162742.25,106220.25,273727.5,0.475025000000007,0.4039899999999927
25,0,w0_20260418_045150,60,351035.25,64738.5,226166.25,0.8848449999999565,0.33896500000000523
25,0,w0_20260418_045150,61,273229.75,127815.75,259114.5,0.7368650000000022,0.450394999999988
25,0,w0_20260418_045150,62,102404.75,95456.25,281109,0.44727999999998785,0.4421700000000045
25,0,w0_20260418_045150,63,238483.5,156497.25,280019.25,0.7026699999999639,0.3982699999999998
25,0,w0_20260418_045150,64,90221,83736,252573,0.7516799999999167,0.4225550000000037
25,0,w0_20260418_045150,65,40482.25,132617.25,273160.5,0.4709849999999923,0.4008800000000037
25,0,w0_20260418_045150,66,150446.75,157975.5,225927.75,0.4162950000000212,0.5333150000000116
25,0,w0_20260418_045150,67,119083.25,91454.25,293302.5,0.6522849999999607,0.3860850000000059
25,0,w0_20260418_045150,68,19670,60256.5,285763.5,0.5696149999999609,0.3597100000000073
25,0,w0_20260418_045150,69,253146.25,59516.25,267247.5,0.8507699999999749,0.3665349999999935
25,0,w0_20260418_045150,70,-1276,87491.25,329874.75,0.1846349999999933,0.35453500000001187
25,0,w0_20260418_045150,71,295080,60009.75,264200.25,0.8683999999999854,0.42141500000000226
25,0,w0_20260418_045150,72,378973.75,59560.5,262185.75,0.889194999999942,0.48052000000001027
25,0,w0_20260418_045150,73,247825.5,147709.5,263235,0.7508950000000021,0.3428000000000018
25,0,w0_20260418_045150,74,57705.5,148479.75,284934.75,0.3839899999999919,0.4115650000000089
25,0,w0_20260418_045150,75,41343.25,119041.5,215975.25,0.3716849999999858,0.4680299999999756
25,0,w0_20260418_045150,76,40847,102539.25,224253.75,0.2959600000000002,0.4778649999999883
25,0,w0_20260418_045150,77,71443,98376,221901,0.5008049999999599,0.4209899999999964
25,0,w0_20260418_045150,78,204098.5,187847.25,292784.25,0.6702899999999842,0.38156500000000226
25,0,w0_20260418_045150,79,196156.75,101694,203369.25,0.45882999999999946,0.635360000000002
25,0,w0_20260418_045150,80,46373.5,36209.25,216107.25,0.2983400000000288,0.48292499999997845
25,0,w0_20260418_045150,81,281498.5,102346.5,142995,0.8158099999999785,0.28944500000000467
25,0,w0_20260418_045150,82,179398.25,205611,200610.75,0.5719999999999992,0.5210849999999775
25,0,w0_20260418_045150,83,115806.75,138544.5,279048.75,0.5179999999999689,0.4603500000000068
25,0,w0_20260418_045150,84,279438.5,124311.75,303159.75,0.7778550000000222,0.3748900000000032
25,0,w0_20260418_045150,85,175706,228818.25,250755.75,0.5523449999999878,0.4500699999999967
25,0,w0_20260418_045150,86,148626,230832,240192,0.5520050000000007,0.4150450000000077
25,0,w0_20260418_045150,87,258479,164082,277059,0.7163750000000265,0.405185000000008
25,0,w0_20260418_045150,88,181358.75,224485.5,264315.75,0.6103550000000053,0.3559500000000132
25,0,w0_20260418_045150,89,335359,68981.25,296229.75,0.8701450000000063,0.3628100000000088
25,0,w0_20260418_045150,90,204099.25,223887,299283.75,0.6215749999999877,0.4047200000000042
25,0,w0_20260418_045150,91,232369.25,181822.5,296228.25,0.6913499999999406,0.3609600000000051
25,0,w0_20260418_045150,92,360897.75,62033.25,307869,0.895434999999964,0.3897799999999883
25,0,w0_20260418_045150,93,262739.5,154812,303148.5,0.7406149999999975,0.3629750000000024
25,0,w0_20260418_045150,94,250391.75,179911.5,274476.75,0.6960350000000521,0.4078349999999939
25,0,w0_20260418_045150,95,248012.75,168798,285959.25,0.7151349999999744,0.373610000000005
25,0,w0_20260418_045150,96,152481.75,254397.75,301630.5,0.5564899999999791,0.3689600000000005
25,0,w0_20260418_045150,97,383956,30565.5,245548.5,0.9483749999999628,0.4157699999999908
25,0,w0_20260418_045150,98,270573.75,151721.25,279015,0.7368100000000489,0.3919499999999798
25,0,w0_20260418_045150,99,400874.25,16476.75,313689,0.9715550000000766,0.3673099999999877
25,0,w0_20260418_045150,100,170445.5,150073.5,294771,0.5797349999999907,0.44668000000000085
25,1,w1_20260418_045956,1,155971.5,176614.5,103584,0.6629299999999861,0.204809999999991
25,1,w1_20260418_045956,2,229869,112560,91671,0.7912949999999774,0.19120999999999225
25,1,w1_20260418_045956,3,193501,158405.25,51453.75,0.7074800000000067,0.18688999999998532
25,1,w1_20260418_045956,4,188270,169159.5,49300.5,0.6909149999999982,0.2032199999999909
25,1,w1_20260418_045956,5,155227,201698.25,50484.75,0.6298199999999989,0.2380099999999872
25,1,w1_20260418_045956,6,95244,257070.75,69755.25,0.5301399999999785,0.18726499999998616
25,1,w1_20260418_045956,7,70661.25,284128.5,44630.25,0.4787999999999987,0.17337999999999285
25,1,w1_20260418_045956,8,251.25,311706,45012.75,0.35117000000000387,0.1788999999999971
25,1,w1_20260418_045956,9,122294.75,236838.75,40726.5,0.5684100000000099,0.18616999999999376
25,1,w1_20260418_045956,10,111899.25,245664.75,57006,0.5561349999999883,0.16967500000000177
25,1,w1_20260418_045956,11,108415.25,257378.25,38086.5,0.5359849999999707,0.25608499999999906
25,1,w1_20260418_045956,12,77734.25,276136.5,50489.25,0.4935549999999797,0.1888999999999957
25,1,w1_20260418_045956,13,209803,148512.75,99134.25,0.7348149999999746,0.1963049999999912
25,1,w1_20260418_045956,14,140056,230168.25,33645.75,0.5868049999999874,0.2909649999999956
25,1,w1_20260418_045956,15,216755.5,143502,51862.5,0.7421499999999717,0.1816949999999914
25,1,w1_20260418_045956,16,-898.5,284242.5,41886,0.3514499999999897,0.20939999999999495
25,1,w1_20260418_045956,17,111528,284340,184902,0.4874399999999835,0.34818000000000254
25,1,w1_20260418_045956,18,360327.75,100764,236408.25,0.8207399999998927,0.4720000000000263
25,1,w1_20260418_045956,19,191044.5,212028,213547.5,0.6215649999999677,0.3536799999999969
25,1,w1_20260418_045956,20,253033.75,235731,192875.25,0.5630399999999763,0.5797850000000162
25,1,w1_20260418_045956,21,142990.75,227193.75,200245.5,0.5826399999999641,0.34702499999999126
25,1,w1_20260418_045956,22,106868,268053,257439,0.3557150000000013,0.4808400000000094
25,1,w1_20260418_045956,23,124964.75,219781.5,290133.75,0.5825599999999949,0.33670499999999903
25,1,w1_20260418_045956,24,274921.25,105472.5,300476.25,0.8129699999999148,0.32529499999999995
25,1,w1_20260418_045956,25,15733,169794,219753,0.36423500000000397,0.353445000000012
25,1,w1_20260418_045956,26,205963.5,190986,240610.5,0.6643199999999669,0.3512550000000209
25,1,w1_20260418_045956,27,302378.5,116245.5,270906,0.7963849999999659,0.39294500000001886
25,1,w1_20260418_045956,28,136545,245134.5,283540.5,0.5244349999999834,0.40551000000001747
25,1,w1_20260418_045956,29,86306.25,244373.25,273250.5,0.48008500000000376,0.3685950000000098
25,1,w1_20260418_045956,30,73270,289401.75,283628.25,0.41388000000002184,0.3998550000000076
25,1,w1_20260418_045956,31,99450,290115,284775,0.465995000000018,0.38896500000000805
25,1,w1_20260418_045956,32,84096.5,257975.25,280118.25,0.40498,0.4335500000000024
25,1,w1_20260418_045956,33,83026.25,286599,270294.75,0.40945500000000046,0.415579999999996
25,1,w1_20260418_045956,34,158444.25,220713,266982.75,0.5491900000000035,0.4235650000000018
25,1,w1_20260418_045956,35,311750,86394,220056,0.8494049999999519,0.35776000000000674
25,1,w1_20260418_045956,36,224397.5,221242.5,254370,0.5978749999999882,0.4816800000000075
25,1,w1_20260418_045956,37,309969.25,115917,283983.75,0.7997999999999975,0.4036549999999946
25,1,w1_20260418_045956,38,110610,303338.25,276921.75,0.4225200000000075,0.4360199999999985
25,1,w1_20260418_045956,39,23988,88482.75,240449.25,0.2935250000000173,0.4102000000000018
25,1,w1_20260418_045956,40,298134.75,128935.5,252639.75,0.7728349999999695,0.41639500000000207
25,1,w1_20260418_045956,41,299033.75,103618.5,237867.75,0.8193400000000088,0.36975500000001
25,1,w1_20260418_045956,42,37015,265644.75,193490.25,0.4487200000000251,0.219594999999995
25,1,w1_20260418_045956,43,64698,184485,296007,0.34034499999999795,0.43449999999998457
25,1,w1_20260418_045956,44,267269,132036.75,246074.25,0.7615149999999827,0.37832999999999745
25,1,w1_20260418_045956,45,12978.75,133200,233321.25,0.20561499999999888,0.3942300000000057
25,1,w1_20260418_045956,46,424549,58724.25,230376.75,0.8895000000000087,0.5330300000000072
25,1,w1_20260418_045956,47,388752,58332,253866,0.8998450000000137,0.4565150000000014
25,1,w1_20260418_045956,48,296644.25,117504.75,230091,0.7989699999999741,0.3891899999999903
25,1,w1_20260418_045956,49,104708.25,299000.25,265891.5,0.3921250000000269,0.4688849999999962
25,1,w1_20260418_045956,50,90416,220606.5,294277.5,0.47090000000001425,0.3848050000000108
25,1,w1_20260418_045956,51,120184,263413.5,252922.5,0.4663650000000123,0.4344400000000064
25,1,w1_20260418_045956,52,230728.5,173310.75,231690.75,0.6889699999999866,0.3912150000000116
25,1,w1_20260418_045956,53,46176.5,139551.75,102591.75,0.33981999999999896,0.546989999999999
25,1,w1_20260418_045956,54,125094.5,241383.75,272481.75,0.5076499999999934,0.38164500000001406
25,1,w1_20260418_045956,55,176922.25,192475.5,195572.25,0.6516799999999742,0.3510450000000061
25,1,w1_20260418_045956,56,375058.75,103017,184874.25,0.8239749999999977,0.5863499999999771
25,1,w1_20260418_045956,57,318964.25,100061.25,213934.5,0.8301550000000094,0.42604500000000034
25,1,w1_20260418_045956,58,151276.5,239568.75,228144.75,0.5765150000000003,0.3647600000000116
25,1,w1_20260418_045956,59,99950.5,199860.75,178158.75,0.42958500000001215,0.47710500000001765
25,1,w1_20260418_045956,60,147191,234367.5,182911.5,0.5283499999999922,0.43808000000001185
25,1,w1_20260418_045956,61,157839.25,160883.25,207967.5,0.5686249999999944,0.4825850000000089
25,1,w1_20260418_045956,62,48528.25,119484,209397.75,0.3583150000000073,0.4586499999999953
25,1,w1_20260418_045956,63,53981.5,108146.25,234272.25,0.3629150000000213,0.40284500000001344
25,1,w1_20260418_045956,64,51252,148708.5,261079.5,0.36044500000001595,0.3990550000000161
25,1,w1_20260418_045956,65,115898.75,151641,265970.25,0.5812199999999954,0.3882800000000154
25,1,w1_20260418_045956,66,241208,155119.5,171472.5,0.7320550000000163,0.30187000000001435
25,1,w1_20260418_045956,67,235814.5,175933.5,221772,0.6989599999999672,0.3960999999999986
25,1,w1_20260418_045956,68,312203.25,134502,239334.75,0.7597499999999807,0.4763250000000175
25,1,w1_20260418_045956,69,108640.25,201972,238077.75,0.4967100000000077,0.383320000000013
25,1,w1_20260418_045956,70,253933.75,203657.25,266709,0.64356500000003,0.4789949999999837
25,1,w1_20260418_045956,71,81377,216921.75,276731.25,0.360650000000012,0.43356000000001566
25,1,w1_20260418_045956,72,128218.25,233253.75,287778,0.5144749999999959,0.3985500000000241
25,1,w1_20260418_045956,73,341423.75,82257.75,278578.5,0.8606099999999868,0.3662950000000044
25,1,w1_20260418_045956,74,209740.25,226697.25,263632.5,0.6136549999999673,0.4084599999999991
25,1,w1_20260418_045956,75,135705.25,230778.75,274206,0.53026500000001,0.3750850000000036
25,1,w1_20260418_045956,76,-10000,64673.25,58722.75,0.14383000000001453,0.5755899999999968
25,1,w1_20260418_045956,77,42490.5,35225.25,260564.25,0.2297850000000047,0.4476250000000137
25,1,w1_20260418_045956,78,324004.75,66283.5,259431.75,0.855369999999924,0.41146500000000735
25,1,w1_20260418_045956,79,48173.75,59850,304736.25,0.4986399999999871,0.4200600000000225
25,1,w1_20260418_045956,80,130707,136612.5,303160.5,0.632685000000005,0.4049150000000073
25,1,w1_20260418_045956,81,342267.75,82474.5,248097.75,0.8475899999999831,0.4496299999999937
25,1,w1_20260418_045956,82,44146.5,28256.25,293927.25,0.21292999999998857,0.43520500000001583
25,1,w1_20260418_045956,83,44786.75,33810.75,302422.5,0.41205500000002165,0.42008500000001625
25,1,w1_20260418_045956,84,72344.5,124585.5,311370,0.4937650000000144,0.41240500000001984
25,1,w1_20260418_045956,85,98653,148535.25,269991.75,0.519984999999992,0.4124150000000083
25,1,w1_20260418_045956,86,282760.5,98072.25,287927.25,0.791684999999959,0.3737800000000122
25,1,w1_20260418_045956,87,131899.25,257842.5,277028.25,0.5270150000000079,0.3837300000000076
25,1,w1_20260418_045956,88,191198,197821.5,282940.5,0.5422900000000164,0.4868399999999872
25,1,w1_20260418_045956,89,57428.25,145231.5,288860.25,0.3930100000000139,0.4253999999999995
25,1,w1_20260418_045956,90,286925.25,93868.5,241376.25,0.7654649999999786,0.4511750000000121
25,1,w1_20260418_045956,91,93938.75,132144.75,274156.5,0.4758999999999984,0.391915000000001
25,1,w1_20260418_045956,92,81035,189588.75,262136.25,0.4914149999999932,0.3852600000000034
25,1,w1_20260418_045956,93,166344.5,156918.75,261096.75,0.5957099999999874,0.4114000000000078
25,1,w1_20260418_045956,94,99684.5,142954.5,275121,0.4086499999999957,0.4739199999999919
25,1,w1_20260418_045956,95,1530.25,88647,149562.75,0.2477050000000078,0.3723000000000245
25,1,w1_20260418_045956,96,232774,60000.75,401675.25,0.8833100000000114,0.1962449999999928
25,1,w1_20260418_045956,97,147164.25,82705.5,545300.25,0.8607749999998757,0.04720500000000258
25,1,w1_20260418_045956,98,114997.75,240150,251912.25,0.5397249999999569,0.34037500000001175
25,1,w1_20260418_045956,99,268054.25,112105.5,205250.25,0.799324999999994,0.37454000000000903
25,1,w1_20260418_045956,100,58541.25,297002.25,217246.5,0.4508700000000033,0.31018000000000645
26,0,w0_20260418_050800,1,127240.5,188073,78976.5,0.6173299999999903,0.1244800000000004
26,0,w0_20260418_050800,2,215259.75,135195,61325.25,0.749664999999978,0.21175000000000133
26,0,w0_20260418_050800,3,104733.5,246339,54907.5,0.5459049999999992,0.14918499999999577
26,0,w0_20260418_050800,4,52957.75,301610.25,50682,0.44531500000001345,0.21487500000000087
26,0,w0_20260418_050800,5,201131,150921,54678,0.7202749999999843,0.21756499999999815
26,0,w0_20260418_050800,6,-10000,178359,54285,0.2524650000000257,0.31142499999999146
26,0,w0_20260418_050800,7,2564,145371,94695,0.4955650000000046,0.138749999999997
26,0,w0_20260418_050800,8,-6084.75,243237,44307.75,0.33505500000003785,0.14179000000000136
26,0,w0_20260418_050800,9,39238.25,279333.75,41388,0.4106450000000145,0.15444000000000233
26,0,w0_20260418_050800,10,-10000,197494.7918702018,38038.999789138055,0.472874999999992,0.12052999999999794
26,0,w0_20260418_050800,11,30141.25,219851.25,51337.5,0.4342550000000098,0.32657999999999904
26,0,w0_20260418_050800,12,141586.25,208930.5,56933.25,0.6147799999999622,0.1397450000000007
26,0,w0_20260418_050800,13,259450.25,93669.75,92670,0.8312549999999641,0.24544999999999215
26,0,w0_20260418_050800,14,178769.25,183510.75,53490,0.6703149999999591,0.19455999999999624
26,0,w0_20260418_050800,15,3606.25,139067.25,48676.5,0.3911249999999733,0.2816600000000086
26,0,w0_20260418_050800,16,26057,276980.25,35772.75,0.4089500000000242,0.11850999999999882
26,0,w0_20260418_050800,17,229970.5,128961.75,90987.75,0.7697549999999537,0.2684100000000042
26,0,w0_20260418_050800,18,206762.25,160851.75,47706,0.712119999999979,0.3297400000000059
26,0,w0_20260418_050800,19,68668.75,257463,30818.25,0.4829899999999865,0.14585999999999774
26,0,w0_20260418_050800,20,80387.5,259821,44491.5,0.4959400000000084,0.4499249999999632
26,0,w0_20260418_050800,21,10098.5,315589.5,153132,0.16579999999998843,0.5257650000000184
26,0,w0_20260418_050800,22,270419.75,90637.5,59142.75,0.8340249999999798,0.13852999999999235
26,0,w0_20260418_050800,23,427025.25,68767.5,192497.25,0.8759999999999897,0.6004200000000195
26,0,w0_20260418_050800,24,40532.25,284511,61626.75,0.41072499999998446,0.25749499999999986
26,0,w0_20260418_050800,25,45680,262148.25,33351.75,0.4181400000000001,0.1839849999999977
26,0,w0_20260418_050800,26,265280.25,104905.5,74924.25,0.8157949999999625,0.291319999999995
26,0,w0_20260418_050800,27,296279.5,69483,62947.5,0.8785049999999847,0.1235349999999948
26,0,w0_20260418_050800,28,66038.5,150724.5,40527,0.4476049999999912,0.23272000000000048
26,0,w0_20260418_050800,29,72514,178456.5,67009.5,0.48474999999995205,0.3089900000000081
26,0,w0_20260418_050800,30,29265.25,146085,44829.75,0.33382999999998647,0.19226500000000357
26,0,w0_20260418_050800,31,58939.5,135903,40957.5,0.356140000000007,0.2522450000000066
26,0,w0_20260418_050800,32,133277.5,161905.5,141867,0.6469100000000122,0.39168999999998594
26,0,w0_20260418_050800,33,321801,48831.75,152207.25,0.9142199999999848,0.3039449999999983
26,0,w0_20260418_050800,34,81037.25,123406.5,34286.25,0.4647800000000221,0.21608999999999745
26,0,w0_20260418_050800,35,166943.25,161973.75,123183,0.6536299999999952,0.33412999999999626
26,0,w0_20260418_050800,36,88468.25,120258.75,137973,0.6379399999999954,0.44287000000002263
26,0,w0_20260418_050800,37,182243.25,182989.5,46097.25,0.6739099999999885,0.2507749999999919
26,0,w0_20260418_050800,38,101539.25,117273,53007.75,0.6546650000000493,0.16957500000000308
26,0,w0_20260418_050800,39,267185.25,106999.5,60875.25,0.8105149999999351,0.20528499999999336
26,0,w0_20260418_050800,40,93860,82028.25,87051.75,0.5168799999999868,0.28327499999999806
26,0,w0_20260418_050800,41,160590,128685.75,51494.25,0.6784199999999915,0.25688499999999065
26,0,w0_20260418_050800,42,236973.25,134448.75,169758,0.7391699999999725,0.35071999999999437
26,0,w0_20260418_050800,43,85912.5,86077.5,142530,0.4984849999999834,0.31717500000001636
26,0,w0_20260418_050800,44,156680.75,111051,196478.25,0.6752849999999843,0.3339999999999957
26,0,w0_20260418_050800,45,109488.75,102345,300176.25,0.5596149999999973,0.33998000000001
26,0,w0_20260418_050800,46,286981.75,175314.75,177823.5,0.5750399999999838,0.6658449999999938
26,0,w0_20260418_050800,47,139252.25,123267,253230.75,0.4677699999999807,0.4652500000000047
26,0,w0_20260418_050800,48,259570.25,83556,250203.75,0.7327550000000029,0.5158299999999855
26,0,w0_20260418_050800,49,321332,21896.25,247941.75,0.9202350000000036,0.5351149999999635
26,0,w0_20260418_050800,50,226469.75,80629.5,262380.75,0.739024999999992,0.3485999999999955
26,0,w0_20260418_050800,51,68843.5,137967,186529.5,0.39501500000001777,0.4194649999999869
26,0,w0_20260418_050800,52,143575.75,60295.5,227988.75,0.6808000000000011,0.33205500000000115
26,0,w0_20260418_050800,53,164436.25,61046.25,194407.5,0.716644999999978,0.30085999999999796
26,0,w0_20260418_050800,54,176962,130550.25,185337.75,0.6629650000000089,0.32446500000000944
26,0,w0_20260418_050800,55,65719,121157.25,192633.75,0.49848000000002346,0.3304450000000136
26,0,w0_20260418_050800,56,106204,103834.5,296491.5,0.4247899999999951,0.4286599999999993
26,0,w0_20260418_050800,57,287855,37567.5,193027.5,0.8861549999999632,0.34926500000000016
26,0,w0_20260418_050800,58,129248.25,161784.75,226257,0.5745449999999933,0.30081500000001915
26,0,w0_20260418_050800,59,63978.5,84327.75,224583.75,0.36431000000004826,0.4780150000000028
26,0,w0_20260418_050800,60,67218.25,46446.75,215985,0.5123850000000519,0.4673800000000043
26,0,w0_20260418_050800,61,74200.75,111522.75,269566.5,0.4447299999999901,0.37195500000000914
26,0,w0_20260418_050800,62,105855.75,112294.5,238419.75,0.562374999999998,0.36387500000000816
26,0,w0_20260418_050800,63,93658.75,118126.5,283374.75,0.494394999999996,0.42522999999999983
26,0,w0_20260418_050800,64,89815.75,112404.75,295099.5,0.4701999999999899,0.40057500000001894
26,0,w0_20260418_050800,65,38457,103767,264576,0.32279999999999465,0.4000149999999998
26,0,w0_20260418_050800,66,126542,67671.75,298076.25,0.7419649999999911,0.4103000000000061
26,0,w0_20260418_050800,67,94395.25,145203.75,280071,0.4451649999999859,0.4071799999999885
26,0,w0_20260418_050800,68,315372.25,86501.25,251086.5,0.8233099999999604,0.4450499999999744
26,0,w0_20260418_050800,69,170493.5,190016.25,274490.25,0.5915000000000001,0.4253750000000184
26,0,w0_20260418_050800,70,98333,139010.25,273036.75,0.49707999999999464,0.39098000000000166
26,0,w0_20260418_050800,71,235054.25,180980.25,281125.5,0.6730250000000054,0.4338749999999889
26,0,w0_20260418_050800,72,39731.5,147261.75,332526.75,0.3675650000000209,0.38545500000000094
26,0,w0_20260418_050800,73,125801,143668.5,289270.5,0.5254899999999955,0.386524999999992
26,0,w0_20260418_050800,74,43999.5,134336.25,289574.25,0.3814800000000321,0.3738099999999911
26,0,w0_20260418_050800,75,208089.25,147726,266124.75,0.6406850000000409,0.4229849999999833
26,0,w0_20260418_050800,76,59837.5,127551.75,271980.75,0.4446149999999986,0.4120150000000026
26,0,w0_20260418_050800,77,394121.75,47515.5,289842.75,0.9008799999999508,0.4553049999999929
26,0,w0_20260418_050800,78,49332.75,120436.5,268200.75,0.5143400000000169,0.40438499999999233
26,0,w0_20260418_050800,79,182005.5,80575.5,274959,0.7286899999999205,0.35421999999999665
26,0,w0_20260418_050800,80,136476.75,218682,320441.25,0.5285300000000003,0.4006949999999985
26,0,w0_20260418_050800,81,111059.5,306873.75,295566.75,0.43899000000000143,0.43458500000000466
26,0,w0_20260418_050800,82,255763.75,39208.5,310647.75,0.8291899999999869,0.3330000000000012
26,0,w0_20260418_050800,83,126020.75,140649,314420.25,0.49862500000000126,0.41190999999999295
26,0,w0_20260418_050800,84,51553.25,84358.5,332258.25,0.3171050000000114,0.4229299999999825
26,0,w0_20260418_050800,85,80821.5,174403.5,296445,0.4103849999999995,0.3784099999999839
26,0,w0_20260418_050800,86,244898,120385.5,283636.5,0.7188249999999727,0.3797249999999938
26,0,w0_20260418_050800,87,210524.25,74388.75,268137,0.7036899999999965,0.3976449999999924
26,0,w0_20260418_050800,88,296671.25,50313,243525.75,0.8257899999999386,0.39625499999998426
26,0,w0_20260418_050800,89,89384.5,149087.25,291368.25,0.4638350000000093,0.38161999999999663
26,0,w0_20260418_050800,90,380886.5,51147.75,222015.75,0.8976699999999604,0.5176999999999735
26,0,w0_20260418_050800,91,146957,179354.25,258258.75,0.5095800000000283,0.4739200000000039
26,0,w0_20260418_050800,92,185015.5,201368.25,263246.25,0.584805000000002,0.4695049999999768
26,0,w0_20260418_050800,93,60236.25,138210.75,297213,0.46335000000001647,0.39176499999998293
26,0,w0_20260418_050800,94,26826,77226,343008,0.392045000000019,0.384525000000007
26,0,w0_20260418_050800,95,182413.75,61487.25,288399,0.7772250000000286,0.4339599999999933
26,0,w0_20260418_050800,96,58014,90121.5,283714.5,0.4266050000000048,0.3991599999999896
26,0,w0_20260418_050800,97,138882.75,93617.25,283830,0.6174949999999919,0.4503249999999934
26,0,w0_20260418_050800,98,82918.5,87948,293173.5,0.48719000000001145,0.4052450000000003
26,0,w0_20260418_050800,99,142184.5,84131.25,309374.25,0.6104549999999727,0.40881000000000783
26,0,w0_20260418_050800,100,149500.25,143781.75,274158,0.5901849999999808,0.4561149999999942
26,1,w1_20260418_051603,1,83523.75,162760.5,74265.75,0.545924999999997,0.17944000000000038
26,1,w1_20260418_051603,2,186576.25,160356.75,108777,0.702359999999989,0.2508400000000004
26,1,w1_20260418_051603,3,128417.75,223533.75,56878.5,0.5866999999999949,0.17669499999999547
26,1,w1_20260418_051603,4,68720.25,285147.75,50772,0.4749400000000068,0.1894249999999978
26,1,w1_20260418_051603,5,134543,221334.75,45692.25,0.591184999999988,0.236065
26,1,w1_20260418_051603,6,-10000,104069.25,24411.75,0.281989999999989,0.22161499999999143
26,1,w1_20260418_051603,7,-10000,31790.72925,10614.75,0.3848400000000675,0.33480499999999874
26,1,w1_20260418_051603,8,15714.5,314577,46528.5,0.3829150000000244,0.15368499999999963
26,1,w1_20260418_051603,9,99825.75,253984.5,61959.75,0.5314149999999871,0.2514199999999961
26,1,w1_20260418_051603,10,26933.25,319868.25,65428.5,0.4076149999999954,0.17271499999999665
26,1,w1_20260418_051603,11,-3438,289877.25,61620.75,0.3483300000000099,0.20920499999999748
26,1,w1_20260418_051603,12,277915,80800.5,68614.5,0.851564999999959,0.28806500000000235
26,1,w1_20260418_051603,13,-809.75,291600.75,39009,0.3262300000000231,0.19793500000000103
26,1,w1_20260418_051603,14,145999,210640.5,71170.5,0.6154149999999728,0.2638350000000069
26,1,w1_20260418_051603,15,159836.25,216594.75,107919,0.615044999999978,0.3488400000000104
26,1,w1_20260418_051603,16,-2320.5,266248.5,46572,0.32904000000002065,0.19978500000000668
26,1,w1_20260418_051603,17,21999.75,275463.75,33256.5,0.41148000000001056,0.2147899999999928
26,1,w1_20260418_051603,18,200660.5,165802.5,62367,0.705289999999971,0.24435499999998675
26,1,w1_20260418_051603,19,163239.5,262893.75,133806.75,0.5159099999999864,0.5672550000000363
26,1,w1_20260418_051603,20,-9999.999999999996,135138.20061567653,71526.99134427788,0.31910000000003247,0.2391600000000245
26,1,w1_20260418_051603,21,278277,97433.25,214899.75,0.8150349999999463,0.35991000000000156
26,1,w1_20260418_051603,22,18065,232950.75,107414.25,0.37830000000002817,0.28378000000000764
26,1,w1_20260418_051603,23,260170.25,153195.75,193404,0.635044999999959,0.588604999999985
26,1,w1_20260418_051603,24,113655.25,303757.5,313817.25,0.4408150000000237,0.42378999999998895
26,1,w1_20260418_051603,25,38471,173268.75,70730.25,0.44096000000001495,0.23286500000000465
26,1,w1_20260418_051603,26,219065.5,140864.25,79460.25,0.7434599999999849,0.20330500000000284
26,1,w1_20260418_051603,27,175313,188670,51747,0.6675749999999917,0.14583499999999422
26,1,w1_20260418_051603,28,44458.25,323010,341001.75,0.3849350000000132,0.3599499999999833
26,1,w1_20260418_051603,29,142971.25,223220.25,60208.5,0.6028399999999756,0.2518049999999891
26,1,w1_20260418_051603,30,90403.25,265621.5,49685.25,0.5163600000000114,0.22933999999999888
26,1,w1_20260418_051603,31,95420.75,242900.25,60459,0.53210999999999,0.24322499999999317
26,1,w1_20260418_051603,32,111269,232866,253515,0.5718949999999842,0.2882049999999872
26,1,w1_20260418_051603,33,179448,230861.25,263970.75,0.5762849999999757,0.4256250000000093
26,1,w1_20260418_051603,34,302605.75,57480,210584.25,0.8980899999999956,0.2854000000000065
26,1,w1_20260418_051603,35,150006,280372.5,261391.5,0.5123099999999993,0.42797499999999
26,1,w1_20260418_051603,36,149991,254469.75,213419.25,0.5571199999999882,0.3693699999999923
26,1,w1_20260418_051603,37,186721.75,223848.75,262369.5,0.6099549999999917,0.3868999999999755
26,1,w1_20260418_051603,38,204217.25,267722.25,241120.5,0.5142499999999763,0.5298849999999856
26,1,w1_20260418_051603,39,59404.25,116187.75,87678,0.6281349999999583,0.2244200000000096
26,1,w1_20260418_051603,40,4811,103407,41562,0.533635,0.23616499999999424
26,1,w1_20260418_051603,41,232876.25,73401,85302.75,0.8269799999999811,0.23267500000000357
26,1,w1_20260418_051603,42,300577.75,83848.5,90783.75,0.8564499999999642,0.38981999999999306
26,1,w1_20260418_051603,43,173333,232225.5,178591.5,0.5970849999999764,0.3937399999999915
26,1,w1_20260418_051603,44,1935,150048.75,61976.25,0.3434800000000142,0.24927500000000796
26,1,w1_20260418_051603,45,136701.5,218668.5,191640,0.5756349999999893,0.3074649999999953
26,1,w1_20260418_051603,46,210249.5,184419,171181.5,0.6735849999999789,0.4073850000000075
26,1,w1_20260418_051603,47,-10000,103786.14187218752,65860.58302593749,0.450000000000016,0.4386449999999646
26,1,w1_20260418_051603,48,-10000,119780.62450753682,114963.46766808545,0.36350000000001953,0.3555750000000237
26,1,w1_20260418_051603,49,41648,254340.75,216551.25,0.41625499999999904,0.2688699999999844
26,1,w1_20260418_051603,50,333830.75,48633.75,179875.5,0.9139199999999628,0.2569050000000026
26,1,w1_20260418_051603,51,3942.75,169870.5,310896.75,0.29980499999999555,0.3506099999999917
26,1,w1_20260418_051603,52,40314,227268,266778,0.3323850000000102,0.38447999999999755
26,1,w1_20260418_051603,53,28130.75,263816.25,260883,0.38212000000001595,0.31074999999999586
26,1,w1_20260418_051603,54,58194.25,260642.25,223603.5,0.45460500000000137,0.25375999999999277
26,1,w1_20260418_051603,55,368858.25,50828.25,241543.5,0.9135799999998954,0.4066249999999984
26,1,w1_20260418_051603,56,322939.5,113481,257479.5,0.8054799999999582,0.4319449999999923
26,1,w1_20260418_051603,57,271173.75,120015.75,235270.5,0.7912249999999688,0.3446900000000052
26,1,w1_20260418_051603,58,342227,57592.5,242260.5,0.9014749999999642,0.34415499999999727
26,1,w1_20260418_051603,59,373997.25,85873.5,241469.25,0.8205299999999507,0.5235400000000207
26,1,w1_20260418_051603,60,34172,171458.25,203439.75,0.353409999999997,0.3351950000000108
26,1,w1_20260418_051603,61,216864.5,250104.75,208290.75,0.5275700000000265,0.5486450000000123
26,1,w1_20260418_051603,62,64293,257457,273210,0.413089999999995,0.3560000000000072
26,1,w1_20260418_051603,63,216509.5,189548.25,284792.25,0.6736699999999736,0.3612649999999955
26,1,w1_20260418_051603,64,159290.5,274071,241528.5,0.47066000000004626,0.4973499999999993
26,1,w1_20260418_051603,65,103768.5,244683.75,242637.75,0.5282350000000232,0.2862599999999915
26,1,w1_20260418_051603,66,72479.25,183797.25,291643.5,0.3927050000000191,0.3967599999999977
26,1,w1_20260418_051603,67,45472.75,145861.5,228045.75,0.38487999999999295,0.3897799999999991
26,1,w1_20260418_051603,68,212428.5,109628.25,285503.25,0.7011700000000296,0.38975499999999685
26,1,w1_20260418_051603,69,151626.25,236410.5,227783.25,0.5832599999999865,0.35708000000000323
26,1,w1_20260418_051603,70,155831.25,203013.75,195315,0.5982250000000137,0.3576249999999954
26,1,w1_20260418_051603,71,242999.5,172746.75,271533.75,0.6731650000000106,0.4212550000000121
26,1,w1_20260418_051603,72,30038.25,195261.75,200880,0.27858999999997514,0.3934350000000004
26,1,w1_20260418_051603,73,205260.75,134884.5,241044.75,0.6806299999999915,0.4201450000000084
26,1,w1_20260418_051603,74,61097.75,140221.5,171960.75,0.4306349999999861,0.33683500000000544
26,1,w1_20260418_051603,75,63573.5,98928,297928.5,0.4828149999999989,0.4288350000000095
26,1,w1_20260418_051603,76,225694.25,134797.5,268868.25,0.688399999999976,0.3847400000000063
26,1,w1_20260418_051603,77,383276.75,39951.75,211501.5,0.9300650000000236,0.4372349999999905
26,1,w1_20260418_051603,78,73779.75,193059.75,236170.5,0.4279150000000056,0.35077499999999884
26,1,w1_20260418_051603,79,183886,206362.5,281041.5,0.5938049999999804,0.3751450000000096
26,1,w1_20260418_051603,80,161419.25,195540,283380.75,0.5609249999999683,0.38063500000000233
26,1,w1_20260418_051603,81,282159.75,95226,232964.25,0.7784249999999303,0.3961150000000011
26,1,w1_20260418_051603,82,373618.75,43292.25,258669,0.8768049999999654,0.4604599999999812
26,1,w1_20260418_051603,83,120289.25,273805.5,283325.25,0.4337650000000006,0.48504499999999345
26,1,w1_20260418_051603,84,72089.5,78832.5,293358,0.25473499999999666,0.4660349999999856
26,1,w1_20260418_051603,85,186842.5,213786,239101.5,0.6264099999999958,0.3638600000000103
26,1,w1_20260418_051603,86,41420.25,50464.5,296555.25,0.4086100000000059,0.4129700000000146
26,1,w1_20260418_051603,87,336277,46588.5,196144.5,0.8358549999999717,0.5381500000000022
26,1,w1_20260418_051603,88,135950,252737.25,261042.75,0.5348350000000163,0.3611150000000091
26,1,w1_20260418_051603,89,6453.75,96311.25,171495,0.485835000000038,0.171294999999984
26,1,w1_20260418_051603,90,7980.75,79735.5,224373.75,0.46838500000003297,0.2631000000000113
26,1,w1_20260418_051603,91,128317.75,282414,255308.25,0.5049599999999753,0.4058550000000092
26,1,w1_20260418_051603,92,385442.5,29258.25,102029.25,0.9488700000000104,0.4540900000000107
26,1,w1_20260418_051603,93,67756,81354,226860,0.6125600000000134,0.2811750000000048
26,1,w1_20260418_051603,94,-8783,86219.25,103833.75,0.29227000000001074,0.28110499999999233
26,1,w1_20260418_051603,95,371096.25,22345.5,106028.25,0.9356849999999972,0.41827499999999335
26,1,w1_20260418_051603,96,4228,141550.5,162661.5,0.32897500000000435,0.23899499999999435
26,1,w1_20260418_051603,97,447408.25,27512.25,189019.5,0.9249800000000152,0.5952949999999892
26,1,w1_20260418_051603,98,407246,28146,130278,0.9522499999999382,0.5104250000000059
26,1,w1_20260418_051603,99,73908.25,167143.5,212078.25,0.11057499999999928,0.536124999999999
26,1,w1_20260418_051603,100,316693.75,69792,121964.25,0.8593349999999433,0.3779900000000052
27,0,w0_20260418_052402,1,227807,93513,93360,0.8105749999999659,0.15861499999998624
27,0,w0_20260418_052402,2,125354.75,208375.5,62079.75,0.5870600000000135,0.1945899999999848
27,0,w0_20260418_052402,3,148649.5,177810,65320.5,0.6378299999999981,0.16343999999998632
27,0,w0_20260418_052402,4,121425.75,206499.75,58834.5,0.59651000000000165,0.15201999999998267
27,0,w0_20260418_052402,5,49962,287938.5,48769.5,0.44506500000000304,0.16005499999998643
27,0,w0_20260418_052402,6,118872,189440.25,47877.75,0.5839650000000142,0.17405999999998972
27,0,w0_20260418_052402,7,77132,236673.75,53684.25,0.516870000000001,0.1649299999999829
27,0,w0_20260418_052402,8,22633.25,275734.5,58712.25,0.4015549999999962,0.1957899999999952
27,0,w0_20260418_052402,9,45019,244904.25,42846.75,0.4326250000000018,0.27740000000000875
27,0,w0_20260418_052402,10,135484.25,187672.5,40193.25,0.6249199999999899,0.2080299999999971
27,0,w0_20260418_052402,11,72307.5,225046.5,68826,0.4670300000000115,0.457950000000006
27,0,w0_20260418_052402,12,102864.5,217317.75,46857.75,0.5432649999999986,0.20183500000000612
27,0,w0_20260418_052402,13,215496.25,138390.75,44823,0.7398849999999823,0.1290349999999913
27,0,w0_20260418_052402,14,193383.5,179635.5,43131,0.6737399999999977,0.27893500000000354
27,0,w0_20260418_052402,15,17122.5,165357.75,92559.75,0.35501999999999684,0.17649999999999383
27,0,w0_20260418_052402,16,275064.25,102220.5,198575.25,0.8164499999999619,0.3347349999999955
27,0,w0_20260418_052402,17,316910.5,196455,207184.5,0.6362250000000188,0.6068849999999736
27,0,w0_20260418_052402,18,68247.75,190908.75,302503.5,0.4853200000000024,0.32554999999999135
27,0,w0_20260418_052402,19,307025,66096.75,224498.25,0.8781649999999811,0.3458250000000032
27,0,w0_20260418_052402,20,309609.25,78672,251688.75,0.8586599999999919,0.363119999999993
27,0,w0_20260418_052402,21,96897,143760.75,287192.25,0.4377499999999839,0.3390099999999792
27,0,w0_20260418_052402,22,118965,127684.5,302890.5,0.5866350000000303,0.3626250000000059
27,0,w0_20260418_052402,23,338867,178405.5,192157.5,0.6580900000000147,0.6492599999999796
27,0,w0_20260418_052402,24,277243.25,119978.25,297928.5,0.7826900000000236,0.376735000000007
27,0,w0_20260418_052402,25,129362.5,102809.25,230618.25,0.4982100000000004,0.33759499999999104
27,0,w0_20260418_052402,26,143480,134287.5,234382.5,0.6522749999999679,0.3271950000000011
27,0,w0_20260418_052402,27,152937.75,118441.5,272730.75,0.6576799999999761,0.3650499999999976
27,0,w0_20260418_052402,28,169305.25,123523.5,255161.25,0.6481999999999605,0.4583500000000072
27,0,w0_20260418_052402,29,196269,129735,259656,0.6894950000000142,0.4324800000000053
27,0,w0_20260418_052402,30,154669.75,141836.25,214044,0.6529949999999967,0.3399949999999916
27,0,w0_20260418_052402,31,173688.75,141581.25,191310,0.6956699999999751,0.3272900000000034
27,0,w0_20260418_052402,32,94433.25,167295,242121.75,0.4720399999999825,0.414290000000007
27,0,w0_20260418_052402,33,74891.25,155853.75,260685,0.39461499999996824,0.42950999999998174
27,0,w0_20260418_052402,34,159839.25,117886.5,242684.25,0.6367499999999771,0.4173750000000051
27,0,w0_20260418_052402,35,263340.25,99791.25,259078.5,0.7932349999999793,0.3885900000000145
27,0,w0_20260418_052402,36,262361.5,107475.75,230382.75,0.7822449999999919,0.3822699999999991
27,0,w0_20260418_052402,37,322916,69159,203265,0.8746449999999668,0.35956999999998496
27,0,w0_20260418_052402,38,395735.75,50780.25,291144,0.9082699999999876,0.4628449999999972
27,0,w0_20260418_052402,39,66428.5,125456.25,276965.25,0.4635049999999943,0.40808499999998904
27,0,w0_20260418_052402,40,395343.5,39797.25,249959.25,0.9257850000000032,0.4472099999999934
27,0,w0_20260418_052402,41,28226.5,136863.75,264909.75,0.3012949999999988,0.3638699999999843
27,0,w0_20260418_052402,42,238000,151878.75,212381.25,0.727399999999947,0.32916999999999313
27,0,w0_20260418_052402,43,159516,101559.75,236774.25,0.5984149999999978,0.3949449999999897
27,0,w0_20260418_052402,44,165345.25,196026.75,263118,0.6040450000000104,0.3890549999999931
27,0,w0_20260418_052402,45,198996,184844.25,286959.75,0.6406749999999795,0.3765750000000077
27,0,w0_20260418_052402,46,337784.25,67821.75,277284,0.8812899999999508,0.36458500000000194
27,0,w0_20260418_052402,47,305563,100440.75,290576.25,0.8211149999999757,0.3791200000000069
27,0,w0_20260418_052402,48,29902.75,160190.25,276867,0.3011650000000337,0.40320000000000794
27,0,w0_20260418_052402,49,22858.5,103965,281536.5,0.28202500000000574,0.3461450000000003
27,0,w0_20260418_052402,50,14370.25,14232.75,168057,0.47785999999998297,0.3643749999999911
27,0,w0_20260418_052402,51,81898,175467,240735,0.4643200000000018,0.4210949999999749
27,0,w0_20260418_052402,52,40525,97620,303255,0.31491500000006556,0.383099999999984
27,0,w0_20260418_052402,53,183398.5,175703.25,293378.25,0.6275699999999838,0.39575999999999417
27,0,w0_20260418_052402,54,185216,189030,248154,0.6562900000000048,0.3673549999999949
27,0,w0_20260418_052402,55,236980.25,197328.75,255141,0.6301349999999954,0.4927050000000142
27,0,w0_20260418_052402,56,15834,179412.75,259673.25,0.3682049999999947,0.3201199999999953
27,0,w0_20260418_052402,57,144763,216029.25,275967.75,0.5462349999999762,0.4056399999999975
27,0,w0_20260418_052402,58,13523.25,173814.75,287502,0.3014249999999812,0.3768799999999887
27,0,w0_20260418_052402,59,225596.5,143456.25,262157.25,0.682975000000008,0.39073999999999426
27,0,w0_20260418_052402,60,-10000.000000000004,49785.19345778725,59943.05775780545,0.5568800000000318,0.742544999999938
27,0,w0_20260418_052402,61,190839,207861.75,275909.25,0.6262749999999945,0.38318500000000416
27,0,w0_20260418_052402,62,113608.5,201988.5,227373,0.5266200000000254,0.39203999999999894
27,0,w0_20260418_052402,63,126863.25,148261.5,190415.25,0.5766850000000263,0.40408000000000666
27,0,w0_20260418_052402,64,294085,65410.5,315214.5,0.8665799999999919,0.30694500000000413
27,0,w0_20260418_052402,65,57718,142160.25,314721.75,0.36921500000001234,0.3908200000000074
27,0,w0_20260418_052402,66,74289,142689.75,275771.25,0.4175449999999832,0.4131349999999825
27,0,w0_20260418_052402,67,33417,72053.25,313509.75,0.2809000000000505,0.35556000000000243
27,0,w0_20260418_052402,68,93752,68731.5,181996.5,0.5370200000000008,0.30525500000000577
27,0,w0_20260418_052402,69,379773.5,50976.75,307269.75,0.9038349999999984,0.41443499999998895
27,0,w0_20260418_052402,70,75323,88006.5,334750.5,0.34232500000003113,0.3590249999999953
27,0,w0_20260418_052402,71,-8063.5,119304,179659.5,0.276935000000028,0.2919799999999964
27,0,w0_20260418_052402,72,291826,92733,241131,0.8174899999999963,0.360324999999993
27,0,w0_20260418_052402,73,377669.75,78150,238520.25,0.8635099999999869,0.4633650000000006
27,0,w0_20260418_052402,74,181503.75,199163.25,312243,0.55311499999999,0.4451349999999973
27,0,w0_20260418_052402,75,156934.75,171557.25,317688,0.5902949999999835,0.40510499999999566
27,0,w0_20260418_052402,76,370779.75,47229.75,221440.5,0.915289999999946,0.4138049999999965
27,0,w0_20260418_052402,77,167772.5,145840.5,226557,0.681325000000011,0.354244999999991
27,0,w0_20260418_052402,78,62792.25,199281,262506.75,0.29452000000001893,0.4341750000000136
27,0,w0_20260418_052402,79,370590,29210.25,195489.75,0.9407500000000216,0.3778349999999924
27,0,w0_20260418_052402,80,382597.75,72672,299570.25,0.8775349999999771,0.4413050000000006
27,0,w0_20260418_052402,81,205985.75,186530.25,262854,0.6815499999999772,0.3427950000000016
27,0,w0_20260418_052402,82,109757.25,187056,234696.75,0.5400150000000166,0.363344999999997
27,0,w0_20260418_052402,83,-10000.000000000002,54153.97171875,35307.95109375,0.56281000000004,0.6424800000000315
27,0,w0_20260418_052402,84,93212.75,182692.5,237924.75,0.3935350000000256,0.4964000000000125
27,0,w0_20260418_052402,85,-9999.999999999998,43700.83114717355,41705.69133757561,0.11914999999998722,0.510594999999988
27,0,w0_20260418_052402,86,43590.75,119019,232190.25,0.5913300000000118,0.30267999999998385
27,0,w0_20260418_052402,87,20861.75,158609.25,299619,0.3726799999999947,0.3198650000000063
27,0,w0_20260418_052402,88,69463.5,135239.25,290387.25,0.587584999999964,0.3188299999999919
27,0,w0_20260418_052402,89,281403,105304.5,299032.5,0.8189749999999554,0.33075999999999844
27,0,w0_20260418_052402,90,18828.75,185801.25,301710,0.448765000000011,0.31495499999999976
27,0,w0_20260418_052402,91,382772.25,23120.25,175207.5,0.953470000000002,0.3931099999999915
27,0,w0_20260418_052402,92,-281.5,153166.5,168015,0.43677499999999697,0.3501599999999941
27,0,w0_20260418_052402,93,333345.5,48275.25,112349.25,0.9070349999999352,0.34242499999996634
27,0,w0_20260418_052402,94,236958,149925,147567,0.7335549999999532,0.40128999999999654
27,0,w0_20260418_052402,95,350161.5,69549.75,169098.75,0.8807350000000108,0.4192499999999932
27,0,w0_20260418_052402,96,91465.75,261252,189482.25,0.42819999999999847,0.4101699999999781
27,0,w0_20260418_052402,97,129374.25,164599.5,392966.25,0.7229249999999956,0.11857999999999448
27,0,w0_20260418_052402,98,178707.25,183186,187416.75,0.6072099999999853,0.4447849999999982
27,0,w0_20260418_052402,99,330918.25,46316.25,102895.5,0.921894999999993,0.1685549999999888
27,0,w0_20260418_052402,100,60405.25,261319.5,231095.25,0.4286899999999927,0.33284999999999354
27,1,w1_20260418_053200,1,224833.5,96966,95110.5,0.8038799999999762,0.21106999999999465
27,1,w1_20260418_053200,2,113207.25,234518.25,89674.5,0.5527100000000029,0.2894600000000017
27,1,w1_20260418_053200,3,130687.5,214344,76918.5,0.6005050000000297,0.19109500000000615
27,1,w1_20260418_053200,4,80989.25,269918.25,65482.5,0.49906000000001366,0.23590000000000663
27,1,w1_20260418_053200,5,144964.5,208289.25,57986.25,0.6141600000000395,0.2146350000000014
27,1,w1_20260418_053200,6,125499.25,223534.5,99296.25,0.5857899999999978,0.239700000000003
27,1,w1_20260418_053200,7,80334.75,271144.5,87660.75,0.5023599999999981,0.23440000000000397
27,1,w1_20260418_053200,8,-9999.999999999996,74563.50555843751,9202.770375,0.2398299999999966,0.21863500000000136
27,1,w1_20260418_053200,9,106270.25,243927,65712.75,0.5449000000000345,0.2511300000000168
27,1,w1_20260418_053200,10,158093.25,204987.75,197889,0.6060499999999832,0.34882999999998926
27,1,w1_20260418_053200,11,355935.5,144723,187981.5,0.7380599999999924,0.604329999999978
27,1,w1_20260418_053200,12,27325.5,289952.25,128702.25,0.3994499999999987,0.3286350000000051
27,1,w1_20260418_053200,13,12161,265059.75,172829.25,0.35857999999999346,0.34032000000001217
27,1,w1_20260418_053200,14,51706,233884.5,224899.5,0.4378600000000077,0.33468500000000384
27,1,w1_20260418_053200,15,233183.25,163398.75,322338,0.6945750000000126,0.4041450000000054
27,1,w1_20260418_053200,16,247385.25,106807.5,145877.25,0.8101350000000197,0.208914999999994
27,1,w1_20260418_053200,17,240871.5,122619.75,78108.75,0.7822350000000066,0.2352400000000091
27,1,w1_20260418_053200,18,110292.75,261845.25,272382,0.5241949999999852,0.3349300000000014
27,1,w1_20260418_053200,19,192068.75,174192.75,104668.5,0.6895000000000302,0.2980850000000086
27,1,w1_20260418_053200,20,129367,257423.25,285369.75,0.5403150000000192,0.346710000000004
27,1,w1_20260418_053200,21,107650,256007.25,272862.75,0.513420000000036,0.33406499999999945
27,1,w1_20260418_053200,22,209521.75,164422.5,136815.75,0.7088450000000154,0.34697000000001277
27,1,w1_20260418_053200,23,213775.25,163527.75,154767,0.7096900000000117,0.3555550000000164
27,1,w1_20260418_053200,24,201539.25,195138.75,286152,0.6545800000000092,0.36014499999998967
27,1,w1_20260418_053200,25,204664,171222.75,214793.25,0.6951199999999857,0.30155500000001134
27,1,w1_20260418_053200,26,33122.75,301980,182957.25,0.3874549999999901,0.3053600000000101
27,1,w1_20260418_053200,27,66726.25,297541.5,133862.25,0.4457499999999974,0.325820000000017
27,1,w1_20260418_053200,28,152544.25,222638.25,138757.5,0.6097550000000048,0.2675300000000116
27,1,w1_20260418_053200,29,208740.5,189996.75,291192.75,0.6650399999999848,0.3607799999999716
27,1,w1_20260418_053200,30,16311.25,200775.75,255333,0.31004999999999544,0.3663550000000146
27,1,w1_20260418_053200,31,323204.25,85454.25,285661.5,0.8476550000000116,0.39344999999999625
27,1,w1_20260418_053200,32,248449.75,140832,167888.25,0.75543000000001,0.32879000000000425
27,1,w1_20260418_053200,33,302935.25,104698.5,261596.25,0.8185050000000208,0.3751099999999918
27,1,w1_20260418_053200,34,25179,113235.75,210485.25,0.18421000000002133,0.44519500000000006
27,1,w1_20260418_053200,35,198865.75,186561,231143.25,0.6530649999999998,0.3719800000000015
27,1,w1_20260418_053200,36,117663.5,253671.75,212214.75,0.524900000000005,0.3583149999999961
27,1,w1_20260418_053200,37,131057.25,259458.75,247794,0.5166549999999964,0.40471000000000823
27,1,w1_20260418_053200,38,131558.25,228700.5,137591.25,0.5658249999999928,0.3239800000000131
27,1,w1_20260418_053200,39,171484,215743.5,202492.5,0.6039349999999888,0.37257500000001065
27,1,w1_20260418_053200,40,337139.5,74466,158644.5,0.8713300000000159,0.4173149999999999
27,1,w1_20260418_053200,41,133148.5,244845,258286.5,0.48301499999999686,0.4431049999999967
27,1,w1_20260418_053200,42,52337.75,220446,199646.25,0.4176499999999798,0.33687500000000287
27,1,w1_20260418_053200,43,181406.75,204403.5,237999.75,0.5024599999999866,0.5377299999999926
27,1,w1_20260418_053200,44,220815.75,188280,261584.25,0.6690899999999806,0.3914050000000108
27,1,w1_20260418_053200,45,129900.75,265936.5,256752.75,0.4868049999999672,0.4376249999999922
27,1,w1_20260418_053200,46,100415.5,226472.25,281882.25,0.4596099999999937,0.4134099999999939
27,1,w1_20260418_053200,47,104662.75,219191.25,289806,0.5167599999999829,0.3650699999999899
27,1,w1_20260418_053200,48,227750.25,150060,213009.75,0.7214099999999832,0.4045649999999936
27,1,w1_20260418_053200,49,78421.5,225837.75,270180.75,0.4331099999999915,0.39846500000000035
27,1,w1_20260418_053200,50,117579.5,201963,268747.5,0.44556499999999705,0.4451099999999877
27,1,w1_20260418_053200,51,166951,201080.25,249978.75,0.534774999999999,0.4658149999999939
27,1,w1_20260418_053200,52,105278.25,177210,273921.75,0.4183349999999876,0.42958500000001304
27,1,w1_20260418_053200,53,17828.25,48872.25,315799.5,0.1802250000000189,0.3685550000000056
27,1,w1_20260418_053200,54,19329,11457.75,317903.25,0.3387399999999926,0.36732999999999977
27,1,w1_20260418_053200,55,326085,41585.25,245769.75,0.9202249999999438,0.3794249999999949
27,1,w1_20260418_053200,56,21442.25,49532.25,276925.5,0.15550500000001816,0.3805349999999973
27,1,w1_20260418_053200,57,29370,12148.5,249151.5,0.5016900000000194,0.3983750000000076
27,1,w1_20260418_053200,58,410528.25,46881.75,267720,0.9176449999999758,0.4741799999999975
27,1,w1_20260418_053200,59,334325.5,95118.75,248775.75,0.8236199999999712,0.4459749999999862
27,1,w1_20260418_053200,60,389619.25,38164.5,247706.25,0.933375000000006,0.43527500000000074
27,1,w1_20260418_053200,61,264477.5,134193,270559.5,0.7659649999999867,0.3756099999999907
27,1,w1_20260418_053200,62,207878,200682,287580,0.651135000000017,0.3852549999999981
27,1,w1_20260418_053200,63,39356.25,90360,260613.75,0.2562449999999953,0.3991550000000083
27,1,w1_20260418_053200,64,67888.75,69885,228686.25,0.45406499999998495,0.37962000000000423
27,1,w1_20260418_053200,65,76458,101474.25,248607.75,0.4194449999999694,0.4281900000000061
27,1,w1_20260418_053200,66,162749.75,126011.25,273879,0.6077099999999714,0.4041899999999928
27,1,w1_20260418_053200,67,91794.25,202763.25,280852.5,0.4768099999999804,0.3650950000000196
27,1,w1_20260418_053200,68,133590.5,202142.25,257417.25,0.561034999999978,0.3412600000000014
27,1,w1_20260418_053200,69,23408.5,189022.5,211659,0.36661499999997366,0.3304300000000053
27,1,w1_20260418_053200,70,154342.75,189774,80543.25,0.5890700000000012,0.3629850000000112
27,1,w1_20260418_053200,71,114001,174213,75456,0.5573549999999982,0.3744249999999988
27,1,w1_20260418_053200,72,338782.25,56588.25,181309.5,0.8993099999999739,0.4343550000000111
27,1,w1_20260418_053200,73,209273.75,161002.5,205833.75,0.6776549999999741,0.3748549999999902
27,1,w1_20260418_053200,74,300421.5,53911.5,132057,0.903009999999926,0.23884999999999224
27,1,w1_20260418_053200,75,360734.25,34503.75,186252,0.9419299999999956,0.3526899999999986
27,1,w1_20260418_053200,76,139499.25,174400.5,190760.25,0.6012299999999454,0.2616450000000077
27,1,w1_20260418_053200,77,195396,174726,215478,0.6607249999999626,0.31046000000001805
27,1,w1_20260418_053200,78,137543,165590.25,168156.75,0.5180549999999647,0.4591350000000118
27,1,w1_20260418_053200,79,389507.5,89409.75,253722.75,0.812509999999922,0.5258749999999898
27,1,w1_20260418_053200,80,337617,57085.5,143227.5,0.9018149999999704,0.35181500000000565
27,1,w1_20260418_053200,81,268604,125776.5,89809.5,0.787645000000043,0.2547200000000064
27,1,w1_20260418_053200,82,120652.25,181326.75,248991,0.5370099999999901,0.2872149999999972
27,1,w1_20260418_053200,83,334921.25,84044.25,209644.5,0.8424649999999505,0.46816500000000494
27,1,w1_20260418_053200,84,168771.75,148910.25,243768,0.5963299999999736,0.415125000000009
27,1,w1_20260418_053200,85,173432,168498.75,254159.25,0.569154999999997,0.42621500000000967
27,1,w1_20260418_053200,86,168844,136368.75,231737.25,0.6391099999999774,0.35114000000000534
27,1,w1_20260418_053200,87,302732.75,127948.5,244818.75,0.7764749999999755,0.4374000000000074
27,1,w1_20260418_053200,88,384472.25,61903.5,230804.25,0.895029999999967,0.4578450000000055
27,1,w1_20260418_053200,89,143156,156683.25,274620.75,0.5269400000000244,0.3934350000000075
27,1,w1_20260418_053200,90,16270.75,147897,87692.25,0.3741900000000217,0.3002399999999987
27,1,w1_20260418_053200,91,-10000,65043,166345.5,0.2309699999999885,0.492359999999999
27,1,w1_20260418_053200,92,374387,52842.75,236930.25,0.9018499999999612,0.4152900000000163
27,1,w1_20260418_053200,93,316280.75,83256,301793.25,0.856920000000011,0.34474000000000665
27,1,w1_20260418_053200,94,293615.25,71441.25,199573.5,0.8762349999999893,0.41331500000000854
27,1,w1_20260418_053200,95,238282.25,153798.75,185679,0.7290499999999895,0.448769999999996
27,1,w1_20260418_053200,96,300516.75,89545.5,217857.75,0.8484749999999742,0.34488500000002176
27,1,w1_20260418_053200,97,285858,126201,277611,0.7853999999999853,0.3697249999999932
27,1,w1_20260418_053200,98,273568.5,109862.25,152669.25,0.7909549999999885,0.40565500000001187
27,1,w1_20260418_053200,99,90581.75,163387.5,239160.75,0.5451750000000088,0.3742950000000268
27,1,w1_20260418_053200,100,153405.5,205114.5,46560,0.6168649999999913,0.3992650000000214
28,0,w0_20260418_053957,1,192828.5,138804,121747.5,0.7363499999999786,0.1855899999999914
28,0,w0_20260418_053957,2,219937.75,126855,83567.25,0.7658199999999906,0.2339099999999961
28,0,w0_20260418_053957,3,196869,157192.5,57628.5,0.7120799999999822,0.20438999999998889
28,0,w0_20260418_053957,4,70507.75,283763.25,50859,0.4797950000000082,0.16778499999999355
28,0,w0_20260418_053957,5,-10000,63639,15624,0.466129999999998,0.13018500000000294
28,0,w0_20260418_053957,6,236532.5,118815.75,52821.75,0.7831349999999643,0.18916999999999867
28,0,w0_20260418_053957,7,141824.25,214452.75,49563,0.6092749999999826,0.211870000000009
28,0,w0_20260418_053957,8,79553,275370.75,46646.25,0.48388500000000456,0.37972999999999624
28,0,w0_20260418_053957,9,-3287.75,268062.75,69315,0.36087500000000206,0.23172500000000487
28,0,w0_20260418_053957,10,161987.5,204752.25,48110.25,0.6274699999999876,0.36696499999999954
28,0,w0_20260418_053957,11,134808.75,225398.25,60123,0.5928999999999736,0.24315999999999455
28,0,w0_20260418_053957,12,160654.5,196989.75,60975.75,0.6425749999999748,0.19256499999999108
28,0,w0_20260418_053957,13,-10000.000000000004,210118.2696199196,65035.890811204,0.31343000000001603,0.2939199999999958
28,0,w0_20260418_053957,14,-9999.999999999998,46853.873317547965,25080.52661376879,0.5802249999999708,0.3586949999999827
28,0,w0_20260418_053957,15,375679.5,135963,191527.5,0.7540199999999764,0.6056050000000003
28,0,w0_20260418_053957,16,287513.5,86652.75,139983.75,0.8452299999999646,0.3016799999999981
28,0,w0_20260418_053957,17,202814,177878.25,248307.75,0.6842349999999843,0.3205700000000047
28,0,w0_20260418_053957,18,138652.75,207741.75,92905.5,0.6086149999999894,0.2283200000000017
28,0,w0_20260418_053957,19,19923,289828.5,147088.5,0.3555549999999988,0.2952750000000064
28,0,w0_20260418_053957,20,236425.75,168149.25,307965,0.6996549999999822,0.38427999999998946
28,0,w0_20260418_053957,21,43259,328870.5,289060.5,0.3936800000000014,0.3438299999999943
28,0,w0_20260418_053957,22,14492,345103.5,266434.5,0.3191100000000101,0.36663999999999314
28,0,w0_20260418_053957,23,136821,253783.5,291985.5,0.5466599999999917,0.361785000000004
28,0,w0_20260418_053957,24,309996.5,84246,238597.5,0.8517550000000031,0.345754999999994
28,0,w0_20260418_053957,25,371966,177704.25,201909.75,0.6877550000000123,0.6343149999999752
28,0,w0_20260418_053957,26,37553.25,264933,219303.75,0.40406499999999806,0.28107500000000063
28,0,w0_20260418_053957,27,173598,209018.25,192693.75,0.6313449999999864,0.34223999999999416
28,0,w0_20260418_053957,28,196917.5,194399.25,245783.25,0.6605149999999728,0.34379499999998486
28,0,w0_20260418_053957,29,89405.5,284978.25,272636.25,0.4773749999999897,0.3372100000000054
28,0,w0_20260418_053957,30,112633.25,233997.75,263919,0.508584999999992,0.3673499999999963
28,0,w0_20260418_053957,31,93576,178797.75,251936.25,0.497195000000006,0.34942999999999036
28,0,w0_20260418_053957,32,250760,144486.75,252653.25,0.7480899999999884,0.34997500000000953
28,0,w0_20260418_053957,33,255523.25,140776.5,209630.25,0.7563149999999639,0.3289249999999977
28,0,w0_20260418_053957,34,114141.75,163182.75,245035.5,0.49842999999998855,0.3817599999999974
28,0,w0_20260418_053957,35,96847.5,163732.5,246120,0.5174849999999791,0.3870850000000018
28,0,w0_20260418_053957,36,192847.5,199930.5,216072,0.65109999999996,0.3405550000000015
28,0,w0_20260418_053957,37,323769.75,82821.75,258538.5,0.8559549999999454,0.38092999999999544
28,0,w0_20260418_053957,38,159462,212823.75,269654.25,0.5846699999999955,0.40825000000001394
28,0,w0_20260418_053957,39,229797,174030,269883,0.697530000000008,0.35868000000000444
28,0,w0_20260418_053957,40,110353.5,220821,186505.5,0.5147049999999878,0.3056949999999921
28,0,w0_20260418_053957,41,258211.25,140748.75,233160,0.7560749999999844,0.35942999999999814
28,0,w0_20260418_053957,42,69904,166261.5,244054.5,0.30415499999999657,0.4418949999999929
28,0,w0_20260418_053957,43,276142.5,124203,297574.5,0.7697549999999792,0.39321999999999946
28,0,w0_20260418_053957,44,186445.25,179674.5,236900.25,0.6602149999999728,0.30818000000000045
28,0,w0_20260418_053957,45,171004,138204,244632,0.5326150000000125,0.50471500000002
28,0,w0_20260418_053957,46,88007.75,119551.5,323490.75,0.4509199999999879,0.3747350000000092
28,0,w0_20260418_053957,47,101941,147588.75,279680.25,0.4554249999999932,0.3676249999999844
28,0,w0_20260418_053957,48,222797.5,175635.75,240876.75,0.6888750000000041,0.3422649999999804
28,0,w0_20260418_053957,49,-10000.00000000002,142464.6918873167,333001.8282668683,0.22612999999996297,0.35156999999998945
28,0,w0_20260418_053957,50,261170,152705.25,265584.75,0.7281350000000086,0.40490999999999383
28,0,w0_20260418_053957,51,133204.5,178549.5,294276,0.5175900000000192,0.3719099999999992
28,0,w0_20260418_053957,52,343114.5,60372.75,238452.75,0.8941250000000089,0.35703499999999677
28,0,w0_20260418_053957,53,208942.75,176001,255026.25,0.5368049999999813,0.5164649999999975
28,0,w0_20260418_053957,54,139980.5,150158.25,268301.25,0.5470000000000026,0.35459999999998615
28,0,w0_20260418_053957,55,164582.5,177065.25,256172.25,0.6126049999999877,0.37922499999999443
28,0,w0_20260418_053957,56,129570.5,85159.5,258540,0.58244499999998,0.36731999999999
28,0,w0_20260418_053957,57,158844.25,150950.25,244435.5,0.5927549999999931,0.3979150000000017
28,0,w0_20260418_053957,58,189968.5,198751.5,241020,0.629259999999969,0.36028499999999475
28,0,w0_20260418_053957,59,155913,107334,225393,0.6164199999999936,0.4733200000000032
28,0,w0_20260418_053957,60,91359.75,85979.25,264201,0.5590950000000133,0.3902700000000141
28,0,w0_20260418_053957,61,245801.5,155607,248911.5,0.708079999999972,0.4509250000000003
28,0,w0_20260418_053957,62,178752,169370.25,272727.75,0.6516649999999826,0.3739700000000024
28,0,w0_20260418_053957,63,139176.5,142947.75,249555.75,0.5606600000000205,0.41221999999999354
28,0,w0_20260418_053957,64,220597,150903.75,238139.25,0.6923200000000036,0.4076100000000007
28,0,w0_20260418_053957,65,362217.5,89517,186025.5,0.815134999999934,0.5577749999999939
28,0,w0_20260418_053957,66,88610.25,190982.25,265387.5,0.4073050000000177,0.39908000000001304
28,0,w0_20260418_053957,67,199560,162033.75,214436.25,0.6804499999999823,0.3167949999999943
28,0,w0_20260418_053957,68,-10000,53355.75,69284.25,0.24044000000000956,0.547334999999969
28,0,w0_20260418_053957,69,108301.5,157667.25,274031.25,0.4377600000000326,0.42397000000002655
28,0,w0_20260418_053957,70,1434.75,163212.75,240052.5,0.2969200000000017,0.29896499999999987
28,0,w0_20260418_053957,71,254939.75,131163,243467.25,0.7085249999999996,0.46549499999999006
28,0,w0_20260418_053957,72,185781.75,130080.75,241987.5,0.6491349999999945,0.4270650000000058
28,0,w0_20260418_053957,73,98520.5,198990,260899.5,0.4545000000000069,0.4232449999999968
28,0,w0_20260418_053957,74,317104.25,69332.25,205993.5,0.8627999999999642,0.3949299999999979
28,0,w0_20260418_053957,75,68059,211092,256929,0.4355150000000268,0.36818499999999704
28,0,w0_20260418_053957,76,352910.5,43980,217009.5,0.8884299999999897,0.4227400000000091
28,0,w0_20260418_053957,77,291431.75,129467.25,232881,0.779374999999974,0.3936650000000009
28,0,w0_20260418_053957,78,171303.25,181329.75,184377,0.6016550000000183,0.3662250000000071
28,0,w0_20260418_053957,79,114029.75,241985.25,159075,0.5378100000000074,0.28648500000001825
28,0,w0_20260418_053957,80,135580,236428.5,164941.5,0.539490000000019,0.3303900000000138
28,0,w0_20260418_053957,81,100153,178353.75,151373.25,0.5105599999999922,0.2733500000000375
28,0,w0_20260418_053957,82,82572.75,165199.5,55617.75,0.5126700000000084,0.2485299999999851
28,0,w0_20260418_053957,83,181510,185473.5,258436.5,0.5628899999999895,0.45253499999999247
28,0,w0_20260418_053957,84,389819.25,14370.75,197820,0.9736249999999936,0.3385050000000073
28,0,w0_20260418_053957,85,293707,77630.25,169752.75,0.8674549999999653,0.29907499999999393
28,0,w0_20260418_053957,86,227009.75,181443,262307.25,0.6578149999999405,0.413369999999992
28,0,w0_20260418_053957,87,168758.75,192359.25,243822,0.5962149999999983,0.3143499999999982
28,0,w0_20260418_053957,88,377879.5,54213,241957.5,0.9020599999999774,0.3944599999999907
28,0,w0_20260418_053957,89,73726.75,107784.75,255568.5,0.345005000000006,0.45732000000000006
28,0,w0_20260418_053957,90,373754.25,68667,234678.75,0.8813949999999037,0.4880499999999639
28,0,w0_20260418_053957,91,304031.5,139056.75,253161.75,0.7600249999999752,0.456774999999999
28,0,w0_20260418_053957,92,102896.5,159826.5,292797,0.4543199999999997,0.3805249999999986
28,0,w0_20260418_053957,93,85083.5,134823.75,184542.75,0.49083499999996294,0.32911000000000556
28,0,w0_20260418_053957,94,231852.5,160496.25,222101.25,0.7106549999999272,0.36479500000001
28,0,w0_20260418_053957,95,448227,67671.75,215831.25,0.8706549999998892,0.580874999999983
28,0,w0_20260418_053957,96,184161.5,159635.25,239243.25,0.6345149999999898,0.4028500000000113
28,0,w0_20260418_053957,97,11428,83883,311709,0.22388999999999856,0.36005999999998656
28,0,w0_20260418_053957,98,283836.5,132966,223897.5,0.7669850000000484,0.3971600000000184
28,0,w0_20260418_053957,99,261821,120633.75,185675.25,0.791054999999934,0.35001000000001564
28,0,w0_20260418_053957,100,126160,79281,244539,0.640474999999993,0.3586950000000119
28,1,w1_20260418_054802,1,198932.75,132551.25,124086,0.7489199999999706,0.1890149999999801
28,1,w1_20260418_054802,2,208292.5,137166,66421.5,0.7460199999999755,0.18439499999998848
28,1,w1_20260418_054802,3,226429.25,125966.25,54004.5,0.7686149999999594,0.16697999999999366
28,1,w1_20260418_054802,4,-10000,112358.28136580157,16399.575,0.4257749999999832,0.23212499999999617
28,1,w1_20260418_054802,5,211482.25,145405.5,47012.25,0.7293249999999787,0.24195499999999193
28,1,w1_20260418_054802,6,-10000,44063.25,24990.75,0.33107999999999593,0.36409499999998574
28,1,w1_20260418_054802,7,115046.75,237600,50993.25,0.5627699999999811,0.1703050000000017
28,1,w1_20260418_054802,8,173715,178846.5,50758.5,0.671119999999976,0.17770499999999637
28,1,w1_20260418_054802,9,51695.75,288810,48644.25,0.4465099999999906,0.17366999999999444
28,1,w1_20260418_054802,10,90860,255000,52770,0.50756499999999,0.3358450000000012
28,1,w1_20260418_054802,11,9005.75,252184.5,45309.75,0.3445199999999918,0.2723200000000102
28,1,w1_20260418_054802,12,41959.75,94611.75,42208.5,0.5225799999999972,0.252764999999988
28,1,w1_20260418_054802,13,53076.5,159650.25,41183.25,0.4895949999999977,0.2601800000000079
28,1,w1_20260418_054802,14,275006.5,73116,99217.5,0.8642799999999781,0.21084499999999404
28,1,w1_20260418_054802,15,370895.5,66998.25,159836.25,0.8809149999999903,0.4534150000000059
28,1,w1_20260418_054802,16,106696.25,248024.25,53179.5,0.536234999999993,0.17342499999999095
28,1,w1_20260418_054802,17,296984.25,71424,87741.75,0.8722649999999527,0.2357399999999864
28,1,w1_20260418_054802,18,206847.5,194966.25,116696.25,0.6532699999999966,0.4120199999999978
28,1,w1_20260418_054802,19,258800.75,186248.25,263211,0.6637699999999978,0.4738499999999949
28,1,w1_20260418_054802,20,359638.75,94707.75,270463.5,0.8322499999999329,0.4727099999999922
28,1,w1_20260418_054802,21,204418.5,197181,305020.5,0.6515150000000053,0.37034499999998305
28,1,w1_20260418_054802,22,204166.5,180975.75,302727.75,0.6810049999999809,0.35275499999999604
28,1,w1_20260418_054802,23,150417,241792.5,299260.5,0.5257750000000101,0.4151150000000052
28,1,w1_20260418_054802,24,144683,264244.5,326842.5,0.5345200000000104,0.382970000000003
28,1,w1_20260418_054802,25,279413.25,96689.25,298207.5,0.8305049999999561,0.3202849999999967
28,1,w1_20260418_054802,26,92157,240858.75,300524.25,0.4438499999999934,0.36556999999999074
28,1,w1_20260418_054802,27,71031.25,261947.25,309301.5,0.35890499999999803,0.39003500000000274
28,1,w1_20260418_054802,28,394994,57417,267519,0.8990449999999726,0.47068000000002513
28,1,w1_20260418_054802,29,80838.75,230865,248516.25,0.5208399999999886,0.2739949999999978
28,1,w1_20260418_054802,30,135065.75,233466,247898.25,0.5711499999999976,0.31312000000001
28,1,w1_20260418_054802,31,315892.25,132837,267030.75,0.7668449999999813,0.4515349999999966
28,1,w1_20260418_054802,32,88411.75,281760.75,262177.5,0.39686499999999847,0.4189500000000149
28,1,w1_20260418_054802,33,410202.75,86724.75,242572.5,0.8463899999999966,0.5391599999999892
28,1,w1_20260418_054802,34,-10000,97683.9,73468.2,0.4443699999999916,0.40408000000003136
28,1,w1_20260418_054802,35,265017.75,114759.75,208582.5,0.7880050000000037,0.33369499999999497
28,1,w1_20260418_054802,36,167808.75,183140.25,155901,0.6560349999999597,0.2764249999999944
28,1,w1_20260418_054802,37,319541.25,92388,246990.75,0.837369999999937,0.3940299999999928
28,1,w1_20260418_054802,38,347692,66797.25,255030.75,0.8843649999999896,0.3819899999999931
28,1,w1_20260418_054802,39,55404,261972.75,295583.25,0.30910499999998486,0.4168849999999967
28,1,w1_20260418_054802,40,101076.25,204393.75,271410,0.31567000000001105,0.4598049999999972
28,1,w1_20260418_054802,41,284159.25,131903.25,228667.5,0.7623249999999743,0.4019799999999999
28,1,w1_20260418_054802,42,147299.25,229946.25,287764.5,0.5440899999999895,0.4191049999999983
28,1,w1_20260418_054802,43,191646,226729.5,246424.5,0.598144999999995,0.4152950000000053
28,1,w1_20260418_054802,44,231152.5,173396.25,229301.25,0.6960299999999817,0.37620000000000425
28,1,w1_20260418_054802,45,210617,204254.25,232608.75,0.6483100000000006,0.4016100000000003
28,1,w1_20260418_054802,46,147397.25,167079,293613.75,0.5416549999999822,0.4019149999999967
28,1,w1_20260418_054802,47,296953.5,98752.5,263574,0.8195449999999681,0.39932499999999577
28,1,w1_20260418_054802,48,191523,78375.75,257861.25,0.639334999999996,0.39144499999999344
28,1,w1_20260418_054802,49,279113.5,110691.75,238884.75,0.8047399999999759,0.38164000000000153
28,1,w1_20260418_054802,50,140063.5,96999.75,228306.75,0.5428949999999833,0.3457950000000089
28,1,w1_20260418_054802,51,364070.25,33632.25,290947.5,0.928314999999992,0.3690300000000069
28,1,w1_20260418_054802,52,107753.25,134860.5,258656.25,0.49021499999998375,0.3855250000000068
28,1,w1_20260418_054802,53,193736.5,52665.75,200757.75,0.6941549999999839,0.40296999999999855
28,1,w1_20260418_054802,54,138896.25,147074.25,223429.5,0.6464649999999984,0.42713999999999286
28,1,w1_20260418_054802,55,76410.25,163659.75,212700,0.5331850000000066,0.3764450000000064
28,1,w1_20260418_054802,56,135008,113013,130719,0.6844500000000059,0.42456000000000865
28,1,w1_20260418_054802,57,194058,140259,255723,0.6767899999999641,0.4440349999999924
28,1,w1_20260418_054802,58,249652,178125.75,291152.25,0.6953899999999865,0.4046299999999893
28,1,w1_20260418_054802,59,121645.5,209097.75,247446.75,0.4884800000000111,0.44871500000000586
28,1,w1_20260418_054802,60,191948,231623.25,314748.75,0.5998599999999772,0.40606499999999457
28,1,w1_20260418_054802,61,132048,162985.5,206116.5,0.579309999999997,0.3947700000000026
28,1,w1_20260418_054802,62,185319.5,185747.25,207863.25,0.6454950000000127,0.3792150000000024
28,1,w1_20260418_054802,63,192005.75,235176,300398.25,0.5973849999999797,0.3987749999999975
28,1,w1_20260418_054802,64,157162,210281.25,272376.75,0.4983199999999946,0.4572799999999761
28,1,w1_20260418_054802,65,203530.75,164541,295568.25,0.6105349999999438,0.4263549999999941
28,1,w1_20260418_054802,66,278165.75,166614.75,250009.5,0.7154400000000127,0.4769499999999768
28,1,w1_20260418_054802,67,301811.5,127333.5,242445,0.7852799999999628,0.4274549999999987
28,1,w1_20260418_054802,68,306335.25,115686,281928.75,0.8041449999999813,0.39632999999998786
28,1,w1_20260418_054802,69,166979,153411,254850,0.5780699999999585,0.45998000000000927
28,1,w1_20260418_054802,70,61400,159207.75,157772.25,0.5011049999999821,0.3859799999999731
28,1,w1_20260418_054802,71,42100.25,147304.5,101405.25,0.4831749999999784,0.35427999999999743
28,1,w1_20260418_054802,72,366205.25,68843.25,270031.5,0.8797900000000047,0.4449599999999952
28,1,w1_20260418_054802,73,178798,213104.25,64467.75,0.6207950000000022,0.298229999999983
28,1,w1_20260418_054802,74,106956.25,128355,228378.75,0.5053549999999868,0.3829450000000042
28,1,w1_20260418_054802,75,217628.75,180349.5,210081.75,0.6685600000000214,0.41561999999999927
28,1,w1_20260418_054802,76,296473.75,111596.25,233730,0.8097699999999831,0.3656349999999887
28,1,w1_20260418_054802,77,111693.75,203636.25,260760,0.4722049999999908,0.40964499999999304
28,1,w1_20260418_054802,78,146601,200659.5,273979.5,0.4971449999999686,0.4545800000000048
28,1,w1_20260418_054802,79,137745.75,106425.75,293068.5,0.6553399999999541,0.34766
28,1,w1_20260418_054802,80,327720.75,105654,241235.25,0.8077049999999966,0.465275000000006
28,1,w1_20260418_054802,81,40662.75,105044.25,229803,0.4190400000000179,0.32517499999998356
28,1,w1_20260418_054802,82,316360.25,101151.75,206718,0.8072050000000758,0.4743099999999882
28,1,w1_20260418_054802,83,236010,142839.75,208640.25,0.727855000000047,0.37847499999998424
28,1,w1_20260418_054802,84,28775.75,113963.25,110481,0.4006550000000034,0.35879499999997144
28,1,w1_20260418_054802,85,349542,42894,259374,0.915634999999972,0.35637500000000505
28,1,w1_20260418_054802,86,3565.75,97948.5,34455.75,0.4142350000000265,0.4847249999999764
28,1,w1_20260418_054802,87,67405.75,120906.75,157777.5,0.5393899999999777,0.40549999999998254
28,1,w1_20260418_054802,88,362723.25,36432.75,205794,0.936464999999994,0.34547999999999707
28,1,w1_20260418_054802,89,346144,82881.75,105314.25,0.8600599999999453,0.5045150000000096
28,1,w1_20260418_054802,90,118643.25,168819,182637.75,0.6065249999999696,0.2551899999999862
28,1,w1_20260418_054802,91,111284.75,180623.25,148182,0.6182600000000384,0.24145499999998907
28,1,w1_20260418_054802,92,271226.5,163272.75,185370.75,0.7033049999999763,0.5090150000000019
28,1,w1_20260418_054802,93,150828.75,229060.5,162240.75,0.578385000000021,0.32936499999998053
28,1,w1_20260418_054802,94,206284.75,199813.5,190071.75,0.6538000000000157,0.3537449999999813
28,1,w1_20260418_054802,95,139482.25,220854.75,50103,0.5589499999999734,0.30707999999999686
28,1,w1_20260418_054802,96,368123.75,44814,171992.25,0.9237749999999414,0.41535999999999457
28,1,w1_20260418_054802,97,110520.75,235077.75,144031.5,0.4497549999999942,0.4448349999999733
28,1,w1_20260418_054802,98,-9999.999999999996,234931.64656410465,137237.87528581836,0.3430599999999985,0.4283249999999587
28,1,w1_20260418_054802,99,293247.75,109741.5,143130.75,0.802329999999999,0.4233699999999828
28,1,w1_20260418_054802,100,275961,113405.25,144153.75,0.8006150000000595,0.44988999999998613
29,0,w0_20260418_055604,1,230414,100916.25,109059.75,0.8029699999999805,0.1973099999999735
29,0,w0_20260418_055604,2,195313,154800.75,57836.25,0.7137050000000131,0.19691499999998888
29,0,w0_20260418_055604,3,77735.75,263472,66242.25,0.5024000000000198,0.18021499999999105
29,0,w0_20260418_055604,4,-9999.999999999998,70152.09011724374,31378.34683441875,0.5273100000000319,0.21144999999998815
29,0,w0_20260418_055604,5,54691.75,284680.5,50697.75,0.45694500000000254,0.18264000000000263
29,0,w0_20260418_055604,6,13601.25,176445.75,60543,0.3775749999999996,0.233030000000004
29,0,w0_20260418_055604,7,164923,189321,52746,0.648805000000019,0.26607500000001083
29,0,w0_20260418_055604,8,161830.25,189520.5,81269.25,0.6554499999999867,0.1786399999999926
29,0,w0_20260418_055604,9,95245.5,256544.25,84860.25,0.5274199999999987,0.22262500000000127
29,0,w0_20260418_055604,10,57955.5,320472.75,192321.75,0.37192000000000747,0.40704500000000093
29,0,w0_20260418_055604,11,37606.25,260805,66648.75,0.41288500000000866,0.25258500000000766
29,0,w0_20260418_055604,12,77868,276279.75,225242.25,0.4673349999999938,0.3259400000000197
29,0,w0_20260418_055604,13,188476.5,188064.75,171348.75,0.6556799999999807,0.3597950000000007
29,0,w0_20260418_055604,14,286898,92880,313152,0.8320999999999807,0.33577500000001753
29,0,w0_20260418_055604,15,237654,159586.5,261499.5,0.7157800000000202,0.3652849999999994
29,0,w0_20260418_055604,16,297290.75,130356,288833.25,0.767909999999978,0.43331000000002406
29,0,w0_20260418_055604,17,76815.5,273297.75,260316.75,0.40224500000000296,0.4029800000000208
29,0,w0_20260418_055604,18,150941.5,261660,287128.5,0.5273000000000178,0.40413000000000665
29,0,w0_20260418_055604,19,83437.75,262671.75,262720.5,0.4189749999999984,0.39843499999999743
29,0,w0_20260418_055604,20,88267.75,288605.25,240447,0.45976999999998913,0.35257500000001196
29,0,w0_20260418_055604,21,142703.25,239007.75,253839,0.5693200000000044,0.3234949999999868
29,0,w0_20260418_055604,22,193455.75,192270.75,244933.5,0.6569749999999657,0.3258600000000056
29,0,w0_20260418_055604,23,106628.75,222348.75,276172.5,0.4431400000000106,0.3943149999999977
29,0,w0_20260418_055604,24,40527.25,164403,220629.75,0.3273100000000097,0.3540650000000073
29,0,w0_20260418_055604,25,147112.5,211355.25,209402.25,0.6131800000000018,0.28349000000000474
29,0,w0_20260418_055604,26,146574.75,224397,206648.25,0.6002100000000116,0.33541500000000285
29,0,w0_20260418_055604,27,81125.75,180855,240899.25,0.4188199999999803,0.46902500000001845
29,0,w0_20260418_055604,28,51060.25,190105.5,266054.25,0.355635,0.4105550000000078
29,0,w0_20260418_055604,29,38857.25,145371,232371.75,0.2199049999999939,0.4582399999999908
29,0,w0_20260418_055604,30,309100.5,57438.75,257280.75,0.895564999999929,0.281775000000004
29,0,w0_20260418_055604,31,232847.25,191685.75,235287,0.6626799999999433,0.43160999999999256
29,0,w0_20260418_055604,32,44701.5,163419,240319.5,0.3739300000000184,0.3719550000000047
29,0,w0_20260418_055604,33,45040.25,183747.75,248142,0.32123500000000077,0.4003799999999854
29,0,w0_20260418_055604,34,334781.75,63720,236348.25,0.8834649999999535,0.3614050000000074
29,0,w0_20260418_055604,35,294437.25,103634.25,200038.5,0.8192799999999661,0.3651100000000055
29,0,w0_20260418_055604,36,163258,241803.75,281558.25,0.5215949999999898,0.4354000000000237
29,0,w0_20260418_055604,37,281337.25,137685.75,281877,0.7609599999999392,0.3955749999999977
29,0,w0_20260418_055604,38,120718.5,146820,267391.5,0.4902749999999898,0.42688500000001706
29,0,w0_20260418_055604,39,332008.25,96872.25,279529.5,0.8280549999999853,0.4282749999999979
29,0,w0_20260418_055604,40,26949.25,186902.25,277138.5,0.3437900000000017,0.385410000000007
29,0,w0_20260418_055604,41,90553.75,148020,220676.25,0.3761199999999853,0.4975750000000095
29,0,w0_20260418_055604,42,363360,63720,263610,0.889779999999966,0.41955499999999313
29,0,w0_20260418_055604,43,161048.5,245802,234919.5,0.5790449999999846,0.3714899999999872
29,0,w0_20260418_055604,44,175184.5,178670.25,228035.25,0.4819099999999977,0.5723799999999896
29,0,w0_20260418_055604,45,138200.25,245241.75,265578,0.54523999999998,0.3774449999999984
29,0,w0_20260418_055604,46,172099.25,232285.5,228215.25,0.6029799999999849,0.38492999999999544
29,0,w0_20260418_055604,47,-6299.5,133067.25,182462.25,0.26788500000000776,0.34253000000000144
29,0,w0_20260418_055604,48,38510.5,240910.5,240429,0.24184999999998497,0.4988799999999988
29,0,w0_20260418_055604,49,40264.75,204426.75,197008.5,0.15706999999998938,0.5589599999999937
29,0,w0_20260418_055604,50,60060.25,144501,284778.75,0.27260000000000056,0.44645500000002775
29,0,w0_20260418_055604,51,344319.25,41252.25,253438.5,0.9291949999999908,0.2990899999999979
29,0,w0_20260418_055604,52,96769.5,157804.5,286536,0.519000000000006,0.3889649999999957
29,0,w0_20260418_055604,53,190018.75,132111.75,291829.5,0.686660000000019,0.4321350000000083
29,0,w0_20260418_055604,54,349160.75,69639.75,261649.5,0.8813149999999846,0.41256499999999985
29,0,w0_20260418_055604,55,193166.5,207103.5,278400,0.643925000000015,0.3765800000000094
29,0,w0_20260418_055604,56,355990.25,53770.5,216809.25,0.908300000000035,0.3961149999999983
29,0,w0_20260418_055604,57,175741,206318.25,278310.75,0.6015350000000114,0.4013500000000044
29,0,w0_20260418_055604,58,84552,187935,313023,0.5214300000000066,0.3453349999999987
29,0,w0_20260418_055604,59,199963.5,221289.75,272196.75,0.5901399999999836,0.4717899999999989
29,0,w0_20260418_055604,60,93884.75,196272.75,276442.5,0.36672499999999464,0.44627500000000053
29,0,w0_20260418_055604,61,72755.5,148431.75,300792.75,0.45177500000000065,0.4263399999999939
29,0,w0_20260418_055604,62,356892.5,55825.5,290622,0.9052100000000112,0.38357000000002905
29,0,w0_20260418_055604,63,363470.5,54616.5,282723,0.9075249999999752,0.4056350000000023
29,0,w0_20260418_055604,64,23933.5,117066,265270.5,0.2261500000000313,0.3554900000000062
29,0,w0_20260418_055604,65,23644.25,25142.25,221413.5,0.7165750000000127,0.3568350000000207
29,0,w0_20260418_055604,66,23500.5,36162,110677.5,0.7812499999999891,0.393225000000005
29,0,w0_20260418_055604,67,233415,125901,271764,0.6811700000000139,0.4304649999999971
29,0,w0_20260418_055604,68,326969.25,69924,74646.75,0.8783700000000021,0.35142999999999763
29,0,w0_20260418_055604,69,375227.25,35304.75,205998,0.9404349999999972,0.4341000000000081
29,0,w0_20260418_055604,70,193064.25,189511.5,284024.25,0.586364999999956,0.4125100000000013
29,0,w0_20260418_055604,71,101595.5,134490,277654.5,0.5385900000000183,0.3802950000000041
29,0,w0_20260418_055604,72,-9999.999999999996,121109.82893181818,51264.87825,0.5214749999999961,0.4221599999999885
29,0,w0_20260418_055604,73,294994.75,85893,178712.25,0.8314949999999357,0.3673800000000063
29,0,w0_20260418_055604,74,332771,71174.25,149814.75,0.8802450000000215,0.39847000000001226
29,0,w0_20260418_055604,75,184435.75,206361.75,146632.5,0.6333949999999962,0.4334500000000087
29,0,w0_20260418_055604,76,303773.25,96737.25,226549.5,0.8297749999999878,0.3947349999999995
29,0,w0_20260418_055604,77,328307.75,79224,229298.25,0.8650999999999452,0.36206000000000615
29,0,w0_20260418_055604,78,39047.25,119226,205026.75,0.6818750000000768,0.32325499999998747
29,0,w0_20260418_055604,79,106351.5,127043.25,188525.25,0.5303200000000117,0.38626500000000846
29,0,w0_20260418_055604,80,36799.25,77622.75,59178,0.6082950000000737,0.6446050000000845
29,0,w0_20260418_055604,81,243922.25,160591.5,181586.25,0.7227550000000049,0.4029650000000006
29,0,w0_20260418_055604,82,126826.25,88632.75,194961,0.6032250000000577,0.4826900000000144
29,0,w0_20260418_055604,83,49228.25,118087.5,227564.25,0.4582850000000035,0.3415099999999949
29,0,w0_20260418_055604,84,74179.25,102898.5,174482.25,0.10940499999999416,0.5597599999999785
29,0,w0_20260418_055604,85,43413.75,169544.25,356922,0.49389500000001735,0.3635999999999924
29,0,w0_20260418_055604,86,119236.75,63987.75,287305.5,0.6377199999999967,0.3765750000000032
29,0,w0_20260418_055604,87,390445.75,30734.25,266070,0.9483400000000082,0.362879999999991
29,0,w0_20260418_055604,88,89416.75,88143.75,283309.5,0.6361000000000511,0.3746649999999808
29,0,w0_20260418_055604,89,348168,33039.75,278342.25,0.9427449999999968,0.305660000000004
29,0,w0_20260418_055604,90,212332.75,177183.75,249253.5,0.6975600000000173,0.32774500000000145
29,0,w0_20260418_055604,91,67076,174714.75,310259.25,0.3653350000000069,0.3962150000000036
29,0,w0_20260418_055604,92,8017.25,178845,313947.75,0.3383050000000115,0.3532800000000011
29,0,w0_20260418_055604,93,125370,69942,250278,0.6632600000000253,0.45407000000000025
29,0,w0_20260418_055604,94,106129.5,113494.5,192006,0.6083799999999793,0.3818949999999865
29,0,w0_20260418_055604,95,243032,160113,241305,0.7255199999999584,0.341469999999994
29,0,w0_20260418_055604,96,67409.5,122673,184717.5,0.4343150000000565,0.3743500000000068
29,0,w0_20260418_055604,97,315601,86641.5,201307.5,0.8265249999999652,0.5041900000000158
29,0,w0_20260418_055604,98,2815.25,133188,215886.75,0.32143500000004666,0.3595850000000086
29,0,w0_20260418_055604,99,108237.5,69006,187096.5,0.6297399999999769,0.3854699999999866
29,0,w0_20260418_055604,100,184633.75,172995.75,246760.5,0.6192099999999463,0.4520449999999944
29,1,w1_20260418_060403,1,222068.25,105585.75,100206,0.7890099999999968,0.19965999999998
29,1,w1_20260418_060403,2,214852.75,138861,51806.25,0.7432149999999711,0.2525549999999846
29,1,w1_20260418_060403,3,81483.75,269722.5,53793.75,0.4991349999999955,0.21785499999999589
29,1,w1_20260418_060403,4,125060.5,227530.5,59619,0.5817049999999861,0.21041499999999463
29,1,w1_20260418_060403,5,206816,146310.75,52703.25,0.7299399999999711,0.19465999999999964
29,1,w1_20260418_060403,6,81945.25,270102.75,80382,0.49671499999999,0.27733000000000824
29,1,w1_20260418_060403,7,50683.5,286314,108352.5,0.47409999999998137,0.1472599999999922
29,1,w1_20260418_060403,8,39041.75,276735,195803.25,0.4733399999999838,0.1791649999999863
29,1,w1_20260418_060403,9,243932.5,108082.5,97935,0.8044149999999775,0.2888849999999996
29,1,w1_20260418_060403,10,11553.75,299967,67229.25,0.363509999999992,0.23326499999999029
29,1,w1_20260418_060403,11,53146.5,254027.25,50996.25,0.43899999999999184,0.23459499999999767
29,1,w1_20260418_060403,12,221589.75,128607.75,100882.5,0.7682199999999887,0.20826499999999729
29,1,w1_20260418_060403,13,149384.75,208034.25,70041,0.6263699999999781,0.20139999999999952
29,1,w1_20260418_060403,14,70785.25,267331.5,70193.25,0.49213000000000273,0.2125199999999923
29,1,w1_20260418_060403,15,174720.25,192652.5,58277.25,0.6554700000000082,0.2847649999999945
29,1,w1_20260418_060403,16,237069.5,133892.25,69758.25,0.7612649999999564,0.3342249999999936
29,1,w1_20260418_060403,17,291913.25,69853.5,77993.25,0.8750999999999798,0.23846500000000131
29,1,w1_20260418_060403,18,63064.25,220290.75,84405,0.4325700000000072,0.22609000000000273
29,1,w1_20260418_060403,19,274478.5,136481.25,160220.25,0.7435199999999657,0.4948199999999859
29,1,w1_20260418_060403,20,95950.75,256914,99605.25,0.505514999999993,0.28531500000001836
29,1,w1_20260418_060403,21,179598.75,189492.75,53248.5,0.664220000000001,0.1850899999999955
29,1,w1_20260418_060403,22,301944,70467.75,91328.25,0.8765299999999768,0.3012450000000067
29,1,w1_20260418_060403,23,67938.25,203252.25,148939.5,0.38223500000002103,0.29904000000000464
29,1,w1_20260418_060403,24,247741.75,121674,65294.25,0.7820049999999791,0.2206999999999984
29,1,w1_20260418_060403,25,180164.75,201649.5,122085.75,0.6383399999999786,0.35439000000000076
29,1,w1_20260418_060403,26,142324.5,224465.25,85910.25,0.5909500000000029,0.26981500000000325
29,1,w1_20260418_060403,27,105168,177415.5,103576.5,0.566259999999997,0.29461500000000107
29,1,w1_20260418_060403,28,54673.25,171424.5,85202.25,0.47835999999997,0.28984500000000096
29,1,w1_20260418_060403,29,125260,216537.75,99482.25,0.5802449999999855,0.2486149999999979
29,1,w1_20260418_060403,30,37817.75,186802.5,191379.75,0.35347500000005583,0.3978799999999893
29,1,w1_20260418_060403,31,315808.25,108328.5,209813.25,0.8084999999999655,0.4379500000000265
29,1,w1_20260418_060403,32,236991.5,218420.25,218918.25,0.6020750000000021,0.5248199999999783
29,1,w1_20260418_060403,33,189802.75,192016.5,194370.75,0.6018750000000076,0.3917550000000188
29,1,w1_20260418_060403,34,312996,53277,100977,0.904570000000006,0.1524299999999975
29,1,w1_20260418_060403,35,375694.25,72284.25,211231.5,0.8752949999999843,0.4689700000000069
29,1,w1_20260418_060403,36,197454.75,197746.5,251328.75,0.5328299999999601,0.4699150000000013
29,1,w1_20260418_060403,37,220974,162464.25,234141.75,0.6761450000000042,0.4077050000000031
29,1,w1_20260418_060403,38,119370,209549.25,234060.75,0.5346049999999596,0.3311950000000043
29,1,w1_20260418_060403,39,153311,186289.5,253699.5,0.58724999999997,0.3543050000000045
29,1,w1_20260418_060403,40,75415.75,209289.75,140254.5,0.5239399999999745,0.1786149999999919
29,1,w1_20260418_060403,41,23592.5,47564.25,178073.25,0.6630600000000855,0.32920000000002425
29,1,w1_20260418_060403,42,289083.5,134447.25,230249.25,0.7634049999999923,0.43139500000001263
29,1,w1_20260418_060403,43,119809.25,150729.75,250251,0.5794650000000442,0.448630000000007
29,1,w1_20260418_060403,44,205780.25,216336.75,243033,0.5364749999999944,0.5368199999999935
29,1,w1_20260418_060403,45,294897,111969,225534,0.8040649999999022,0.36519000000000645
29,1,w1_20260418_060403,46,116522.75,217557,277190.25,0.4553200000000244,0.4398249999999969
29,1,w1_20260418_060403,47,164435.75,223869.75,261184.5,0.573135000000001,0.37211500000000297
29,1,w1_20260418_060403,48,196908.5,195786.75,270714.75,0.5493349999999845,0.499329999999996
29,1,w1_20260418_060403,49,131913,142410.75,277496.25,0.5687900000000015,0.4000799999999982
29,1,w1_20260418_060403,50,50103.25,92454.75,273162,0.4088500000000293,0.4049299999999999
29,1,w1_20260418_060403,51,209577.5,205275,270397.5,0.6416649999999793,0.3876449999999892
29,1,w1_20260418_060403,52,221762.5,200526.75,276420.75,0.6565699999999816,0.3941700000000002
29,1,w1_20260418_060403,53,214145.25,194580.75,292554,0.6274099999999858,0.4383550000000093
29,1,w1_20260418_060403,54,39672,96438.75,277169.25,0.3305699999999917,0.40612499999999174
29,1,w1_20260418_060403,55,114046,108165,231639,0.35568999999998296,0.5562050000000067
29,1,w1_20260418_060403,56,30948.5,115477.5,268074,0.3190100000000307,0.3959549999999904
29,1,w1_20260418_060403,57,364259.25,53494.5,225146.25,0.9036999999999316,0.4347950000000121
29,1,w1_20260418_060403,58,173081.25,223311,270897.75,0.5413850000000078,0.4530449999999986
29,1,w1_20260418_060403,59,161994.5,228488.25,285857.25,0.5529700000000116,0.43353999999999376
29,1,w1_20260418_060403,60,184217.25,199197.75,301245,0.6142699999999924,0.4026449999999908
29,1,w1_20260418_060403,61,351152.25,60381.75,249156,0.8945349999999491,0.3829200000000105
29,1,w1_20260418_060403,62,70246,215596.5,296437.5,0.38189500000001614,0.40822499999997103
29,1,w1_20260418_060403,63,148552,209365.5,282262.5,0.5449350000000192,0.40319999999998585
29,1,w1_20260418_060403,64,172356,168314.25,275889.75,0.5854000000000212,0.4490249999999892
29,1,w1_20260418_060403,65,252287.5,182125.5,276687,0.6513399999999631,0.4656299999999809
29,1,w1_20260418_060403,66,367259.75,57680.25,299010,0.8981849999999764,0.40114499999999687
29,1,w1_20260418_060403,67,34604,201497.25,240138.75,0.3445750000000143,0.3764200000000069
29,1,w1_20260418_060403,68,170179.25,202208.25,229042.5,0.5841700000000173,0.4071400000000008
29,1,w1_20260418_060403,69,339453.75,69196.5,277779.75,0.8830250000000458,0.36279500000001474
29,1,w1_20260418_060403,70,79120.25,191274,208365.75,0.445430000000012,0.36497000000000457
29,1,w1_20260418_060403,71,136959.75,185790.75,172969.5,0.5360299999999861,0.3886450000000165
29,1,w1_20260418_060403,72,92373.75,137036.25,195240,0.49792999999999255,0.39022999999999897
29,1,w1_20260418_060403,73,226333,173742,234375,0.6894799999999676,0.4358450000000209
29,1,w1_20260418_060403,74,173347.75,127147.5,216294.75,0.5770150000000153,0.47444000000000214
29,1,w1_20260418_060403,75,151801.75,154579.5,135258.75,0.6575600000000369,0.35060000000001834
29,1,w1_20260418_060403,76,301563.5,87637.5,143859,0.8500749999999598,0.34125500000000947
29,1,w1_20260418_060403,77,96869.25,130440,93570.75,0.6137349999999996,0.25946999999998854
29,1,w1_20260418_060403,78,59342.25,196764.75,114603,0.47522999999999976,0.3019399999999963
29,1,w1_20260418_060403,79,289136.5,128085,143968.5,0.7734049999998968,0.5032500000000204
29,1,w1_20260418_060403,80,65175.75,208926.75,69247.5,0.4544750000000166,0.2918649999999826
29,1,w1_20260418_060403,81,20436,99441,119613,0.33916000000001406,0.3664349999999891
29,1,w1_20260418_060403,82,335373.75,60549.75,260596.5,0.8931199999998863,0.3240099999999989
29,1,w1_20260418_060403,83,20519.5,79148.25,245612.25,0.28471499999999555,0.3655599999999995
29,1,w1_20260418_060403,84,92225.25,111804.75,286380,0.5478999999999796,0.4292200000000008
29,1,w1_20260418_060403,85,25102,107029.5,164518.5,0.4568449999999896,0.3183950000000028
29,1,w1_20260418_060403,86,312348.5,101196.75,187104.75,0.8266149999999639,0.3854200000000099
29,1,w1_20260418_060403,87,91940.25,158819.25,61360.5,0.48209000000000735,0.19370499999998364
29,1,w1_20260418_060403,88,128457.5,118686.75,61575.75,0.6650700000000072,0.252914999999992
29,1,w1_20260418_060403,89,366770.25,58127.25,180592.5,0.8997199999999884,0.45871500000000304
29,1,w1_20260418_060403,90,263774.75,89578.5,135096.75,0.7926849999999361,0.2850799999999994
29,1,w1_20260418_060403,91,213013.25,29701.5,194615.25,0.7581699999998944,0.2969549999999976
29,1,w1_20260418_060403,92,15611.25,155662.5,164126.25,0.38897500000002344,0.27416000000000984
29,1,w1_20260418_060403,93,102081.5,157124.25,78614.25,0.6328300000000112,0.244859999999976
29,1,w1_20260418_060403,94,189363.25,127748.25,85948.5,0.6843899999999554,0.29085500000001135
29,1,w1_20260418_060403,95,14469,125715.75,151865.25,0.3502200000000005,0.3331949999999859
29,1,w1_20260418_060403,96,114722.5,163539,235018.5,0.5292100000000073,0.3876400000000039
29,1,w1_20260418_060403,97,124097.75,80970.75,262861.5,0.5166400000000358,0.3942749999999835
29,1,w1_20260418_060403,98,211667.5,141471,85351.5,0.7107500000000344,0.35834000000002264
29,1,w1_20260418_060403,99,352981.25,41110.5,133088.25,0.9249199999999642,0.3466250000000025
29,1,w1_20260418_060403,100,286515.75,98943.75,183610.5,0.7991250000000101,0.37753000000001147
30,0,w0_20260418_061202,1,94128.5,163991.25,79880.25,0.540204999999995,0.14336499999999222
30,0,w0_20260418_061202,2,255768,84393.75,56918.25,0.8380049999999754,0.1490799999999928
30,0,w0_20260418_061202,3,83277.75,265373.25,56169,0.5090150000000055,0.16090499999999142
30,0,w0_20260418_061202,4,106135,245289.75,49055.25,0.5468200000000198,0.16477499999998743
30,0,w0_20260418_061202,5,112889.5,239214.75,46695.75,0.5558900000000007,0.18749999999998976
30,0,w0_20260418_061202,6,108782,244647.75,40460.25,0.545490000000014,0.19194499999999604
30,0,w0_20260418_061202,7,83711.5,263221.5,46077,0.5073400000000079,0.14459999999999873
30,0,w0_20260418_061202,8,-10000,61283.9319375,5993.4,0.7918199999999922,0.2706650000000103
30,0,w0_20260418_061202,9,121564.75,231566.25,44679,0.5698849999999963,0.14991999999999395
30,0,w0_20260418_061202,10,24375.25,251046.75,43398,0.3611750000000073,0.2093999999999984
30,0,w0_20260418_061202,11,213128.75,144864.75,39106.5,0.7320499999999697,0.17016499999999465
30,0,w0_20260418_061202,12,209719.25,154887.75,44733,0.7211149999999913,0.24974000000000016
30,0,w0_20260418_061202,13,171111.75,186452.25,37086,0.6578299999999756,0.15805499999999342
30,0,w0_20260418_061202,14,2216,221465.25,68508.75,0.3332449999999798,0.2206200000000032
30,0,w0_20260418_061202,15,185731,176149.5,44359.5,0.6790749999999951,0.1962549999999952
30,0,w0_20260418_061202,16,198447.75,170274,36938.25,0.695719999999968,0.2270550000000008
30,0,w0_20260418_061202,17,124268,235171.5,35950.5,0.5703949999999719,0.20680499999999197
30,0,w0_20260418_061202,18,146708.25,225870,30021.75,0.5987899999999897,0.27623000000002823
30,0,w0_20260418_061202,19,41858.75,314789.25,36672,0.4060449999999944,0.3679250000000012
30,0,w0_20260418_061202,20,79940.75,164793.75,123955.5,0.46823499999996376,0.1950899999999987
30,0,w0_20260418_061202,21,322693,166793.25,95883.75,0.6708299999999602,0.7086049999999998
30,0,w0_20260418_061202,22,167178.25,197181,90300.75,0.6472299999999865,0.17515499999999157
30,0,w0_20260418_061202,23,196109.5,167048.25,49502.25,0.6985349999999756,0.1943799999999969
30,0,w0_20260418_061202,24,264751.25,94254,79284.75,0.8328799999999683,0.1271099999999941
30,0,w0_20260418_061202,25,49033.75,168740.25,111096,0.5585599999999911,0.13561999999999544
30,0,w0_20260418_061202,26,151123.75,235779,78497.25,0.5810949999999775,0.3035700000000029
30,0,w0_20260418_061202,27,100469.75,245906.25,221754,0.433824999999978,0.4119600000000138
30,0,w0_20260418_061202,28,283797,141420.75,206222.25,0.7022349999999395,0.5337549999999895
30,0,w0_20260418_061202,29,52113,236626.5,241390.5,0.35949499999999635,0.3987800000000029
30,0,w0_20260418_061202,30,88367,211226.25,238536.75,0.4392599999999832,0.3517449999999876
30,0,w0_20260418_061202,31,86675.75,262914.75,215689.5,0.49407499999997206,0.30301500000000137
30,0,w0_20260418_061202,32,142362.25,244914,265203.75,0.5515599999999866,0.34450000000001557
30,0,w0_20260418_061202,33,120084,268733.25,223842.75,0.5273250000000066,0.3294249999999729
30,0,w0_20260418_061202,34,356625.5,68187.75,244266.75,0.8759899999999816,0.4274000000000074
30,0,w0_20260418_061202,35,135412.75,265183.5,284973.75,0.5377250000000111,0.3619800000000114
30,0,w0_20260418_061202,36,9492,64851.75,338216.25,0.07472999999999999,0.3708750000000153
30,0,w0_20260418_061202,37,290309.75,94240.5,159189.75,0.8357599999999147,0.2494749999999948
30,0,w0_20260418_061202,38,77304.25,240627.75,161088,0.4806799999999914,0.19971500000000236
30,0,w0_20260418_061202,39,-10000,52763.25,31986.75,0.7634349999998932,0.37268500000000016
30,0,w0_20260418_061202,40,157801.75,249549,237539.25,0.5664099999999955,0.35153500000000465
30,0,w0_20260418_061202,41,240873.75,196887,280829.25,0.6530349999999592,0.4412099999999999
30,0,w0_20260418_061202,42,92432.5,178302.75,294894.75,0.4962849999999693,0.3974750000000056
30,0,w0_20260418_061202,43,42278,176506.5,257965.5,0.4164399999999889,0.35122999999999516
30,0,w0_20260418_061202,44,23763.75,233871.75,254344.5,0.35924999999998203,0.3260549999999971
30,0,w0_20260418_061202,45,52420.5,138564,234115.5,0.5541100000000072,0.33419499999999774
30,0,w0_20260418_061202,46,320870,59327.25,227862.75,0.8925299999999661,0.3135800000000027
30,0,w0_20260418_061202,47,397413.5,58836.75,235839.75,0.8981199999999406,0.4963400000000086
30,0,w0_20260418_061202,48,64184.25,304541.25,294154.5,0.35345000000001553,0.4034099999999832
30,0,w0_20260418_061202,49,321116,106491,253143,0.8103049999999175,0.426125000000023
30,0,w0_20260418_061202,50,98781,306881.25,290487.75,0.46379500000000634,0.3620600000000009
30,0,w0_20260418_061202,51,105997,277599,285144,0.4760199999999936,0.3486100000000017
30,0,w0_20260418_061202,52,320461.5,101466,259522.5,0.8273749999999033,0.37795500000000687
30,0,w0_20260418_061202,53,36354.25,270518.25,289687.5,0.2700699999999903,0.4213499999999936
30,0,w0_20260418_061202,54,234427.5,188008.5,275034,0.6790700000000388,0.3899650000000014
30,0,w0_20260418_061202,55,101504.25,295159.5,248816.25,0.4833149999999892,0.33020500000000846
30,0,w0_20260418_061202,56,77258,250609.5,227482.5,0.4759400000000116,0.32448500000000374
30,0,w0_20260418_061202,57,175274.75,212535.75,251749.5,0.6184549999999941,0.3583549999999997
30,0,w0_20260418_061202,58,358881,61130.25,263088.75,0.8963299999999733,0.3960550000000082
30,0,w0_20260418_061202,59,305816.75,103758,265385.25,0.8241149999999546,0.3620150000000034
30,0,w0_20260418_061202,60,119623.75,169729.5,260946.75,0.4829299999999797,0.4641900000000001
30,0,w0_20260418_061202,61,229958.25,177072,282819.75,0.6925200000000074,0.37125500000000167
30,0,w0_20260418_061202,62,130319,137681.25,225369.75,0.47174999999999107,0.5159650000000201
30,0,w0_20260418_061202,63,81521.75,221148.75,254929.5,0.4756399999999848,0.36237500000000294
30,0,w0_20260418_061202,64,-10000,59154.1875,35882.4375,0.3424999999999966,0.6536200000000053
30,0,w0_20260418_061202,65,66593.25,93920.25,211336.5,0.4725000000000119,0.5277649999999963
30,0,w0_20260418_061202,66,300461.25,71722.5,263066.25,0.848455000000074,0.40274499999999663
30,0,w0_20260418_061202,67,143137.25,249279,304383.75,0.5477700000000288,0.36910500000001584
30,0,w0_20260418_061202,68,51057.5,147311.25,304841.25,0.32429499999999434,0.4102650000000147
30,0,w0_20260418_061202,69,347358.25,84471,275880.75,0.8538950000000459,0.3943299999999976
30,0,w0_20260418_061202,70,342861,88748.25,314460.75,0.8499549999999807,0.40012500000000306
30,0,w0_20260418_061202,71,26831.5,238508.25,264620.25,0.30747999999999187,0.3664750000000258
30,0,w0_20260418_061202,72,29512,89364.75,282173.25,0.3645599999999786,0.395135000000003
30,0,w0_20260418_061202,73,332413.5,38329.5,272037,0.9086700000000326,0.28843500000000893
30,0,w0_20260418_061202,74,352101.5,85584,309124.5,0.8561650000000706,0.4037250000000129
30,0,w0_20260418_061202,75,125979.25,272193,307377.75,0.5106300000000199,0.3639750000000072
30,0,w0_20260418_061202,76,374606.25,28904.25,315349.5,0.9300000000000522,0.39694499999998273
30,0,w0_20260418_061202,77,239075,192593.25,318351.75,0.6741999999999692,0.3994599999999947
30,0,w0_20260418_061202,78,45634.25,117145.5,204770.25,0.3959149999999973,0.3714800000000046
30,0,w0_20260418_061202,79,339551.25,48715.5,308483.25,0.874544999999972,0.3688299999999934
30,0,w0_20260418_061202,80,388749,34997.25,313413.75,0.9411599999999584,0.3841500000000046
30,0,w0_20260418_061202,81,237004.75,185583,298652.25,0.6843649999999887,0.39336000000001103
30,0,w0_20260418_061202,82,183623.25,185529,273807.75,0.6491900000000291,0.3893900000000071
30,0,w0_20260418_061202,83,51038.5,131767.5,310704,0.25952000000002945,0.41033999999999926
30,0,w0_20260418_061202,84,72307.75,182055.75,307846.5,0.4003000000000004,0.3674050000000181
30,0,w0_20260418_061202,85,313285,92169.75,287765.25,0.8263099999999824,0.4077550000000051
30,0,w0_20260418_061202,86,398029.25,26823,330477.75,0.9550399999999644,0.39539000000000973
30,0,w0_20260418_061202,87,469751.75,52186.5,247251.75,0.9083299999999352,0.5761800000000213
30,0,w0_20260418_061202,88,85674.5,246426,293239.5,0.4294449999999716,0.4000049999999965
30,0,w0_20260418_061202,89,3352.25,81993.75,327744,0.3696149999999873,0.3875850000000084
30,0,w0_20260418_061202,90,35156.25,111603.75,210180,0.5527849999999851,0.3679250000000088
30,0,w0_20260418_061202,91,39533.5,84642,163594.5,0.3899649999999798,0.5478300000000198
30,0,w0_20260418_061202,92,57234.75,68970,132605.25,0.5806899999999441,0.5670300000000157
30,0,w0_20260418_061202,93,220724.25,132966.75,320499,0.7061549999999902,0.3867149999999978
30,0,w0_20260418_061202,94,174583.5,145209.75,183816.75,0.5485549999999657,0.6075999999999918
30,0,w0_20260418_061202,95,220295.5,138585,292009.5,0.6475999999999839,0.3865350000000081
30,0,w0_20260418_061202,96,370449.25,67999.5,303011.25,0.8829699999999215,0.42289000000002414
30,0,w0_20260418_061202,97,364622,41302.5,262615.5,0.9292450000000672,0.36608000000000335
30,0,w0_20260418_061202,98,7380.25,155208,251991.75,0.23890999999999657,0.35848500000000333
30,0,w0_20260418_061202,99,32835.25,126080.25,255634.5,0.4699199999999936,0.3993800000000059
30,0,w0_20260418_061202,100,71229.25,128406.75,264024,0.4774449999999791,0.3723950000000032
30,1,w1_20260418_062004,1,90218.25,170043,75138.75,0.5219550000000006,0.16463499999998427
30,1,w1_20260418_062004,2,244996.25,55614.75,59439,0.8725649999999836,0.1761999999999847
30,1,w1_20260418_062004,3,168178.5,186077.25,52064.25,0.6590049999999812,0.21232999999999175
30,1,w1_20260418_062004,4,23636.75,275211,59282.25,0.4227950000000034,0.19480499999999168
30,1,w1_20260418_062004,5,149629.5,209019.75,42150.75,0.6143149999999797,0.29437500000002004
30,1,w1_20260418_062004,6,170456,184029.75,45914.25,0.6629799999999897,0.13844499999999585
30,1,w1_20260418_062004,7,-10000,77877.75,50402.25,0.3687649999999863,0.13126000000000088
30,1,w1_20260418_062004,8,-10000,80252.25,30483.75,0.2882750000000014,0.31660000000000676
30,1,w1_20260418_062004,9,101637.75,245853.75,44308.5,0.5374399999999973,0.14841499999999117
30,1,w1_20260418_062004,10,207332.25,152151.75,50886,0.7257749999999841,0.17880999999998526
30,1,w1_20260418_062004,11,63937.25,258433.5,66059.25,0.48431000000001223,0.1917499999999899
30,1,w1_20260418_062004,12,105611.75,259607.25,61941,0.5286349999999915,0.3270050000000065
30,1,w1_20260418_062004,13,199329.5,161970,50770.5,0.7081999999999877,0.16634499999999475
30,1,w1_20260418_062004,14,82814.75,281847.75,39097.5,0.4874750000000142,0.25892499999999985
30,1,w1_20260418_062004,15,169681.25,212914.5,262484.25,0.6141349999999747,0.3625549999999877
30,1,w1_20260418_062004,16,78732,272731.5,42376.5,0.4838399999999992,0.24346999999999824
30,1,w1_20260418_062004,17,217412.5,151610.25,55877.25,0.7259899999999929,0.30557500000000326
30,1,w1_20260418_062004,18,138114.5,294213,212752.5,0.38465500000000097,0.5670849999999905
30,1,w1_20260418_062004,19,244640.25,107685,120984.75,0.7954399999999805,0.2928800000000084
30,1,w1_20260418_062004,20,228942,179094,202164,0.6820049999999725,0.40500000000000463
30,1,w1_20260418_062004,21,-10000,181683.586725,142334.0628,0.3344999999999955,0.2764200000000194
30,1,w1_20260418_062004,22,246851.75,141231,90347.25,0.7475349999999802,0.34827500000000217
30,1,w1_20260418_062004,23,53240.75,260365.5,191343.75,0.4317700000000007,0.33847500000001307
30,1,w1_20260418_062004,24,318249,168265.5,222775.5,0.6952200000000779,0.5597650000000148
30,1,w1_20260418_062004,25,175773.75,229689.75,212806.5,0.5938599999999912,0.4011900000000191
30,1,w1_20260418_062004,26,52558,231265.5,315226.5,0.3952699999999978,0.36130499999999727
30,1,w1_20260418_062004,27,301904.25,82512,217563.75,0.852964999999994,0.34710000000000907
30,1,w1_20260418_062004,28,214318,191202.75,243569.25,0.664645000000019,0.378014999999994
30,1,w1_20260418_062004,29,56433.75,229143.75,309592.5,0.4359399999999828,0.36400999999999833
30,1,w1_20260418_062004,30,221765,177525.75,255389.25,0.6754799999999976,0.39058000000000026
30,1,w1_20260418_062004,31,267774.5,136977.75,261987.75,0.7617399999999609,0.3722750000000208
30,1,w1_20260418_062004,32,331640,90075.75,296894.25,0.8437399999999666,0.40069499999999497
30,1,w1_20260418_062004,33,310022,107429.25,267198.75,0.8125099999999584,0.39547999999999534
30,1,w1_20260418_062004,34,124981.75,248543.25,288675,0.5040450000000523,0.4167550000000032
30,1,w1_20260418_062004,35,34764,272043,280473,0.3519100000000061,0.368159999999995
30,1,w1_20260418_062004,36,343761.25,62687.25,284281.5,0.8909999999999467,0.35841499999998966
30,1,w1_20260418_062004,37,369073.5,73485,272281.5,0.8733599999999737,0.4385349999999951
30,1,w1_20260418_062004,38,129127.75,277950.75,276001.5,0.5057699999999961,0.3533750000000075
30,1,w1_20260418_062004,39,83960.75,196558.5,299760.75,0.39591000000003496,0.3859150000000003
30,1,w1_20260418_062004,40,75605,191592,244473,0.4518449999999777,0.3256650000000064
30,1,w1_20260418_062004,41,207186.25,191769.75,235134,0.6581550000000282,0.3410299999999964
30,1,w1_20260418_062004,42,121862.5,153974.25,227873.25,0.6062249999999948,0.37772000000000067
30,1,w1_20260418_062004,43,120556,138580.5,217993.5,0.6319549999999906,0.3618250000000177
30,1,w1_20260418_062004,44,237776.5,186422.25,289661.25,0.6773500000000174,0.4035549999999909
30,1,w1_20260418_062004,45,222391.5,196607.25,284381.25,0.6624449999999855,0.38088499999999614
30,1,w1_20260418_062004,46,87652.5,142869,271228.5,0.4655649999999921,0.4032300000000112
30,1,w1_20260418_062004,47,205273.75,204784.5,247221.75,0.6032349999999804,0.46717000000001846
30,1,w1_20260418_062004,48,217307,188748,285855,0.6683500000000114,0.3701499999999976
30,1,w1_20260418_062004,49,258546.25,138279,248214.75,0.7471099999999647,0.36023500000001984
30,1,w1_20260418_062004,50,196116.5,201228,257005.5,0.6302299999999946,0.396610000000005
30,1,w1_20260418_062004,51,64421,147435.75,283643.25,0.2995799999999836,0.4266249999999989
30,1,w1_20260418_062004,52,347787.25,57393.75,275109,0.8876850000000153,0.38962500000002226
30,1,w1_20260418_062004,53,51163.75,179937.75,300598.5,0.3001749999999953,0.40825500000002624
30,1,w1_20260418_062004,54,315692.75,91764,213503.25,0.8343149999999722,0.3772500000000063
30,1,w1_20260418_062004,55,348597.75,65299.5,259692.75,0.8889099999999825,0.38508000000000786
30,1,w1_20260418_062004,56,363868.5,58261.5,220650,0.9009799999999816,0.4214950000000201
30,1,w1_20260418_062004,57,90614,160464.75,295211.25,0.4512000000000024,0.4040650000000005
30,1,w1_20260418_062004,58,339150.5,80137.5,218952,0.8569100000000057,0.43736000000001024
30,1,w1_20260418_062004,59,359035.75,61706.25,207618,0.8951999999999922,0.46263500000002006
30,1,w1_20260418_062004,60,175556.5,191487.75,260055.75,0.5525899999999949,0.4207049999999858
30,1,w1_20260418_062004,61,144981.25,123705.75,305013,0.5288799999999805,0.40780000000001554
30,1,w1_20260418_062004,62,86541.75,175217.25,294861,0.4439099999999983,0.3843500000000115
30,1,w1_20260418_062004,63,125530.75,99601.5,298947.75,0.6072300000000045,0.40290999999999977
30,1,w1_20260418_062004,64,-10000,85548,111210,0.3346700000000507,0.5679050000000372
30,1,w1_20260418_062004,65,299449.5,111447.75,184092.75,0.8072449999999812,0.4018950000000014
30,1,w1_20260418_062004,66,181171.75,239299.5,215958.75,0.5917650000000353,0.4320350000000082
30,1,w1_20260418_062004,67,411837.5,33847.5,303825,0.9342350000000644,0.43168999999997104
30,1,w1_20260418_062004,68,148282,201670.5,285547.5,0.5208099999999951,0.3865049999999989
30,1,w1_20260418_062004,69,149689.5,227907.75,254292.75,0.5797350000000095,0.3703700000000151
30,1,w1_20260418_062004,70,223419.75,199140,323570.25,0.6424149999999812,0.402119999999998
30,1,w1_20260418_062004,71,121072.75,180885.75,284071.5,0.5256650000000255,0.3732599999999954
30,1,w1_20260418_062004,72,141968.25,161633.25,299698.5,0.5311250000000053,0.3821150000000047
30,1,w1_20260418_062004,73,194426.75,211077.75,330955.5,0.6301349999999911,0.39017500000002175
30,1,w1_20260418_062004,74,428603.5,47437.5,258549,0.9060000000000016,0.5214050000000251
30,1,w1_20260418_062004,75,66801.75,160766.25,318882,0.44352500000000655,0.36707999999999785
30,1,w1_20260418_062004,76,99314.5,153837.75,288027.75,0.5870400000000219,0.31112499999999843
30,1,w1_20260418_062004,77,43196,113728.5,251125.5,0.4012099999999996,0.3912299999999972
30,1,w1_20260418_062004,78,50800.75,83392.5,182406.75,0.46910500000000066,0.37563499999999006
30,1,w1_20260418_062004,79,115851.25,112958.25,248650.5,0.5525849999999739,0.428179999999996
30,1,w1_20260418_062004,80,30545.75,59676.75,170617.5,0.5413499999999838,0.4586999999999961
30,1,w1_20260418_062004,81,257623.5,164894.25,287522.25,0.6961300000000227,0.4359100000000222
30,1,w1_20260418_062004,82,73112.25,148287,159240.75,0.5274600000000043,0.45585999999999066
30,1,w1_20260418_062004,83,158825,154755.75,271109.25,0.5962350000000032,0.37166500000000713
30,1,w1_20260418_062004,84,66578,173007.75,296864.25,0.5117450000000253,0.3707449999999961
30,1,w1_20260418_062004,85,149304.25,125028,284967.75,0.6089849999999744,0.42316999999998534
30,1,w1_20260418_062004,86,63944,168869.25,276816.75,0.3841949999999862,0.4102150000000017
30,1,w1_20260418_062004,87,229172.25,152994.75,282783,0.6835950000000014,0.43425500000000694
30,1,w1_20260418_062004,88,110636.25,163847.25,272296.5,0.5072249999999741,0.3499200000000012
30,1,w1_20260418_062004,89,77484.75,170446.5,303378.75,0.4198999999999941,0.38258499999998774
30,1,w1_20260418_062004,90,226176.25,130125.75,290178,0.7296349999999675,0.3551250000000015
30,1,w1_20260418_062004,91,20773,89454.75,283082.25,0.2959499999999909,0.3764899999999935
30,1,w1_20260418_062004,92,39605.75,131655,273389.25,0.4486749999999964,0.33682499999999116
30,1,w1_20260418_062004,93,130420,239328,299322,0.4832350000000306,0.4209100000000196
30,1,w1_20260418_062004,94,320743.75,118509,281867.25,0.7885200000000055,0.436495000000023
30,1,w1_20260418_062004,95,157268.75,104047.5,257403.75,0.6560149999999857,0.3255349999999922
30,1,w1_20260418_062004,96,122936.25,230228.25,298825.5,0.5096750000000247,0.40213000000000027
30,1,w1_20260418_062004,97,157297.25,175137,235365.75,0.5990300000000008,0.37078500000000336
30,1,w1_20260418_062004,98,165190,171594,240426,0.5415749999999958,0.4894699999999807
30,1,w1_20260418_062004,99,121845.75,91208.25,190206,0.5465899999999924,0.34428999999998816
30,1,w1_20260418_062004,100,324999.25,134072.25,277228.5,0.7710149999999859,0.4515900000000043
31,0,w0_20260418_062808,1,92599,235928.25,97062.75,0.5445499999999948,0.14502499999999874
31,0,w0_20260418_062808,2,211200.5,134780.25,68339.25,0.7504999999999807,0.15889999999999696
31,0,w0_20260418_062808,3,194642,157423.5,58654.5,0.7114249999999868,0.160004999999994
31,0,w0_20260418_062808,4,139667.75,213519.75,47512.5,0.6092299999999944,0.16447999999999816
31,0,w0_20260418_062808,5,118553,237780.75,43766.25,0.5631750000000063,0.18557999999999528
31,0,w0_20260418_062808,6,48664,309804,41862,0.43010000000000465,0.24402000000000912
31,0,w0_20260418_062808,7,36565.5,307711.5,59313,0.4235650000000025,0.1813799999999936
31,0,w0_20260418_062808,8,-10000,116996.1915,22442.25,0.5285599999999937,0.1959649999999938
31,0,w0_20260418_062808,9,203186.25,159968.25,47305.5,0.7100049999999842,0.25334000000000934
31,0,w0_20260418_062808,10,117516.5,238920.75,48672.75,0.5668050000000003,0.12858499999999964
31,0,w0_20260418_062808,11,190717.75,160544.25,70308,0.7091899999999867,0.11305999999999804
31,0,w0_20260418_062808,12,65152.5,285884.25,56033.25,0.46556999999999743,0.27121500000000826
31,0,w0_20260418_062808,13,-10000,246860.025,35896.5,0.3099299999999809,0.14354000000000175
31,0,w0_20260418_062808,14,247323.5,106350.75,88485.75,0.809559999999946,0.16992499999999697
31,0,w0_20260418_062808,15,151132,290288.25,159879.75,0.4698549999999911,0.5215300000000146
31,0,w0_20260418_062808,16,-10000,57902.85,12833.55,0.6325249999999818,0.15344999999999967
31,0,w0_20260418_062808,17,52973,281196,160851,0.43993000000001514,0.2731999999999977
31,0,w0_20260418_062808,18,354636.75,69565.5,159837.75,0.8722749999999525,0.4898799999999734
31,0,w0_20260418_062808,19,303350.25,59034.75,69585,0.8947499999999367,0.19969999999999696
31,0,w0_20260418_062808,20,91989,269926.5,102844.5,0.5136350000000095,0.25342499999999535
31,0,w0_20260418_062808,21,76146.5,240277.5,247296,0.427965000000007,0.3671300000000192
31,0,w0_20260418_062808,22,61965.5,214128.75,112335.75,0.4381699999999997,0.26539000000001167
31,0,w0_20260418_062808,23,308454.75,66438.75,164866.5,0.8799899999999785,0.280574999999986
31,0,w0_20260418_062808,24,60048,251327.25,245454.75,0.2912500000000168,0.4505200000000386
31,0,w0_20260418_062808,25,254072,117033.75,76604.25,0.7911599999999704,0.2679200000000059
31,0,w0_20260418_062808,26,70123.25,225769.5,151997.25,0.503979999999999,0.26371999999999796
31,0,w0_20260418_062808,27,209617.75,213500.25,257052,0.6259099999999714,0.4047600000000086
31,0,w0_20260418_062808,28,29263.75,234353.25,169083,0.368230000000007,0.3016600000000086
31,0,w0_20260418_062808,29,72017,140946.75,291056.25,0.3612750000000181,0.4224200000000011
31,0,w0_20260418_062808,30,337445,76131.75,259973.25,0.8643050000000149,0.4176800000000293
31,0,w0_20260418_062808,31,61537.75,181590,296462.25,0.3905300000000105,0.36055499999999246
31,0,w0_20260418_062808,32,204759,178305,214026,0.6777249999999737,0.3273450000000152
31,0,w0_20260418_062808,33,90904.75,224345.25,254580,0.4476050000000203,0.40560000000000623
31,0,w0_20260418_062808,34,72036,168414,261240,0.39306500000003586,0.4373499999999953
31,0,w0_20260418_062808,35,366475.25,84443.25,291601.5,0.850839999999993,0.45272500000002974
31,0,w0_20260418_062808,36,105435.75,130095.75,196588.5,0.6203499999999632,0.27598000000000944
31,0,w0_20260418_062808,37,145097.25,200290.5,213722.25,0.62169999999999,0.3201400000000087
31,0,w0_20260418_062808,38,388429.75,47715,260795.25,0.9135049999999962,0.44544500000001647
31,0,w0_20260418_062808,39,339962.5,106244.25,276263.25,0.8162749999999819,0.4514200000000104
31,0,w0_20260418_062808,40,101251.75,162762,262556.25,0.5881549999999841,0.33872000000001173
31,0,w0_20260418_062808,41,153109.5,181107,211813.5,0.6142499999999753,0.35098000000001256
31,0,w0_20260418_062808,42,357958,53418.75,313373.25,0.906664999999939,0.375830000000008
31,0,w0_20260418_062808,43,194169.25,181398,236922.75,0.6539450000000054,0.35967000000001015
31,0,w0_20260418_062808,44,248467.25,195832.5,271730.25,0.6633949999999794,0.43866499999998393
31,0,w0_20260418_062808,45,207544,215103,292863,0.6045049999999972,0.45116000000000384
31,0,w0_20260418_062808,46,78443.75,179553.75,303622.5,0.4367249999999755,0.4181850000000114
31,0,w0_20260418_062808,47,100440.25,182147.25,289612.5,0.47926499999996985,0.4001899999999925
31,0,w0_20260418_062808,48,178109.5,202791.75,283398.75,0.5854299999999846,0.40335000000000826
31,0,w0_20260418_062808,49,50783,143948.25,259758.75,0.32491500000002593,0.3635250000000072
31,0,w0_20260418_062808,50,307501,83866.5,159292.5,0.8325449999999884,0.39523000000001673
31,0,w0_20260418_062808,51,158838.5,158027.25,206234.25,0.6199749999999985,0.37519499999999933
31,0,w0_20260418_062808,52,325143,70585.5,216571.5,0.8104100000000007,0.5985799999999922
31,0,w0_20260418_062808,53,220095,199725.75,303899.25,0.6454850000000105,0.40742499999999976
31,0,w0_20260418_062808,54,347461.75,36269.25,200799,0.9340149999999792,0.34574000000000477
31,0,w0_20260418_062808,55,352353.75,54046.5,168129.75,0.9078749999999888,0.3989649999999937
31,0,w0_20260418_062808,56,324658,86629.5,200332.5,0.8515950000000808,0.3762350000000058
31,0,w0_20260418_062808,57,62424.75,107597.25,189858,0.3631049999999979,0.3609050000000163
31,0,w0_20260418_062808,58,148834.75,101043,301532.25,0.5416950000000017,0.3737150000000178
31,0,w0_20260418_062808,59,146555.75,176875.5,307038.75,0.5721449999999533,0.3753500000000164
31,0,w0_20260418_062808,60,111937.5,196158,314674.5,0.42347999999999986,0.4178149999999999
31,0,w0_20260418_062808,61,47529,129422.25,297258.75,0.37820500000005675,0.3999400000000199
31,0,w0_20260418_062808,62,187622.75,205492.5,198324.75,0.6287949999999748,0.3346400000000174
31,0,w0_20260418_062808,63,311808.75,108568.5,251502.75,0.8150149999999562,0.38959000000000127
31,0,w0_20260418_062808,64,179543.5,213516.75,284319.75,0.5783599999999774,0.411635000000014
31,0,w0_20260418_062808,65,146776.5,118612.5,297591,0.4805150000000239,0.4407700000000197
31,0,w0_20260418_062808,66,196262.25,200240.25,265957.5,0.643164999999994,0.3686550000000008
31,0,w0_20260418_062808,67,383907.25,40440,285762.75,0.9312699999999126,0.3944550000000029
31,0,w0_20260418_062808,68,51298,150547.5,240874.5,0.3989300000000454,0.4196450000000047
31,0,w0_20260418_062808,69,90068.75,224903.25,258768,0.36959000000002645,0.5085200000000102
31,0,w0_20260418_062808,70,45734.5,140802.75,315822.75,0.2965600000000337,0.433284999999985
31,0,w0_20260418_062808,71,293062.75,142824.75,279412.5,0.754330000000015,0.4057099999999992
31,0,w0_20260418_062808,72,191636,235248,322116,0.5974800000000637,0.3924149999999929
31,0,w0_20260418_062808,73,46267.75,143526.75,238855.5,0.45717500000001354,0.3176800000000011
31,0,w0_20260418_062808,74,130325.75,221859,307145.25,0.5352650000000004,0.4057100000000146
31,0,w0_20260418_062808,75,307419,82414.5,164086.5,0.8567450000000657,0.2562249999999966
31,0,w0_20260418_062808,76,77036.75,196148.25,285525,0.49311999999998807,0.35629000000001126
31,0,w0_20260418_062808,77,319753.25,99528.75,211788,0.8289499999999569,0.388889999999987
31,0,w0_20260418_062808,78,195309.25,233496,221694.75,0.593870000000065,0.4764799999999877
31,0,w0_20260418_062808,79,75462,287183.25,309324.75,0.3733950000000236,0.4435850000000011
31,0,w0_20260418_062808,80,329496.5,101300.25,293543.25,0.8249399999999932,0.4111750000000086
31,0,w0_20260418_062808,81,-10000,141824.25,100827.75,0.30700500000001296,0.6524349999999778
31,0,w0_20260418_062808,82,328390.5,64161,247888.5,0.8903950000000228,0.3081250000000069
31,0,w0_20260418_062808,83,33714.75,186643.5,252381.75,0.3539500000000079,0.3555150000000159
31,0,w0_20260418_062808,84,364160.25,64846.5,286763.25,0.8773949999999436,0.42385999999998686
31,0,w0_20260418_062808,85,279750,144598.5,289981.5,0.7565650000000257,0.4045700000000092
31,0,w0_20260418_062808,86,164357.25,225951.75,278451,0.5701049999999851,0.3929350000000052
31,0,w0_20260418_062808,87,258545.75,159022.5,313311.75,0.7130649999999814,0.3951799999999996
31,0,w0_20260418_062808,88,79282.5,211938,297559.5,0.3942599999999977,0.3911200000000024
31,0,w0_20260418_062808,89,28283.75,74820.75,210115.5,0.3494849999999979,0.3714649999999984
31,0,w0_20260418_062808,90,153843.5,75825.75,275100.75,0.5869949999999542,0.4072799999999967
31,0,w0_20260418_062808,91,28627.5,171458.25,281084.25,0.33172999999999875,0.4100149999999973
31,0,w0_20260418_062808,92,47939,142110,297021,0.455564999999964,0.35443500000000755
31,0,w0_20260418_062808,93,189371.5,228527.25,283031.25,0.5961099999999994,0.4040899999999815
31,0,w0_20260418_062808,94,45155.25,173964,262380.75,0.326594999999996,0.4405750000000259
31,0,w0_20260418_062808,95,85845.25,346440,268794.75,0.30632000000002535,0.5091549999999628
31,0,w0_20260418_062808,96,-10000,190694.55,126135.15,0.2300249999999816,0.6114099999999968
31,0,w0_20260418_062808,97,-10000,79826.66581875,157338.15564374998,0.20610000000000936,0.44228999999996615
31,0,w0_20260418_062808,98,284264.25,59501.25,284494.5,0.8107199999998863,0.35237000000000096
31,0,w0_20260418_062808,99,103079.25,209562.75,278118,0.5600699999999846,0.31640500000000293
31,0,w0_20260418_062808,100,204954,236263.5,225892.5,0.5121199999999739,0.5494350000000141
31,1,w1_20260418_063605,1,90854.75,233157.75,85837.5,0.5413299999999904,0.1815449999999927
31,1,w1_20260418_063605,2,240915.25,108077.25,64537.5,0.80030999999997,0.19862499999998393
31,1,w1_20260418_063605,3,237319.75,116516.25,57264,0.7863249999999367,0.18547999999999057
31,1,w1_20260418_063605,4,170308,183630,48822,0.6627849999999853,0.18113999999998484
31,1,w1_20260418_063605,5,266549.75,88655.25,48735,0.8365099999999708,0.17270999999998893
31,1,w1_20260418_063605,6,9636.75,330156,55817.25,0.3629750000000122,0.220159999999994
31,1,w1_20260418_063605,7,244784.75,116724.75,42430.5,0.7892199999999683,0.2384699999999925
31,1,w1_20260418_063605,8,7952.25,203280.75,42447,0.3788699999999988,0.18240499999998913
31,1,w1_20260418_063605,9,95314,255582,36324,0.5121299999999985,0.2542650000000001
31,1,w1_20260418_063605,10,271246.5,89226,44437.5,0.8387049999999452,0.18626499999999568
31,1,w1_20260418_063605,11,210293,153778.5,37558.5,0.7208349999999915,0.2421099999999809
31,1,w1_20260418_063605,12,5245.75,274545,79589.25,0.3598000000000047,0.17105499999998774
31,1,w1_20260418_063605,13,-10000,43297.5,15784.5,0.4750199999999996,0.22087500000001373
31,1,w1_20260418_063605,14,167943.25,177663,36543.75,0.6476849999999602,0.23989499999999783
31,1,w1_20260418_063605,15,297474.25,74528.25,64237.5,0.8666899999999328,0.27726000000000944
31,1,w1_20260418_063605,16,53805.5,249385.5,33099,0.4336900000000104,0.2550449999999907
31,1,w1_20260418_063605,17,232577.5,131178.75,52113.75,0.7636349999999851,0.23053999999999272
31,1,w1_20260418_063605,18,88968,239643.75,42188.25,0.5053999999999886,0.18557499999998325
31,1,w1_20260418_063605,19,292553,78506.25,55080.75,0.857500000000003,0.28481000000000745
31,1,w1_20260418_063605,20,140741,200229.75,59639.25,0.6138100000000122,0.17019499999999543
31,1,w1_20260418_063605,21,89017.5,262232.25,27530.25,0.48242999999998737,0.3717350000000027
31,1,w1_20260418_063605,22,202838.75,253327.5,86703.75,0.5314949999999989,0.6398399999999728
31,1,w1_20260418_063605,23,172532.75,198601.5,62385.75,0.6472849999999825,0.21874499999998284
31,1,w1_20260418_063605,24,113399,230031.75,93269.25,0.5328250000000092,0.2513750000000162
31,1,w1_20260418_063605,25,-10000,324467.7,285497.1,0.3479899999999925,0.32961999999999714
31,1,w1_20260418_063605,26,76399,196364.25,142926.75,0.5324099999999958,0.2868750000000074
31,1,w1_20260418_063605,27,192606,189385.5,249028.5,0.6530999999999931,0.3330050000000193
31,1,w1_20260418_063605,28,166987.75,209690.25,138492,0.6214949999999854,0.36065500000000433
31,1,w1_20260418_063605,29,225094,200646.75,155099.25,0.5328900000000252,0.6102299999999851
31,1,w1_20260418_063605,30,115106.75,156963.75,215209.5,0.5292150000000009,0.29962000000000644
31,1,w1_20260418_063605,31,127669.25,110553,209517.75,0.5694449999999869,0.31588500000002423
31,1,w1_20260418_063605,32,106163.75,110527.5,241398.75,0.5304299999999958,0.3339200000000145
31,1,w1_20260418_063605,33,233048,174873.75,255338.25,0.6684399999999971,0.45231999999999833
31,1,w1_20260418_063605,34,240662,194476.5,215431.5,0.5191650000000155,0.5777850000000109
31,1,w1_20260418_063605,35,128616.5,101391,269932.5,0.5450449999999605,0.4153450000000009
31,1,w1_20260418_063605,36,179796,143290.5,244933.5,0.6696250000000356,0.3386300000000043
31,1,w1_20260418_063605,37,224821.5,154112.25,241346.25,0.7058400000000018,0.336210000000015
31,1,w1_20260418_063605,38,194306.5,149445.75,244407.75,0.49752499999998656,0.5309700000000102
31,1,w1_20260418_063605,39,196959,120152.25,239748.75,0.5007999999999924,0.527484999999989
31,1,w1_20260418_063605,40,140553.25,117101.25,278875.5,0.6100599999999661,0.3925150000000022
31,1,w1_20260418_063605,41,307682.75,120186.75,257650.5,0.7400850000000044,0.5145299999999715
31,1,w1_20260418_063605,42,107994.75,115245.75,225889.5,0.6194449999999976,0.35112000000000326
31,1,w1_20260418_063605,43,57898.25,144096,198495.75,0.4402799999999957,0.3333799999999983
31,1,w1_20260418_063605,44,95873.5,96021.75,191694.75,0.6113500000000067,0.3150100000000141
31,1,w1_20260418_063605,45,198564.25,201913.5,253352.25,0.6310350000000065,0.3758750000000078
31,1,w1_20260418_063605,46,102001,89479.5,216079.5,0.4753150000000124,0.38746000000002456
31,1,w1_20260418_063605,47,-3031.5,90272.25,270809.25,0.2223800000000007,0.3333999999999933
31,1,w1_20260418_063605,48,875.5,88983,252001.5,0.4554499999999849,0.2963650000000119
31,1,w1_20260418_063605,49,40290.5,38617.5,148212,0.6667399999999769,0.4219650000000256
31,1,w1_20260418_063605,50,79271,83720.25,200208.75,0.5075099999999966,0.4280999999999991
31,1,w1_20260418_063605,51,180367.25,227920.5,267092.25,0.5755799999999728,0.4390949999999936
31,1,w1_20260418_063605,52,116303.75,79038.75,222067.5,0.5758049999999751,0.432730000000007
31,1,w1_20260418_063605,53,79313.5,132474.75,201141.75,0.44328000000001183,0.4609899999999995
31,1,w1_20260418_063605,54,103750.5,124777.5,273162,0.549979999999997,0.36126500000001593
31,1,w1_20260418_063605,55,118050.75,113838,251321.25,0.5618099999999984,0.3850800000000058
31,1,w1_20260418_063605,56,373597,63469.5,207313.5,0.8835850000000152,0.5052050000000063
31,1,w1_20260418_063605,57,159155.5,215982.75,211281.75,0.582349999999985,0.38228000000001217
31,1,w1_20260418_063605,58,311504.5,126257.25,208958.25,0.76978999999998,0.4853249999999819
31,1,w1_20260418_063605,59,332900.25,118752,196257.75,0.7922799999999997,0.5181449999999919
31,1,w1_20260418_063605,60,102184,126739.5,267286.5,0.4718949999999932,0.40000500000000794
31,1,w1_20260418_063605,61,137612.5,99993,282124.5,0.44303999999999744,0.47332000000000407
31,1,w1_20260418_063605,62,147847.25,145285.5,232157.25,0.5905049999999814,0.4215600000000099
31,1,w1_20260418_063605,63,87236.5,123876.75,252366.75,0.4983300000000164,0.3609500000000181
31,1,w1_20260418_063605,64,305286.75,111619.5,159843.75,0.8029150000000016,0.4288650000000206
31,1,w1_20260418_063605,65,181774.75,209758.5,203256.75,0.6028250000000226,0.4030749999999989
31,1,w1_20260418_063605,66,56910.75,157485,305084.25,0.40386000000000777,0.40830000000001376
31,1,w1_20260418_063605,67,22486.25,129357.75,318606,0.35707999999998835,0.3735050000000016
31,1,w1_20260418_063605,68,117796,132963,266211,0.49142499999998773,0.4913349999999924
31,1,w1_20260418_063605,69,117525.75,102033,225611.25,0.6016250000000188,0.4089750000000028
31,1,w1_20260418_063605,70,49210,138729,213831,0.4364949999999963,0.3745100000000005
31,1,w1_20260418_063605,71,280717.75,112526.25,246096,0.7828900000000077,0.3969099999999997
31,1,w1_20260418_063605,72,114056.25,211902.75,186231,0.5270350000000005,0.35176500000000877
31,1,w1_20260418_063605,73,288757.5,124005.75,267096.75,0.7518799999999712,0.4425049999999857
31,1,w1_20260418_063605,74,131828.25,193490.25,274591.5,0.5131449999999925,0.3997799999999889
31,1,w1_20260418_063605,75,104428.75,172397.25,226404,0.5392849999999869,0.4109600000000042
31,1,w1_20260418_063605,76,130350.75,162801,221438.25,0.5613349999999824,0.425399999999995
31,1,w1_20260418_063605,77,91117.75,133416,199526.25,0.5265649999999721,0.4236900000000014
31,1,w1_20260418_063605,78,147062.75,170601.75,227245.5,0.5046299999999936,0.4831850000000093
31,1,w1_20260418_063605,79,267075.75,104677.5,209046.75,0.7562399999999249,0.4241499999999898
31,1,w1_20260418_063605,80,187219,226109.25,185181.75,0.6108750000000104,0.3268999999999956
31,1,w1_20260418_063605,81,358625,79909.5,261025.5,0.8589499999999751,0.4358749999999788
31,1,w1_20260418_063605,82,254040.25,91278.75,197751,0.7510100000000018,0.44008999999997095
31,1,w1_20260418_063605,83,165421.5,201210,206848.5,0.5711849999999891,0.37426999999998783
31,1,w1_20260418_063605,84,332924.5,78805.5,220500,0.8621599999999796,0.35876000000001756
31,1,w1_20260418_063605,85,262798,149760.75,193661.25,0.7446499999999537,0.40820000000001067
31,1,w1_20260418_063605,86,224948.5,184443.75,205197.75,0.679154999999978,0.4163299999999792
31,1,w1_20260418_063605,87,92730.25,234489.75,230370,0.4323650000000373,0.4325549999999839
31,1,w1_20260418_063605,88,124196.25,203474.25,194749.5,0.5360700000000019,0.3857950000000014
31,1,w1_20260418_063605,89,227455,179298,227727,0.6724049999999282,0.40186500000000736
31,1,w1_20260418_063605,90,21425,52854.75,361190.25,0.6835699999999735,0.3674500000000142
31,1,w1_20260418_063605,91,112623,103982.25,281094.75,0.6469699999999667,0.41795500000000985
31,1,w1_20260418_063605,92,25945.75,70744.5,321009.75,0.3193300000000015,0.36707000000001655
31,1,w1_20260418_063605,93,331980,75398.25,207381.75,0.8566299999999779,0.4667300000000067
31,1,w1_20260418_063605,94,90585.75,174687.75,193606.5,0.4444600000000043,0.3693000000000145
31,1,w1_20260418_063605,95,20304,89603.25,305652.75,0.28949000000000286,0.3772800000000037
31,1,w1_20260418_063605,96,23278.5,22610.25,301601.25,0.27971000000001867,0.37442499999999457
31,1,w1_20260418_063605,97,358543.25,32384.25,222712.5,0.9351149999999484,0.46344000000002705
31,1,w1_20260418_063605,98,337206.75,27807,309386.25,0.9515900000000082,0.2749700000000076
31,1,w1_20260418_063605,99,177011.25,172694.25,237454.5,0.6354449999999848,0.37978999999999713
31,1,w1_20260418_063605,100,26075.5,111936,89638.5,0.304995000000009,0.4935699999999654
32,0,w0_20260418_064404,1,166178.25,166401,113820.75,0.6806049999999865,0.1796499999999779
32,0,w0_20260418_064404,2,26496.5,311038.5,58485,0.398139999999989,0.1774999999999846
32,0,w0_20260418_064404,3,54939.75,264816.75,45013.5,0.4590650000000075,0.1837149999999846
32,0,w0_20260418_064404,4,173569.75,167879.25,47211,0.6742200000000149,0.16717499999998992
32,0,w0_20260418_064404,5,-32,152583,54759,0.38086499999999673,0.175174999999989
32,0,w0_20260418_064404,6,139241.5,213353.25,41915.25,0.6012450000000146,0.21813999999998893
32,0,w0_20260418_064404,7,211907.25,144714.75,52308,0.7357949999999872,0.17381499999999145
32,0,w0_20260418_064404,8,206825.25,156419.25,42985.5,0.7151099999999803,0.28363000000001487
32,0,w0_20260418_064404,9,391311.5,85791.75,150186.75,0.8451099999999864,0.5576699999999802
32,0,w0_20260418_064404,10,102833.75,261079.5,45726.75,0.5286000000000003,0.23478999999999273
32,0,w0_20260418_064404,11,70088.5,294955.5,74016,0.45733000000002055,0.2750849999999867
32,0,w0_20260418_064404,12,-9413.75,103963.5,59690.25,0.22433999999999535,0.21706000000000303
32,0,w0_20260418_064404,13,-2470.5,39419.25,44771.25,0.31913499999994815,0.21794499999998937
32,0,w0_20260418_064404,14,152899,184548,68703,0.6364199999999851,0.18942999999999405
32,0,w0_20260418_064404,15,207427.75,152552.25,71670,0.7268349999999758,0.16566499999999115
32,0,w0_20260418_064404,16,120711,246225.75,208103.25,0.5401850000000005,0.3314049999999992
32,0,w0_20260418_064404,17,130469.5,228549,235501.5,0.4506800000000086,0.4893699999999839
32,0,w0_20260418_064404,18,216180,188400.75,246989.25,0.606554999999979,0.4927800000000255
32,0,w0_20260418_064404,19,188859.5,183184.5,285696,0.6678349999999645,0.3465799999999923
32,0,w0_20260418_064404,20,176474.5,191370,130615.5,0.6538149999999786,0.2841450000000121
32,0,w0_20260418_064404,21,319455.5,106014.75,287709.75,0.8137149999999643,0.42387999999998094
32,0,w0_20260418_064404,22,286378.25,95601,269280.75,0.8317999999999834,0.32872500000001126
32,0,w0_20260418_064404,23,91646,280398.75,218495.25,0.4857349999999813,0.35079000000000804
32,0,w0_20260418_064404,24,28245.25,349034.25,290890.5,0.30359499999999384,0.4035749999999925
32,0,w0_20260418_064404,25,271107,141957.75,288335.25,0.7525749999999892,0.3916000000000046
32,0,w0_20260418_064404,26,319400.25,69925.5,273374.25,0.8786899999999863,0.32863000000001114
32,0,w0_20260418_064404,27,82787.5,299415,300007.5,0.4383600000000083,0.38340500000001226
32,0,w0_20260418_064404,28,180682,245921.25,289866.75,0.5565999999999968,0.43816000000000904
32,0,w0_20260418_064404,29,255758,186180.75,281741.25,0.6730749999999835,0.4499599999999883
32,0,w0_20260418_064404,30,250657.25,168161.25,294301.5,0.7031449999999966,0.4035049999999966
32,0,w0_20260418_064404,31,124785.75,242902.5,195651.75,0.5536399999999874,0.31685999999999936
32,0,w0_20260418_064404,32,248903.5,155291.25,277055.25,0.7299999999999657,0.3600850000000008
32,0,w0_20260418_064404,33,173184.5,219215.25,285500.25,0.6046549999999714,0.3588950000000014
32,0,w0_20260418_064404,34,73115.25,222944.25,206500.5,0.45997000000000754,0.2982949999999945
32,0,w0_20260418_064404,35,123407.25,211618.5,213914.25,0.5338099999999872,0.3343300000000128
32,0,w0_20260418_064404,36,348975.5,61400.25,280694.25,0.8909049999999786,0.38563499999998974
32,0,w0_20260418_064404,37,94944,287433,218613,0.34334500000002455,0.5460899999999911
32,0,w0_20260418_064404,38,22868.5,136703.25,291968.25,0.29494499999997864,0.3869199999999931
32,0,w0_20260418_064404,39,159793.5,207143.25,267533.25,0.5858999999999761,0.3887899999999991
32,0,w0_20260418_064404,40,334652,56446.5,222781.5,0.9032100000000086,0.3575499999999816
32,0,w0_20260418_064404,41,87850.75,229308,227831.25,0.4552600000000171,0.33952499999999264
32,0,w0_20260418_064404,42,106698.5,232089.75,259641.75,0.5146649999999994,0.359595000000009
32,0,w0_20260418_064404,43,346532.75,105919.5,259107.75,0.8148199999999639,0.47154499999999727
32,0,w0_20260418_064404,44,178813.75,225499.5,251076.75,0.6036199999999566,0.38152000000000286
32,0,w0_20260418_064404,45,293503,119604.75,252242.25,0.7913999999999822,0.40149499999999744
32,0,w0_20260418_064404,46,209269.75,209127.75,290692.5,0.6416499999999936,0.3905300000000015
32,0,w0_20260418_064404,47,318198.5,79479,254752.5,0.8638650000000023,0.33306500000000855
32,0,w0_20260418_064404,48,144165.75,196308.75,238255.5,0.6148099999999824,0.3535149999999951
32,0,w0_20260418_064404,49,93719.25,210822,201228.75,0.5254850000000044,0.34692000000000106
32,0,w0_20260418_064404,50,39324.5,231268.5,237627,0.3914800000000176,0.362890000000006
32,0,w0_20260418_064404,51,123130.75,185531.25,201438,0.5394549999999781,0.3685499999999997
32,0,w0_20260418_064404,52,364347.25,58601.25,258901.5,0.8972949999999451,0.41783999999999194
32,0,w0_20260418_064404,53,182209.25,196458.75,275832,0.6306449999999816,0.38009500000000623
32,0,w0_20260418_064404,54,267529.25,37431,413529.75,0.927690000000026,0.20337999999999423
32,0,w0_20260418_064404,55,-10000,114325.67907012196,103458.34678403656,0.23431999999998407,0.4231450000000237
32,0,w0_20260418_064404,56,-4447.25,30399,143918.25,0.2711499999999923,0.3041949999999966
32,0,w0_20260418_064404,57,18302,134777.25,242130.75,0.39981999999998985,0.2863300000000024
32,0,w0_20260418_064404,58,394671.25,38506.5,247142.25,0.9309450000000276,0.4519850000000148
32,0,w0_20260418_064404,59,271030.25,189878.25,314851.5,0.6783299999999833,0.4496550000000086
32,0,w0_20260418_064404,60,116709.25,262219.5,258641.25,0.4997800000000114,0.35907499999999754
32,0,w0_20260418_064404,61,83331.5,227955,269383.5,0.4286450000000018,0.3609849999999969
32,0,w0_20260418_064404,62,46076,195376.5,241597.5,0.36364500000001065,0.3854900000000023
32,0,w0_20260418_064404,63,291097.75,241166.25,132636,0.5228750000000143,0.7296950000000019
32,0,w0_20260418_064404,64,68999.5,204570,246130.5,0.35196999999999606,0.3743450000000079
32,0,w0_20260418_064404,65,-1578,59843.25,214284.75,0.32539999999995156,0.31587000000001214
32,0,w0_20260418_064404,66,412222.5,45560.25,233717.25,0.918835000000008,0.48966999999998223
32,0,w0_20260418_064404,67,384267.75,22920.75,200041.5,0.9607600000000768,0.3790500000000094
32,0,w0_20260418_064404,68,141134.75,209994.75,212350.5,0.5040200000000106,0.42829500000000614
32,0,w0_20260418_064404,69,98634.75,157913.25,210462,0.4164549999999827,0.35733500000001595
32,0,w0_20260418_064404,70,363495,50778.75,239756.25,0.9064499999999652,0.4144950000000064
32,0,w0_20260418_064404,71,319770.75,78325.5,267903.75,0.8671900000000152,0.3352700000000019
32,0,w0_20260418_064404,72,67867.5,289228.5,252444,0.3893550000000113,0.43261000000000865
32,0,w0_20260418_064404,73,63085,269228.25,217446.75,0.4888600000000176,0.25541999999999676
32,0,w0_20260418_064404,74,153562,147776.25,152811.75,0.5959750000000192,0.4598299999999871
32,0,w0_20260418_064404,75,255433.5,129541.5,106785,0.7724699999999272,0.15991999999999842
32,0,w0_20260418_064404,76,130014,198537.75,150248.25,0.5901600000000028,0.3713150000000183
32,0,w0_20260418_064404,77,107331.25,183153.75,166545,0.510755000000003,0.39668000000000536
32,0,w0_20260418_064404,78,328814.75,50379,163046.25,0.8899449999999459,0.34601500000001273
32,0,w0_20260418_064404,79,42355,167996.25,125358.75,0.4725249999999751,0.28166000000000907
32,0,w0_20260418_064404,80,96794.25,120854.25,239221.5,0.4916300000000057,0.4449899999999988
32,0,w0_20260418_064404,81,309993,110208.75,270368.25,0.805039999999968,0.39917500000001377
32,0,w0_20260418_064404,82,150924,221850.75,252395.25,0.5242649999999935,0.4472750000000041
32,0,w0_20260418_064404,83,-10000,21203.25,70512.75,0.5292899999999836,0.3446850000000213
32,0,w0_20260418_064404,84,37139.25,151644.75,270456,0.5152599999999884,0.4169999999999992
32,0,w0_20260418_064404,85,24011.5,34263,192115.5,0.5916399999999937,0.26399500000000437
32,0,w0_20260418_064404,86,260600,94762.5,161437.5,0.7993799999999398,0.3973899999999945
32,0,w0_20260418_064404,87,-10000,162789.75,113229.75,0.30472000000001054,0.2565100000000138
32,0,w0_20260418_064404,88,98696.25,83096.25,188257.5,0.4637950000000137,0.3838850000000047
32,0,w0_20260418_064404,89,42687.75,102553.5,123228.75,0.4787550000000143,0.27864500000000086
32,0,w0_20260418_064404,90,143760,133755,202785,0.6354500000000465,0.3926700000000179
32,0,w0_20260418_064404,91,155378.5,127020.75,216720.75,0.6962350000000119,0.30236499999999716
32,0,w0_20260418_064404,92,267745.75,133181.25,177813,0.7708099999999656,0.3872199999999972
32,0,w0_20260418_064404,93,44996,168939.75,127424.25,0.4826500000000569,0.2584100000000011
32,0,w0_20260418_064404,94,-6762,52813.5,73408.5,0.2659399999999784,0.3385649999999977
32,0,w0_20260418_064404,95,34468,54186.75,120875.25,0.6512000000000606,0.3012299999999905
32,0,w0_20260418_064404,96,152439.5,142420.5,154800,0.6363749999999936,0.39065499999999787
32,0,w0_20260418_064404,97,128858,95343.75,161318.25,0.5444950000000275,0.4024499999999957
32,0,w0_20260418_064404,98,274569.5,73425,169525.5,0.8277999999999965,0.4450049999999842
32,0,w0_20260418_064404,99,354756.25,36738.75,197415,0.9353849999999528,0.34065999999998464
32,0,w0_20260418_064404,100,313451.5,103297.5,191271,0.8265949999999922,0.34019999999999057
32,1,w1_20260418_065205,1,181468,153157.5,108394.5,0.7048749999999843,0.21373999999999893
32,1,w1_20260418_065205,2,-9999.999999999998,98880.76168349972,45251.429181226194,0.4320049999999903,0.2603950000000006
32,1,w1_20260418_065205,3,35364.25,294016.5,53699.25,0.4143300000000045,0.2443899999999971
32,1,w1_20260418_065205,4,220133.75,136248.75,64027.5,0.749479999999969,0.2648050000000126
32,1,w1_20260418_065205,5,37681.5,308949.75,52908.75,0.41997999999999985,0.212384999999994
32,1,w1_20260418_065205,6,139089.75,215281.5,41478.75,0.600434999999984,0.2428299999999849
32,1,w1_20260418_065205,7,169209.75,184994.25,61596,0.6624299999999819,0.2074749999999913
32,1,w1_20260418_065205,8,-6394.75,171906,43578.75,0.35652499999999854,0.2829799999999962
32,1,w1_20260418_065205,9,105801.75,253837.5,47160.75,0.5391150000000006,0.22189499999999543
32,1,w1_20260418_065205,10,92742.5,262952.25,42035.25,0.5170649999999678,0.18540999999999247
32,1,w1_20260418_065205,11,112962.25,232824,53523.75,0.5648150000000032,0.1904849999999978
32,1,w1_20260418_065205,12,85676.5,264879,37984.5,0.5063649999999967,0.20121499999999665
32,1,w1_20260418_065205,13,64138.25,290770.5,30521.25,0.4582650000000174,0.283374999999986
32,1,w1_20260418_065205,14,174447,183916.5,52066.5,0.6667299999999562,0.1904699999999942
32,1,w1_20260418_065205,15,307680.75,102139.5,260139.75,0.8173799999999669,0.43230500000000466
32,1,w1_20260418_065205,16,161423.5,210643.5,100233,0.6211600000000073,0.3315250000000023
32,1,w1_20260418_065205,17,289887.75,95105.25,267627,0.8311949999999728,0.3537249999999988
32,1,w1_20260418_065205,18,281112.75,253084.5,159192.75,0.5461599999999733,0.6592949999999651
32,1,w1_20260418_065205,19,123592.75,270558,146399.25,0.5099749999999865,0.43828500000001275
32,1,w1_20260418_065205,20,203611,175933.5,176695.5,0.6873849999999821,0.3477999999999874
32,1,w1_20260418_065205,21,43258.25,261020.25,176551.5,0.43068499999999293,0.3306050000000047
32,1,w1_20260418_065205,22,214775,171614.25,249390.75,0.6979450000000124,0.3458650000000005
32,1,w1_20260418_065205,23,88697,297007.5,280045.5,0.4510199999999821,0.3797499999999989
32,1,w1_20260418_065205,24,176085,234301.5,301783.5,0.578299999999963,0.4056750000000092
32,1,w1_20260418_065205,25,202310,209090.25,298059.75,0.6322749999999809,0.39451500000000495
32,1,w1_20260418_065205,26,207191.75,37704.75,252433.5,0.84437499999995,0.3904100000000003
32,1,w1_20260418_065205,27,46753,276283.5,223603.5,0.3672099999999994,0.3731550000000028
32,1,w1_20260418_065205,28,-10000,50532.45,32083.65,0.12084999999997276,0.32829499999997264
32,1,w1_20260418_065205,29,81295.75,233547,188357.25,0.46203500000002024,0.35564999999999464
32,1,w1_20260418_065205,30,56741.5,228761.25,173027.25,0.397545,0.3159550000000025
32,1,w1_20260418_065205,31,57426.25,245796.75,208227,0.3853599999999997,0.39062500000000433
32,1,w1_20260418_065205,32,290324.75,97026.75,230818.5,0.8269699999999509,0.3514950000000106
32,1,w1_20260418_065205,33,367069.5,32701.5,211929,0.9431099999999638,0.37522000000000066
32,1,w1_20260418_065205,34,343040,68611.5,240388.5,0.8806149999999838,0.39745999999998527
32,1,w1_20260418_065205,35,8520.75,119397,232232.25,0.32043500000002084,0.325895000000003
32,1,w1_20260418_065205,36,57871.25,153296.25,254182.5,0.3962100000000204,0.39791999999999994
32,1,w1_20260418_065205,37,322067.5,66667.5,207915,0.8844699999999793,0.3250450000000165
32,1,w1_20260418_065205,38,323053.75,61085.25,144711,0.8947149999999797,0.2995500000000145
32,1,w1_20260418_065205,39,136738,254183.25,157728.75,0.5623899999999673,0.3554350000000114
32,1,w1_20260418_065205,40,46065.75,253406.25,158328,0.38186500000001766,0.3135599999999957
32,1,w1_20260418_065205,41,280584.75,83436,214139.25,0.7974949999999813,0.36008499999999716
32,1,w1_20260418_065205,42,67229.25,288894.75,159066,0.4531649999999798,0.33766499999999694
32,1,w1_20260418_065205,43,296624.25,76632.75,146943,0.8512250000000007,0.3087900000000086
32,1,w1_20260418_065205,44,76536.5,239472.75,270690.75,0.3923700000000057,0.4169900000000005
32,1,w1_20260418_065205,45,108576.75,204244.5,269388.75,0.4720200000000157,0.3736399999999988
32,1,w1_20260418_065205,46,39222.5,189045.75,307881.75,0.33971000000000506,0.35512999999999484
32,1,w1_20260418_065205,47,127299,65625.75,278435.25,0.5366750000000307,0.4453450000000036
32,1,w1_20260418_065205,48,344490.5,88869.75,270099.75,0.8369799999999428,0.4334899999999972
32,1,w1_20260418_065205,49,320542.75,106715.25,241662,0.8168249999999471,0.42137000000001373
32,1,w1_20260418_065205,50,16038.25,165778.5,200123.25,0.40641499999997954,0.31444000000002326
32,1,w1_20260418_065205,51,30637,54417,165066,0.35628000000004295,0.4623500000000037
32,1,w1_20260418_065205,52,300436.75,55285.5,247977.75,0.8384699999999653,0.34217499999999296
32,1,w1_20260418_065205,53,100094.5,266385.75,244749.75,0.47231499999999504,0.3807649999999847
32,1,w1_20260418_065205,54,401343,60010.5,234946.5,0.8923600000000373,0.4955449999999919
32,1,w1_20260418_065205,55,244290,181093.5,317416.5,0.689279999999964,0.39447499999999097
32,1,w1_20260418_065205,56,16770.75,299768.25,316551,0.31358499999999895,0.32505000000000145
32,1,w1_20260418_065205,57,-10000,34904.25,221930.55030937496,0.23963999999999155,0.30431000000001446
32,1,w1_20260418_065205,58,47940,18889.5,153790.5,0.8394499999999429,0.3458550000000125
32,1,w1_20260418_065205,59,158269,261204,293007,0.5554299999999706,0.3757799999999992
32,1,w1_20260418_065205,60,132963.75,227681.25,262515,0.540075000000008,0.3787799999999994
32,1,w1_20260418_065205,61,129180.75,230089.5,239229.75,0.5297049999999953,0.3547999999999979
32,1,w1_20260418_065205,62,58921.5,119163,321955.5,0.36001999999999634,0.4118899999999887
32,1,w1_20260418_065205,63,39268.75,43517.25,322644,0.5853149999999643,0.39184499999998873
32,1,w1_20260418_065205,64,308772,123522.75,209855.25,0.7816899999999677,0.46868499999999286
32,1,w1_20260418_065205,65,23548.5,97090.5,244341,0.20284999999998865,0.37890499999999505
32,1,w1_20260418_065205,66,87539.75,111822.75,258487.5,0.4356300000000364,0.48208499999998095
32,1,w1_20260418_065205,67,109365.5,83941.5,257073,0.700250000000045,0.36037000000000075
32,1,w1_20260418_065205,68,353920.25,45826.5,269003.25,0.9197550000000068,0.3592899999999951
32,1,w1_20260418_065205,69,68376.75,187344,277469.25,0.4525149999999926,0.3832950000000084
32,1,w1_20260418_065205,70,2704.25,204748.5,282497.25,0.33546999999999466,0.33041500000001134
32,1,w1_20260418_065205,71,289011.25,81354.75,299334,0.8420449999999934,0.3289099999999901
32,1,w1_20260418_065205,72,164986.5,229642.5,270441,0.6113299999999552,0.3463050000000095
32,1,w1_20260418_065205,73,68602,136216.5,208081.5,0.5149399999999565,0.46661499999999934
32,1,w1_20260418_065205,74,279029.25,111813.75,216537,0.7947450000000653,0.36782000000000414
32,1,w1_20260418_065205,75,325555.75,73289.25,154395,0.875674999999988,0.3814849999999844
32,1,w1_20260418_065205,76,137845.25,110641.5,185033.25,0.49965499999999985,0.6363149999999953
32,1,w1_20260418_065205,77,64959.5,165502.5,232788,0.4575299999999902,0.3760899999999981
32,1,w1_20260418_065205,78,67306.75,150549.75,232693.5,0.4495400000000005,0.4306799999999979
32,1,w1_20260418_065205,79,115075.5,158626.5,207078,0.4812199999999948,0.5084400000000031
32,1,w1_20260418_065205,80,27089.5,112565.25,219425.25,0.3835849999999664,0.4063849999999945
32,1,w1_20260418_065205,81,212150,137851.5,253498.5,0.6736849999999689,0.3831749999999901
32,1,w1_20260418_065205,82,30698.25,210580.5,215921.25,0.3775350000000097,0.3332799999999881
32,1,w1_20260418_065205,83,272282.5,126047.25,211520.25,0.7617899999999636,0.3940449999999947
32,1,w1_20260418_065205,84,74875.75,199275,195089.25,0.4531399999999913,0.4007900000000043
32,1,w1_20260418_065205,85,72611.5,169153.5,207795,0.4665600000000026,0.31776000000000076
32,1,w1_20260418_065205,86,104768.5,142980.75,248580.75,0.3836649999999726,0.4941899999999722
32,1,w1_20260418_065205,87,-10000,62616.75,108201.75,0.2778500000000555,0.4732799999999982
32,1,w1_20260418_065205,88,14122.75,47094,293003.25,0.1916449999999887,0.3696950000000003
32,1,w1_20260418_065205,89,44301.5,59929.5,268479,0.4431899999999884,0.4135399999999866
32,1,w1_20260418_065205,90,47596,87578.25,190455.75,0.4820850000000077,0.3941850000000033
32,1,w1_20260418_065205,91,85986.5,110386.5,284877,0.5207000000000002,0.4100849999999864
32,1,w1_20260418_065205,92,261186.25,104534.25,153799.5,0.7991149999999578,0.41708000000001455
32,1,w1_20260418_065205,93,99176.25,196401.75,248622,0.5362550000000017,0.34565999999999514
32,1,w1_20260418_065205,94,62445.75,98294.25,164490,0.663864999999974,0.2205850000000028
32,1,w1_20260418_065205,95,298000.5,107714.25,248615.25,0.7971749999999471,0.4266400000000092
32,1,w1_20260418_065205,96,130782.75,215536.5,281220.75,0.4709800000000019,0.4332149999999864
32,1,w1_20260418_065205,97,83092.25,220707,276630.75,0.46815000000000256,0.32720500000000335
32,1,w1_20260418_065205,98,135257,179844.75,208478.25,0.5656050000000005,0.3314699999999931
32,1,w1_20260418_065205,99,80990.5,175107,290992.5,0.4607299999999942,0.3225500000000121
32,1,w1_20260418_065205,100,121274.25,216348,197787.75,0.5652999999999875,0.30854999999999544
33,0,w0_20260418_070002,1,52635.25,179896.5,89888.25,0.4527799999999979,0.1792899999999801
33,0,w0_20260418_070002,2,205951.25,108714,79854.75,0.7709549999999737,0.19316499999998288
33,0,w0_20260418_070002,3,219590,132379.5,52180.5,0.7555249999999676,0.18296499999998936
33,0,w0_20260418_070002,4,246143.25,105465.75,53601,0.8061049999999385,0.17046999999998774
33,0,w0_20260418_070002,5,-10000,111624.45,27303.15,0.40072000000001784,0.3242550000000156
33,0,w0_20260418_070002,6,136107,222959.25,49353.75,0.5926249999999627,0.21839499999997916
33,0,w0_20260418_070002,7,362245.5,158935.5,162549,0.703969999999965,0.6646600000000081
33,0,w0_20260418_070002,8,111216.75,248427,63656.25,0.5476349999999935,0.2490949999999796
33,0,w0_20260418_070002,9,122278.25,232470,73371.75,0.5773549999999968,0.18132999999997984
33,0,w0_20260418_070002,10,51672.75,303957,69950.25,0.4474100000000165,0.18616999999998976
33,0,w0_20260418_070002,11,162313.25,197777.25,69919.5,0.6444449999999741,0.19052999999998976
33,0,w0_20260418_070002,12,-10000,72440.36867343751,32489.8956046875,0.4458200000000003,0.22503499999998255
33,0,w0_20260418_070002,13,213491,146403.75,65105.25,0.7368399999999434,0.15107999999998803
33,0,w0_20260418_070002,14,186144.75,175444.5,62370.75,0.6859699999999842,0.17598499999998204
33,0,w0_20260418_070002,15,108024.5,250277.25,80888.25,0.5504449999999982,0.154349999999987
33,0,w0_20260418_070002,16,245185,131280.75,81914.25,0.7665549999999601,0.39067000000000845
33,0,w0_20260418_070002,17,58825.25,314997,143547.75,0.43655000000001626,0.28751500000001246
33,0,w0_20260418_070002,18,58780.5,294519.75,56349.75,0.4481150000000153,0.18332499999998875
33,0,w0_20260418_070002,19,282920.5,83769,124840.5,0.8523849999999904,0.249354999999996
33,0,w0_20260418_070002,20,101393.25,260016.75,80310,0.5315549999999813,0.2015399999999813
33,0,w0_20260418_070002,21,-9999.999999999996,71841.6904399555,55763.120020201575,0.23017499999999755,0.27924
33,0,w0_20260418_070002,22,-9999.999999999998,30835.343592448076,28753.22783612206,0.2178400000000012,0.1497499999999792
33,0,w0_20260418_070002,23,-9999.999999999996,38373,41438.55888643718,0.22849499999997733,0.24689999999999843
33,0,w0_20260418_070002,24,262560,101394.75,159575.25,0.8222199999999852,0.1928349999999858
33,0,w0_20260418_070002,25,-10000,55809.00477087045,31915.300653995204,0.22107999999998365,0.18529999999998265
33,0,w0_20260418_070002,26,106354.75,235626,51569.25,0.5397649999999982,0.20215999999998224
33,0,w0_20260418_070002,27,198657.5,299904,218458.5,0.4415999999999836,0.5907249999999902
33,0,w0_20260418_070002,28,300448.25,66857.25,121264.5,0.8834699999999933,0.284914999999988
33,0,w0_20260418_070002,29,38196.25,282408.75,63975,0.3873449999999914,0.1823099999999791
33,0,w0_20260418_070002,30,103978,226200,285642,0.4343500000000088,0.3877299999999844
33,0,w0_20260418_070002,31,114424,256724.25,35241.75,0.5440149999999844,0.1692999999999833
33,0,w0_20260418_070002,32,244272.25,144457.5,148790.25,0.7487949999999651,0.32918000000000364
33,0,w0_20260418_070002,33,-10000,59966.45782343006,59346.515617541205,0.24934999999997728,0.14359999999998563
33,0,w0_20260418_070002,34,36749.75,200393.25,153867,0.18709000000000367,0.5952250000000083
33,0,w0_20260418_070002,35,80470.5,202753.5,50586,0.5052150000000163,0.303295000000007
33,0,w0_20260418_070002,36,276030,93521.25,101058.75,0.8378899999999856,0.16915999999998796
33,0,w0_20260418_070002,37,182630.25,195667.5,143522.25,0.6607599999999606,0.3232099999999913
33,0,w0_20260418_070002,38,342496.5,73521,277642.5,0.8708800000000066,0.4046800000000062
33,0,w0_20260418_070002,39,139968.5,249411,255520.5,0.5648599999999903,0.3319700000000116
33,0,w0_20260418_070002,40,-10000,78576,41653.5,0.14371499999999982,0.19556999999999145
33,0,w0_20260418_070002,41,-10000,41765.25,55757.25,0.24099999999997695,0.2826599999999919
33,0,w0_20260418_070002,42,304088.25,184960.5,203261.25,0.6310649999999911,0.595980000000004
33,0,w0_20260418_070002,43,278323.5,111369.75,262536.75,0.8083150000000023,0.31574
33,0,w0_20260418_070002,44,54582.5,322422,45715.5,0.4393250000000109,0.16678499999999338
33,0,w0_20260418_070002,45,30087.5,263268,91384.5,0.4303400000000006,0.14910499999999471
33,0,w0_20260418_070002,46,72434.75,292251,83534.25,0.4617900000000008,0.3318900000000126
33,0,w0_20260418_070002,47,198099,178874.25,219426.75,0.6801149999999737,0.3012949999999947
33,0,w0_20260418_070002,48,145024.5,262719.75,249675.75,0.5253549999999744,0.3878300000000142
33,0,w0_20260418_070002,49,3542,259207.5,195310.5,0.32579500000001027,0.3038699999999988
33,0,w0_20260418_070002,50,10081.5,186995.25,38183.25,0.32269500000002466,0.1310049999999936
33,0,w0_20260418_070002,51,103990.5,220764,153955.5,0.532775000000008,0.2974050000000012
33,0,w0_20260418_070002,52,162768.75,238356.75,274024.5,0.5685700000000018,0.36583000000001686
33,0,w0_20260418_070002,53,104785,242787.75,125237.25,0.4839499999999977,0.3866850000000081
33,0,w0_20260418_070002,54,186307.5,245709.75,269112.75,0.5553350000000019,0.4388049999999917
33,0,w0_20260418_070002,55,197004.25,311679,267186.75,0.4616399999999982,0.5432000000000052
33,0,w0_20260418_070002,56,189822.25,223437,289470.75,0.6041449999999782,0.3889950000000024
33,0,w0_20260418_070002,57,256527.5,201028.5,259764,0.6527049999999823,0.4765299999999983
33,0,w0_20260418_070002,58,308293.75,43641,302705.25,0.9247649999999856,0.24755999999999845
33,0,w0_20260418_070002,59,319514,106686,221550,0.8188499999999931,0.43639999999997336
33,0,w0_20260418_070002,60,266540.75,132315,262904.25,0.7743149999999572,0.33212000000000397
33,0,w0_20260418_070002,61,47324.25,233655,259080.75,0.4019850000000075,0.3459150000000027
33,0,w0_20260418_070002,62,284935,92244.75,159200.25,0.8434449999999278,0.23281499999999689
33,0,w0_20260418_070002,63,106988,243057,77415,0.5619249999999765,0.1789899999999954
33,0,w0_20260418_070002,64,-10000,106805.475,30264.675,0.28918000000002314,0.553519999999989
33,0,w0_20260418_070002,65,8241,47610,66459,0.3805050000000174,0.4908600000000362
33,0,w0_20260418_070002,66,356688.25,61608.75,228993,0.8946149999999837,0.40379500000000174
33,0,w0_20260418_070002,67,-9999.999999999987,133216.7521196196,124452.36630825407,0.1766849999999591,0.4637899999999551
33,0,w0_20260418_070002,68,142886.5,214498.5,203385,0.5613399999999881,0.3553300000000135
33,0,w0_20260418_070002,69,167432.75,211215.75,201481.5,0.6001649999999843,0.35415499999999484
33,0,w0_20260418_070002,70,151095.5,269086.5,280728,0.5184199999999766,0.42284000000000943
33,0,w0_20260418_070002,71,44023.75,54984,285812.25,0.4212050000000065,0.40230500000001135
33,0,w0_20260418_070002,72,153690.5,53055.75,269163.75,0.6468649999999637,0.31240000000001045
33,0,w0_20260418_070002,73,76311,193776,275583,0.4828250000000083,0.31784999999998853
33,0,w0_20260418_070002,74,142191.5,128994,233674.5,0.5944949999999835,0.411284999999982
33,0,w0_20260418_070002,75,245830.25,122472.75,215967,0.7759949999999879,0.35672999999999744
33,0,w0_20260418_070002,76,298774.25,99021,302574.75,0.8214950000001456,0.38925500000002206
33,0,w0_20260418_070002,77,-4820.25,105623.25,201507,0.22338499999999345,0.3564749999999942
33,0,w0_20260418_070002,78,451567.25,21528.75,246054,0.92472000000003,0.53240499999999
33,0,w0_20260418_070002,79,254793.75,158470.5,305655.75,0.728719999999984,0.3786850000000131
33,0,w0_20260418_070002,80,299358.75,71777.25,196284,0.8748099999999844,0.245889999999987
33,0,w0_20260418_070002,81,-10000,66007.275,43651.575,0.2579550000000182,0.4290200000000019
33,0,w0_20260418_070002,82,-10000,9302.25,32489.8783125,0.33181499999999137,0.317444999999995
33,0,w0_20260418_070002,83,4059.5,111230.25,80420.25,0.2744849999999678,0.3871050000000212
33,0,w0_20260418_070002,84,94901.75,128949,172199.25,0.4939300000000083,0.34936000000000783
33,0,w0_20260418_070002,85,65264,268288.5,78307.5,0.4696599999999994,0.3407049999999973
33,0,w0_20260418_070002,86,43645.25,195387,158247.75,0.3492299999999982,0.3788250000000021
33,0,w0_20260418_070002,87,109038.25,239494.5,211847.25,0.5399900000000013,0.34614999999998797
33,0,w0_20260418_070002,88,368257,69052.5,243190.5,0.8747649999999745,0.45954500000001497
33,0,w0_20260418_070002,89,-10000.00000000001,184713.45347866145,184027.40783033284,0.416314999999971,0.17381999999999564
33,0,w0_20260418_070002,90,197833,119853,140154,0.7203799999999912,0.3630749999999968
33,0,w0_20260418_070002,91,46087.5,189668.25,253754.25,0.5434999999999636,0.25075499999999595
33,0,w0_20260418_070002,92,308603.25,78648.75,223008,0.8630000000000251,0.3608699999999989
33,0,w0_20260418_070002,93,149225.75,253062.75,262291.5,0.5688450000000275,0.35260999999999815
33,0,w0_20260418_070002,94,169794.5,204984,207631.5,0.6427150000000038,0.2691050000000088
33,0,w0_20260418_070002,95,-9999.999999999998,35905.5603,30745.3239,0.44263000000003255,0.2701749999999999
33,0,w0_20260418_070002,96,-10000,24213,26541,0.3908100000000467,0.5543949999999686
33,0,w0_20260418_070002,97,132546,179049.75,243944.25,0.5709199999999712,0.421604999999998
33,0,w0_20260418_070002,98,49149.5,179613.75,224376.75,0.5103799999999925,0.38299499999999537
33,0,w0_20260418_070002,99,176684.5,178746,146449.5,0.686184999999956,0.21058999999999264
33,0,w0_20260418_070002,100,227905.75,229288.5,227235.75,0.5759449999999834,0.521924999999994
33,1,w1_20260418_070800,1,51056,209366.25,95547.75,0.4419700000000062,0.2298949999999876
33,1,w1_20260418_070800,2,196253.5,102253.5,94323,0.7678299999999854,0.23183500000000945
33,1,w1_20260418_070800,3,242529,109893.75,75587.25,0.7953549999999807,0.246924999999999
33,1,w1_20260418_070800,4,235900,116546.25,60003.75,0.7851799999999984,0.20069499999999196
33,1,w1_20260418_070800,5,37844.75,330272.25,52143,0.3787099999999878,0.46335499999999386
33,1,w1_20260418_070800,6,67535.75,274668,79736.25,0.4889550000000163,0.17443499999999731
33,1,w1_20260418_070800,7,100402,254264.25,60213.75,0.5363800000000065,0.1749299999999948
33,1,w1_20260418_070800,8,230830.5,136288.5,75141,0.7516349999999811,0.2815599999999983
33,1,w1_20260418_070800,9,111193.75,250186.5,80679.75,0.5415749999999974,0.362919999999999
33,1,w1_20260418_070800,10,37553.5,298447.5,71619,0.4147299999999861,0.2469600000000019
33,1,w1_20260418_070800,11,191145.25,170085,97569.75,0.6958750000000014,0.28223500000000507
33,1,w1_20260418_070800,12,103174.25,254379.75,55026,0.5396949999999909,0.18436499999999056
33,1,w1_20260418_070800,13,16230,277777.5,77482.5,0.36921499999999646,0.2963350000000073
33,1,w1_20260418_070800,14,150539.75,206732.25,48108,0.6259100000000037,0.14753999999998826
33,1,w1_20260418_070800,15,15141.25,335115,59913.75,0.3807049999999925,0.20963999999999597
33,1,w1_20260418_070800,16,304867.75,185031.75,160210.5,0.6551850000000042,0.6157749999999936
33,1,w1_20260418_070800,17,243758,111710.25,84111.75,0.7962449999999778,0.21935999999998676
33,1,w1_20260418_070800,18,200297.25,166704,150408.75,0.7006800000000531,0.262425
33,1,w1_20260418_070800,19,183364.75,181833,52652.25,0.6753299999999738,0.22537499999999625
33,1,w1_20260418_070800,20,187369,180165,53466,0.6762100000000024,0.29999499999999674
33,1,w1_20260418_070800,21,242998.75,272631.75,173809.5,0.4801699999999748,0.6493850000000104
33,1,w1_20260418_070800,22,210755.75,167197.5,139866.75,0.703284999999996,0.3862950000000037
33,1,w1_20260418_070800,23,-10000,44049.75,19554.75,0.4950999999999551,0.2670949999999889
33,1,w1_20260418_070800,24,267124.5,107822.25,83063.25,0.8028349999999911,0.4035000000000102
33,1,w1_20260418_070800,25,-10000,159321.75,85988.25,0.22411999999999807,0.3201500000000138
33,1,w1_20260418_070800,26,69586.25,191604.75,225369,0.5484300000000214,0.19000499999998924
33,1,w1_20260418_070800,27,112234.75,231840,129515.25,0.584964999999994,0.14217499999998462
33,1,w1_20260418_070800,28,206086,156082.5,65701.5,0.7215449999999737,0.13928999999999597
33,1,w1_20260418_070800,29,233945.5,135500.25,102944.25,0.7642999999999996,0.2182250000000054
33,1,w1_20260418_070800,30,93114.75,270262.5,141192.75,0.49312999999998464,0.32718500000001416
33,1,w1_20260418_070800,31,14532.75,289981.5,96885.75,0.38911999999998265,0.19941999999999616
33,1,w1_20260418_070800,32,80137.25,219114.75,40428,0.5134399999999945,0.1734249999999819
33,1,w1_20260418_070800,33,-9999.99999999999,71148.00000279347,75170.38666300235,0.261955000000035,0.4769849999999795
33,1,w1_20260418_070800,34,21097.5,209562.75,83529.75,0.3573499999999948,0.2848200000000102
33,1,w1_20260418_070800,35,314122.75,57615.75,157051.5,0.8974100000000235,0.2850550000000045
33,1,w1_20260418_070800,36,115629,258693,107898,0.5464049999999576,0.3325100000000217
33,1,w1_20260418_070800,37,68389.5,114003,241927.5,0.4353949999999702,0.4293699999999914
33,1,w1_20260418_070800,38,129836.5,279816,185047.5,0.4832750000000006,0.424495000000002
33,1,w1_20260418_070800,39,45939.5,248332.5,41598,0.4683049999999905,0.1696049999999862
33,1,w1_20260418_070800,40,271213.75,103256.25,54840,0.8172049999999369,0.2113199999999953
33,1,w1_20260418_070800,41,183001.5,192190.5,45768,0.6655999999999943,0.29994499999998875
33,1,w1_20260418_070800,42,177927,194838.75,103424.25,0.6564649999999939,0.2946550000000119
33,1,w1_20260418_070800,43,8245.25,149050.5,171074.25,0.33352999999997435,0.3092500000000177
33,1,w1_20260418_070800,44,33384.5,116526.75,48168.75,0.4426249999999899,0.2116349999999868
33,1,w1_20260418_070800,45,85900.25,264864.75,163275,0.5267299999999894,0.18251499999999837
33,1,w1_20260418_070800,46,28028,217109.25,71622.75,0.4086499999999938,0.3125750000000135
33,1,w1_20260418_070800,47,227962.25,151464.75,246843,0.7215250000000306,0.33973499999999524
33,1,w1_20260418_070800,48,223335.25,243559.5,188135.25,0.5455400000000001,0.5565349999999742
33,1,w1_20260418_070800,49,116311.75,222796.5,153921.75,0.566554999999973,0.2089999999999982
33,1,w1_20260418_070800,50,191522.25,161138.25,144829.5,0.7119049999999895,0.16314999999999258
33,1,w1_20260418_070800,51,2684,144572.25,180243.75,0.3650849999999819,0.3272900000000225
33,1,w1_20260418_070800,52,155898.25,113715.75,178596,0.6591949999999895,0.26082499999999825
33,1,w1_20260418_070800,53,223651,226578,277701,0.5478699999999966,0.5014099999999895
33,1,w1_20260418_070800,54,302481.5,161629.5,282159,0.7088149999999911,0.49412500000001974
33,1,w1_20260418_070800,55,26942,252438.75,297539.25,0.409840000000002,0.3190699999999831
33,1,w1_20260418_070800,56,220892.5,184640.25,296537.25,0.6693850000000231,0.3776700000000018
33,1,w1_20260418_070800,57,294862.5,111799.5,291528,0.80656499999994,0.3656350000000069
33,1,w1_20260418_070800,58,-9999.999999999998,141017.25,152648.60757352936,0.2811399999999961,0.2392400000000373
33,1,w1_20260418_070800,59,283442.75,117720,248327.25,0.7925099999999491,0.3344150000000092
33,1,w1_20260418_070800,60,209364.5,186348,267937.5,0.6796400000000081,0.3300299999999854
33,1,w1_20260418_070800,61,343099.5,84345.75,298704.75,0.8529499999999978,0.3979950000000071
33,1,w1_20260418_070800,62,106594.5,286080.75,338304.75,0.4429199999999849,0.40924500000001895
33,1,w1_20260418_070800,63,230063,196808.25,298518.75,0.6624099999999947,0.4029349999999882
33,1,w1_20260418_070800,64,339669.5,111049.5,277791,0.8101399999999861,0.4579650000000137
33,1,w1_20260418_070800,65,-10000.000000000002,153614.91541866754,162584.05868819752,0.1348149999999939,0.3259200000000359
33,1,w1_20260418_070800,66,59461.5,255651,252547.5,0.4775650000000188,0.25806000000000257
33,1,w1_20260418_070800,67,229601,150714,185715,0.7407549999999665,0.22258499999999384
33,1,w1_20260418_070800,68,225856.25,196220.25,236443.5,0.6622649999999918,0.397154999999998
33,1,w1_20260418_070800,69,252627.25,198989.25,281893.5,0.6475499999999708,0.46198499999999465
33,1,w1_20260418_070800,70,208611.5,178446,204142.5,0.6973149999999942,0.23405499999999715
33,1,w1_20260418_070800,71,34524.25,237490.5,216725.25,0.3718550000000093,0.32497000000000964
33,1,w1_20260418_070800,72,74945,304626,331929,0.4395199999999969,0.3628750000000031
33,1,w1_20260418_070800,73,190163.5,180163.5,232023,0.6641849999999956,0.2838500000000163
33,1,w1_20260418_070800,74,10378.5,136611,165850.5,0.2364050000000041,0.4088950000000135
33,1,w1_20260418_070800,75,129697.25,188934,283548.75,0.5659849999999809,0.3673999999999999
33,1,w1_20260418_070800,76,300984.5,145161,310864.5,0.727549999999983,0.44987000000001554
33,1,w1_20260418_070800,77,365426.5,41512.5,265611,0.925404999999959,0.3786799999999909
33,1,w1_20260418_070800,78,242296,180313.5,295240.5,0.6947849999999844,0.3790749999999897
33,1,w1_20260418_070800,79,37479.25,157881,214269.75,0.2778999999999769,0.38463000000001474
33,1,w1_20260418_070800,80,242012.25,172875.75,284922,0.7072749999999827,0.36669500000001576
33,1,w1_20260418_070800,81,137699.5,227806.5,261954,0.5122499999999928,0.4047300000000089
33,1,w1_20260418_070800,82,321194,88006.5,302149.5,0.8292349999999604,0.3788750000000043
33,1,w1_20260418_070800,83,291603.25,142136.25,299290.5,0.7611900000000029,0.4046300000000129
33,1,w1_20260418_070800,84,84486.75,274636.5,244446.75,0.4800849999999886,0.29158500000001547
33,1,w1_20260418_070800,85,199647,218970,278283,0.6130399999999652,0.41271500000001826
33,1,w1_20260418_070800,86,425493.5,31056.75,294129.75,0.947449999999963,0.4568550000000023
33,1,w1_20260418_070800,87,343105.5,57000.75,293763.75,0.9024149999999728,0.3044500000000039
33,1,w1_20260418_070800,88,146519,278035.5,309355.5,0.5107799999999901,0.3997250000000006
33,1,w1_20260418_070800,89,-10000,40296.75,108210.75,0.2601449999999696,0.3056300000000411
33,1,w1_20260418_070800,90,-1992.5,16902.75,271569.75,0.19856500000000005,0.3579450000000028
33,1,w1_20260418_070800,91,272365.25,157122.75,278142,0.7271599999999968,0.41522500000000107
33,1,w1_20260418_070800,92,323177.25,109098.75,304944,0.8166849999999872,0.3964299999999848
33,1,w1_20260418_070800,93,353151.25,54990,275388.75,0.9005449999999604,0.36840000000000306
33,1,w1_20260418_070800,94,254344.5,182227.5,284448,0.6915400000000104,0.41203000000001166
33,1,w1_20260418_070800,95,72645,178298.25,120336.75,0.342594999999981,0.4758200000000016
33,1,w1_20260418_070800,96,2386.5,26600.25,273683.25,0.17568000000000228,0.3670550000000188
33,1,w1_20260418_070800,97,-5097.5,10031.25,46796.25,0.22209499999993632,0.41077999999998355
33,1,w1_20260418_070800,98,51121.5,185327.25,226421.25,0.3710200000000125,0.2964050000000133
33,1,w1_20260418_070800,99,-1259.5,19050.75,100128.75,0.2203999999999559,0.43654499999994734
33,1,w1_20260418_070800,100,12048,27759,72873,0.4480749999999783,0.24790500000001348
34,0,w0_20260418_071553,1,8816.5,236496,67447.5,0.3867649999999991,0.1320649999999996
34,0,w0_20260418_071553,2,244326.75,86060.25,110553,0.836144999999963,0.14220500000000233
34,0,w0_20260418_071553,3,171680.75,176868,56951.25,0.6753499999999742,0.14188999999999785
34,0,w0_20260418_071553,4,180548,182651.25,39540.75,0.6646799999999731,0.34213499999999375
34,0,w0_20260418_071553,5,143321.5,208053.75,64584.75,0.6199799999999668,0.1858149999999908
34,0,w0_20260418_071553,6,84742.75,269868.75,45568.5,0.5062799999999963,0.17294499999999668
34,0,w0_20260418_071553,7,151446.5,209812.5,40071,0.6191399999999915,0.2236650000000064
34,0,w0_20260418_071553,8,209475.25,145153.5,56261.25,0.736359999999976,0.1601800000000023
34,0,w0_20260418_071553,9,63417.25,290859,40173.75,0.4643599999999934,0.1535699999999878
34,0,w0_20260418_071553,10,94565.5,265371.75,38232.75,0.5171650000000226,0.18769999999999304
34,0,w0_20260418_071553,11,150205.5,234992.25,153242.25,0.5600349999999918,0.4453550000000437
34,0,w0_20260418_071553,12,153667.75,205246.5,51825.75,0.633114999999996,0.11014499999999768
34,0,w0_20260418_071553,13,17982,276620.25,113277.75,0.36330500000001287,0.34312500000000196
34,0,w0_20260418_071553,14,161475,205897.5,101377.5,0.6246200000000208,0.2820349999999844
34,0,w0_20260418_071553,15,435310,129060.75,77009.25,0.737675000000002,0.8182249999999737
34,0,w0_20260418_071553,16,358270,108465.75,259364.25,0.8012300000000183,0.5173749999999855
34,0,w0_20260418_071553,17,88994.75,289647,251678.25,0.4830850000000027,0.31910500000000547
34,0,w0_20260418_071553,18,204813,188726.25,283860.75,0.6666650000000064,0.3586300000000055
34,0,w0_20260418_071553,19,93626.5,285810.75,231042.75,0.488849999999986,0.34036999999999445
34,0,w0_20260418_071553,20,338400.75,101396.25,297423,0.8190250000000036,0.45024500000000983
34,0,w0_20260418_071553,21,240221.25,161185.5,326123.25,0.7154199999999995,0.3761950000000103
34,0,w0_20260418_071553,22,153587,238848.75,248894.25,0.5789999999999853,0.3424049999999979
34,0,w0_20260418_071553,23,109851.25,279766.5,304682.25,0.5054100000000008,0.3397799999999995
34,0,w0_20260418_071553,24,31302.25,304324.5,279923.25,0.3444949999999998,0.36872000000000305
34,0,w0_20260418_071553,25,307357.5,81418.5,255384,0.8545149999999556,0.34778999999998816
34,0,w0_20260418_071553,26,112921,307995.75,298643.25,0.45224499999999834,0.4213750000000061
34,0,w0_20260418_071553,27,85633.25,268517.25,267079.5,0.46911999999999027,0.29972999999999966
34,0,w0_20260418_071553,28,81932,272928,301830,0.4254449999999975,0.4068850000000011
34,0,w0_20260418_071553,29,273168.75,119718,272273.25,0.7877499999999789,0.3511949999999898
34,0,w0_20260418_071553,30,45742.25,271826.25,292591.5,0.32429500000000117,0.40175999999999495
34,0,w0_20260418_071553,31,186604,176054.25,195531.75,0.66680000000000506,0.29128499999998236
34,0,w0_20260418_071553,32,140414.5,249959.25,300506.25,0.5162650000000215,0.4114450000000056
34,0,w0_20260418_071553,33,255372.25,123531,245916.75,0.781614999999992,0.3073399999999847
34,0,w0_20260418_071553,34,285013.75,97974,227552.25,0.8294200000000262,0.305419999999987
34,0,w0_20260418_071553,35,79113.25,217899.75,226677,0.4517850000000125,0.33577000000000806
34,0,w0_20260418_071553,36,124526,206619.75,252914.25,0.5167700000000028,0.3518400000000003
34,0,w0_20260418_071553,37,66801.25,229263.75,295485,0.41746000000001776,0.37684000000000584
34,0,w0_20260418_071553,38,117610,219392.25,308667.75,0.5050899999999928,0.4094949999999732
34,0,w0_20260418_071553,39,217910,168731.25,244248.75,0.6994549999999826,0.32897999999999444
34,0,w0_20260418_071553,40,228262.25,168054.75,248583,0.7108999999999892,0.3441949999999914
34,0,w0_20260418_071553,41,161593,228912.75,273224.25,0.589485000000012,0.36020999999999237
34,0,w0_20260418_071553,42,132282.75,184320.75,243766.5,0.5655849999999957,0.3572949999999924
34,0,w0_20260418_071553,43,144663.25,199182,281304.75,0.5837399999999885,0.3613300000000017
34,0,w0_20260418_071553,44,141211.5,179724.75,282663.75,0.5508699999999993,0.3812849999999778
34,0,w0_20260418_071553,45,224616.25,146788.5,232355.25,0.7390749999999641,0.29418500000000464
34,0,w0_20260418_071553,46,32675.75,198396,273248.25,0.5050899999999827,0.30511500000001285
34,0,w0_20260418_071553,47,-10000,101752.5,138687.91223999998,0.47663999999998713,0.5556650000000262
34,0,w0_20260418_071553,48,16478,75125.25,158676.75,0.2548800000000186,0.43478999999999784
34,0,w0_20260418_071553,49,324126.5,76651.5,274092,0.8603599999999284,0.3659650000000094
34,0,w0_20260418_071553,50,34323.5,276681,309565.5,0.2712750000000023,0.416999999999995
34,0,w0_20260418_071553,51,28632,149079,238809,0.5758949999999887,0.29510499999999357
34,0,w0_20260418_071553,52,153786.75,200062.5,248520.75,0.5822549999999854,0.368699999999986
34,0,w0_20260418_071553,53,179378,153479.25,254742.75,0.601439999999946,0.42461499999999497
34,0,w0_20260418_071553,54,230024.5,142956,247999.5,0.697885000000018,0.3851049999999817
34,0,w0_20260418_071553,55,170516.25,178981.5,175052.25,0.6507199999999894,0.3186599999999998
34,0,w0_20260418_071553,56,210041.75,91874.25,157794,0.7614499999999824,0.3190000000000008
34,0,w0_20260418_071553,57,108365.5,154511.25,236333.25,0.19374500000000588,0.5617450000000321
34,0,w0_20260418_071553,58,9123.5,72888,237298.5,0.22235000000002292,0.4000649999999988
34,0,w0_20260418_071553,59,10944.75,155393.25,197322,0.28818499999999475,0.36365499999998735
34,0,w0_20260418_071553,60,176728.25,89155.5,166226.25,0.6329599999999846,0.32973999999999554
34,0,w0_20260418_071553,61,301839.5,45677.25,181343.25,0.902194999999992,0.2501499999999927
34,0,w0_20260418_071553,62,407822.75,69496.5,228300.75,0.8645350000000017,0.5541499999999826
34,0,w0_20260418_071553,63,200491,156463.5,237985.5,0.6696549999999908,0.37435999999999614
34,0,w0_20260418_071553,64,57763,179825.25,232671.75,0.41388999999998977,0.2952600000000059
34,0,w0_20260418_071553,65,194824.25,219118.5,268397.25,0.5573999999999927,0.48961000000001215
34,0,w0_20260418_071553,66,153471.25,209808.75,83970,0.6154449999999628,0.14475999999999378
34,0,w0_20260418_071553,67,114613.75,110214.75,195481.5,0.6152400000000523,0.33137499999999925
34,0,w0_20260418_071553,68,177991,134522.25,194466.75,0.6792799999999858,0.317814999999994
34,0,w0_20260418_071553,69,60496.5,197806.5,122307,0.4080800000000294,0.29901999999999085
34,0,w0_20260418_071553,70,-10000,34183.803587469796,86853.77378663229,0.1611599999999788,0.4269450000000029
34,0,w0_20260418_071553,71,32345,33471.75,299453.25,0.5700700000000029,0.37428499999998693
34,0,w0_20260418_071553,72,229517.75,132407.25,310425,0.7406699999999471,0.36532999999999854
34,0,w0_20260418_071553,73,146650.25,193892.25,221437.5,0.6299700000000277,0.28393499999999317
34,0,w0_20260418_071553,74,185127.75,164091,196481.25,0.6626749999999936,0.2780999999999887
34,0,w0_20260418_071553,75,256267,102175.5,177427.5,0.807054999999988,0.3322399999999728
34,0,w0_20260418_071553,76,255060.25,132275.25,316594.5,0.7467000000000106,0.3922599999999951
34,0,w0_20260418_071553,77,2046.75,113492.25,148971,0.3427999999999982,0.252549999999991
34,0,w0_20260418_071553,78,51285.25,190783.5,258371.25,0.4475700000000075,0.33041499999999036
34,0,w0_20260418_071553,79,219135.25,149697,170487.75,0.7249849999999792,0.22709999999997857
34,0,w0_20260418_071553,80,16000.75,282554.25,315135,0.2896450000000026,0.38764000000000537
34,0,w0_20260418_071553,81,123768.75,141492,132539.25,0.6276600000000133,0.2366400000000036
34,0,w0_20260418_071553,82,249163.5,139434,322912.5,0.7421149999999604,0.3773650000000005
34,0,w0_20260418_071553,83,315122.5,74937.75,291009.75,0.8603050000000781,0.3752349999999904
34,0,w0_20260418_071553,84,310097.75,95195.25,246357,0.8276800000000331,0.42661499999998376
34,0,w0_20260418_071553,85,264749.5,132665.25,276155.25,0.7690000000000158,0.3544800000000022
34,0,w0_20260418_071553,86,34703.5,198691.5,312765,0.22807499999998568,0.4120100000000116
34,0,w0_20260418_071553,87,293533.75,109483.5,239712.75,0.8052049999999964,0.3703099999999945
34,0,w0_20260418_071553,88,340784.75,62064.75,196330.5,0.8950399999999205,0.3002550000000182
34,0,w0_20260418_071553,89,373719.5,38803.5,180687,0.9343600000000006,0.32646499999999085
34,0,w0_20260418_071553,90,278935.25,147956.25,268018.5,0.7479649999999893,0.378250000000011
34,0,w0_20260418_071553,91,220129.5,185886,199324.5,0.6862599999999489,0.33745000000000536
34,0,w0_20260418_071553,92,398650,62873.25,294966.75,0.8907199999999521,0.4528850000000164
34,0,w0_20260418_071553,93,162646,251145,317649,0.5675849999999792,0.38913499999999057
34,0,w0_20260418_071553,94,150139.75,242135.25,302985,0.5614800000000091,0.36330499999998833
34,0,w0_20260418_071553,95,-10000,57761.25,81873.75,0.5198849999999553,0.37431999999998616
34,0,w0_20260418_071553,96,29369.75,168625.5,280674.75,0.34539999999999066,0.3730249999999965
34,0,w0_20260418_071553,97,4778.5,68469,288112.5,0.30214999999999353,0.3349850000000027
34,0,w0_20260418_071553,98,268908,92184,275028,0.7931200000000381,0.4287249999999948
34,0,w0_20260418_071553,99,56302,236280.75,279137.25,0.3395650000000096,0.42399500000000734
34,0,w0_20260418_071553,100,361005.75,77565.75,288778.5,0.8473950000000036,0.4423349999999682
34,1,w1_20260418_072357,1,12910.25,217044.75,77535,0.392425000000002,0.21213499999999444
34,1,w1_20260418_072357,2,236298.75,94989.75,170281.5,0.8209849999999733,0.21498999999998508
34,1,w1_20260418_072357,3,167560.25,190624.5,90395.25,0.646940000000009,0.2519300000000002
34,1,w1_20260418_072357,4,126730.25,228480.75,83319,0.5816950000000063,0.23768999999999121
34,1,w1_20260418_072357,5,154774.75,194364.75,145630.5,0.6423750000000071,0.22801499999999236
34,1,w1_20260418_072357,6,47447.5,287395.5,99477,0.4332250000000136,0.29392500000001526
34,1,w1_20260418_072357,7,10113,219486,63081,0.3591999999999988,0.3318649999999963
34,1,w1_20260418_072357,8,178818.25,179004,96717.75,0.6741350000000154,0.27089500000000255
34,1,w1_20260418_072357,9,76547,267598.5,120634.5,0.5026850000000007,0.23132499999999687
34,1,w1_20260418_072357,10,197709.75,222859.5,202260.75,0.564345000000035,0.513920000000013
34,1,w1_20260418_072357,11,147764.5,216540,190105.5,0.6107100000000242,0.2995949999999938
34,1,w1_20260418_072357,12,69500,303640.5,190339.5,0.4571150000000019,0.31034500000001464
34,1,w1_20260418_072357,13,198652,176481,212667,0.6820599999999458,0.3359500000000025
34,1,w1_20260418_072357,14,188047.25,191505,244677.75,0.6570600000000321,0.338045000000003
34,1,w1_20260418_072357,15,248758,146045.25,261156.75,0.7411849999999954,0.3658300000000073
34,1,w1_20260418_072357,16,74922.75,306074.25,257073,0.4202050000000108,0.4006650000000013
34,1,w1_20260418_072357,17,37409.5,286183.5,221877,0.3663949999999992,0.35026500000001054
34,1,w1_20260418_072357,18,102337.25,269292.75,268140,0.4979500000000125,0.3412999999999992
34,1,w1_20260418_072357,19,339106.25,89942.25,266971.5,0.8406299999999772,0.4295299999999886
34,1,w1_20260418_072357,20,-9999.999999999998,92000.4442476573,130276.8116614554,0.23483000000002793,0.3449299999999974
34,1,w1_20260418_072357,21,85626.75,109165.5,172977.75,0.6277850000000075,0.22445500000000085
34,1,w1_20260418_072357,22,205468.25,184839.75,193842,0.6741899999999929,0.3526150000000069
34,1,w1_20260418_072357,23,225775.75,171961.5,266802.75,0.6967750000000077,0.35936999999998354
34,1,w1_20260418_072357,24,226437.5,196141.5,295071,0.6544950000000088,0.4160999999999739
34,1,w1_20260418_072357,25,66604,202950.75,227285.25,0.40709500000001503,0.4262850000000109
34,1,w1_20260418_072357,26,59642.5,150778.5,220209,0.41282500000000694,0.41790499999999
34,1,w1_20260418_072357,27,74096.75,287316.75,199846.5,0.4880449999999988,0.2453350000000056
34,1,w1_20260418_072357,28,75222,295201.5,160306.5,0.4776550000000081,0.3171900000000033
34,1,w1_20260418_072357,29,72943,274354.5,166162.5,0.4373499999999996,0.379355000000011
34,1,w1_20260418_072357,30,194262.5,200624.25,294293.25,0.6417650000000112,0.3706849999999966
34,1,w1_20260418_072357,31,124095,272864.25,263520.75,0.51606999999999,0.3636400000000062
34,1,w1_20260418_072357,32,335281.75,118980,280748.25,0.7907600000000335,0.47023999999998706
34,1,w1_20260418_072357,33,154338.75,244254.75,259216.5,0.5527549999999627,0.395529999999995
34,1,w1_20260418_072357,34,328192,99534.75,267923.25,0.8249150000000123,0.4067750000000055
34,1,w1_20260418_072357,35,6777.5,57540,188872.5,0.3278049999999677,0.3366099999999954
34,1,w1_20260418_072357,36,337009.25,76148.25,248152.5,0.8550050000000138,0.4070600000000064
34,1,w1_20260418_072357,37,89444.5,229243.5,235572,0.4440049999999908,0.4076749999999889
34,1,w1_20260418_072357,38,219184,220540.5,265285.5,0.61560500000002,0.4363000000000073
34,1,w1_20260418_072357,39,160603.5,239300.25,270686.25,0.5728849999999998,0.3881400000000111
34,1,w1_20260418_072357,40,142539,222489.75,253391.25,0.5288150000000165,0.4349849999999834
34,1,w1_20260418_072357,41,180995,214327.5,225937.5,0.6174999999999905,0.4011749999999999
34,1,w1_20260418_072357,42,86680.5,222137.25,295442.25,0.5092749999999955,0.4012699999999877
34,1,w1_20260418_072357,43,148260.25,243232.5,240797.25,0.5268799999999686,0.4207249999999792
34,1,w1_20260418_072357,44,324839.25,85461.75,202899,0.8517249999999962,0.3785200000000013
34,1,w1_20260418_072357,45,82759.25,254799,239511.75,0.4174849999999948,0.43186000000000313
34,1,w1_20260418_072357,46,84921,283204.5,106384.5,0.43408499999998573,0.4741199999999819
34,1,w1_20260418_072357,47,33317.25,45624,217188.75,0.20749500000000243,0.4557199999999791
34,1,w1_20260418_072357,48,255987.5,65235,285067.5,0.8131450000000058,0.4212250000000056
34,1,w1_20260418_072357,49,191512.5,231901.5,252936,0.5938949999999641,0.40243499999998344
34,1,w1_20260418_072357,50,323654.25,101867.25,238288.5,0.8227700000000332,0.424014999999985
34,1,w1_20260418_072357,51,226888.25,190458,250953.75,0.6651949999999743,0.3759049999999942
34,1,w1_20260418_072357,52,211705.75,181289.25,225645,0.6669149999999543,0.32351500000000044
34,1,w1_20260418_072357,53,186957,274512,257631,0.4580750000000039,0.5325599999999873
34,1,w1_20260418_072357,54,214821,203363.25,316845.75,0.6242550000000409,0.4041050000000125
34,1,w1_20260418_072357,55,342117,102229.5,294283.5,0.8188699999999686,0.43871000000001703
34,1,w1_20260418_072357,56,89301.25,266239.5,348389.25,0.45589500000001265,0.3437600000000022
34,1,w1_20260418_072357,57,188076.75,200370,279893.25,0.5648499999999846,0.4086900000000091
34,1,w1_20260418_072357,58,241748.75,178513.5,305937.75,0.6636749999999884,0.4186299999999955
34,1,w1_20260418_072357,59,387654.25,38380.5,326855.25,0.9304749999999858,0.3978900000000172
34,1,w1_20260418_072357,60,42203.25,172353,311283.75,0.2505250000000201,0.39640499999998074
34,1,w1_20260418_072357,61,300417.5,51801.75,287460.75,0.8227749999999916,0.43343000000000936
34,1,w1_20260418_072357,62,80310.75,83980.5,314088.75,0.3972100000000289,0.4356899999999824
34,1,w1_20260418_072357,63,249260.75,147447.75,289471.5,0.7030199999999872,0.42197000000001056
34,1,w1_20260418_072357,64,118846.5,139721.25,298112.25,0.4129399999999943,0.45286499999996904
34,1,w1_20260418_072357,65,148832.25,165153.75,332334,0.5554699999999849,0.3910799999999923
34,1,w1_20260418_072357,66,105727.75,124311.75,299890.5,0.5353750000000017,0.33039000000000446
34,1,w1_20260418_072357,67,185985.5,52607.25,292637.25,0.7595399999999614,0.3955300000000028
34,1,w1_20260418_072357,68,67252.25,118320.75,322827,0.4156300000000098,0.3621399999999918
34,1,w1_20260418_072357,69,222210.5,129380.25,328229.25,0.7053999999999431,0.3783750000000098
34,1,w1_20260418_072357,70,153207,81591,311862,0.6120500000000035,0.35122000000000303
34,1,w1_20260418_072357,71,262178.25,191422.5,299069.25,0.6398450000000048,0.4827300000000065
34,1,w1_20260418_072357,72,240214.25,119788.5,263987.25,0.7715599999999618,0.3709349999999927
34,1,w1_20260418_072357,73,128275,89971.5,300643.5,0.6057099999999972,0.37060499999999336
34,1,w1_20260418_072357,74,202178.25,185085.75,286296,0.6413849999999806,0.3947849999999897
34,1,w1_20260418_072357,75,303232.5,79773.75,172083.75,0.854430000000005,0.4796850000000195
34,1,w1_20260418_072357,76,354219,41424,244317,0.9269800000000052,0.4024199999999867
34,1,w1_20260418_072357,77,230407.75,197572.5,295509.75,0.6576549999999776,0.42224000000000567
34,1,w1_20260418_072357,78,1101.25,137701.5,325187.25,0.3376899999999954,0.2787400000000148
34,1,w1_20260418_072357,79,71394.5,149366.25,234719.25,0.4531150000000069,0.3888950000000061
34,1,w1_20260418_072357,80,16456.5,99362.25,197891.25,0.41164000000000744,0.29748999999999604
34,1,w1_20260418_072357,81,69316.25,171669.75,181314,0.46534999999996973,0.40703000000000344
34,1,w1_20260418_072357,82,266.5,189285.75,246897.75,0.2988100000000074,0.35476500000001
34,1,w1_20260418_072357,83,223326.5,131230.5,196293,0.7604799999999469,0.2403900000000148
34,1,w1_20260418_072357,84,164559.75,110868.75,291871.5,0.5994899999999923,0.4088499999999967
34,1,w1_20260418_072357,85,50737.25,115773.75,217989,0.4619650000000052,0.30866499999999436
34,1,w1_20260418_072357,86,20055.75,60419.25,237465,0.32158499999997586,0.39729499999999185
34,1,w1_20260418_072357,87,94310.75,254893.5,113265.75,0.5262299999999654,0.21982999999999903
34,1,w1_20260418_072357,88,422700,56655.75,220394.25,0.8847199999999673,0.5537699999999859
34,1,w1_20260418_072357,89,202695.25,182325.75,170769,0.6805249999999966,0.3824250000000056
34,1,w1_20260418_072357,90,151443,143529,241098,0.5103599999999872,0.4272850000000033
34,1,w1_20260418_072357,91,46240.75,109142.25,195327,0.32845999999999426,0.44700499999999993
34,1,w1_20260418_072357,92,36643.75,125602.5,175953.75,0.40240999999999216,0.3698500000000071
34,1,w1_20260418_072357,93,184502.75,189896.25,111951,0.6469949999999749,0.3425149999999998
34,1,w1_20260418_072357,94,102885,127451.25,204663.75,0.5715699999999936,0.2922800000000123
34,1,w1_20260418_072357,95,213030,164033.25,116856.75,0.6954399999999742,0.3965500000000088
34,1,w1_20260418_072357,96,83053.5,90960,191176.5,0.5185100000000051,0.3667550000000048
34,1,w1_20260418_072357,97,74210.75,112382.25,204687,0.4864750000000101,0.3291250000000009
34,1,w1_20260418_072357,98,324795,44664,60411,0.8958799999999711,0.3917499999999999
34,1,w1_20260418_072357,99,157741,223135.5,167353.5,0.6110049999999929,0.4048099999999895
34,1,w1_20260418_072357,100,64264.5,253602,164563.5,0.5143850000000165,0.17587499999999623
35,0,w0_20260418_073154,1,247874.5,84380.25,105665.25,0.8368449999999659,0.1505850000000003
35,0,w0_20260418_073154,2,172779.5,177015.75,52764.75,0.6735849999999849,0.14936999999999462
35,0,w0_20260418_073154,3,81353.5,267786,57190.5,0.5047099999999983,0.17160499999999546
35,0,w0_20260418_073154,4,-10000,95109,18498,0.4283749999999782,0.1910699999999931
35,0,w0_20260418_073154,5,154785.25,194640.75,50424,0.6387049999999903,0.1722449999999953
35,0,w0_20260418_073154,6,-10000,51989.325,27702.225,0.33812500000001433,0.12903499999999607
35,0,w0_20260418_073154,7,22937.5,309668.25,46844.25,0.40688499999999655,0.18265499999997925
35,0,w0_20260418_073154,8,113748.25,237807.75,48264,0.559679999999981,0.16350999999999
35,0,w0_20260418_073154,9,71954.5,270182.25,46073.25,0.4890599999999922,0.1859499999999751
35,0,w0_20260418_073154,10,64928.25,282444.75,45477,0.4725799999999897,0.16140499999998778
35,0,w0_20260418_073154,11,227675.75,128156.25,49458,0.7651550000000046,0.16009999999999314
35,0,w0_20260418_073154,12,41811.5,257603.25,37385.25,0.418189999999991,0.1585699999999977
35,0,w0_20260418_073154,13,60409.75,263284.5,34725.75,0.46300000000000646,0.3573650000000053
35,0,w0_20260418_073154,14,64073,176985,39612,0.4465849999999789,0.19761999999999405
35,0,w0_20260418_073154,15,81716.75,215119.5,42333.75,0.5426199999999766,0.3173100000000003
35,0,w0_20260418_073154,16,20487.75,250440.75,27781.5,0.31867999999999086,0.38949000000000994
35,0,w0_20260418_073154,17,-8797.5,79659.75,38487.75,0.21710999999998817,0.21891999999998335
35,0,w0_20260418_073154,18,47889.5,115407.75,32532.75,0.44816999999999263,0.18791499999999656
35,0,w0_20260418_073154,19,225207.5,137337.75,62274.75,0.7558049999999704,0.2125599999999884
35,0,w0_20260418_073154,20,53284.5,229539.75,44625.75,0.4421549999999896,0.24541999999999933
35,0,w0_20260418_073154,21,67716.5,238047,40486.5,0.5044250000000068,0.21600999999999265
35,0,w0_20260418_073154,22,158323,225980.25,61506.75,0.6023849999999796,0.45465500000001047
35,0,w0_20260418_073154,23,238732.75,278664,117623.25,0.4736950000000152,0.7121499999999766
35,0,w0_20260418_073154,24,58533.75,72430.5,295365.75,0.3795700000000054,0.441654999999997
35,0,w0_20260418_073154,25,223104,148698.75,284447.25,0.66763999999999,0.4363000000000256
35,0,w0_20260418_073154,26,117775.75,231176.25,104748,0.5745149999999758,0.2699749999999834
35,0,w0_20260418_073154,27,461135.5,115445.25,140399.25,0.791789999999983,0.7142249999999666
35,0,w0_20260418_073154,28,88621.75,252297.75,203770.5,0.5133899999999946,0.3271100000000026
35,0,w0_20260418_073154,29,333805,71334.75,343340.25,0.8715649999999885,0.3784350000000053
35,0,w0_20260418_073154,30,95345.5,246456.75,308757.75,0.4423350000000106,0.4026849999999931
35,0,w0_20260418_073154,31,321050,59972.25,303717.75,0.8955599999999891,0.3118250000000086
35,0,w0_20260418_073154,32,117740,255959.25,322290.75,0.4453300000000124,0.42617500000001374
35,0,w0_20260418_073154,33,136769.5,215649.75,234960.75,0.590324999999999,0.290535000000011
35,0,w0_20260418_073154,34,157962.5,160473.75,296073.75,0.5816249999999934,0.4101500000000013
35,0,w0_20260418_073154,35,355081.75,46338,329090.25,0.9185599999999936,0.3562649999999862
35,0,w0_20260418_073154,36,339687.25,53384.25,315298.5,0.9079499999999622,0.3310449999999986
35,0,w0_20260418_073154,37,223393,188901,277026,0.6708099999999801,0.3700299999999967
35,0,w0_20260418_073154,38,156227,209702.25,280080.75,0.550645000000008,0.4066600000000012
35,0,w0_20260418_073154,39,128229.5,187443.75,284556.75,0.5062850000000061,0.369460000000001
35,0,w0_20260418_073154,40,148602.75,196446.75,284320.5,0.5701299999999891,0.4025949999999904
35,0,w0_20260418_073154,41,83696.75,212322,317711.25,0.43405999999997247,0.4093949999999943
35,0,w0_20260418_073154,42,322840.5,60196.5,259653,0.8948749999999802,0.27899499999999905
35,0,w0_20260418_073154,43,291970.5,86224.5,216675,0.8513999999999643,0.27961999999999904
35,0,w0_20260418_073154,44,376134,64155,292251,0.8897399999998905,0.4124049999999936
35,0,w0_20260418_073154,45,242544,187994.25,264051.75,0.6758599999999932,0.4083349999999825
35,0,w0_20260418_073154,46,183053.75,246532.5,228933.75,0.4111850000000187,0.5886699999999706
35,0,w0_20260418_073154,47,133490.5,235605.75,287583.75,0.5067349999999761,0.4066850000000099
35,0,w0_20260418_073154,48,300559,122590.5,261490.5,0.7908849999999901,0.3905699999999997
35,0,w0_20260418_073154,49,64404.25,297965.25,260890.5,0.41659500000001454,0.3370150000000084
35,0,w0_20260418_073154,50,397255,83738.25,254046.75,0.8480700000000053,0.5029199999999789
35,0,w0_20260418_073154,51,177276.5,234468,235285.5,0.5900000000000148,0.35718999999999407
35,0,w0_20260418_073154,52,55981.75,84137.25,308181,0.2950299999999647,0.3829549999999877
35,0,w0_20260418_073154,53,273091.25,142432.5,255866.25,0.7531349999999909,0.369589999999993
35,0,w0_20260418_073154,54,162395.75,241068,277646.25,0.5550350000000059,0.3988249999999773
35,0,w0_20260418_073154,55,64435,161304.75,316370.25,0.47868999999996414,0.3767699999999891
35,0,w0_20260418_073154,56,223752.75,225438.75,254158.5,0.6055499999999898,0.444024999999997
35,0,w0_20260418_073154,57,172841.25,214359.75,274869,0.5706099999999871,0.3898299999999825
35,0,w0_20260418_073154,58,206942.75,208119.75,271807.5,0.5860549999999893,0.44655499999998
35,0,w0_20260418_073154,59,234973.25,165717.75,268149,0.7003199999999714,0.3542650000000057
35,0,w0_20260418_073154,60,244189,159680.25,265260.75,0.713814999999977,0.35318500000000164
35,0,w0_20260418_073154,61,159205,185613,284592,0.5208550000000011,0.41863499999997766
35,0,w0_20260418_073154,62,263878,113574.75,277067.25,0.7781750000000094,0.3943600000000014
35,0,w0_20260418_073154,63,377196.75,67843.5,276759.75,0.8773200000000363,0.45046999999998527
35,0,w0_20260418_073154,64,354409.75,78681,296339.25,0.8640450000000159,0.4110949999999903
35,0,w0_20260418_073154,65,136206,153014.25,286569.75,0.47320999999999885,0.42111999999997224
35,0,w0_20260418_073154,66,98552.5,139635.75,273471.75,0.49850499999998354,0.3599349999999854
35,0,w0_20260418_073154,67,169650.75,175721.25,237528,0.6063599999999719,0.4002999999999877
35,0,w0_20260418_073154,68,21624.25,166759.5,285656.25,0.23274999999997872,0.3948699999999852
35,0,w0_20260418_073154,69,325166.25,96779.25,271024.5,0.8281549999999533,0.3957549999999778
35,0,w0_20260418_073154,70,216452.25,161855.25,255082.5,0.6410049999999802,0.4263750000000048
35,0,w0_20260418_073154,71,392318.25,39534,277437.75,0.92942499999997,0.4197149999999907
35,0,w0_20260418_073154,72,24007.25,40837.5,285725.25,0.4937649999999753,0.37873499999999766
35,0,w0_20260418_073154,73,125293.75,23790,311786.25,0.6866600000000421,0.3957099999999908
35,0,w0_20260418_073154,74,209272.75,67786.5,384210.75,0.8613799999999088,0.18553500000000503
35,0,w0_20260418_073154,75,211576.5,89066.25,286007.25,0.6267450000000173,0.4439349999999872
35,0,w0_20260418_073154,76,167800.75,114105,282434.25,0.5436650000000008,0.3956949999999835
35,0,w0_20260418_073154,77,343670.75,58938.75,237640.5,0.8916400000000374,0.3976049999999966
35,0,w0_20260418_073154,78,59992.25,131186.25,311341.5,0.4213599999999749,0.4217599999999888
35,0,w0_20260418_073154,79,222391.5,89143.5,306075,0.6594849999999995,0.40303499999998815
35,0,w0_20260418_073154,80,120166.25,128375.25,327418.5,0.4824600000000142,0.37613999999998893
35,0,w0_20260418_073154,81,80561.25,153784.5,339134.25,0.4182400000000068,0.3686499999999883
35,0,w0_20260418_073154,82,269079.25,137736,233034.75,0.690799999999947,0.5721799999999887
35,0,w0_20260418_073154,83,238939.25,151990.5,285230.25,0.6799799999999927,0.4385699999999918
35,0,w0_20260418_073154,84,185250,229971,241179,0.6027249999999986,0.3862550000000125
35,0,w0_20260418_073154,85,333975.5,80563.5,212631,0.8604599999999902,0.389470000000004
35,0,w0_20260418_073154,86,-10000,64694.25,78620.25,0.34726500000001004,0.4567349999999968
35,0,w0_20260418_073154,87,338544.5,35890.5,198945,0.9181849999999928,0.2853550000000157
35,0,w0_20260418_073154,88,237192.5,137430.75,115026.75,0.7526699999999577,0.33995000000003195
35,0,w0_20260418_073154,89,272837.25,60687,203925.75,0.8935900000000278,0.15663499999999694
35,0,w0_20260418_073154,90,335706.5,66254.25,205799.25,0.8885849999999634,0.33158000000000915
35,0,w0_20260418_073154,91,262174.75,126668.25,143037,0.7870249999999817,0.24924999999999872
35,0,w0_20260418_073154,92,13981.5,111140.25,133208.25,0.3280799999999836,0.4856750000000325
35,0,w0_20260418_073154,93,154143.25,165794.25,255112.5,0.6154699999999975,0.37329500000000215
35,0,w0_20260418_073154,94,458113.25,10290.75,279966,0.981365000000064,0.473379999999999
35,0,w0_20260418_073154,95,353812,35715.75,124862.25,0.9401199999999622,0.36046500000001264
35,0,w0_20260418_073154,96,177511.75,220349.25,155199,0.6295850000000383,0.2987549999999992
35,0,w0_20260418_073154,97,244090,175212,260328,0.7031249999999383,0.3995700000000034
35,0,w0_20260418_073154,98,153746.75,113502,283331.25,0.6041699999999721,0.4366300000000087
35,0,w0_20260418_073154,99,155504.75,107850.75,232024.5,0.6707699999999606,0.4403950000000004
35,0,w0_20260418_073154,100,300121,163091.25,226287.75,0.666899999999986,0.568015000000002
35,1,w1_20260418_073955,1,221377,80559.75,85973.25,0.8087449999999617,0.18427999999997452
35,1,w1_20260418_073955,2,161085,191187,49848,0.6454549999999726,0.22031499999998289
35,1,w1_20260418_073955,3,156179.5,193992,50008.5,0.6403899999999947,0.18277499999998725
35,1,w1_20260418_073955,4,40450,305111.25,44868.75,0.41800999999999255,0.20805999999998903
35,1,w1_20260418_073955,5,-10000.000000000004,79000.46350461592,36631.63287825224,0.24763000000000107,0.1951849999999787
35,1,w1_20260418_073955,6,-10000,62569.5,39889.5,0.36646999999998886,0.20301999999997425
35,1,w1_20260418_073955,7,-9999.999999999998,160021.71767840872,71998.88571856878,0.3723949999999947,0.24935499999998192
35,1,w1_20260418_073955,8,1797.5,186787.5,52095,0.3591050000000079,0.224874999999982
35,1,w1_20260418_073955,9,146570.25,203562,55467.75,0.622839999999994,0.1617149999999887
35,1,w1_20260418_073955,10,165539.25,193192.5,53798.25,0.6476749999999853,0.2415849999999965
35,1,w1_20260418_073955,11,162392.75,195084.75,38362.5,0.6406099999999725,0.2794900000000108
35,1,w1_20260418_073955,12,3899,267096.75,51374.25,0.3624600000000044,0.2817649999999866
35,1,w1_20260418_073955,13,221470.75,144556.5,47502.75,0.7400399999999809,0.29304500000000255
35,1,w1_20260418_073955,14,-10000,128744.3127,25431.10935,0.20158999999997415,0.20670500000002023
35,1,w1_20260418_073955,15,266445.75,85359.75,86794.5,0.8476549999999899,0.1701049999999926
35,1,w1_20260418_073955,16,36875.5,213814.5,69900,0.4279050000000077,0.25545499999999405
35,1,w1_20260418_073955,17,239950,125208.75,51671.25,0.7775099999999698,0.1701399999999954
35,1,w1_20260418_073955,18,281665.25,83613.75,46221,0.8523299999999919,0.15121499999998603
35,1,w1_20260418_073955,19,7328,265868.25,109623.75,0.4020750000000075,0.19614999999999175
35,1,w1_20260418_073955,20,31544,260136,47610,0.4072550000000147,0.2198399999999937
35,1,w1_20260418_073955,21,141711.25,236253.75,52755,0.5794099999999819,0.4097400000000166
35,1,w1_20260418_073955,22,204281.75,174390,50498.25,0.6931099999999841,0.3687099999999927
35,1,w1_20260418_073955,23,134260.5,238475.25,48674.25,0.5826450000000095,0.2019349999999872
35,1,w1_20260418_073955,24,5768.75,218025.75,70315.5,0.31287500000001,0.2924700000000032
35,1,w1_20260418_073955,25,45322.25,287073.75,33234,0.434044999999997,0.255579999999985
35,1,w1_20260418_073955,26,306329.25,100038,107292.75,0.8182350000000117,0.5127450000000293
35,1,w1_20260418_073955,27,270891.75,106842.75,54655.5,0.8137699999999736,0.31397500000000184
35,1,w1_20260418_073955,28,7848,299916.75,81755.25,0.36120000000001745,0.2985449999999967
35,1,w1_20260418_073955,29,168357.25,205042.5,58130.25,0.642445000000039,0.23894500000000135
35,1,w1_20260418_073955,30,-10000,88849.5,31023,0.13358999999997473,0.495509999999993
35,1,w1_20260418_073955,31,-10000,34622.25,31301.25,0.11654999999997635,0.4180400000000044
35,1,w1_20260418_073955,32,-10000,77076.15,52939.05,0.2932249999999765,0.3191949999999942
35,1,w1_20260418_073955,33,292284.5,67470,107725.5,0.8804999999999716,0.25168999999999403
35,1,w1_20260418_073955,34,130808,237159,117903,0.5901799999999886,0.27707500000001284
35,1,w1_20260418_073955,35,15237.75,179900.25,65502,0.3706400000000152,0.19113999999999845
35,1,w1_20260418_073955,36,50636.25,222210.75,37263,0.4266049999999896,0.10559000000000072
35,1,w1_20260418_073955,37,205926.25,170676,52797.75,0.7045550000000415,0.25160999999999506
35,1,w1_20260418_073955,38,292918.5,76347.75,87813.75,0.8680499999999737,0.22768999999999773
35,1,w1_20260418_073955,39,76478,267224.25,48147.75,0.47734499999998614,0.200834999999992
35,1,w1_20260418_073955,40,40099.25,246371.25,18679.5,0.36990000000001305,0.20241500000000093
35,1,w1_20260418_073955,41,23419,241646.25,24144.75,0.4198800000000334,0.1681549999999992
35,1,w1_20260418_073955,42,322747.5,53506.5,29946,0.9049599999999834,0.08311999999999894
35,1,w1_20260418_073955,43,2291.5,185355,52423.5,0.34885500000000946,0.17527999999999752
35,1,w1_20260418_073955,44,9891,67503.75,25715.25,0.4789000000000316,0.10586999999999964
35,1,w1_20260418_073955,45,1812.25,78978.75,21069,0.321354999999992,0.25146999999999164
35,1,w1_20260418_073955,46,86961.25,108309,53259.75,0.5146000000000118,0.4044450000000085
35,1,w1_20260418_073955,47,177762.75,201615,38342.25,0.6456950000000027,0.2705749999999947
35,1,w1_20260418_073955,48,279380.25,104169.75,28530,0.8228250000000047,0.11043499999999508
35,1,w1_20260418_073955,49,73894.25,283683.75,82182,0.4823300000000096,0.254590000000004
35,1,w1_20260418_073955,50,72473.25,242607,66309.75,0.4577849999999896,0.2887099999999904
35,1,w1_20260418_073955,51,98524,282471.75,88184.25,0.5130150000000078,0.37618499999999383
35,1,w1_20260418_073955,52,67986,182561.25,84372.75,0.5301050000000092,0.3326550000000028
35,1,w1_20260418_073955,53,321701.25,78891,22707.75,0.8616699999999402,0.6735999999999873
35,1,w1_20260418_073955,54,108824.25,212970,90735.75,0.5557499999999902,0.2289349999999948
35,1,w1_20260418_073955,55,54672.25,194681.25,95206.5,0.46384499999999207,0.3737899999999966
35,1,w1_20260418_073955,56,102656.75,214419,80294.25,0.5292800000000102,0.32001000000000523
35,1,w1_20260418_073955,57,92188.5,210216,42955.5,0.5136999999999998,0.238774999999992
35,1,w1_20260418_073955,58,264127,113610,25383,0.7904899999999332,0.2864700000000118
35,1,w1_20260418_073955,59,-9999.999999999996,65363.42303080444,33233.938074041755,0.1631299999999854,0.5177349999999745
35,1,w1_20260418_073955,60,218307.25,39969,69333.75,0.8536250000000201,0.36709499999999445
35,1,w1_20260418_073955,61,168839.75,186954.75,114655.5,0.6403599999999907,0.48449499999999673
35,1,w1_20260418_073955,62,6271.25,207601.5,201317.25,0.5060400000000119,0.1193799999999959
35,1,w1_20260418_073955,63,238474.25,132604.5,66191.25,0.7684549999999926,0.2911349999999959
35,1,w1_20260418_073955,64,250418.25,117411,150510.75,0.7928299999999416,0.3926499999999936
35,1,w1_20260418_073955,65,32051.25,148401.75,54627,0.5306649999999549,0.17256999999999534
35,1,w1_20260418_073955,66,40506.25,204319.5,89924.25,0.3967049999999869,0.27612499999999834
35,1,w1_20260418_073955,67,268988.25,73052.25,172129.5,0.8739599999999631,0.10750999999999664
35,1,w1_20260418_073955,68,39024.75,202933.5,102951.75,0.44871500000002623,0.26038000000000205
35,1,w1_20260418_073955,69,270174.75,112376.25,87459,0.8065049999999514,0.36618499999998944
35,1,w1_20260418_073955,70,304096.5,77520,98743.5,0.8685599999999798,0.35733999999999794
35,1,w1_20260418_073955,71,320918,68523.75,59318.25,0.8845699999999473,0.27655000000000146
35,1,w1_20260418_073955,72,340896.25,48105.75,44208,0.91887499999995,0.2459000000000048
35,1,w1_20260418_073955,73,56390.25,181605,137544.75,0.4790449999999953,0.2449749999999956
35,1,w1_20260418_073955,74,16296,175422,109452,0.34929999999999967,0.2502249999999995
35,1,w1_20260418_073955,75,8654.5,182189.25,224456.25,0.3638649999999879,0.34494000000003455
35,1,w1_20260418_073955,76,57087.25,187099.5,176813.25,0.5018200000000145,0.22986999999999524
35,1,w1_20260418_073955,77,337657.75,53810.25,74892,0.9083299999999938,0.3662749999999991
35,1,w1_20260418_073955,78,297442.25,95189.25,147238.5,0.8271649999999652,0.42183999999999133
35,1,w1_20260418_073955,79,218163.75,168880.5,129015.75,0.7082350000000484,0.29361999999999405
35,1,w1_20260418_073955,80,28335.25,98442,110172.75,0.5285249999999795,0.4416900000000227
35,1,w1_20260418_073955,81,31008.75,90874.5,186726.75,0.4651050000000062,0.3473350000000282
35,1,w1_20260418_073955,82,-6740.75,62504.25,62566.5,0.4766899999999951,0.3519799999999982
35,1,w1_20260418_073955,83,121549.75,107204.25,71916,0.7213549999999942,0.12279999999999966
35,1,w1_20260418_073955,84,146814.25,224529,56976.75,0.6083949999999906,0.17863999999999317
35,1,w1_20260418_073955,85,-10000,51218.25,36458.25,0.27056000000003316,0.3994699999999811
35,1,w1_20260418_073955,86,252341.25,61045.5,68153.25,0.8497300000000231,0.20639000000000152
35,1,w1_20260418_073955,87,20704.5,63172.5,67773,0.6512799999999348,0.13712999999999884
35,1,w1_20260418_073955,88,76539,139971,67380,0.5676299999999719,0.292044999999995
35,1,w1_20260418_073955,89,192405.75,196625.25,165429,0.6100199999999875,0.5048000000000313
35,1,w1_20260418_073955,90,168037.75,179476.5,114045.75,0.6593300000000157,0.255239999999994
35,1,w1_20260418_073955,91,120462,214822.5,71335.5,0.5687849999999743,0.27746500000000346
35,1,w1_20260418_073955,92,212656.25,163036.5,165677.25,0.6972699999999861,0.3753250000000116
35,1,w1_20260418_073955,93,87153.75,256853.25,78963,0.5007799999999876,0.2965549999999844
35,1,w1_20260418_073955,94,252538.25,133070.25,62701.5,0.7716200000000047,0.38240500000000494
35,1,w1_20260418_073955,95,244148.75,128004,50927.25,0.7607349999999768,0.2354050000000007
35,1,w1_20260418_073955,96,192645.25,192823.5,31811.25,0.6661800000000164,0.22356499999998472
35,1,w1_20260418_073955,97,9193.25,128379.75,98037,0.39836499999999103,0.2863699999999973
35,1,w1_20260418_073955,98,131236.75,228859.5,98013.75,0.5706600000000244,0.3153150000000137
35,1,w1_20260418_073955,99,-905.5,92706,87049.5,0.4653950000000043,0.0903649999999906
35,1,w1_20260418_073955,100,75470.75,128916.75,54832.5,0.5977949999999577,0.32926000000001837
36,0,w0_20260418_074749,1,218144,111966.75,101009.25,0.784469999999979,0.1687099999999809
36,0,w0_20260418_074749,2,89798.25,258660,56751.75,0.5212600000000076,0.14765999999999616
36,0,w0_20260418_074749,3,149135.25,198860.25,55144.5,0.6316549999999977,0.15691499999999853
36,0,w0_20260418_074749,4,63045,283076.25,51228.75,0.4670849999999982,0.15842999999999255
36,0,w0_20260418_074749,5,123902,226858.5,47179.5,0.5781649999999928,0.1735449999999991
36,0,w0_20260418_074749,6,144398,207966,45186,0.6168849999999935,0.12998499999999666
36,0,w0_20260418_074749,7,78709.75,237537,50003.25,0.4968499999999953,0.1617399999999986
36,0,w0_20260418_074749,8,-4690.5,165141,77659.5,0.3631950000000128,0.2310200000000013
36,0,w0_20260418_074749,9,173586.75,140667.75,39835.5,0.6776299999999666,0.2433049999999934
36,0,w0_20260418_074749,10,81710.75,269706.75,40042.5,0.4965500000000002,0.1812049999999918
36,0,w0_20260418_074749,11,31958.5,290557.5,40344,0.4033950000000074,0.15768499999999613
36,0,w0_20260418_074749,12,124.75,230313,48872.25,0.3271799999999968,0.2113599999999992
36,0,w0_20260418_074749,13,85840.25,267745.5,101414.25,0.49883999999999706,0.2993500000000093
36,0,w0_20260418_074749,14,180605,170665.5,53449.5,0.6871199999999656,0.1516199999999904
36,0,w0_20260418_074749,15,203685.25,140364,64650.75,0.7376599999999703,0.10734499999999346
36,0,w0_20260418_074749,16,90015.5,268203,36331.5,0.515159999999974,0.11397499999999434
36,0,w0_20260418_074749,17,246557.5,111609,47893.5,0.7938049999999697,0.21599999999999453
36,0,w0_20260418_074749,18,212901.25,154927.5,35261.25,0.7212499999999141,0.2688050000000086
36,0,w0_20260418_074749,19,109436,264188.25,22005.75,0.527554999999998,0.35117000000001203
36,0,w0_20260418_074749,20,43945,270730.5,31984.5,0.4747900000000026,0.12770499999999266
36,0,w0_20260418_074749,21,22117.75,183250.5,33591.75,0.3550399999999945,0.197014999999986
36,0,w0_20260418_074749,22,83278.75,271698,51563.25,0.46066000000000823,0.41982999999996334
36,0,w0_20260418_074749,23,41435.75,226736.25,28638,0.43735000000000607,0.2030349999999996
36,0,w0_20260418_074749,24,226511.5,138444,50344.5,0.7470399999999724,0.2261449999999927
36,0,w0_20260418_074749,25,239317.5,130709.25,35963.25,0.7689200000000146,0.09767999999999843
36,0,w0_20260418_074749,26,-9999.999999999996,38751.879920054955,14920.40752200486,0.1593649999999817,0.15807500000000127
36,0,w0_20260418_074749,27,255485.25,61821,63063.75,0.8284799999999919,0.18788500000000757
36,0,w0_20260418_074749,28,323568.75,55245.75,83095.5,0.9028700000000144,0.3010250000000095
36,0,w0_20260418_074749,29,178486.5,195904.5,33129,0.6591749999999836,0.1538249999999988
36,0,w0_20260418_074749,30,237814.5,147150,100555.5,0.7429149999999614,0.40735999999998257
36,0,w0_20260418_074749,31,27339,50659.5,79471.5,0.14816999999996738,0.4594349999999832
36,0,w0_20260418_074749,32,119767,70548.75,160304.25,0.13346999999999412,0.6335499999999743
36,0,w0_20260418_074749,33,7221.25,19941.75,166797,0.19038499999997952,0.2866849999999855
36,0,w0_20260418_074749,34,155022.5,222917.25,163640.25,0.6042550000000021,0.30033999999999245
36,0,w0_20260418_074749,35,160756.25,282792,252381.75,0.495519999999994,0.4781250000000102
36,0,w0_20260418_074749,36,30339.5,16295.25,242915.25,0.23893500000001625,0.3820999999999963
36,0,w0_20260418_074749,37,183321,82216.5,264892.5,0.6686749999999781,0.4765250000000062
36,0,w0_20260418_074749,38,139621.75,228099.75,277918.5,0.5012949999999916,0.4383700000000058
36,0,w0_20260418_074749,39,181518.25,220411.5,294620.25,0.5500699999999672,0.4434450000000043
36,0,w0_20260418_074749,40,29246,77846.25,267477.75,0.14188999999997423,0.39646500000000406
36,0,w0_20260418_074749,41,32949.75,240923.25,217557,0.3954149999999945,0.268644999999996
36,0,w0_20260418_074749,42,251420.25,112749,244260.75,0.6216199999999621,0.5477149999999984
36,0,w0_20260418_074749,43,152219,240468,282753,0.5464099999999817,0.4030000000000186
36,0,w0_20260418_074749,44,298175.25,74678.25,289756.5,0.8567100000000509,0.36213
36,0,w0_20260418_074749,45,36004.75,88041.75,250003.5,0.36165000000000747,0.36356499999998015
36,0,w0_20260418_074749,46,374468,41217.75,276434.25,0.928420000000001,0.3645850000000051
36,0,w0_20260418_074749,47,34019.75,160956,281444.25,0.19872999999997684,0.3824750000000128
36,0,w0_20260418_074749,48,321054.25,76774.5,263651.25,0.860999999999939,0.3125450000000015
36,0,w0_20260418_074749,49,201349,203919.75,277571.25,0.6202349999999779,0.39061000000000873
36,0,w0_20260418_074749,50,155515.75,232366.5,286737.75,0.5404799999999741,0.4037300000000125
36,0,w0_20260418_074749,51,177359.5,218335.5,284475,0.5420400000000322,0.4546900000000005
36,0,w0_20260418_074749,52,222920.75,123466.5,311442.75,0.6951600000000555,0.4291450000000049
36,0,w0_20260418_074749,53,149587.75,168874.5,282087.75,0.620390000000023,0.35125500000000015
36,0,w0_20260418_074749,54,132079.5,162546,269104.5,0.5903050000000155,0.33278500000000033
36,0,w0_20260418_074749,55,371389.75,37502.25,240078,0.9295549999998935,0.42161500000000435
36,0,w0_20260418_074749,56,54623.25,162614.25,240232.5,0.39301999999998777,0.3333699999999995
36,0,w0_20260418_074749,57,220031.75,196935,276503.25,0.594479999999967,0.48463500000000215
36,0,w0_20260418_074749,58,278227,131465.25,296697.75,0.7495700000000349,0.3940399999999962
36,0,w0_20260418_074749,59,327788.75,109447.5,299043.75,0.8019000000000259,0.44288500000000475
36,0,w0_20260418_074749,60,26972,36615.75,280082.25,0.13932499999998438,0.385529999999997
36,0,w0_20260418_074749,61,241823.5,149356.5,288690,0.6911949999999775,0.38783500000001
36,0,w0_20260418_074749,62,55748,89661,260301,0.3668250000000046,0.4035899999999971
36,0,w0_20260418_074749,63,73590,69682.5,317527.5,0.3977849999999684,0.4320150000000018
36,0,w0_20260418_074749,64,190283,152389.5,274417.5,0.6330899999999967,0.38905499999999776
36,0,w0_20260418_074749,65,150166.75,131933.25,286950,0.5813699999999873,0.33479500000001416
36,0,w0_20260418_074749,66,283299.5,99980.25,270320.25,0.7870899999999573,0.392964999999992
36,0,w0_20260418_074749,67,177571.5,65226.75,249861.75,0.7405200000000025,0.33638500000000343
36,0,w0_20260418_074749,68,298816,86637,268047,0.8455700000000294,0.35906500000001385
36,0,w0_20260418_074749,69,194515,165328.5,259096.5,0.567835000000018,0.47660999999998366
36,0,w0_20260418_074749,70,223691,133800.75,270308.25,0.6912450000000077,0.3613000000000059
36,0,w0_20260418_074749,71,172215.75,73473,249371.25,0.7246849999999402,0.3790649999999988
36,0,w0_20260418_074749,72,200584,114948,307938,0.6247450000000043,0.38994000000000617
36,0,w0_20260418_074749,73,156881.75,92062.5,262005.75,0.6295949999999266,0.35160000000000396
36,0,w0_20260418_074749,74,228644.25,184492.5,255803.25,0.5430950000000256,0.5514599999999891
36,0,w0_20260418_074749,75,111880,98060.25,259509.75,0.5360749999999732,0.3766700000000012
36,0,w0_20260418_074749,76,206387.25,77177.25,297685.5,0.748125000000013,0.34936000000000944
36,0,w0_20260418_074749,77,290290.25,44994.75,323325,0.8827099999999884,0.3487350000000027
36,0,w0_20260418_074749,78,121345.5,86642.25,247502.25,0.5851699999999946,0.3550000000000048
36,0,w0_20260418_074749,79,172486.75,76062.75,310870.5,0.7482199999999725,0.3735050000000122
36,0,w0_20260418_074749,80,126461.75,100895.25,306333,0.6538350000000093,0.37614499999999607
36,0,w0_20260418_074749,81,55700,132555.75,291704.25,0.5299449999999428,0.3920350000000099
36,0,w0_20260418_074749,82,205822.75,59822.25,331905,0.7983049999999624,0.3869599999999809
36,0,w0_20260418_074749,83,235004.75,38227.5,222447.75,0.880219999999979,0.3489800000000088
36,0,w0_20260418_074749,84,173269.25,111927.75,307683,0.640254999999972,0.43603000000000586
36,0,w0_20260418_074749,85,338508,25478.25,340353.75,0.9544799999999676,0.2732350000000095
36,0,w0_20260418_074749,86,175028.25,138062.25,328579.5,0.5936749999999984,0.3873100000000137
36,0,w0_20260418_074749,87,146278.75,131939.25,306492,0.5640200000000041,0.371615000000012
36,0,w0_20260418_074749,88,138797.5,136905.75,249126.75,0.562234999999998,0.35906500000000346
36,0,w0_20260418_074749,89,77147.5,157502.25,302750.25,0.5136199999999972,0.3821599999999966
36,0,w0_20260418_074749,90,275052.25,75221.25,267856.5,0.8246550000000198,0.3493400000000004
36,0,w0_20260418_074749,91,157907.25,115807.5,258935.25,0.5975100000000092,0.37417499999999415
36,0,w0_20260418_074749,92,116272.75,140341.5,305535.75,0.45569500000000374,0.3853649999999933
36,0,w0_20260418_074749,93,-10000,79039.65,87079.95,0.7648749999999026,0.6244350000000223
36,0,w0_20260418_074749,94,158285.75,85700.25,271614,0.7245899999999977,0.3971900000000127
36,0,w0_20260418_074749,95,114144.25,93483,226602.75,0.4789849999999509,0.5252999999999807
36,0,w0_20260418_074749,96,61346.75,30990,294083.25,0.7735599999999097,0.313124999999996
36,0,w0_20260418_074749,97,-181,32168.25,171612.75,0.5000749999999468,0.34840999999999933
36,0,w0_20260418_074749,98,171538.5,113721,285520.5,0.6643799999999799,0.40686499999999853
36,0,w0_20260418_074749,99,367177.75,28389.75,259282.5,0.9432500000000188,0.3990350000000145
36,0,w0_20260418_074749,100,207627.5,164668.5,203574,0.6874349999999777,0.33825000000001393
36,1,w1_20260418_075548,1,207553.5,123295.5,143541,0.7653049999999767,0.2359350000000011
36,1,w1_20260418_075548,2,97175.25,256587,57297.75,0.5250600000000042,0.24393
36,1,w1_20260418_075548,3,-10000,79984.08374999999,16700.25,0.4162500000000049,0.3444400000000116
36,1,w1_20260418_075548,4,134134.75,212130.75,72274.5,0.6026099999999823,0.21894999999999873
36,1,w1_20260418_075548,5,117407,223917.75,80405.25,0.580764999999998,0.184384999999996
36,1,w1_20260418_075548,6,156667.25,192227.25,94585.5,0.6435249999999972,0.24247500000000333
36,1,w1_20260418_075548,7,100667.75,239302.5,119439.75,0.5510899999999939,0.2278999999999969
36,1,w1_20260418_075548,8,184140,159822.75,127007.25,0.7069949999999683,0.19575999999999769
36,1,w1_20260418_075548,9,202317.25,158900.25,101422.5,0.7134499999999805,0.25407499999999394
36,1,w1_20260418_075548,10,9055.75,300029.25,159075,0.37809000000000703,0.26264999999999944
36,1,w1_20260418_075548,11,198475.5,114004.5,262350,0.790854999999944,0.17952999999998617
36,1,w1_20260418_075548,12,149074,197552.25,119613.75,0.6404499999999868,0.2022649999999969
36,1,w1_20260418_075548,13,132092,224707.5,115180.5,0.5977449999999891,0.28129000000000887
36,1,w1_20260418_075548,14,167471,177165.75,145463.25,0.6829949999999702,0.18892499999999668
36,1,w1_20260418_075548,15,40184.5,299865,143110.5,0.45247999999999866,0.19249999999999637
36,1,w1_20260418_075548,16,166004.75,175671.75,140083.5,0.6832599999999571,0.14221999999999255
36,1,w1_20260418_075548,17,48209,272320.5,126790.5,0.45766999999999936,0.19966000000000309
36,1,w1_20260418_075548,18,233113.5,133290.75,199575.75,0.7633799999999926,0.29295000000001126
36,1,w1_20260418_075548,19,195670.75,192434.25,229665,0.6156799999999542,0.4298149999999985
36,1,w1_20260418_075548,20,239143.5,124186.5,180480,0.7796849999999362,0.2929399999999907
36,1,w1_20260418_075548,21,151037.5,233652,214930.5,0.5642649999999949,0.3608849999999987
36,1,w1_20260418_075548,22,199604,200962.5,259063.5,0.6416299999999956,0.3604999999999984
36,1,w1_20260418_075548,23,134898.25,246711.75,185160,0.552389999999988,0.3324450000000099
36,1,w1_20260418_075548,24,157351.75,239907,225971.25,0.5625249999999948,0.42088500000001033
36,1,w1_20260418_075548,25,157501.5,248300.25,239768.25,0.5211049999999738,0.43861999999999607
36,1,w1_20260418_075548,26,34496.75,225208.5,83634.75,0.3913150000000182,0.5221950000000202
36,1,w1_20260418_075548,27,93395.75,245558.25,219456,0.4874949999999723,0.3748350000000236
36,1,w1_20260418_075548,28,377824,64268.25,276027.75,0.8828600000000059,0.4493950000000017
36,1,w1_20260418_075548,29,371362,73348.5,259789.5,0.8725249999999678,0.4391599999999961
36,1,w1_20260418_075548,30,369077.25,130218.75,241224,0.7719699999999526,0.5454999999999923
36,1,w1_20260418_075548,31,242516,135210,191364,0.7651449999999346,0.3136700000000073
36,1,w1_20260418_075548,32,67072.75,255252,277055.25,0.39679500000000806,0.39303000000000055
36,1,w1_20260418_075548,33,289876.75,99342,216191.25,0.8249749999999447,0.3013650000000016
36,1,w1_20260418_075548,34,11662.5,88382.25,258455.25,0.3366549999999684,0.3542800000000223
36,1,w1_20260418_075548,35,340579.25,73636.5,296234.25,0.8629049999999945,0.3987500000000075
36,1,w1_20260418_075548,36,73992.75,194604.75,290572.5,0.4788750000000051,0.3482250000000104
36,1,w1_20260418_075548,37,258747,144591.75,284081.25,0.7456249999999619,0.36945999999999785
36,1,w1_20260418_075548,38,244193.75,170862,281684.25,0.7054099999999413,0.38700500000000254
36,1,w1_20260418_075548,39,276574.5,140654.25,292811.25,0.7571649999999577,0.3938949999999954
36,1,w1_20260418_075548,40,69322.25,201799.5,205628.25,0.5018849999999846,0.3229250000000048
36,1,w1_20260418_075548,41,164578.75,217727.25,284964,0.554644999999978,0.40612500000000495
36,1,w1_20260418_075548,42,174778.5,241899,295582.5,0.5632049999999701,0.4222350000000179
36,1,w1_20260418_075548,43,96598.25,202399.5,226892.25,0.4680550000000177,0.3828450000000003
36,1,w1_20260418_075548,44,91274,264505.5,116770.5,0.5343449999999743,0.15527499999998184
36,1,w1_20260418_075548,45,103908.75,173820,288341.25,0.465674999999987,0.4268199999999988
36,1,w1_20260418_075548,46,294713,104812.5,185584.5,0.8158299999999149,0.34451500000001656
36,1,w1_20260418_075548,47,293644.25,101790,152775.75,0.8255499999999493,0.3722449999999702
36,1,w1_20260418_075548,48,146199.75,233539.5,233790.75,0.5608199999999697,0.39919999999999106
36,1,w1_20260418_075548,49,136007,203395.5,168847.5,0.5603300000000005,0.3082700000000049
36,1,w1_20260418_075548,50,139529.75,215920.5,129639.75,0.5985699999999694,0.22903500000000773
36,1,w1_20260418_075548,51,88255.75,165925.5,170358.75,0.44466999999998424,0.2950050000000122
36,1,w1_20260418_075548,52,334724.25,45749.25,178426.5,0.914024999999994,0.32296000000000286
36,1,w1_20260418_075548,53,127796.5,113122.5,191271,0.6275599999999726,0.33179000000000725
36,1,w1_20260418_075548,54,305365,87236.25,126678.75,0.8504599999999518,0.47697999999999474
36,1,w1_20260418_075548,55,334666.5,110446.5,302427,0.8111549999999297,0.43622999999998746
36,1,w1_20260418_075548,56,146169,139311.75,217109.25,0.6042949999999911,0.39966499999999267
36,1,w1_20260418_075548,57,136892,101552.25,203685.75,0.5705649999999578,0.3036650000000278
36,1,w1_20260418_075548,58,159145.75,62862.75,218131.5,0.716909999999942,0.37557500000000865
36,1,w1_20260418_075548,59,264166,62649.75,178034.25,0.8569699999999568,0.45011500000002114
36,1,w1_20260418_075548,60,334197.75,62302.5,162339.75,0.8943699999999702,0.3060499999999977
36,1,w1_20260418_075548,61,53588,105704.25,248367.75,0.5351099999999679,0.31110499999999586
36,1,w1_20260418_075548,62,145784.25,60640.5,195215.25,0.7314399999999351,0.27013500000000157
36,1,w1_20260418_075548,63,45698.25,158784,331467.75,0.39877000000003127,0.394925000000004
36,1,w1_20260418_075548,64,122361.5,109095.75,264762.75,0.5686349999999862,0.3504400000000065
36,1,w1_20260418_075548,65,155113,146193.75,198833.25,0.6553900000000131,0.27659000000000605
36,1,w1_20260418_075548,66,205715.5,139897.5,99867,0.7254449999999374,0.3271200000000197
36,1,w1_20260418_075548,67,229137.75,173262,163670.25,0.6911500000000051,0.401695000000002
36,1,w1_20260418_075548,68,290346.75,99424.5,78138.75,0.8312499999999716,0.24813999999999692
36,1,w1_20260418_075548,69,184722.25,200055.75,104082,0.6333349999999789,0.37393000000001414
36,1,w1_20260418_075548,70,7489.25,228186,292344.75,0.2968349999999973,0.35233000000000436
36,1,w1_20260418_075548,71,214960.25,91176.75,229683,0.7206049999999533,0.4200800000000096
36,1,w1_20260418_075548,72,304594,99561.75,139604.25,0.8253399999999261,0.3756000000000158
36,1,w1_20260418_075548,73,-9999.999999999956,122497.76975160003,147785.5929330723,0.350910000000006,0.3135799999999664
36,1,w1_20260418_075548,74,15374.75,59701.5,177663.75,0.5266800000000083,0.33017500000001915
36,1,w1_20260418_075548,75,189149.25,141382.5,199418.25,0.6549349999999877,0.4539250000000049
36,1,w1_20260418_075548,76,175644.75,187134,130121.25,0.6548949999999911,0.2897050000000212
36,1,w1_20260418_075548,77,41101,133091.25,125577.75,0.3400500000000034,0.4121400000000068
36,1,w1_20260418_075548,78,190205.5,201622.5,258552,0.6070650000000254,0.4136450000000089
36,1,w1_20260418_075548,79,86462.5,193005.75,279951.75,0.4905299999999972,0.3403400000000066
36,1,w1_20260418_075548,80,25297,38316,218007,0.24032500000002327,0.4232700000000119
36,1,w1_20260418_075548,81,8543.75,38976,156920.25,0.24306500000004116,0.31058000000001496
36,1,w1_20260418_075548,82,41745.25,16006.5,207098.25,0.5933599999999882,0.351735000000015
36,1,w1_20260418_075548,83,140478.75,164949,270092.25,0.5420750000000026,0.3829250000000104
36,1,w1_20260418_075548,84,131332,170930.25,230787.75,0.563939999999997,0.3755350000000128
36,1,w1_20260418_075548,85,111596.25,130860,273573.75,0.5211899999999753,0.3617100000000138
36,1,w1_20260418_075548,86,82839.75,121462.5,260127.75,0.5677249999999755,0.32946500000001
36,1,w1_20260418_075548,87,288330.5,51963,213526.5,0.8817599999999997,0.3850500000000034
36,1,w1_20260418_075548,88,51802.25,167575.5,268772.25,0.4611050000000035,0.32366000000000794
36,1,w1_20260418_075548,89,69694.25,150537,245388.75,0.47743999999999315,0.35151000000002575
36,1,w1_20260418_075548,90,82288.5,169972.5,215109,0.6015899999999768,0.1893549999999896
36,1,w1_20260418_075548,91,220225.25,220946.25,201448.5,0.5254800000000203,0.5805050000000147
36,1,w1_20260418_075548,92,38864.75,155754,198851.25,0.3958349999999936,0.2100649999999908
36,1,w1_20260418_075548,93,-10000,30490.5,66104.84999999999,0.7221899999999853,0.4667799999999971
36,1,w1_20260418_075548,94,12072.75,100041,256376.25,0.3201550000000155,0.33228999999999953
36,1,w1_20260418_075548,95,91401.5,162097.5,227511,0.5633499999999964,0.26339500000000055
36,1,w1_20260418_075548,96,42741.75,85178.25,274350,0.5251550000000175,0.394290000000013
36,1,w1_20260418_075548,97,41136.5,132291,284032.5,0.317985000000027,0.39458000000001686
36,1,w1_20260418_075548,98,140703,124469.25,217047.75,0.5757599999999632,0.4331199999999928
36,1,w1_20260418_075548,99,321989.25,70879.5,266921.25,0.8787050000000328,0.31863500000000705
36,1,w1_20260418_075548,100,128373.75,231565.5,280950.75,0.428110000000019,0.482904999999982
37,0,w0_20260418_080345,1,256510.75,74163,97166.25,0.8562849999999795,0.16236000000000544
37,0,w0_20260418_080345,2,257122,89739.75,59018.25,0.833319999999969,0.17769499999999597
37,0,w0_20260418_080345,3,195123.25,155969.25,52567.5,0.7132949999999684,0.15429999999999777
37,0,w0_20260418_080345,4,219642,138309,47859,0.7483549999999526,0.2039599999999963
37,0,w0_20260418_080345,5,-10000.000000000002,69233.45304979541,9549.753004187083,0.4317550000000043,0.1590200000000016
37,0,w0_20260418_080345,6,170597.75,187805.25,40377,0.6543299999999688,0.29265000000001096
37,0,w0_20260418_080345,7,246907.5,109815.75,45726.75,0.8001399999999664,0.16417000000000104
37,0,w0_20260418_080345,8,10947.25,226758,45144.75,0.3801250000000024,0.14384999999999837
37,0,w0_20260418_080345,9,65575,249842.25,43302.75,0.4725649999999844,0.19558499999999737
37,0,w0_20260418_080345,10,93903,262782,161955,0.5062350000000032,0.30204000000002496
37,0,w0_20260418_080345,11,368142.75,170739.75,118867.5,0.6778899999999768,0.7219450000000197
37,0,w0_20260418_080345,12,24757.25,333839.25,95623.5,0.37478499999998544,0.26576999999999934
37,0,w0_20260418_080345,13,219691.25,143115.75,42813,0.730854999999992,0.2822549999999978
37,0,w0_20260418_080345,14,-10000,98078.25,53112.75,0.6664199999999161,0.363679999999975
37,0,w0_20260418_080345,15,280256,109905.75,208058.25,0.8017999999999788,0.3891649999999984
37,0,w0_20260418_080345,16,195074.5,201660,219475.5,0.6379649999999771,0.36473000000000655
37,0,w0_20260418_080345,17,273193.75,146271,230225.25,0.7392399999999637,0.4171349999999828
37,0,w0_20260418_080345,18,388082.75,121377,215540.25,0.7829849999999736,0.577514999999994
37,0,w0_20260418_080345,19,260553.5,199491.75,277944.75,0.6459800000000031,0.48528000000000304
37,0,w0_20260418_080345,20,276428,157803.75,289658.25,0.721619999999982,0.43565000000002546
37,0,w0_20260418_080345,21,153740.5,291684.75,285804.75,0.47532499999999817,0.4695199999999988
37,0,w0_20260418_080345,22,60378.25,264532.5,302159.25,0.3551999999999938,0.4033650000000063
37,0,w0_20260418_080345,23,153922,243798,311910,0.5560349999999892,0.3765549999999966
37,0,w0_20260418_080345,24,135016,247482,273222,0.5536150000000021,0.33276999999998763
37,0,w0_20260418_080345,25,260336.75,106078.5,214524.75,0.8142949999999047,0.25631999999999366
37,0,w0_20260418_080345,26,176930.5,228246.75,269562.75,0.5937849999999768,0.3885350000000054
37,0,w0_20260418_080345,27,78845.25,146436,296808.75,0.4367300000000047,0.4070300000000036
37,0,w0_20260418_080345,28,321583.75,77761.5,260484.75,0.8516900000000045,0.3900949999999936
37,0,w0_20260418_080345,29,134579.75,263947.5,264972.75,0.5278450000000171,0.36149500000000334
37,0,w0_20260418_080345,30,98819.5,222819,197791.5,0.5105000000000034,0.32919000000001164
37,0,w0_20260418_080345,31,338347.25,88279.5,256913.25,0.845419999999953,0.4209249999999927
37,0,w0_20260418_080345,32,89778.75,237945,262256.25,0.4646549999999881,0.3731249999999946
37,0,w0_20260418_080345,33,278886.5,108342,209761.5,0.8078150000000013,0.3121149999999956
37,0,w0_20260418_080345,34,188906,141403.5,254500.5,0.6177149999999788,0.4851100000000003
37,0,w0_20260418_080345,35,172146.75,208313.25,294600,0.6062049999999727,0.38010999999998646
37,0,w0_20260418_080345,36,330248.75,58248.75,247342.5,0.8981150000000151,0.325255
37,0,w0_20260418_080345,37,170084,151889.25,259866.75,0.5563800000000091,0.43986499999998785
37,0,w0_20260418_080345,38,216683.25,121858.5,299228.25,0.6940949999999918,0.4101900000000059
37,0,w0_20260418_080345,39,223780,119284.5,287785.5,0.6676500000000055,0.45850499999999694
37,0,w0_20260418_080345,40,230490.25,132160.5,305339.25,0.6898949999999285,0.3912600000000001
37,0,w0_20260418_080345,41,321198.25,82668,286923.75,0.855449999999952,0.35393999999999304
37,0,w0_20260418_080345,42,218629.5,182483.25,214517.25,0.6829499999999964,0.346339999999997
37,0,w0_20260418_080345,43,15380.25,255854.25,302305.5,0.21261999999999512,0.4241549999999833
37,0,w0_20260418_080345,44,164170,110094,310896,0.7093099999999944,0.41367500000000135
37,0,w0_20260418_080345,45,391128,36946.5,299515.5,0.9366599999999776,0.40958499999999753
37,0,w0_20260418_080345,46,116923.25,139869,303117.75,0.4698499999999877,0.37686000000000625
37,0,w0_20260418_080345,47,125319.25,155590.5,303110.25,0.5604750000000154,0.3868749999999926
37,0,w0_20260418_080345,48,178689.25,158433.75,280827,0.6277949999999881,0.3897999999999931
37,0,w0_20260418_080345,49,302668.75,83029.5,211581.75,0.852304999999933,0.33243999999999624
37,0,w0_20260418_080345,50,216774,105631.5,278944.5,0.7495449999999704,0.37195999999999374
37,0,w0_20260418_080345,51,115057.5,105156,254836.5,0.511694999999984,0.3829000000000199
37,0,w0_20260418_080345,52,118895.25,88266.75,308478,0.4738499999999919,0.40467999999999166
37,0,w0_20260418_080345,53,140663.25,115938.75,248388,0.6274499999999692,0.3837499999999948
37,0,w0_20260418_080345,54,-9999.999999999998,26234.64,35024.82,0.0397250000000008,0.6364950000000914
37,0,w0_20260418_080345,55,147491.5,87567,143401.5,0.7537349999999238,0.39618000000000014
37,0,w0_20260418_080345,56,327829.75,44592.75,215107.5,0.9125999999999538,0.3404100000000017
37,0,w0_20260418_080345,57,117434,118265.25,298260.75,0.594165000000003,0.3753049999999909
37,0,w0_20260418_080345,58,69813.25,138351.75,252585,0.517579999999983,0.3799249999999989
37,0,w0_20260418_080345,59,76052.75,79308,236819.25,0.6043799999999642,0.34951000000002874
37,0,w0_20260418_080345,60,346929.75,36741.75,195538.5,0.9307199999999785,0.2816300000000034
37,0,w0_20260418_080345,61,236748.75,126039.75,181471.5,0.7817049999999566,0.24604500000000176
37,0,w0_20260418_080345,62,201634.75,159357,282038.25,0.6528199999999983,0.4552149999999957
37,0,w0_20260418_080345,63,-10000,41880.75,69545.25,0.12466000000000274,0.2402300000000357
37,0,w0_20260418_080345,64,151803.75,193851,311105.25,0.558484999999996,0.41071999999998654
37,0,w0_20260418_080345,65,328310.25,46019.25,143290.5,0.9168799999999826,0.3435900000000266
37,0,w0_20260418_080345,66,-1465.25,58551.75,36433.5,0.1891400000000054,0.5120000000000425
37,0,w0_20260418_080345,67,204089.75,169094.25,140646,0.6939099999999951,0.4440200000000246
37,0,w0_20260418_080345,68,359082.5,39656.25,160181.25,0.9330599999999692,0.39305500000000393
37,0,w0_20260418_080345,69,307470.75,138697.5,262101.75,0.7286049999999915,0.5135649999999928
37,0,w0_20260418_080345,70,236038.75,197946.75,269824.5,0.6619699999999831,0.4407600000000117
37,0,w0_20260418_080345,71,47220.5,293500.5,152079,0.4244700000000112,0.3540750000000186
37,0,w0_20260418_080345,72,-4590.75,17319.75,117051,0.3003799999999894,0.3922000000000286
37,0,w0_20260418_080345,73,133900.75,222198,235601.25,0.5770700000000061,0.32519000000000736
37,0,w0_20260418_080345,74,388609,29992.5,239068.5,0.9484550000000036,0.4038800000000003
37,0,w0_20260418_080345,75,220825.25,176980.5,156164.25,0.6920849999999861,0.41235000000001226
37,0,w0_20260418_080345,76,238054,153750,196596,0.7396549999999776,0.32404500000001363
37,0,w0_20260418_080345,77,332646,136785.75,269258.25,0.7640349999999747,0.47675000000000334
37,0,w0_20260418_080345,78,86545,257397.75,225017.25,0.5148000000000141,0.28118000000000604
37,0,w0_20260418_080345,79,123480.5,258258,299041.5,0.46848500000001014,0.4063699999999945
37,0,w0_20260418_080345,80,234999.5,209331.75,309648.75,0.6417899999999791,0.4255249999999948
37,0,w0_20260418_080345,81,137421,228695.25,230343.75,0.6127800000000131,0.24019500000000263
37,0,w0_20260418_080345,82,171548.5,228726.75,205374.75,0.6126000000000242,0.3458850000000049
37,0,w0_20260418_080345,83,118262.75,265169.25,217098,0.4879100000000186,0.3769300000000107
37,0,w0_20260418_080345,84,99153.5,266179.5,153087,0.5359800000000204,0.3001900000000191
37,0,w0_20260418_080345,85,133834.25,246837.75,90648,0.5734250000000284,0.36560500000003376
37,0,w0_20260418_080345,86,127031.5,250522.5,95496,0.5714400000000037,0.30406000000002953
37,0,w0_20260418_080345,87,198719,181108.5,122932.5,0.6896999999999878,0.30450000000002225
37,0,w0_20260418_080345,88,297017,84258,185295,0.8575150000000045,0.3173500000000241
37,0,w0_20260418_080345,89,142871.25,236877,106461.75,0.5934099999999891,0.26644500000000687
37,0,w0_20260418_080345,90,153686.25,224359.5,123764.25,0.6174950000000108,0.2659550000000001
37,0,w0_20260418_080345,91,201453.5,180227.25,80369.25,0.6958800000000127,0.24241500000000168
37,0,w0_20260418_080345,92,87306.5,296191.5,78822,0.4957900000000174,0.2989200000000026
37,0,w0_20260418_080345,93,155366.75,229030.5,121272.75,0.6121849999999585,0.3523100000000181
37,0,w0_20260418_080345,94,-10000,56848.55754375,32184.70981875,0.698399999999886,0.3789749999999757
37,0,w0_20260418_080345,95,-10000,37173,14961,0.8008299999998936,0.30489000000000377
37,0,w0_20260418_080345,96,130510,237474,81846,0.5689049999999982,0.3751750000000248
37,0,w0_20260418_080345,97,91510,279525,79395,0.47925500000001064,0.4226450000000265
37,0,w0_20260418_080345,98,-1723.5,39847.5,17616,0.09753000000000288,0.6283749999999879
37,0,w0_20260418_080345,99,80856.5,61987.5,90456,0.5056499999999959,0.43991500000002526
37,0,w0_20260418_080345,100,-9999.99814496385,231966.1513472969,101701.2887100464,0.28781500000000754,0.3203950000000133
37,1,w1_20260418_081138,1,251778,75459,98943,0.8533299999999836,0.15127499999999497
37,1,w1_20260418_081138,2,251504,96586.5,57229.5,0.8208499999999631,0.16652000000000153
37,1,w1_20260418_081138,3,193109,158865,51246,0.7082549999999643,0.17890499999999135
37,1,w1_20260418_081138,4,124613.25,230019,55047.75,0.5814499999999907,0.17009999999999403
37,1,w1_20260418_081138,5,-9999.999999999998,115087.04651434108,17025.970970074683,0.4719150000000141,0.2151649999999823
37,1,w1_20260418_081138,6,110723,237730.5,38056.5,0.5517099999999909,0.2352050000000013
37,1,w1_20260418_081138,7,79328,275278.5,43333.5,0.4900350000000084,0.23352499999999704
37,1,w1_20260418_081138,8,107971.75,247557,49151.25,0.5427249999999868,0.21367999999998857
37,1,w1_20260418_081138,9,227053.25,140143.5,54353.25,0.747454999999993,0.2027799999999925
37,1,w1_20260418_081138,10,246912.25,109677.75,48570,0.8000749999999511,0.1453099999999963
37,1,w1_20260418_081138,11,355,260058.75,76796.25,0.3533800000000088,0.25647500000000195
37,1,w1_20260418_081138,12,118245.5,265330.5,130944,0.5207399999999994,0.38827499999996784
37,1,w1_20260418_081138,13,184151.25,273297.75,159471,0.4707800000000139,0.5830749999999926
37,1,w1_20260418_081138,14,-1705,98010,181695,0.28214500000000986,0.3247400000000024
37,1,w1_20260418_081138,15,153356.5,227846.25,254297.25,0.5744049999999966,0.3784700000000123
37,1,w1_20260418_081138,16,155072,242702.25,307725.75,0.5554549999999859,0.3926249999999885
37,1,w1_20260418_081138,17,146187.25,236595,290517.75,0.5156400000000075,0.4133700000000102
37,1,w1_20260418_081138,18,124126,236418,301446,0.4822099999999983,0.39821499999999693
37,1,w1_20260418_081138,19,168212,204261.75,129926.25,0.6253549999999916,0.35311499999997875
37,1,w1_20260418_081138,20,217796.5,173941.5,135252,0.6878099999999995,0.4365049999999962
37,1,w1_20260418_081138,21,8316.25,139080,240753.75,0.3554700000000161,0.3197500000000016
37,1,w1_20260418_081138,22,211120.25,165016.5,222413.25,0.7041649999999858,0.3297800000000027
37,1,w1_20260418_081138,23,177299.25,199721.25,244789.5,0.6428749999999989,0.3224650000000177
37,1,w1_20260418_081138,24,117292.25,239910.75,313227,0.4916400000000025,0.3795499999999968
37,1,w1_20260418_081138,25,270089.75,116946.75,245653.5,0.7837749999999917,0.37355500000000896
37,1,w1_20260418_081138,26,303838.5,87609.75,237681.75,0.8447849999999858,0.3510850000000057
37,1,w1_20260418_081138,27,304480.25,134065.5,259544.25,0.7644799999999973,0.4572400000000038
37,1,w1_20260418_081138,28,118814.5,119706.75,238728.75,0.528830000000001,0.5233199999999844
37,1,w1_20260418_081138,29,71002.75,214896,306761.25,0.47333000000001,0.3805849999999782
37,1,w1_20260418_081138,30,83016.25,266466,220797.75,0.4986200000000159,0.30227500000000285
37,1,w1_20260418_081138,31,290223.5,97633.5,228993,0.8298549999999691,0.30686500000000083
37,1,w1_20260418_081138,32,150061.75,273951.75,286276.5,0.5081250000000037,0.41668499999999914
37,1,w1_20260418_081138,33,221737.75,228153,268349.25,0.5901850000000094,0.480070000000019
37,1,w1_20260418_081138,34,191831,231912,265647,0.5350399999999839,0.4958349999999867
37,1,w1_20260418_081138,35,19790.75,166772.25,278787,0.24567499999999529,0.392590000000004
37,1,w1_20260418_081138,36,326520.5,90664.5,287145,0.8420899999999693,0.3981700000000026
37,1,w1_20260418_081138,37,48726.25,218565,291618.75,0.36011500000000085,0.35762500000000524
37,1,w1_20260418_081138,38,50342.75,239810.25,293697,0.39639000000001384,0.35473499999999847
37,1,w1_20260418_081138,39,324664.75,78312,267323.25,0.861264999999972,0.3490150000000118
37,1,w1_20260418_081138,40,73166.25,247905,276348.75,0.46993000000000457,0.2965300000000014
37,1,w1_20260418_081138,41,87737.75,210822,277850.25,0.4886349999999987,0.33450000000000507
37,1,w1_20260418_081138,42,99217.25,136239.75,262773,0.5701299999999991,0.3387100000000013
37,1,w1_20260418_081138,43,298271.5,130306.5,279732,0.7689399999999934,0.41798999999999825
37,1,w1_20260418_081138,44,395478,49301.25,262830.75,0.9157099999999638,0.4392549999999926
37,1,w1_20260418_081138,45,60509.75,229341.75,315028.5,0.3914850000000072,0.3613050000000071
37,1,w1_20260418_081138,46,37789,167250.75,291920.25,0.25978499999999954,0.35531000000000706
37,1,w1_20260418_081138,47,312034.25,95823.75,230472,0.8257399999999703,0.3951700000000009
37,1,w1_20260418_081138,48,111680.25,197618.25,286951.5,0.4193050000000157,0.420939999999998
37,1,w1_20260418_081138,49,88466.5,185172,265681.5,0.47730499999999,0.3569899999999914
37,1,w1_20260418_081138,50,343941,58474.5,218824.5,0.8971799999999645,0.35987000000000974
37,1,w1_20260418_081138,51,319093,92982,238545,0.8415849999999662,0.3766100000000075
37,1,w1_20260418_081138,52,389861,59109.75,264119.25,0.8992599999999995,0.4478650000000001
37,1,w1_20260418_081138,53,118544.5,129705.75,302739.75,0.4711600000000091,0.39953500000000153
37,1,w1_20260418_081138,54,141491,90227.25,279171.75,0.6254000000000095,0.4094049999999956
37,1,w1_20260418_081138,55,84395.5,101749.5,263475,0.39229000000000086,0.3618850000000065
37,1,w1_20260418_081138,56,127207.75,69717.75,281764.5,0.47323500000002633,0.398775000000009
37,1,w1_20260418_081138,57,111795.5,85251,272593.5,0.6501299999999529,0.3764000000000099
37,1,w1_20260418_081138,58,107928,186640.5,202861.5,0.5374799999999742,0.36478499999999864
37,1,w1_20260418_081138,59,381147,151839.75,183893.25,0.7135949999999885,0.657540000000002
37,1,w1_20260418_081138,60,148638,146066.25,280455.75,0.5781749999999676,0.4474099999999952
37,1,w1_20260418_081138,61,137626,100739.25,291834.75,0.6067199999999684,0.4117499999999939
37,1,w1_20260418_081138,62,21447.25,49482.75,331650,0.4916749999999788,0.3788900000000031
37,1,w1_20260418_081138,63,333434.25,28564.5,297251.25,0.9246949999999566,0.3700050000000056
37,1,w1_20260418_081138,64,153550.75,129399,303290.25,0.6268749999999469,0.3881250000000051
37,1,w1_20260418_081138,65,92118.25,111918,255543.75,0.44766500000001297,0.46660999999999303
37,1,w1_20260418_081138,66,78873.5,248034.75,292461.75,0.4985449999999944,0.2906349999999988
37,1,w1_20260418_081138,67,68078.75,101484.75,265186.5,0.6043750000000018,0.4382099999999975
37,1,w1_20260418_081138,68,48055,204054.75,240740.25,0.5338749999999852,0.284259999999994
37,1,w1_20260418_081138,69,445924.25,88527.75,159438,0.8191099999999614,0.6894500000000162
37,1,w1_20260418_081138,70,356693.25,90212.25,260884.5,0.8436899999999121,0.45398499999999714
37,1,w1_20260418_081138,71,325372.25,61823.25,288214.5,0.8937999999999608,0.30728500000000464
37,1,w1_20260418_081138,72,206423,177922.5,305164.5,0.6965200000000342,0.32038000000000927
37,1,w1_20260418_081138,73,224719,185935.5,288055.5,0.6181650000000044,0.4471599999999976
37,1,w1_20260418_081138,74,211589.5,223544.25,282386.25,0.5859349999999915,0.4586250000000184
37,1,w1_20260418_081138,75,111245,248883,293382,0.5114899999999791,0.3867749999999869
37,1,w1_20260418_081138,76,364078.5,66177.75,255633.75,0.8844849999999489,0.3990649999999954
37,1,w1_20260418_081138,77,162080,216125.25,165474.75,0.6191200000000006,0.3769449999999938
37,1,w1_20260418_081138,78,310734,91520.25,221565.75,0.8450400000000118,0.4194749999999949
37,1,w1_20260418_081138,79,128391,197330.25,248448.75,0.5463999999999892,0.3782849999999928
37,1,w1_20260418_081138,80,14992.75,61656.75,21970.5,0.49538999999999866,0.7441650000001169
37,1,w1_20260418_081138,81,263216.25,137798.25,247045.5,0.7217100000000186,0.4418650000000014
37,1,w1_20260418_081138,82,357468,81912.75,262949.25,0.8436899999999766,0.44485000000000025
37,1,w1_20260418_081138,83,400492.75,57459.75,287947.5,0.8995499999999925,0.45959999999998274
37,1,w1_20260418_081138,84,81456.25,208292.25,230551.5,0.49506499999997905,0.30281499999998784
37,1,w1_20260418_081138,85,137081,200464.5,176164.5,0.5364199999999733,0.469084999999996
37,1,w1_20260418_081138,86,287987,103746,189657,0.8219799999999453,0.32636
37,1,w1_20260418_081138,87,399888,84960,264792,0.8559249999999503,0.4894850000000095
37,1,w1_20260418_081138,88,41016.5,35328,243325.5,0.36908999999999903,0.4158250000000201
37,1,w1_20260418_081138,89,275536,63603.75,264320.25,0.8854249999999109,0.15503999999999385
37,1,w1_20260418_081138,90,300318.75,48141.75,196009.5,0.9132199999999084,0.1822249999999904
37,1,w1_20260418_081138,91,80601,188378.25,253290.75,0.22591499999999215,0.5009750000000025
37,1,w1_20260418_081138,92,163736.75,161211,273872.25,0.6491799999999859,0.4267399999999918
37,1,w1_20260418_081138,93,135961.5,200596.5,80382,0.6003050000000062,0.252454999999992
37,1,w1_20260418_081138,94,154376.5,190005,93628.5,0.6262549999999661,0.33246500000002044
37,1,w1_20260418_081138,95,194886.25,161601.75,116412,0.6956749999999933,0.34359999999999424
37,1,w1_20260418_081138,96,262082.25,83019,122898.75,0.7863599999999925,0.3215250000000075
37,1,w1_20260418_081138,97,24636,64431,29463,0.6827299999999845,0.2698700000000063
37,1,w1_20260418_081138,98,-10000.000000000002,16823.461386729323,37913.881786811595,0.19001000000000823,0.4979249999999805
37,1,w1_20260418_081138,99,-10000,51975,103627.5,0.31204499999997193,0.3469849999999902
37,1,w1_20260418_081138,100,49358.75,44738.25,234483,0.5643049999999438,0.3417950000000103
38,0,w0_20260418_081934,1,139168.25,161832,82809.75,0.628229999999982,0.1446599999999978
38,0,w0_20260418_081934,2,-10000.000000000002,65008.729777725006,10875.110535851229,0.576149999999981,0.12335499999999935
38,0,w0_20260418_081934,3,277637,76887.75,56615.25,0.8551649999999781,0.31956499999999843
38,0,w0_20260418_081934,4,125105.5,224999.25,54155.25,0.5806700000000121,0.22154499999999408
38,0,w0_20260418_081934,5,17229.75,281508,53102.25,0.37545000000000606,0.2502949999999958
38,0,w0_20260418_081934,6,96770,233873.25,50226.75,0.5330550000000209,0.2221300000000008
38,0,w0_20260418_081934,7,49051.5,252101.25,46787.25,0.44062500000000265,0.24006499999999484
38,0,w0_20260418_081934,8,84483,260415,36942,0.49862500000003057,0.345474999999996
38,0,w0_20260418_081934,9,86695.75,229233.75,48490.5,0.5317100000000069,0.2956899999999947
38,0,w0_20260418_081934,10,87047.25,222135,63657.75,0.5367450000000156,0.24486500000000264
38,0,w0_20260418_081934,11,-9999.999999999998,60132.64997519595,30836.593073033644,0.48981999999994785,0.24030499999999133
38,0,w0_20260418_081934,12,65717.5,141785.25,58787.25,0.5914550000000264,0.27093499999999876
38,0,w0_20260418_081934,13,193490,164875.5,68764.5,0.6921849999999942,0.32706499999999133
38,0,w0_20260418_081934,14,78288,285108,122634,0.36193500000000733,0.5321599999999901
38,0,w0_20260418_081934,15,99861.75,231729,221549.25,0.5296050000000231,0.32326500000000613
38,0,w0_20260418_081934,16,93891.5,211791,238657.5,0.4194800000000331,0.4527700000000137
38,0,w0_20260418_081934,17,192171.75,204669.75,179428.5,0.628354999999989,0.4208850000000111
38,0,w0_20260418_081934,18,322374.5,284556.75,115458.75,0.4636650000000089,0.7886649999999876
38,0,w0_20260418_081934,19,255709,102918.75,124742.25,0.8129499999999515,0.2057249999999916
38,0,w0_20260418_081934,20,243959.5,123555.75,108744.75,0.780544999999967,0.26415500000000103
38,0,w0_20260418_081934,21,165615.25,222712.5,208982.25,0.3761150000000058,0.609094999999948
38,0,w0_20260418_081934,22,214268.75,156081.75,92929.5,0.7211850000000177,0.24067500000000291
38,0,w0_20260418_081934,23,248738.5,123014.25,75977.25,0.782939999999963,0.2743400000000016
38,0,w0_20260418_081934,24,87820.5,135271.5,299838,0.5143949999999886,0.3843899999999825
38,0,w0_20260418_081934,25,140284,200139,81297,0.5982449999999953,0.2327049999999986
38,0,w0_20260418_081934,26,266951.5,100464.75,53523.75,0.8236099999999876,0.1457100000000063
38,0,w0_20260418_081934,27,93453.75,244299.75,92926.5,0.44963999999998977,0.4990650000000205
38,0,w0_20260418_081934,28,76002.75,222213,159524.25,0.47118500000001107,0.38562000000001023
38,0,w0_20260418_081934,29,190993.5,175047,67789.5,0.6847299999999965,0.23812999999999904
38,0,w0_20260418_081934,30,206061.75,163674,52514.25,0.7118149999999599,0.23610000000000175
38,0,w0_20260418_081934,31,-9999.999999999996,125198.8916769636,45058.096941284275,0.3514750000000133,0.3264849999999928
38,0,w0_20260418_081934,32,-10000,82862.25,36653.25,0.5046850000000529,0.17658000000001134
38,0,w0_20260418_081934,33,264742.75,84174,127283.25,0.8464949999999924,0.13537499999999503
38,0,w0_20260418_081934,34,21819.75,124520.25,49290,0.3994799999999913,0.18105999999998887
38,0,w0_20260418_081934,35,184028,137556,129066,0.7088399999999462,0.387380000000016
38,0,w0_20260418_081934,36,89406.25,229189.5,126614.25,0.5000900000000144,0.31590000000001367
38,0,w0_20260418_081934,37,33216.5,197041.5,36852,0.38465500000001374,0.3452500000000031
38,0,w0_20260418_081934,38,121746.5,193835.25,138098.25,0.5655699999999981,0.3483700000000206
38,0,w0_20260418_081934,39,30972.75,75876.75,167980.5,0.3300549999999862,0.38859500000002856
38,0,w0_20260418_081934,40,124537.5,122929.5,153333,0.6253499999999964,0.3384899999999995
38,0,w0_20260418_081934,41,291741.75,91872,56306.25,0.8356650000000225,0.39126000000001626
38,0,w0_20260418_081934,42,91314.5,178170,151525.5,0.5349349999999921,0.2831400000000176
38,0,w0_20260418_081934,43,335722.75,44781.75,106795.5,0.9165699999999822,0.2702850000000022
38,0,w0_20260418_081934,44,10857.25,149156.25,34276.5,0.30607000000000434,0.15243999999999988
38,0,w0_20260418_081934,45,52197.25,136566,48936.75,0.5045949999999572,0.14085499999998888
38,0,w0_20260418_081934,46,242403.75,105666.75,58849.5,0.7865199999999638,0.1418199999999989
38,0,w0_20260418_081934,47,102780.75,241117.5,116091.75,0.5333500000000119,0.332774999999995
38,0,w0_20260418_081934,48,119056.75,205247.25,30036,0.5648899999999959,0.2536149999999964
38,0,w0_20260418_081934,49,90164.25,156036,17199.75,0.6233299999999885,0.29308000000001
38,0,w0_20260418_081934,50,306463,65096.25,79740.75,0.8842499999999529,0.2182299999999876
38,0,w0_20260418_081934,51,226999.25,157771.5,31049.25,0.7276599999999788,0.3113800000000174
38,0,w0_20260418_081934,52,60333.5,124580.25,16406.25,0.5141150000000096,0.2204900000000045
38,0,w0_20260418_081934,53,330856.5,44745,77968.5,0.9188199999999972,0.2913900000000093
38,0,w0_20260418_081934,54,104542.75,210599.25,18828,0.4979099999999873,0.17883500000000305
38,0,w0_20260418_081934,55,76066,160294.5,29659.5,0.4556350000000114,0.17234500000000588
38,0,w0_20260418_081934,56,228076,135356.25,29307.75,0.74619999999999,0.17283500000000476
38,0,w0_20260418_081934,57,287544.75,125544,260441.25,0.7613049999999911,0.46441499999999714
38,0,w0_20260418_081934,58,159353.5,211524.75,138471.75,0.6166199999999944,0.3396850000000035
38,0,w0_20260418_081934,59,119421.5,184674,290164.5,0.5005750000000061,0.3737600000000055
38,0,w0_20260418_081934,60,16938.75,76143,27398.25,0.4753499999999865,0.2102799999999916
38,0,w0_20260418_081934,61,24021.75,63445.5,44922.75,0.4990699999999804,0.28104000000000157
38,0,w0_20260418_081934,62,24106.5,101410.5,34473,0.5105300000000236,0.39051500000001
38,0,w0_20260418_081934,63,44224.75,46675.5,73659.75,0.6508949999999675,0.19926999999998868
38,0,w0_20260418_081934,64,197040,208589.25,270480.75,0.613595000000005,0.4294950000000076
38,0,w0_20260418_081934,65,228028,123965.25,269286.75,0.7821949999999993,0.30703000000000236
38,0,w0_20260418_081934,66,5875.25,139794,70140.75,0.3137799999999862,0.2007899999999883
38,0,w0_20260418_081934,67,67041.75,36581.25,61587,0.5524199999999893,0.3074550000000178
38,0,w0_20260418_081934,68,328565.75,30528,155606.25,0.9430649999999712,0.2691949999999922
38,0,w0_20260418_081934,69,-10000,127473,50788.5,0.22396000000001096,0.5234349999999623
38,0,w0_20260418_081934,70,67481.25,174616.5,47732.25,0.4566200000000037,0.17097999999998173
38,0,w0_20260418_081934,71,112480,113775,169425,0.38989999999999086,0.609960000000018
38,0,w0_20260418_081934,72,64953.25,181746,70890.75,0.4966250000000131,0.1343349999999843
38,0,w0_20260418_081934,73,-9999.999999999998,20670.75,34703.95588235294,0.2306900000000197,0.3177050000000007
38,0,w0_20260418_081934,74,42312.5,112830.75,75906.75,0.5241149999999771,0.1576999999999893
38,0,w0_20260418_081934,75,32648.5,22852.5,290529,0.5665449999999831,0.4316800000000014
38,0,w0_20260418_081934,76,233831,140018.25,83550.75,0.7508049999999391,0.35735999999998563
38,0,w0_20260418_081934,77,89253.75,149295.75,244780.5,0.5340299999999834,0.364820000000006
38,0,w0_20260418_081934,78,-10000,16368.75,43931.25,0.4867349999999979,0.4472899999999779
38,0,w0_20260418_081934,79,3357,71483.25,45339.75,0.4642099999999832,0.1257499999999956
38,0,w0_20260418_081934,80,86158.25,134158.5,51293.25,0.5176599999999928,0.2527550000000139
38,0,w0_20260418_081934,81,272225,63750,56895,0.8565049999999977,0.23922999999999536
38,0,w0_20260418_081934,82,248641.25,134067.75,252081,0.7191599999999854,0.419955000000013
38,0,w0_20260418_081934,83,73348,140397,49485,0.5100950000000083,0.16282499999999325
38,0,w0_20260418_081934,84,48943.75,135124.5,50781.75,0.48185500000002984,0.3302700000000191
38,0,w0_20260418_081934,85,63397.5,137649,38083.5,0.5409299999999975,0.3858149999999944
38,0,w0_20260418_081934,86,330817.75,55159.5,118842.75,0.8937199999999732,0.3597499999999999
38,0,w0_20260418_081934,87,-10000,42541.5,126688.5,0.10137499999999304,0.33167999999999953
38,0,w0_20260418_081934,88,25200.75,64321.5,96777.75,0.5835449999999692,0.27584500000001133
38,0,w0_20260418_081934,89,106341.75,107944.5,160533.75,0.6819850000000325,0.3694250000000086
38,0,w0_20260418_081934,90,308464.75,25194.75,183460.5,0.9542999999999324,0.1310899999999922
38,0,w0_20260418_081934,91,-4599.25,77081.25,54948,0.3363299999999979,0.4817950000000258
38,0,w0_20260418_081934,92,-7878,36868.5,63199.5,0.3818649999999983,0.31923000000002355
38,0,w0_20260418_081934,93,69106.75,51658.5,98544.75,0.7193999999999462,0.23691999999999905
38,0,w0_20260418_081934,94,308762,70653.75,271664.25,0.8794250000000702,0.37296500000002514
38,0,w0_20260418_081934,95,283116.5,139487.25,229286.25,0.736749999999998,0.4863749999999918
38,0,w0_20260418_081934,96,346937,83532.75,233930.25,0.8454300000000261,0.46109499999998216
38,0,w0_20260418_081934,97,336638.5,31156.5,166275,0.942864999999929,0.18480999999998535
38,0,w0_20260418_081934,98,90754.25,258915,233310.75,0.4834299999999938,0.336160000000006
38,0,w0_20260418_081934,99,60669.25,231686.25,219814.5,0.446139999999993,0.3094000000000159
38,0,w0_20260418_081934,100,192484.5,160680,90745.5,0.6761499999999554,0.25998000000001503
38,1,w1_20260418_082733,1,143952.25,174606,85101.75,0.6317599999999889,0.17822500000000482
38,1,w1_20260418_082733,2,29319,233339.25,55641.75,0.38451999999999614,0.1544099999999979
38,1,w1_20260418_082733,3,269244,71386.5,73309.5,0.8649749999999742,0.15915500000000196
38,1,w1_20260418_082733,4,38943.25,276989.25,54007.5,0.4065949999999988,0.1997599999999902
38,1,w1_20260418_082733,5,149453.75,201311.25,45045,0.6221149999999912,0.1990749999999938
38,1,w1_20260418_082733,6,54398.5,245194.5,45207,0.4540099999999945,0.20196499999999304
38,1,w1_20260418_082733,7,162292.5,177789.75,42687.75,0.6571749999999817,0.16916999999999396
38,1,w1_20260418_082733,8,231215,124356,50409,0.7734449999999874,0.16790499999999414
38,1,w1_20260418_082733,9,17057.5,252347.25,40325.25,0.4090149999999783,0.1886449999999971
38,1,w1_20260418_082733,10,13248,259588.5,39913.5,0.3789649999999946,0.13394499999999634
38,1,w1_20260418_082733,11,221392.75,137796,52781.25,0.7502850000000003,0.20850999999999376
38,1,w1_20260418_082733,12,226973.75,139900.5,40155.75,0.7499049999999828,0.2133349999999988
38,1,w1_20260418_082733,13,224365.75,147117,50237.25,0.736944999999956,0.33012999999999404
38,1,w1_20260418_082733,14,139393,230526,40371,0.5867499999999881,0.31048999999999316
38,1,w1_20260418_082733,15,79778.75,284070,38321.25,0.4859300000000042,0.33668999999998916
38,1,w1_20260418_082733,16,98857.5,261718.5,47244,0.529915000000005,0.16514499999999885
38,1,w1_20260418_082733,17,33538.75,241960.5,58050.75,0.3961899999999864,0.34161999999999615
38,1,w1_20260418_082733,18,29254.75,149946.75,61768.5,0.39704000000000417,0.2555299999999958
38,1,w1_20260418_082733,19,200350,160258.5,87271.5,0.7082299999999683,0.29533999999999794
38,1,w1_20260418_082733,20,296370.25,72099,123720.75,0.8726699999999564,0.26000499999997767
38,1,w1_20260418_082733,21,64796.75,283341.75,228031.5,0.3993350000000137,0.3928099999999856
38,1,w1_20260418_082733,22,413578.5,157822.5,109329,0.6914899999999519,0.7544699999999429
38,1,w1_20260418_082733,23,228186.5,183454.5,259359,0.5897699999999835,0.5128349999999972
38,1,w1_20260418_082733,24,135452.75,145224.75,260392.5,0.6384899999999739,0.3725200000000183
38,1,w1_20260418_082733,25,376814.5,148674.75,191430.75,0.7199899999999824,0.6483350000000095
38,1,w1_20260418_082733,26,311714,67247.25,262218.75,0.8827249999999476,0.29544999999999333
38,1,w1_20260418_082733,27,162281.75,235559.25,288639,0.5763250000000002,0.38239999999999824
38,1,w1_20260418_082733,28,25914.5,152811,331054.5,0.27336500000002095,0.38653500000000457
38,1,w1_20260418_082733,29,266158,122498.25,251133.75,0.7781649999999664,0.3416300000000033
38,1,w1_20260418_082733,30,227657.75,165789,245993.25,0.7075299999999743,0.33090500000000245
38,1,w1_20260418_082733,31,70093,228826.5,259300.5,0.4557549999999963,0.32182499999999975
38,1,w1_20260418_082733,32,313821.25,103020.75,292008,0.8198799999999806,0.3875549999999969
38,1,w1_20260418_082733,33,70811,227932.5,278206.5,0.4553650000000125,0.3241950000000035
38,1,w1_20260418_082733,34,86663.75,224282.25,308424,0.47589000000002296,0.357224999999993
38,1,w1_20260418_082733,35,224103.75,176640.75,268375.5,0.6888599999999978,0.3545849999999964
38,1,w1_20260418_082733,36,206458.5,230124.75,298716.75,0.576434999999966,0.4523999999999989
38,1,w1_20260418_082733,37,159959,255639,303312,0.5104700000000213,0.4371949999999997
38,1,w1_20260418_082733,38,30739.25,69951.75,242979,0.33231500000000563,0.35144000000000936
38,1,w1_20260418_082733,39,146232.5,196417.5,229320,0.5922099999999977,0.2825950000000085
38,1,w1_20260418_082733,40,156932.5,206731.5,279756,0.542340000000002,0.40150000000000674
38,1,w1_20260418_082733,41,337881.25,138906.75,274932,0.753929999999976,0.5040399999999995
38,1,w1_20260418_082733,42,47025,22556.25,227208.75,0.14255499999998167,0.44968
38,1,w1_20260418_082733,43,124409,199085.25,273945.75,0.4350300000000009,0.44190499999998367
38,1,w1_20260418_082733,44,53923.75,72715.5,258840.75,0.27113000000002196,0.3963150000000046
38,1,w1_20260418_082733,45,217311.25,137048.25,236170.5,0.7059799999999807,0.35220499999999977
38,1,w1_20260418_082733,46,-10000,111609.75,160919.25,0.2698750000000172,0.3413399999999917
38,1,w1_20260418_082733,47,5026.75,174800.25,261393,0.27603999999999934,0.3242000000000171
38,1,w1_20260418_082733,48,311386.25,62000.25,237223.5,0.8507949999999839,0.32312000000000707
38,1,w1_20260418_082733,49,311142.25,91035,284352.75,0.843589999999978,0.339725000000011
38,1,w1_20260418_082733,50,211601,211575,289974,0.6308750000000088,0.4094449999999992
38,1,w1_20260418_082733,51,313503,77729.25,237987.75,0.8531449999999153,0.31013500000000904
38,1,w1_20260418_082733,52,223512.75,193340.25,287427,0.669424999999993,0.37672499999999554
38,1,w1_20260418_082733,53,151705,169194,264501,0.4928049999999857,0.39016500000000015
38,1,w1_20260418_082733,54,369034.5,41529,257896.5,0.9290599999999902,0.3489750000000073
38,1,w1_20260418_082733,55,195518,202765.5,230446.5,0.5073449999999757,0.5116099999999953
38,1,w1_20260418_082733,56,170129,134091.75,257969.25,0.635749999999963,0.44281000000000414
38,1,w1_20260418_082733,57,185499,126258.75,265112.25,0.6134149999999827,0.4001150000000048
38,1,w1_20260418_082733,58,144774.75,144093.75,268741.5,0.5464499999999708,0.3927000000000002
38,1,w1_20260418_082733,59,324264,141219,249687,0.7365300000000069,0.5178199999999916
38,1,w1_20260418_082733,60,44114.25,196636.5,276569.25,0.35169499999999876,0.3618850000000122
38,1,w1_20260418_082733,61,148198.25,121305,286026.75,0.60804499999998,0.3946850000000075
38,1,w1_20260418_082733,62,167168.5,129657.75,260553.75,0.6899300000000099,0.3876749999999988
38,1,w1_20260418_082733,63,64457.5,165003.75,274128.75,0.4323400000000049,0.36359500000000144
38,1,w1_20260418_082733,64,153225,147003,232422,0.5993699999999925,0.3659849999999875
38,1,w1_20260418_082733,65,114681,141958.5,275620.5,0.5417100000000076,0.3910249999999899
38,1,w1_20260418_082733,66,211858.75,103640.25,241221,0.7229999999999839,0.3969850000000017
38,1,w1_20260418_082733,67,290010.25,126275.25,238114.5,0.7697349999999978,0.4171600000000043
38,1,w1_20260418_082733,68,385317.25,61356.75,208236,0.8880950000000157,0.49463500000003713
38,1,w1_20260418_082733,69,210759,234329.25,292791.75,0.6007049999999944,0.4341750000000113
38,1,w1_20260418_082733,70,37652.25,190061.25,288166.5,0.26281000000001187,0.3924049999999854
38,1,w1_20260418_082733,71,96393.5,112994.25,287702.25,0.4459000000000018,0.38546000000000247
38,1,w1_20260418_082733,72,281032,82290.75,262907.25,0.7794849999999969,0.4237350000000044
38,1,w1_20260418_082733,73,138516.75,202467.75,295375.5,0.5225900000000039,0.3783100000000061
38,1,w1_20260418_082733,74,138998.5,146966.25,282905.25,0.6146450000000055,0.32515000000000566
38,1,w1_20260418_082733,75,26312,55791,147477,0.28479500000001096,0.3895549999999788
38,1,w1_20260418_082733,76,153139.25,163499.25,281941.5,0.5450449999999849,0.44102499999998335
38,1,w1_20260418_082733,77,104023.5,201993.75,318222.75,0.46382000000001944,0.4181149999999968
38,1,w1_20260418_082733,78,15632.75,65012.25,349995,0.2489349999999915,0.3599099999999872
38,1,w1_20260418_082733,79,-2768,68904.75,326273.25,0.3467549999999903,0.3191449999999947
38,1,w1_20260418_082733,80,104740,17993.25,281286.75,0.6296649999999683,0.36266999999999344
38,1,w1_20260418_082733,81,97900.75,190241.25,296028,0.49191999999999464,0.3828249999999998
38,1,w1_20260418_082733,82,333086,201899.25,216084.75,0.6313349999999242,0.6205699999999764
38,1,w1_20260418_082733,83,283534,150537,271089,0.7407349999998992,0.42219500000000665
38,1,w1_20260418_082733,84,103523,202662,214095,0.2890549999999778,0.5590149999999722
38,1,w1_20260418_082733,85,166625.75,217235.25,294939,0.5969700000000033,0.3746550000000055
38,1,w1_20260418_082733,86,185826.5,201690.75,287202.75,0.628929999999987,0.40237500000000703
38,1,w1_20260418_082733,87,198570.5,249554.25,302945.25,0.5745999999999855,0.4398450000000111
38,1,w1_20260418_082733,88,31473.5,127569.75,247986.75,0.29189499999999347,0.4011299999999988
38,1,w1_20260418_082733,89,51255.75,88457.25,314697,0.4390649999999738,0.3778149999999893
38,1,w1_20260418_082733,90,141501.75,144711.75,263746.5,0.612239999999959,0.4194049999999963
38,1,w1_20260418_082733,91,-10000,68145.75,140148.225,0.4510499999999929,0.5482399999999957
38,1,w1_20260418_082733,92,76325.25,123676.5,273758.25,0.3765000000000006,0.4453450000000077
38,1,w1_20260418_082733,93,-10000,106560.75,268271.25,0.289569999999988,0.3127600000000057
38,1,w1_20260418_082733,94,297994.25,67899.75,273786,0.7776200000000317,0.46079500000001455
38,1,w1_20260418_082733,95,270585.75,89645.25,200259,0.8363050000000105,0.411170000000014
38,1,w1_20260418_082733,96,126844.25,171290.25,188095.5,0.581685000000004,0.32955499999997706
38,1,w1_20260418_082733,97,172557,290680.5,257812.5,0.4497099999999732,0.5292249999999948
38,1,w1_20260418_082733,98,58466.25,149739.75,45534,0.4632800000000301,0.22075499999999
38,1,w1_20260418_082733,99,20687,40425.75,28307.25,0.5775800000000088,0.2625899999999775
38,1,w1_20260418_082733,100,96641.75,179999.25,244929,0.4855799999999949,0.4399049999999931
39,0,w0_20260418_083533,1,54909,207912.75,89858.25,0.4694750000000033,0.19849499999998524
39,0,w0_20260418_083533,2,153656.75,92589.75,79573.5,0.7490199999999895,0.1971349999999961
39,0,w0_20260418_083533,3,80463,188419.5,57277.5,0.5401150000000082,0.13009999999999686
39,0,w0_20260418_083533,4,206596.75,130937.25,57696,0.7421649999999853,0.21627999999999675
39,0,w0_20260418_083533,5,131643.25,227394,48072.75,0.5858650000000221,0.24393499999999785
39,0,w0_20260418_083533,6,69650.25,286988.25,45991.5,0.4653750000000032,0.28023000000000536
39,0,w0_20260418_083533,7,149146.25,205714.5,56819.25,0.6222800000000341,0.21127
39,0,w0_20260418_083533,8,67658,283154.25,42927.75,0.4685100000000042,0.23095499999999453
39,0,w0_20260418_083533,9,125423.25,224574,64242.75,0.5863300000000063,0.1815599999999987
39,0,w0_20260418_083533,10,37805.5,253173.75,92700.75,0.33576500000000153,0.50893500000004
39,0,w0_20260418_083533,11,82920.5,280843.5,62106,0.4864950000000073,0.2930000000000035
39,0,w0_20260418_083533,12,62651.75,204058.5,51339.75,0.526300000000009,0.1676350000000013
39,0,w0_20260418_083533,13,167302.25,189940.5,94337.25,0.6537049999999962,0.2511249999999998
39,0,w0_20260418_083533,14,19501.5,234074.25,52634.25,0.39140000000001,0.26356499999999744
39,0,w0_20260418_083533,15,14384,189059.25,146286.75,0.3374750000000062,0.35784499999998864
39,0,w0_20260418_083533,16,285880,86520.75,160889.25,0.8446999999999877,0.4036349999999882
39,0,w0_20260418_083533,17,29255.75,217382.25,55212,0.4012250000000151,0.1928949999999919
39,0,w0_20260418_083533,18,234108.5,145230,177691.5,0.7394049999999931,0.349145000000014
39,0,w0_20260418_083533,19,162544,221580.75,170375.25,0.598145000000002,0.368525000000024
39,0,w0_20260418_083533,20,7875.5,169697.25,215777.25,0.30331500000001393,0.3746000000000101
39,0,w0_20260418_083533,21,325247,96509.25,255363.75,0.8105049999999853,0.47963000000001765
39,0,w0_20260418_083533,22,109801,272722.5,240796.5,0.482434999999995,0.3900549999999983
39,0,w0_20260418_083533,23,49200.25,227539.5,197300.25,0.4375250000000299,0.2990499999999982
39,0,w0_20260418_083533,24,75085.5,234297.75,119016.75,0.47076000000000096,0.29788500000001056
39,0,w0_20260418_083533,25,151291.5,256508.25,236330.25,0.5086899999999771,0.4353000000000042
39,0,w0_20260418_083533,26,111444,220826.25,247599.75,0.4660200000000097,0.4084049999999951
39,0,w0_20260418_083533,27,132635.5,196747.5,272877,0.554689999999998,0.3914249999999967
39,0,w0_20260418_083533,28,305000.5,91178.25,250991.25,0.8382649999999959,0.3880299999999986
39,0,w0_20260418_083533,29,241496.25,170466,275127.75,0.7014899999999835,0.37309500000000073
39,0,w0_20260418_083533,30,272143.75,151655.25,249861,0.7172949999999875,0.40739000000001296
39,0,w0_20260418_083533,31,121896.5,121333.5,228930,0.4900349999999843,0.3670449999999995
39,0,w0_20260418_083533,32,299016,102948.75,251645.25,0.8117199999999662,0.3626100000000035
39,0,w0_20260418_083533,33,118247,138065.25,238857.75,0.5435199999999628,0.37508999999998816
39,0,w0_20260418_083533,34,147420.25,158192.25,258397.5,0.5687399999999911,0.4065000000000067
39,0,w0_20260418_083533,35,106772,150639,309099,0.4227749999999832,0.4169200000000015
39,0,w0_20260418_083533,36,130201.75,118414.5,244023.75,0.5607150000000087,0.36339000000000815
39,0,w0_20260418_083533,37,230037,186185.25,273897.75,0.669209999999975,0.4018299999999981
39,0,w0_20260418_083533,38,300111,143796.75,288782.25,0.7430650000000358,0.4479150000000069
39,0,w0_20260418_083533,39,236612,172542.75,268385.25,0.7031849999999917,0.3680399999999965
39,0,w0_20260418_083533,40,108834.25,83541.75,215574,0.3346949999999695,0.520694999999992
39,0,w0_20260418_083533,41,176701.75,189792,262586.25,0.5843250000000202,0.4427000000000115
39,0,w0_20260418_083533,42,151297.25,182140.5,273392.25,0.47550500000000784,0.5055499999999852
39,0,w0_20260418_083533,43,111655.75,126566.25,264198,0.4972149999999685,0.3724900000000136
39,0,w0_20260418_083533,44,113233,95835.75,251111.25,0.47058499999999914,0.3780950000000146
39,0,w0_20260418_083533,45,349133.5,56080.5,302076,0.8943349999999708,0.3916650000000149
39,0,w0_20260418_083533,46,135844.5,54321,317344.5,0.5776399999999722,0.40697499999998327
39,0,w0_20260418_083533,47,181172,202982.25,282315.75,0.5550399999999892,0.4567250000000042
39,0,w0_20260418_083533,48,197027.75,177248.25,253524,0.6666599999999663,0.35495999999999783
39,0,w0_20260418_083533,49,57645.75,196160.25,223134,0.4374100000000022,0.3271849999999985
39,0,w0_20260418_083533,50,38143.5,54836.25,287000.25,0.18458499999996217,0.4286550000000191
39,0,w0_20260418_083533,51,154561.75,147792,278786.25,0.5190449999999884,0.48541000000001966
39,0,w0_20260418_083533,52,128013.5,93661.5,295065,0.5638299999999737,0.4024099999999991
39,0,w0_20260418_083533,53,129158,149319,292743,0.5232100000000136,0.38755000000000767
39,0,w0_20260418_083533,54,204085.25,183996.75,287538,0.6549349999999879,0.389310000000007
39,0,w0_20260418_083533,55,259110.5,105117,211642.5,0.7968649999999463,0.32106499999999466
39,0,w0_20260418_083533,56,65048.25,126390,297171.75,0.36810499999999463,0.3782050000000074
39,0,w0_20260418_083533,57,207817,171879.75,259973.25,0.6627149999999844,0.3817249999999983
39,0,w0_20260418_083533,58,147563.5,106548.75,293787.75,0.5645749999999904,0.42562499999998354
39,0,w0_20260418_083533,59,190174,155321.25,291444.75,0.64267000000001,0.37321999999999855
39,0,w0_20260418_083533,60,96545.25,120393.75,286701,0.454650000000002,0.3826349999999924
39,0,w0_20260418_083533,61,137583.75,118200,289376.25,0.5481950000000168,0.4084100000000083
39,0,w0_20260418_083533,62,156368.25,140650.5,264341.25,0.5168649999999918,0.4941349999999958
39,0,w0_20260418_083533,63,60867,91815,232458,0.4977750000000131,0.3962149999999966
39,0,w0_20260418_083533,64,227877.5,139713.75,219078.75,0.6011299999999755,0.5664299999999842
39,0,w0_20260418_083533,65,133991.75,137382.75,291265.5,0.6157800000000031,0.3737400000000125
39,0,w0_20260418_083533,66,132335,146109.75,301385.25,0.45556999999999664,0.4224499999999916
39,0,w0_20260418_083533,67,160638.5,157923.75,188367.75,0.5955250000000193,0.3675449999999933
39,0,w0_20260418_083533,68,138896,147705.75,296588.25,0.4782399999999911,0.4172549999999875
39,0,w0_20260418_083533,69,128073.5,124884.75,286311.75,0.5430399999999767,0.40272499999999695
39,0,w0_20260418_083533,70,185071.5,173142,276676.5,0.6462600000000281,0.3675950000000142
39,0,w0_20260418_083533,71,136050.5,114048,276541.5,0.6123050000000005,0.35839000000000465
39,0,w0_20260418_083533,72,50041.5,129032.25,330536.25,0.41407999999997985,0.3422750000000077
39,0,w0_20260418_083533,73,38076.25,117946.5,315617.25,0.40391000000000465,0.3211400000000119
39,0,w0_20260418_083533,74,142260,96883.5,305236.5,0.6175649999999683,0.3794450000000098
39,0,w0_20260418_083533,75,228279.75,111670.5,198519.75,0.7577099999999655,0.3523350000000125
39,0,w0_20260418_083533,76,369520.75,21816,327923.25,0.9629750000000016,0.31755500000002285
39,0,w0_20260418_083533,77,149828,136485.75,221336.25,0.6682950000000188,0.364210000000015
39,0,w0_20260418_083533,78,44074.75,189533.25,204222,0.4685999999999851,0.2604400000000134
39,0,w0_20260418_083533,79,36293.75,207851.25,60705,0.3663549999999971,0.2377300000000152
39,0,w0_20260418_083533,80,97655.25,135931.5,261233.25,0.4942199999999867,0.4090350000000105
39,0,w0_20260418_083533,81,317106.25,97820.25,185863.5,0.8307700000000415,0.4070250000000058
39,0,w0_20260418_083533,82,188032.75,193531.5,148125.75,0.6582349999999898,0.3436400000000059
39,0,w0_20260418_083533,83,61720.25,237687.75,35832,0.46959000000001744,0.17537499999998293
39,0,w0_20260418_083533,84,145736.5,127326.75,282216.75,0.5427999999999693,0.4091349999999969
39,0,w0_20260418_083533,85,144714.25,206022.75,124173,0.6074399999999474,0.2487900000000196
39,0,w0_20260418_083533,86,116850.25,232151.25,158728.5,0.38736500000000984,0.6639499999999986
39,0,w0_20260418_083533,87,255989.5,112614.75,102195.75,0.7920550000000061,0.2605299999999985
39,0,w0_20260418_083533,88,332728.25,53110.5,159881.25,0.9088300000000016,0.3048000000000032
39,0,w0_20260418_083533,89,188222,189267.75,141470.25,0.6584150000000276,0.395060000000002
39,0,w0_20260418_083533,90,85283.5,117959.25,223787.25,0.4837050000000373,0.33931000000001255
39,0,w0_20260418_083533,91,126998,107451.75,223610.25,0.5473350000000069,0.3770500000000014
39,0,w0_20260418_083533,92,294848.5,90090,108091.5,0.8399150000000073,0.3245050000000197
39,0,w0_20260418_083533,93,369294,30568.5,191107.5,0.943080000000038,0.4449200000000038
39,0,w0_20260418_083533,94,132790.25,201555,51114.75,0.5930450000000016,0.345385000000001
39,0,w0_20260418_083533,95,150550.25,73286.25,235543.5,0.5810299999999791,0.39980500000000246
39,0,w0_20260418_083533,96,75924.25,116780.25,125965.5,0.5437699999999848,0.3796400000000094
39,0,w0_20260418_083533,97,209472,173947.5,250300.5,0.6038900000000208,0.4885799999999779
39,0,w0_20260418_083533,98,99857.5,92430.75,104331.75,0.6002499999999915,0.4346300000000051
39,0,w0_20260418_083533,99,210891.75,125037,164981.25,0.6879400000000035,0.3166700000000015
39,0,w0_20260418_083533,100,328526,46524.75,165119.25,0.8887899999999831,0.3986000000000077
39,1,w1_20260418_084330,1,44205.75,238941.75,84622.5,0.4575950000000017,0.21622000000000535
39,1,w1_20260418_084330,2,230401.25,111995.25,99943.5,0.7913399999999752,0.19986999999999117
39,1,w1_20260418_084330,3,117707,232996.5,50986.5,0.5674300000000021,0.16989999999999905
39,1,w1_20260418_084330,4,195982.25,165017.25,41620.5,0.6979849999999871,0.29393999999999704
39,1,w1_20260418_084330,5,103751.75,245109,50729.25,0.5433299999999844,0.20083999999999672
39,1,w1_20260418_084330,6,72675.25,293357.25,46987.5,0.45298500000000486,0.42370999999998366
39,1,w1_20260418_084330,7,169011.75,197465.25,73533,0.6361849999999682,0.3870449999999977
39,1,w1_20260418_084330,8,39008.5,212297.25,72164.25,0.41781000000000695,0.2556350000000051
39,1,w1_20260418_084330,9,61624.75,182810.25,81255,0.44348000000001586,0.31621000000001026
39,1,w1_20260418_084330,10,170166,190286.25,58527.75,0.6530999999999916,0.2550599999999998
39,1,w1_20260418_084330,11,270490.75,96321,153488.25,0.8258599999999784,0.304640000000003
39,1,w1_20260418_084330,12,186009,176484.75,57506.25,0.6822349999999756,0.225374999999995
39,1,w1_20260418_084330,13,179824,191181,129525,0.6573599999999902,0.3223299999999986
39,1,w1_20260418_084330,14,129651.5,249707.25,207041.25,0.5461450000000229,0.35398999999999853
39,1,w1_20260418_084330,15,35459.5,150747,113863.5,0.4056300000000091,0.3147600000000077
39,1,w1_20260418_084330,16,178214.25,216939.75,272676,0.60988000000002,0.37680500000002226
39,1,w1_20260418_084330,17,213494,158695.5,147250.5,0.7172049999999868,0.3031799999999991
39,1,w1_20260418_084330,18,92143,151810.5,102016.5,0.4853750000000061,0.3395150000000039
39,1,w1_20260418_084330,19,111348.75,150841.5,150399.75,0.594294999999991,0.34009000000000844
39,1,w1_20260418_084330,20,181766.25,197442.75,201381,0.6437349999999757,0.34986499999998816
39,1,w1_20260418_084330,21,211087,210993.75,286019.25,0.6171350000000179,0.4338600000000083
39,1,w1_20260418_084330,22,324591,119234.25,258714.75,0.789194999999943,0.4611000000000129
39,1,w1_20260418_084330,23,122440.25,295019.25,309820.5,0.47944000000003817,0.40380000000001776
39,1,w1_20260418_084330,24,116743.75,113957.25,154329,0.5412150000000103,0.31038500000000313
39,1,w1_20260418_084330,25,101054,174072,233184,0.45551500000000794,0.3856449999999877
39,1,w1_20260418_084330,26,253180.75,140983.5,225405.75,0.744230000000031,0.39659500000000153
39,1,w1_20260418_084330,27,99834.75,136942.5,248352.75,0.4858399999999872,0.4191350000000054
39,1,w1_20260418_084330,28,193298,217112.25,271299.75,0.6128900000000038,0.3912750000000006
39,1,w1_20260418_084330,29,146898.5,211445.25,264686.25,0.5389850000000067,0.3983650000000019
39,1,w1_20260418_084330,30,300434,122296.5,275779.5,0.7827800000000296,0.4191400000000109
39,1,w1_20260418_084330,31,72785.5,125278.5,217206,0.4050000000000151,0.46110999999997737
39,1,w1_20260418_084330,32,43322.25,49492.5,188735.25,0.43833500000001285,0.3696149999999965
39,1,w1_20260418_084330,33,151344,217807.5,269158.5,0.529825000000004,0.4133249999999969
39,1,w1_20260418_084330,34,137740.75,176694,259235.25,0.5272199999999883,0.40833999999999904
39,1,w1_20260418_084330,35,50738.25,82807.5,245564.25,0.3099699999999866,0.4196549999999976
39,1,w1_20260418_084330,36,59768.75,91947.75,241813.5,0.4650650000000059,0.3370549999999829
39,1,w1_20260418_084330,37,127611,163370.25,203388.75,0.568840000000007,0.3979249999999967
39,1,w1_20260418_084330,38,174611.25,183451.5,268757.25,0.5626600000000084,0.4503099999999799
39,1,w1_20260418_084330,39,127977.75,160838.25,272304,0.5829499999999879,0.3828849999999812
39,1,w1_20260418_084330,40,108579.5,114467.25,206153.25,0.5889199999999998,0.3606999999999971
39,1,w1_20260418_084330,41,298918,106626,305256,0.8113949999999723,0.38546999999999737
39,1,w1_20260418_084330,42,241408.5,121457.25,233234.25,0.7703049999999702,0.3135349999999978
39,1,w1_20260418_084330,43,298443.5,85785,258121.5,0.8514599999999005,0.3246249999999971
39,1,w1_20260418_084330,44,116687.75,219375.75,295366.5,0.4516650000000348,0.4063099999999911
39,1,w1_20260418_084330,45,108227.25,48587.25,187675.5,0.6650399999999914,0.30249
39,1,w1_20260418_084330,46,46756.5,86277,217756.5,0.515089999999987,0.37299499999996955
39,1,w1_20260418_084330,47,190085.75,119019,275705.25,0.668884999999968,0.4665100000000015
39,1,w1_20260418_084330,48,321639,140602.5,294388.5,0.7585449999999953,0.46115500000000464
39,1,w1_20260418_084330,49,221890.5,191373.75,295725.75,0.6690649999999909,0.37731000000000187
39,1,w1_20260418_084330,50,45433,179553,258594,0.4615500000000271,0.35765999999998616
39,1,w1_20260418_084330,51,202102.75,172929.75,262717.5,0.5727599999999805,0.47451000000000193
39,1,w1_20260418_084330,52,141043.75,162936,299990.25,0.5518100000000202,0.37159500000000206
39,1,w1_20260418_084330,53,73333,120926.25,280830.75,0.5019849999999808,0.3721949999999892
39,1,w1_20260418_084330,54,135862.25,208702.5,264455.25,0.5935949999999902,0.2992649999999994
39,1,w1_20260418_084330,55,73504.25,107145.75,266700,0.4848000000000012,0.36739999999999096
39,1,w1_20260418_084330,56,359721,62493.75,276845.25,0.8849749999999887,0.4080900000000071
39,1,w1_20260418_084330,57,228423.75,191088,278468.25,0.6735800000000104,0.39001499999999806
39,1,w1_20260418_084330,58,208866.5,195146.25,288107.25,0.6319849999999987,0.4120699999999928
39,1,w1_20260418_084330,59,45598.75,205008,310313.25,0.3366549999999997,0.417669999999992
39,1,w1_20260418_084330,60,171617.75,153881.25,286191,0.652169999999954,0.3709800000000006
39,1,w1_20260418_084330,61,254847.75,158778.75,277213.5,0.7261750000000012,0.3787999999999871
39,1,w1_20260418_084330,62,310575.25,84168,224106.75,0.8537299999999496,0.33289999999999653
39,1,w1_20260418_084330,63,150772,175443,248355,0.6169350000000078,0.2906600000000015
39,1,w1_20260418_084330,64,53631.25,114343.5,303335.25,0.3646750000000169,0.3929250000000056
39,1,w1_20260418_084330,65,272801.25,127032.75,257586,0.7737149999999376,0.36255499999999896
39,1,w1_20260418_084330,66,299375.5,92729.25,299735.25,0.8307149999999556,0.3442499999999976
39,1,w1_20260418_084330,67,302908.25,85781.25,241270.5,0.8550999999998948,0.312544999999998
39,1,w1_20260418_084330,68,158995.5,171099.75,285594.75,0.5416350000000015,0.4180449999999945
39,1,w1_20260418_084330,69,172378.5,111120.75,265830.75,0.6462699999999864,0.3737050000000028
39,1,w1_20260418_084330,70,284300.5,102361.5,218358,0.8267099999999724,0.31496999999998987
39,1,w1_20260418_084330,71,264427,210828,222855,0.5923149999999918,0.5668450000000176
39,1,w1_20260418_084330,72,362921.75,37881,274667.25,0.9341299999999686,0.34470499999999726
39,1,w1_20260418_084330,73,247463.75,218887.5,270498.75,0.6247099999999854,0.4783099999999997
39,1,w1_20260418_084330,74,372823.25,39975.75,285021,0.93191499999997085,0.3795049999999936
39,1,w1_20260418_084330,75,125448,138723.75,296078.25,0.5320199999999999,0.33278000000000263
39,1,w1_20260418_084330,76,59810,96254.25,307185.75,0.4371200000000196,0.38393000000000627
39,1,w1_20260418_084330,77,127639.5,148165.5,238185,0.5772050000000248,0.3477250000000033
39,1,w1_20260418_084330,78,198253.75,205227.75,270388.5,0.6463349999999779,0.37428500000001375
39,1,w1_20260418_084330,79,137662,161760,131658,0.6270099999999654,0.2617650000000006
39,1,w1_20260418_084330,80,118727,137622,175101,0.4953300000000054,0.4031800000000168
39,1,w1_20260418_084330,81,6204.5,113181,206194.5,0.4094999999999715,0.3525300000000017
39,1,w1_20260418_084330,82,204595.5,135831,73663.5,0.7010749999999851,0.46303500000003034
39,1,w1_20260418_084330,83,6155.25,120627.75,251127,0.3257100000000162,0.29251500000000535
39,1,w1_20260418_084330,84,37635,78591,76584,0.6211499999999848,0.254355000000001
39,1,w1_20260418_084330,85,354079.5,62144.25,178376.25,0.8598149999999765,0.5116700000000054
39,1,w1_20260418_084330,86,34041,105357.75,143111.25,0.27739499999999695,0.42476499999999817
39,1,w1_20260418_084330,87,22330.75,115581,158228.25,0.4539499999999897,0.3936050000000009
39,1,w1_20260418_084330,88,271244.75,45247.5,54627.75,0.8754799999999712,0.3229349999999998
39,1,w1_20260418_084330,89,355604.25,57349.5,157466.25,0.903414999999948,0.4142700000000082
39,1,w1_20260418_084330,90,202159.5,206937.75,236592.75,0.6475450000000185,0.3677850000000073
39,1,w1_20260418_084330,91,67371.75,171768.75,177319.5,0.5409399999999892,0.3045799999999934
39,1,w1_20260418_084330,92,-7076,177319.5,61876.5,0.32604499999998976,0.3532849999999559
39,1,w1_20260418_084330,93,-756.25,53667.75,124048.5,0.36259500000001343,0.35936500000000243
39,1,w1_20260418_084330,94,208864.25,169062.75,213513,0.6856850000000041,0.3610000000000085
39,1,w1_20260418_084330,95,151339.75,235293.75,216556.5,0.5957099999999993,0.324705000000006
39,1,w1_20260418_084330,96,372394.5,43365,209860.5,0.9227650000000268,0.3913799999999931
39,1,w1_20260418_084330,97,63585.5,135442.5,141642,0.4709149999999896,0.35264500000000865
39,1,w1_20260418_084330,98,156803.75,184000.5,218715.75,0.5799749999999743,0.4103050000000025
39,1,w1_20260418_084330,99,318307.5,62271,83971.5,0.8875599999999914,0.45871499999999776
39,1,w1_20260418_084330,100,247215,143382,32313,0.7554849999999889,0.3209599999999816
