seed,world,run_id,episode,investor_return,fair_1,max_1,fair_1_repay,max_1_repay
44,0,w0_20260419_232555,1,232260.75,106999.5,95199.75,0.7948699999999596,0.19802000000000083
44,0,w0_20260419_232555,2,-6750,326688,110412,0.35899499999999845,0.18135999999999797
44,0,w0_20260419_232555,3,198085.5,150159.75,56784.75,0.7206699999999796,0.13524999999999773
44,0,w0_20260419_232555,4,83844.75,267015,47630.25,0.5054499999999794,0.14378999999999917
44,0,w0_20260419_232555,5,-10000,58719.75,7890.75,0.3603450000000001,0.19468000000000352
44,0,w0_20260419_232555,6,-9999.999999999996,185746.3496411753,52762.5021540897,0.3220049999999964,0.1462699999999985
44,0,w0_20260419_232555,7,61363.25,253185.75,46161,0.47586499999998766,0.3100399999999892
44,0,w0_20260419_232555,8,5800.75,182394,44165.25,0.3696249999999789,0.1591499999999949
44,0,w0_20260419_232555,9,69280.25,274328.25,54871.5,0.4882699999999819,0.11873499999999527
44,0,w0_20260419_232555,10,150939.25,198471,39339.75,0.6212349999999847,0.23979999999999868
44,0,w0_20260419_232555,11,216083.25,152757.75,52599,0.7223499999999645,0.4000900000000051
44,0,w0_20260419_232555,12,244632.25,106873.5,82544.25,0.8069299999999389,0.12413499999999664
44,0,w0_20260419_232555,13,7045,201546,34179,0.3131449999999945,0.4087549999999978
44,0,w0_20260419_232555,14,214149.25,147789,55221.75,0.7287799999999793,0.24812500000001184
44,0,w0_20260419_232555,15,140435.5,230484,94960.5,0.5881349999999725,0.30531500000000494
44,0,w0_20260419_232555,16,103360.5,249324,54895.5,0.5440499999999674,0.14886499999999095
44,0,w0_20260419_232555,17,111568.75,303825,216386.25,0.4207699999999943,0.4855799999999882
44,0,w0_20260419_232555,18,269276.5,111441.75,281721.75,0.800814999999922,0.34967500000000873
44,0,w0_20260419_232555,19,33329.75,203798.25,111372,0.4238250000000005,0.2358849999999992
44,0,w0_20260419_232555,20,48443.25,317193.75,282063,0.4111750000000056,0.33952499999999264
44,0,w0_20260419_232555,21,359030.75,85450.5,236148.75,0.8478799999999727,0.45198500000000313
44,0,w0_20260419_232555,22,225589.25,182802,267318.75,0.6754249999999838,0.3775950000000065
44,0,w0_20260419_232555,23,22355.5,251172,268042.5,0.3783049999999985,0.32162999999998076
44,0,w0_20260419_232555,24,71886.25,232266,271617.75,0.466794999999992,0.34505999999999126
44,0,w0_20260419_232555,25,88643,283047.75,282599.25,0.4455350000000101,0.39157999999998766
44,0,w0_20260419_232555,26,294163,112769.25,262407.75,0.7974699999999537,0.3939549999999713
44,0,w0_20260419_232555,27,291064.25,162163.5,274892.25,0.7125399999999796,0.4696049999999904
44,0,w0_20260419_232555,28,223173.25,207446.25,297580.5,0.6379900000000134,0.41636499999997606
44,0,w0_20260419_232555,29,90124.25,230173.5,263732.25,0.4276999999999926,0.3965750000000107
44,0,w0_20260419_232555,30,133845.5,202881.75,267162.75,0.4902349999999852,0.41122999999998655
44,0,w0_20260419_232555,31,195382.75,174255,239912.25,0.6774649999999975,0.3192349999999824
44,0,w0_20260419_232555,32,41717.25,204722.25,231370.5,0.3784549999999961,0.2862349999999949
44,0,w0_20260419_232555,33,180092.75,140784.75,226012.5,0.688144999999963,0.45163499999998485
44,0,w0_20260419_232555,34,74320.25,194922,239877.75,0.5204850000000036,0.3346849999999986
44,0,w0_20260419_232555,35,51201.25,164395.5,175913.25,0.4009549999999884,0.32807999999999043
44,0,w0_20260419_232555,36,102648.25,142006.5,250625.25,0.5204750000000052,0.36637999999999704
44,0,w0_20260419_232555,37,36113.75,181047.75,172678.5,0.3655549999999688,0.37249499999998015
44,0,w0_20260419_232555,38,-10000,42999.25442758495,57772.08347491051,0.23329500000001172,0.4470000000000177
44,0,w0_20260419_232555,39,53365.5,205500,282424.5,0.3825699999999976,0.41426500000000016
44,0,w0_20260419_232555,40,112533.5,107608.5,214638,0.5079749999999823,0.37095499999998144
44,0,w0_20260419_232555,41,96690.5,152026.5,188553,0.5207050000000236,0.33705999999999475
44,0,w0_20260419_232555,42,305612.75,66923.25,195264,0.8741499999999683,0.419319999999997
44,0,w0_20260419_232555,43,338328,60079.5,225472.5,0.8944899999999628,0.3735149999999916
44,0,w0_20260419_232555,44,223750.5,122602.5,264837,0.7004799999999568,0.4184650000000026
44,0,w0_20260419_232555,45,207900.5,118569,263650.5,0.6853899999999887,0.40201999999999294
44,0,w0_20260419_232555,46,47498.75,185256.75,196504.5,0.351285,0.33806999999999415
44,0,w0_20260419_232555,47,327929,68598,209583,0.8752999999998934,0.3838449999999928
44,0,w0_20260419_232555,48,213907.75,196624.5,239127.75,0.6606749999999806,0.3926000000000035
44,0,w0_20260419_232555,49,219961.5,106147.5,187761,0.735344999999984,0.29721499999998585
44,0,w0_20260419_232555,50,280397.25,144314.25,269098.5,0.7525149999999721,0.39889000000000335
44,0,w0_20260419_232555,51,588.5,113132.25,121949.25,0.1940849999999969,0.3698699999999653
44,0,w0_20260419_232555,52,359486.5,66798,261685.5,0.8307299999999814,0.4658600000000112
44,0,w0_20260419_232555,53,350233.5,67920.75,267675.75,0.8850749999999492,0.3820949999999931
44,0,w0_20260419_232555,54,134388.75,145884,297077.25,0.4493900000000039,0.37361999999999435
44,0,w0_20260419_232555,55,365126.75,46071.75,301831.5,0.9092749999999308,0.3827499999999859
44,0,w0_20260419_232555,56,376153.25,44580.75,307986,0.9244349999999756,0.3834699999999903
44,0,w0_20260419_232555,57,3904.25,95731.5,230204.25,0.17898500000003362,0.32985999999998694
44,0,w0_20260419_232555,58,174996.75,82104,299249.25,0.7627449999998976,0.38904999999998807
44,0,w0_20260419_232555,59,68939.25,177727.5,194123.25,0.5053950000000202,0.3353949999999822
44,0,w0_20260419_232555,60,289919.25,133633.5,306527.25,0.7729149999999427,0.40167500000000395
44,0,w0_20260419_232555,61,267377,173460,305553,0.7053699999999397,0.4257449999999825
44,0,w0_20260419_232555,62,69663,165577.5,152719.5,0.4885699999999952,0.3357949999999889
44,0,w0_20260419_232555,63,250506.75,150312,202691.25,0.7380749999999736,0.40925499999999426
44,0,w0_20260419_232555,64,47108.25,123416.25,300985.5,0.26060999999998746,0.42603999999998343
44,0,w0_20260419_232555,65,117362.75,86565.75,291781.5,0.6908149999999996,0.3846499999999969
44,0,w0_20260419_232555,66,113914,145103.25,167052.75,0.5630499999999953,0.3901449999999882
44,0,w0_20260419_232555,67,233851.25,177791.25,200227.5,0.5516549999999965,0.5970049999999802
44,0,w0_20260419_232555,68,230207.75,197790.75,265111.5,0.6095449999999986,0.4802549999999877
44,0,w0_20260419_232555,69,308634.75,130478.25,225867,0.7150399999999819,0.550249999999973
44,0,w0_20260419_232555,70,105424.5,173872.5,324573,0.4407250000000163,0.4066900000000124
44,0,w0_20260419_232555,71,311681.25,93326.25,313612.5,0.8357549999999441,0.3662900000000077
44,0,w0_20260419_232555,72,167452,177585.75,235052.25,0.6218400000000149,0.3267049999999946
44,0,w0_20260419_232555,73,332665.25,64015.5,282269.25,0.8811849999999749,0.34496500000000707
44,0,w0_20260419_232555,74,232771,172578.75,294530.25,0.6853099999999643,0.3847549999999949
44,0,w0_20260419_232555,75,211783.25,162060.75,291516,0.6213249999999838,0.4297799999999925
44,0,w0_20260419_232555,76,220264.25,122338.5,278927.25,0.7147799999999495,0.3900649999999988
44,0,w0_20260419_232555,77,32827.25,47990.25,246532.5,0.2522750000000257,0.4100299999999923
44,0,w0_20260419_232555,78,92121.75,57736.5,284331.75,0.6028749999999273,0.3513049999999991
44,0,w0_20260419_232555,79,151855.5,159633,287161.5,0.5569250000000083,0.3836350000000022
44,0,w0_20260419_232555,80,173340.75,131063.25,225066,0.698984999999932,0.28914000000000334
44,0,w0_20260419_232555,81,136945,108259.5,180205.5,0.7164649999999725,0.2082399999999905
44,0,w0_20260419_232555,82,141097.75,185272.5,188079.75,0.35477999999999804,0.6091099999999653
44,0,w0_20260419_232555,83,319598,62637,259425,0.8545649999999619,0.4180050000000041
44,0,w0_20260419_232555,84,56317.75,117549,176003.25,0.4004250000000183,0.3256049999999893
44,0,w0_20260419_232555,85,363760.25,51839.25,297700.5,0.8946000000000506,0.423549999999991
44,0,w0_20260419_232555,86,98785.25,96696.75,266358,0.3445200000000231,0.45857499999999063
44,0,w0_20260419_232555,87,154778.25,112149,238812.75,0.6758650000000053,0.3161950000000081
44,0,w0_20260419_232555,88,296360.5,141051,292918.5,0.7285899999999582,0.45959999999999374
44,0,w0_20260419_232555,89,377538.75,34942.5,264828.75,0.9357699999999846,0.39710000000000006
44,0,w0_20260419_232555,90,351400.75,62637,230792.25,0.8945899999999607,0.4036850000000048
44,0,w0_20260419_232555,91,294493,36366.75,252560.25,0.8317399999999916,0.30528500000001185
44,0,w0_20260419_232555,92,143565.75,50496.75,186337.5,0.6773449999999348,0.33241999999998495
44,0,w0_20260419_232555,93,102784.75,100695,162800.25,0.4304299999999962,0.3982600000000018
44,0,w0_20260419_232555,94,125336.5,76428,232675.5,0.5075099999999846,0.4199650000000033
44,0,w0_20260419_232555,95,148961.5,150365.25,190523.25,0.566290000000016,0.36949999999998706
44,0,w0_20260419_232555,96,74392.25,103688.25,166339.5,0.41444499999997025,0.2963449999999909
44,0,w0_20260419_232555,97,95856,114973.5,159880.5,0.4059299999999997,0.32292000000000365
44,0,w0_20260419_232555,98,169527.75,96339,170723.25,0.4824849999999362,0.6345699999999721
44,0,w0_20260419_232555,99,313848.75,141289.5,246741.75,0.7118199999999085,0.5291899999999741
44,0,w0_20260419_232555,100,281390,87829.5,165340.5,0.8450149999999721,0.19533499999999632
44,1,w1_20260419_233250,1,210658.75,117878.25,87093,0.7648299999999661,0.18104999999998683
44,1,w1_20260419_233250,2,-3024,323911.5,60502.5,0.3402800000000009,0.24291000000000856
44,1,w1_20260419_233250,3,206945,143914.5,60940.5,0.7323199999999714,0.21556999999999735
44,1,w1_20260419_233250,4,222257.5,130237.5,49425,0.7601149999999773,0.1591499999999951
44,1,w1_20260419_233250,5,-3198,121647.75,46730.25,0.39099000000000944,0.20911999999999412
44,1,w1_20260419_233250,6,98068.5,250520.25,45581.25,0.535099999999985,0.17959499999999484
44,1,w1_20260419_233250,7,85861,228970.5,46918.5,0.5371299999999987,0.21394499999999975
44,1,w1_20260419_233250,8,-10000,101639.25,18959.25,0.384964999999984,0.21117999999999865
44,1,w1_20260419_233250,9,-10000,112503.96375,51879.75,0.33743499999999144,0.20802499999998175
44,1,w1_20260419_233250,10,247330.75,113704.5,81684.75,0.7920299999999684,0.2581700000000042
44,1,w1_20260419_233250,11,181303,251079,144978,0.5081899999999928,0.5754699999999864
44,1,w1_20260419_233250,12,224783.75,144719.25,73707,0.739144999999983,0.2377549999999961
44,1,w1_20260419_233250,13,173176.5,208058.25,190505.25,0.6270449999999774,0.32547500000001556
44,1,w1_20260419_233250,14,209785,162717,195468,0.7091949999999917,0.3216800000000078
44,1,w1_20260419_233250,15,292690,101660.25,170409.75,0.8191449999999428,0.3857250000000232
44,1,w1_20260419_233250,16,80304.5,296691.75,295953.75,0.4074949999999912,0.40361999999999554
44,1,w1_20260419_233250,17,58271.25,292045.5,276263.25,0.41837499999998784,0.3504450000000019
44,1,w1_20260419_233250,18,233243,142387.5,198619.5,0.7478349999999875,0.3148350000000045
44,1,w1_20260419_233250,19,206228.5,188065.5,277086,0.6637650000000169,0.35917500000000124
44,1,w1_20260419_233250,20,66855.25,283803.75,279411,0.4319100000000198,0.3708199999999846
44,1,w1_20260419_233250,21,28722.5,228762,240175.5,0.30916500000000124,0.395625000000001
44,1,w1_20260419_233250,22,119485.25,265934.25,274390.5,0.5146999999999985,0.3556750000000033
44,1,w1_20260419_233250,23,205121,189777,286992,0.6355950000000066,0.39851499999999984
44,1,w1_20260419_233250,24,25587.75,248174.25,247458,0.32240999999998515,0.3906299999999978
44,1,w1_20260419_233250,25,327386.5,84003,292210.5,0.8491799999999874,0.3945149999999935
44,1,w1_20260419_233250,26,388521.25,53628,304440.75,0.9061599999999674,0.44685499999999945
44,1,w1_20260419_233250,27,222423.75,202222.5,312003.75,0.6448300000000285,0.4114850000000039
44,1,w1_20260419_233250,28,216786.25,186323.25,260830.5,0.6707149999999862,0.366395000000001
44,1,w1_20260419_233250,29,130166.75,239247.75,262105.5,0.5126050000000036,0.37720500000000184
44,1,w1_20260419_233250,30,26329.5,281339.25,230651.25,0.35500500000000107,0.3088150000000094
44,1,w1_20260419_233250,31,19801.25,187707,253311.75,0.340284999999974,0.34075500000000236
44,1,w1_20260419_233250,32,317981.25,80670.75,258888,0.8502499999999824,0.3600949999999979
44,1,w1_20260419_233250,33,287005,123383.25,294291.75,0.7863349999999341,0.3840549999999917
44,1,w1_20260419_233250,34,1681,188750.25,234828.75,0.355605000000004,0.28841000000001593
44,1,w1_20260419_233250,35,79470.75,258535.5,292593.75,0.40807500000002145,0.409390000000002
44,1,w1_20260419_233250,36,136250.75,220853.25,252816,0.585544999999982,0.33023500000000805
44,1,w1_20260419_233250,37,213785.5,187012.5,310842,0.667150000000003,0.3758800000000017
44,1,w1_20260419_233250,38,89994,268516.5,227479.5,0.5002650000000003,0.33052999999999616
44,1,w1_20260419_233250,39,-10000,69637.0875,114867.68793749998,0.15792999999997967,0.4576649999999851
44,1,w1_20260419_233250,40,121580.5,178317,228292.5,0.495899999999976,0.3726750000000113
44,1,w1_20260419_233250,41,357653.25,59555.25,281041.5,0.891465,0.4031499999999909
44,1,w1_20260419_233250,42,223761.75,116329.5,182148.75,0.7357449999999532,0.3115450000000079
44,1,w1_20260419_233250,43,187244.75,181982.25,282963,0.646809999999987,0.3654050000000016
44,1,w1_20260419_233250,44,152575.25,221385,243489.75,0.6020649999999891,0.3330499999999885
44,1,w1_20260419_233250,45,-6786.75,125286,195240.75,0.2774050000000453,0.32771500000001313
44,1,w1_20260419_233250,46,11917.25,130284,229248.75,0.2772600000000075,0.35096500000000086
44,1,w1_20260419_233250,47,360044.75,48346.5,286398.75,0.9063199999999504,0.3922649999999912
44,1,w1_20260419_233250,48,54445.75,142368.75,247285.5,0.3973050000000154,0.4402550000000002
44,1,w1_20260419_233250,49,292853.5,88362,285604.5,0.8149149999999957,0.4120399999999896
44,1,w1_20260419_233250,50,324805.75,76097.25,273687,0.8688899999999774,0.365934999999995
44,1,w1_20260419_233250,51,253297.25,177813,223599.75,0.6961099999999681,0.46455500000000866
44,1,w1_20260419_233250,52,-10000,18546.75,80960.25,0.07552999999999982,0.4651049999999551
44,1,w1_20260419_233250,53,358381.25,38943.75,221145,0.9118749999999736,0.4399349999999934
44,1,w1_20260419_233250,54,275285,75120.75,245594.25,0.8352250000000034,0.315714999999988
44,1,w1_20260419_233250,55,21670.75,62798.25,127341,0.20713500000000637,0.4448850000000112
44,1,w1_20260419_233250,56,181365.25,153451.5,301373.25,0.6641149999999797,0.31607999999999814
44,1,w1_20260419_233250,57,358150.25,62715,168414.75,0.8923299999999693,0.4809749999999846
44,1,w1_20260419_233250,58,79098.25,252978.75,294303,0.46479500000001583,0.3187650000000129
44,1,w1_20260419_233250,59,114453.5,211926,290920.5,0.5568249999999811,0.2783199999999916
44,1,w1_20260419_233250,60,127846,244554,287460,0.5818149999999709,0.3050599999999943
44,1,w1_20260419_233250,61,57114.5,207326.25,208439.25,0.3981400000000146,0.28554500000001937
44,1,w1_20260419_233250,62,92641.5,150706.5,113682,0.5932399999999828,0.15662499999999252
44,1,w1_20260419_233250,63,-10000,4613.25,33911.25,0.05478000000000008,0.07499499999999851
44,1,w1_20260419_233250,64,190276.25,192017.25,228766.5,0.6748449999999906,0.36838500000002616
44,1,w1_20260419_233250,65,-3240.5,64866.75,40803.75,0.2472550000000013,0.27027000000002405
44,1,w1_20260419_233250,66,226085,273295.5,260359.5,0.5324100000000088,0.5235199999999901
44,1,w1_20260419_233250,67,103542.5,103131.75,91605.75,0.5122099999999992,0.2271200000000116
44,1,w1_20260419_233250,68,39775.5,133466.25,154688.25,0.3746850000000059,0.335565000000019
44,1,w1_20260419_233250,69,320447,42736.5,109546.5,0.9230799999999972,0.4062000000000158
44,1,w1_20260419_233250,70,-10000,109961.25,65634.75,0.16105500000000134,0.2558949999999994
44,1,w1_20260419_233250,71,248397.5,112818.75,82953.75,0.792184999999946,0.23432000000000855
44,1,w1_20260419_233250,72,105313.25,293530.5,243926.25,0.4086299999999854,0.4356650000000024
44,1,w1_20260419_233250,73,185484.75,179754,110801.25,0.6960999999999579,0.07419999999999698
44,1,w1_20260419_233250,74,190085.75,190116.75,63607.5,0.6799099999999572,0.1851549999999918
44,1,w1_20260419_233250,75,65805.25,276522,225042.75,0.48928999999999634,0.310715000000013
44,1,w1_20260419_233250,76,-3407.75,55059.75,32208,0.1309899999999794,0.15998999999998734
44,1,w1_20260419_233250,77,160928.75,205482,128219.25,0.6274149999999323,0.26054500000002606
44,1,w1_20260419_233250,78,31688.75,115034.25,170007,0.2649599999999979,0.3944750000000256
44,1,w1_20260419_233250,79,3974.25,61902,42813.75,0.14566000000000295,0.19047500000000112
44,1,w1_20260419_233250,80,410275.25,44150.25,173074.5,0.92209000000003,0.5049599999999991
44,1,w1_20260419_233250,81,4005.5,109198.5,40056,0.18744000000000127,0.1872849999999932
44,1,w1_20260419_233250,82,108279.5,224944.5,262746,0.4226650000000005,0.46594499999998007
44,1,w1_20260419_233250,83,44275,118635,272040,0.4712000000000018,0.29330499999998777
44,1,w1_20260419_233250,84,189671.25,175603.5,143975.25,0.4509050000000128,0.6750849999999808
44,1,w1_20260419_233250,85,-3102.75,26088.75,103074,0.1867749999999959,0.23519000000001933
44,1,w1_20260419_233250,86,58287.75,121704.75,264877.5,0.5747449999999855,0.3427350000000016
44,1,w1_20260419_233250,87,164847.25,172820.25,139972.5,0.6715349999999567,0.2546500000000008
44,1,w1_20260419_233250,88,-4091.75,102308.25,150133.5,0.3966049999999628,0.1901149999999951
44,1,w1_20260419_233250,89,27991,145485,205494,0.5375399999999606,0.23229999999999865
44,1,w1_20260419_233250,90,375819.75,96828,188972.25,0.8142500000000071,0.5666399999999626
44,1,w1_20260419_233250,91,-3200.25,128922.75,83617.5,0.4397449999999694,0.19849499999999368
44,1,w1_20260419_233250,92,-1750,69519,120651,0.550824999999947,0.19914499999998833
44,1,w1_20260419_233250,93,18896.5,167064,119119.5,0.4098800000000002,0.3009550000000068
44,1,w1_20260419_233250,94,71848.25,152759.25,147052.5,0.5788649999999882,0.2243049999999928
44,1,w1_20260419_233250,95,5420.75,104836.5,127512.75,0.44456999999998414,0.269400000000011
44,1,w1_20260419_233250,96,15090.5,129383.25,133856.25,0.4138650000000176,0.12460499999999228
44,1,w1_20260419_233250,97,319494,49281.75,284564.25,0.9133100000000354,0.25931999999999306
44,1,w1_20260419_233250,98,325972,51314.25,163953.75,0.9137400000000202,0.2342649999999868
44,1,w1_20260419_233250,99,94893.5,153108,122938.5,0.6138099999999919,0.23861500000000277
44,1,w1_20260419_233250,100,-9999.999999999996,32655.47746595716,25847.250026583864,0.343304999999978,0.3886100000000034
45,0,w0_20260419_233940,1,123218,182875.5,83416.5,0.6175399999999911,0.15538999999999056
45,0,w0_20260419_233940,2,133068,202411.5,54670.5,0.6022849999999855,0.1579149999999925
45,0,w0_20260419_233940,3,234794.75,110853.75,53341.5,0.7917949999999684,0.15625999999999077
45,0,w0_20260419_233940,4,103390.25,247494,49065.75,0.5428999999999932,0.15158999999999145
45,0,w0_20260419_233940,5,80957.5,275277,46765.5,0.49176499999998013,0.24571499999999996
45,0,w0_20260419_233940,6,140646.25,214363.5,44630.25,0.6060949999999553,0.17571499999999382
45,0,w0_20260419_233940,7,621.5,212036.25,73472.25,0.45153499999997193,0.1522099999999945
45,0,w0_20260419_233940,8,109512,239390.25,45717.75,0.5529599999999792,0.17142999999999714
45,0,w0_20260419_233940,9,58646.25,247168.5,41315.25,0.4711599999999883,0.164609999999997
45,0,w0_20260419_233940,10,59773.5,235800,40426.5,0.4516749999999929,0.20589999999998737
45,0,w0_20260419_233940,11,69220.25,197373,42846.75,0.5003749999999868,0.1564299999999998
45,0,w0_20260419_233940,12,85739,162240,37641,0.5330999999999795,0.1558149999999929
45,0,w0_20260419_233940,13,215150.25,142932.75,41037,0.7349649999999464,0.2033999999999902
45,0,w0_20260419_233940,14,201314.75,160565.25,40650,0.7120499999999563,0.13127499999999098
45,0,w0_20260419_233940,15,71289.75,147143.25,39867,0.4748599999999861,0.2131399999999932
45,0,w0_20260419_233940,16,47595,210680.25,87114.75,0.45068499999997896,0.3165750000000192
45,0,w0_20260419_233940,17,-10000,38523,67983,0.1780649999999654,0.22218999999999464
45,0,w0_20260419_233940,18,17022,161052,75246,0.38229999999998343,0.2307800000000065
45,0,w0_20260419_233940,19,371169.75,157561.5,134628.75,0.7038799999999662,0.6940449999999617
45,0,w0_20260419_233940,20,152853.75,185259,59357.25,0.6211299999999488,0.17337999999999346
45,0,w0_20260419_233940,21,36906,180884.25,137889.75,0.3885000000000012,0.30266000000000015
45,0,w0_20260419_233940,22,273222,84384.75,195623.25,0.8363599999999735,0.33109000000001354
45,0,w0_20260419_233940,23,127617.75,229485.75,81526.5,0.5647049999999866,0.26965500000001563
45,0,w0_20260419_233940,24,267059,166363.5,257947.5,0.6968699999999319,0.4716249999999901
45,0,w0_20260419_233940,25,138566.5,225304.5,132819,0.5944199999999824,0.2825250000000005
45,0,w0_20260419_233940,26,56968.5,96565.5,210966,0.5002099999999876,0.27263000000000104
45,0,w0_20260419_233940,27,513505,52768.5,162436.5,0.899600000000001,0.696489999999974
45,0,w0_20260419_233940,28,95363.5,261809.25,214307.25,0.4720849999999973,0.37758500000000417
45,0,w0_20260419_233940,29,162876,270099,306045,0.497074999999981,0.4604300000000027
45,0,w0_20260419_233940,30,242073,123957,138690,0.7736249999999649,0.3141800000000103
45,0,w0_20260419_233940,31,135968.25,252051.75,272400,0.5371449999999612,0.37964499999999773
45,0,w0_20260419_233940,32,-10000.000000000002,46472.60854384555,31218.501038654125,0.32011999999997826,0.13100499999999168
45,0,w0_20260419_233940,33,47471.25,96549,175989.75,0.5005149999999858,0.2463800000000141
45,0,w0_20260419_233940,34,296495.5,66788.25,229616.25,0.8749549999999577,0.29742000000001145
45,0,w0_20260419_233940,35,163951.25,205869,89949.75,0.6413249999999685,0.15938499999998948
45,0,w0_20260419_233940,36,35190.25,134238.75,158121,0.4945299999999842,0.2715949999999948
45,0,w0_20260419_233940,37,126154.75,211071.75,68113.5,0.566939999999983,0.17830999999999228
45,0,w0_20260419_233940,38,314672,97022.25,237345.75,0.8318999999999689,0.37154500000000434
45,0,w0_20260419_233940,39,-10000,57772.7625,46464.7125,0.1180549999999968,0.1561299999999854
45,0,w0_20260419_233940,40,-5080.5,31957.5,23103,0.3836799999999906,0.28853500000000387
45,0,w0_20260419_233940,41,26137.5,55583.25,74249.25,0.7423499999999642,0.1959599999999983
45,0,w0_20260419_233940,42,205243.75,86866.5,165549.75,0.6380149999999761,0.6055800000000072
45,0,w0_20260419_233940,43,424978.5,50907.75,259503.75,0.9117249999999923,0.4949500000000082
45,0,w0_20260419_233940,44,159297.25,157569,139773.75,0.6131399999999857,0.2846700000000032
45,0,w0_20260419_233940,45,322583,58402.5,189154.5,0.8993499999999678,0.291075000000002
45,0,w0_20260419_233940,46,183228,249640.5,299461.5,0.5688949999999616,0.4169450000000099
45,0,w0_20260419_233940,47,-10000,111849.75,189339.75,0.2725599999999912,0.25627000000001215
45,0,w0_20260419_233940,48,1618,52313.25,169128.75,0.3755749999999996,0.2802200000000111
45,0,w0_20260419_233940,49,9314.25,37960.5,255605.25,0.27313000000003124,0.35695500000000574
45,0,w0_20260419_233940,50,235576.75,76950.75,290452.5,0.7927499999999557,0.3732400000000105
45,0,w0_20260419_233940,51,141549,235555.5,210415.5,0.5851949999999819,0.3087850000000106
45,0,w0_20260419_233940,52,49715.5,96736.5,129798,0.549080000000007,0.28122000000000824
45,0,w0_20260419_233940,53,190503.75,260058,277538.25,0.5474249999999907,0.45737500000003
45,0,w0_20260419_233940,54,66806.5,347400.75,335022.75,0.4025200000000057,0.3798149999999934
45,0,w0_20260419_233940,55,33724.75,270752.25,314013,0.3193000000000105,0.38802499999999135
45,0,w0_20260419_233940,56,309336.75,79125,283838.25,0.8262899999999288,0.4016100000000027
45,0,w0_20260419_233940,57,276242,136674,278424,0.7659449999999621,0.3686950000000004
45,0,w0_20260419_233940,58,16422,135252,208386,0.33622999999998154,0.30194000000000476
45,0,w0_20260419_233940,59,9086.5,84091.5,244182,0.2905349999999644,0.33331999999999945
45,0,w0_20260419_233940,60,16081.75,94924.5,203013.75,0.2028450000000173,0.43174500000000215
45,0,w0_20260419_233940,61,88672,231674.25,282273.75,0.4569199999999731,0.3573150000000015
45,0,w0_20260419_233940,62,325461.5,87723,252655.5,0.8433349999999838,0.4029749999999942
45,0,w0_20260419_233940,63,33852.5,155759.25,294308.25,0.35509500000000777,0.3683449999999968
45,0,w0_20260419_233940,64,324861.5,89607,253471.5,0.8362949999999961,0.4034850000000075
45,0,w0_20260419_233940,65,229907,172730.25,206382.75,0.7011650000000231,0.35900000000000776
45,0,w0_20260419_233940,66,122067,223107,212766,0.5007750000000024,0.389594999999988
45,0,w0_20260419_233940,67,239693,186679.5,141967.5,0.4645999999999791,0.7022049999999758
45,0,w0_20260419_233940,68,180362,76473,221595,0.5356549999999677,0.4347300000000111
45,0,w0_20260419_233940,69,-10000,157084.96875,131203.78125,0.39000999999992575,0.4266499999999768
45,0,w0_20260419_233940,70,64932.75,170397,186290.25,0.3703300000000239,0.34770499999999765
45,0,w0_20260419_233940,71,211523.5,194232,226324.5,0.6500599999999843,0.3741950000000121
45,0,w0_20260419_233940,72,165460.75,176062.5,242646.75,0.5959149999999795,0.3867700000000057
45,0,w0_20260419_233940,73,317210,90302.25,241137.75,0.8406199999999359,0.3706350000000022
45,0,w0_20260419_233940,74,104414.25,93655.5,284450.25,0.3887350000000128,0.40018000000000903
45,0,w0_20260419_233940,75,314967,95579.25,277713.75,0.8228849999999591,0.3810500000000024
45,0,w0_20260419_233940,76,188085.75,167416.5,270897.75,0.6306900000000065,0.399099999999995
45,0,w0_20260419_233940,77,265804.25,154837.5,270818.25,0.7284099999999938,0.4103000000000009
45,0,w0_20260419_233940,78,196094,197724,277662,0.6258600000000437,0.4001649999999952
45,0,w0_20260419_233940,79,298965.5,44565,216379.5,0.7669199999999811,0.5632299999999826
45,0,w0_20260419_233940,80,125201.75,95172.75,218725.5,0.3858050000000049,0.5187450000000252
45,0,w0_20260419_233940,81,91076.5,72742.5,267981,0.38999500000002,0.4645200000000054
45,0,w0_20260419_233940,82,325485.5,68508,247066.5,0.8252199999999679,0.3794499999999932
45,0,w0_20260419_233940,83,96413,88900.5,281446.5,0.4780550000000198,0.39774000000000087
45,0,w0_20260419_233940,84,115749.5,113163.75,282156.75,0.5779150000000148,0.32237999999999156
45,0,w0_20260419_233940,85,29785.25,70300.5,252434.25,0.4373199999999922,0.3667099999999968
45,0,w0_20260419_233940,86,215471.25,136096.5,266072.25,0.6820049999999926,0.3928850000000094
45,0,w0_20260419_233940,87,13021,131639.25,191499.75,0.3290949999999919,0.33755000000000246
45,0,w0_20260419_233940,88,68455.25,60609.75,277035,0.5104250000000281,0.4162100000000093
45,0,w0_20260419_233940,89,161691,46911.75,288377.25,0.661664999999991,0.4151750000000069
45,0,w0_20260419_233940,90,95323.25,57303,203373.75,0.6150249999999895,0.2955000000000106
45,0,w0_20260419_233940,91,288783.5,56765.25,185141.25,0.8632249999999904,0.3859349999999948
45,0,w0_20260419_233940,92,15463.75,138779.25,284697,0.33018500000000506,0.3555050000000073
45,0,w0_20260419_233940,93,46812.25,177673.5,282284.25,0.4166949999999779,0.35759999999999836
45,0,w0_20260419_233940,94,12948.75,74451,279650.25,0.2831250000000144,0.35731000000000757
45,0,w0_20260419_233940,95,5485.25,58624.5,263900.25,0.2746200000000035,0.3385450000000112
45,0,w0_20260419_233940,96,47075,46707.75,245567.25,0.524959999999989,0.35580500000000065
45,0,w0_20260419_233940,97,267549,72942,214089,0.830730000000008,0.33072999999999964
45,0,w0_20260419_233940,98,79321.5,203513.25,303455.25,0.5732450000000274,0.18736999999998724
45,0,w0_20260419_233940,99,-10000,106311.5625,155575.3125,0.24637499999999568,0.42031999999998754
45,0,w0_20260419_233940,100,92880.5,112228.5,242571,0.400800000000001,0.5178699999999888
45,1,w1_20260419_234632,1,127797.5,208851,87451.5,0.601974999999987,0.19836999999998475
45,1,w1_20260419_234632,2,142514,207936,53760,0.6141049999999765,0.19671499999999076
45,1,w1_20260419_234632,3,194673.5,159720,48466.5,0.7064149999999769,0.1903399999999905
45,1,w1_20260419_234632,4,130459,221403.75,48137.25,0.5911849999999719,0.17828999999999015
45,1,w1_20260419_234632,5,183559.75,176317.5,44922.75,0.6767649999999851,0.268000000000004
45,1,w1_20260419_234632,6,58086.75,298012.5,47760.75,0.4546049999999759,0.18700999999999135
45,1,w1_20260419_234632,7,191860.25,162796.5,50933.25,0.7033149999999811,0.13557999999999615
45,1,w1_20260419_234632,8,197291,158182.5,48886.5,0.7113249999999737,0.16951999999998862
45,1,w1_20260419_234632,9,93605.25,263983.5,42221.25,0.5200199999999914,0.187835000000002
45,1,w1_20260419_234632,10,49191,283688.25,52200.75,0.4425799999999942,0.1894399999999887
45,1,w1_20260419_234632,11,260897.75,99879.75,52102.5,0.819314999999981,0.20162999999999448
45,1,w1_20260419_234632,12,142925,221907,39348,0.6017799999999823,0.16348999999998992
45,1,w1_20260419_234632,13,205379.75,162696,51704.25,0.7100949999999614,0.21826499999999965
45,1,w1_20260419_234632,14,177478,183928.5,46033.5,0.6676499999999885,0.16295499999999585
45,1,w1_20260419_234632,15,86871.5,242843.25,41525.25,0.5084400000000034,0.2911399999999988
45,1,w1_20260419_234632,16,20521.5,235014.75,58593.75,0.3758949999999903,0.15929499999999308
45,1,w1_20260419_234632,17,182016,225618.75,202595.25,0.5885549999999725,0.4411999999999773
45,1,w1_20260419_234632,18,189819.75,226935.75,192034.5,0.5856300000000201,0.4229750000000168
45,1,w1_20260419_234632,19,297314.25,196530,164175.75,0.5971049999999963,0.6630849999999815
45,1,w1_20260419_234632,20,-10000,51345.9225,40478.9925,0.8351649999999252,0.30436499999998845
45,1,w1_20260419_234632,21,172641.25,246546,295332.75,0.5339900000000088,0.45006999999999286
45,1,w1_20260419_234632,22,182389.75,193163.25,295707,0.6333199999999957,0.35735000000000994
45,1,w1_20260419_234632,23,304524,215465.25,171750.75,0.5577250000000153,0.6849899999999965
45,1,w1_20260419_234632,24,43481.25,326541.75,346767,0.35364500000000487,0.3817700000000158
45,1,w1_20260419_234632,25,14634.25,207905.25,229270.5,0.3865549999999925,0.3208550000000102
45,1,w1_20260419_234632,26,31618.25,246250.5,259181.25,0.390110000000009,0.29349499999999795
45,1,w1_20260419_234632,27,355277.25,66638.25,258514.5,0.8776549999999799,0.43672000000000927
45,1,w1_20260419_234632,28,202269,195411.75,251759.25,0.6562500000000248,0.3649449999999915
45,1,w1_20260419_234632,29,110555.5,228970.5,268914,0.5072300000000086,0.3456049999999921
45,1,w1_20260419_234632,30,94061.5,236196.75,253311.75,0.5317799999999971,0.3436950000000034
45,1,w1_20260419_234632,31,138245.75,247435.5,283548.75,0.5235250000000019,0.405924999999998
45,1,w1_20260419_234632,32,137792.5,103210.5,229077,0.5247599999999858,0.5560349999999821
45,1,w1_20260419_234632,33,29396.25,206627.25,250726.5,0.3070999999999911,0.38623500000000416
45,1,w1_20260419_234632,34,284975.5,96906,270178.5,0.8162699999999542,0.3471649999999951
45,1,w1_20260419_234632,35,160992.5,250236,245791.5,0.5405250000000013,0.42395000000000727
45,1,w1_20260419_234632,36,47625,296832,222723,0.3787250000000086,0.3723249999999945
45,1,w1_20260419_234632,37,272525.5,73896,278998.5,0.8643299999999828,0.2509999999999966
45,1,w1_20260419_234632,38,85983.5,205520.25,202256.25,0.5242250000000008,0.2823199999999994
45,1,w1_20260419_234632,39,-10000,182497.5,149559,0.41378499999998064,0.32486499999999335
45,1,w1_20260419_234632,40,188348.75,248212.5,275118.75,0.5469500000000226,0.4686299999999924
45,1,w1_20260419_234632,41,218278.75,188095.5,95535.75,0.6733699999999733,0.5277049999999873
45,1,w1_20260419_234632,42,150647.75,253992.75,146269.5,0.5397150000000079,0.4260800000000013
45,1,w1_20260419_234632,43,347153.5,39346.5,217290,0.9284299999999978,0.33379000000002035
45,1,w1_20260419_234632,44,68358.25,227211.75,231210,0.4414499999999992,0.3605349999999981
45,1,w1_20260419_234632,45,132768,212079,170103,0.559330000000009,0.34535499999999886
45,1,w1_20260419_234632,46,171754,225543.75,233642.25,0.5755449999999693,0.40852499999999936
45,1,w1_20260419_234632,47,104277.25,75537,239145.75,0.5550899999999908,0.5357549999999803
45,1,w1_20260419_234632,48,297165.5,116397.75,241146.75,0.7795399999999433,0.41049500000000927
45,1,w1_20260419_234632,49,216022.75,198063.75,209413.5,0.6504699999999548,0.40919500000001174
45,1,w1_20260419_234632,50,111594.5,312200.25,252215.25,0.4385300000000251,0.46812999999999055
45,1,w1_20260419_234632,51,353569.5,68255.25,184235.25,0.8768049999999493,0.41353999999999685
45,1,w1_20260419_234632,52,151222.25,254722.5,178115.25,0.5438550000000105,0.45464000000001514
45,1,w1_20260419_234632,53,79376.75,146763,246500.25,0.34643000000000224,0.4554949999999977
45,1,w1_20260419_234632,54,96120.5,202680.75,163608.75,0.4846100000000002,0.39154999999999895
45,1,w1_20260419_234632,55,67331,161533.5,165625.5,0.388504999999997,0.4069449999999979
45,1,w1_20260419_234632,56,296593.25,101507.25,254029.5,0.7952049999999409,0.402709999999995
45,1,w1_20260419_234632,57,350457.75,112611.75,195340.5,0.7782900000000222,0.5725750000000084
45,1,w1_20260419_234632,58,242595,168907.5,219547.5,0.6844499999999786,0.4410150000000005
45,1,w1_20260419_234632,59,157422.5,188133.75,223533.75,0.5717249999999985,0.43818999999998925
45,1,w1_20260419_234632,60,14705.25,181728,253626.75,0.30371499999998325,0.3735050000000128
45,1,w1_20260419_234632,61,88935.5,133296,175348.5,0.5083899999999921,0.32603000000000326
45,1,w1_20260419_234632,62,104726.5,106863,85840.5,0.6305699999999818,0.2737399999999994
45,1,w1_20260419_234632,63,260019,119796.75,203684.25,0.7909699999999898,0.3619000000000079
45,1,w1_20260419_234632,64,68909.5,227972.25,58958.25,0.4614949999999707,0.32648499999999464
45,1,w1_20260419_234632,65,216943,134974.5,125032.5,0.7033349999999605,0.3388299999999627
45,1,w1_20260419_234632,66,350214,64234.5,191851.5,0.887729999999989,0.4751200000000016
45,1,w1_20260419_234632,67,177746.5,163144.5,191739,0.6295899999999808,0.432610000000011
45,1,w1_20260419_234632,68,119805,160800.75,156734.25,0.59067,0.3907650000000149
45,1,w1_20260419_234632,69,56270,163603.5,121486.5,0.49458499999997974,0.29926000000000064
45,1,w1_20260419_234632,70,79136.5,118869,196204.5,0.500324999999989,0.36323499999999215
45,1,w1_20260419_234632,71,143552,167854.5,166153.5,0.6385050000000205,0.3041750000000041
45,1,w1_20260419_234632,72,132390.75,120369.75,186799.5,0.6549249999999993,0.38270000000001014
45,1,w1_20260419_234632,73,108256.25,237549.75,236664,0.5446200000000098,0.32178000000000484
45,1,w1_20260419_234632,74,118380.75,170169,177290.25,0.5078449999999831,0.2807249999999976
45,1,w1_20260419_234632,75,67322.5,109902,137215.5,0.3688799999999743,0.2723450000000001
45,1,w1_20260419_234632,76,90680.75,37915.5,86703.75,0.8511649999999632,0.26287999999999473
45,1,w1_20260419_234632,77,79481.5,126044.25,91454.25,0.5100199999999911,0.17870499999997555
45,1,w1_20260419_234632,78,45430.75,40382.25,20787,0.6375199999999995,0.1830149999999942
45,1,w1_20260419_234632,79,485.5,128924.25,31220.25,0.3685550000000067,0.2872549999999924
45,1,w1_20260419_234632,80,97524,44329.5,44446.5,0.7344199999999806,0.2026599999999932
45,1,w1_20260419_234632,81,151390.5,163753.5,34956,0.6684700000000275,0.2877650000000149
45,1,w1_20260419_234632,82,16636.75,65517.75,96265.5,0.5018400000000011,0.36049000000000286
45,1,w1_20260419_234632,83,49692.25,45353.25,115594.5,0.6055350000000005,0.5614550000000078
45,1,w1_20260419_234632,84,109504.25,174636.75,69699,0.585115000000014,0.17060499999999612
45,1,w1_20260419_234632,85,22488.5,121878.75,117462.75,0.35125500000001164,0.36625999999999
45,1,w1_20260419_234632,86,67298.5,120233.25,80348.25,0.5565000000000341,0.2097549999999969
45,1,w1_20260419_234632,87,78107,99718.5,256564.5,0.6143199999999842,0.3709600000000154
45,1,w1_20260419_234632,88,257683.75,82420.5,137265.75,0.8362449999999458,0.1816800000000011
45,1,w1_20260419_234632,89,242676,129671.25,89472.75,0.7678150000000108,0.30383000000000693
45,1,w1_20260419_234632,90,248594.5,77347.5,174978,0.7825449999999191,0.34405500000001055
45,1,w1_20260419_234632,91,32003.75,106480.5,161325.75,0.488755000000002,0.2983549999999983
45,1,w1_20260419_234632,92,12429.25,65771.25,151369.5,0.4040849999999876,0.3380850000000019
45,1,w1_20260419_234632,93,105606.75,185448.75,189634.5,0.5645549999999833,0.32199500000000075
45,1,w1_20260419_234632,94,110175,133500.75,106844.25,0.5723700000000255,0.34570999999997915
45,1,w1_20260419_234632,95,363665.75,35843.25,186831,0.9362550000000082,0.338369999999992
45,1,w1_20260419_234632,96,119154.5,196308,118207.5,0.46878000000000514,0.4287650000000052
45,1,w1_20260419_234632,97,133452.25,90248.25,157069.5,0.6783800000000164,0.3625950000000024
45,1,w1_20260419_234632,98,200843,146680.5,180436.5,0.6922650000000051,0.3917199999999958
45,1,w1_20260419_234632,99,340233,56839.5,146467.5,0.900969999999963,0.3277799999999916
45,1,w1_20260419_234632,100,149607.75,244894.5,168117.75,0.5819550000000125,0.3063499999999998
46,0,w0_20260419_235323,1,56546,245625,81729,0.4769399999999997,0.16943999999999682
46,0,w0_20260419_235323,2,44578.75,192009,48512.25,0.46459500000000414,0.16262499999999733
46,0,w0_20260419_235323,3,184290.75,99431.25,78018,0.768399999999982,0.1589899999999952
46,0,w0_20260419_235323,4,198552.25,133855.5,49022.25,0.7374549999999798,0.1554649999999981
46,0,w0_20260419_235323,5,180401,163245,45354,0.694334999999994,0.1703450000000006
46,0,w0_20260419_235323,6,89023.75,244159.5,44136.75,0.5235549999999995,0.17452499999999535
46,0,w0_20260419_235323,7,54822.5,258948.75,43758.75,0.4630399999999814,0.16156500000000398
46,0,w0_20260419_235323,8,140935.5,216027.75,56286.75,0.5955699999999945,0.38086999999999904
46,0,w0_20260419_235323,9,146916,198671.25,52242.75,0.6240649999999965,0.25363999999999987
46,0,w0_20260419_235323,10,57889.25,232467,44583.75,0.46448000000001,0.17531999999999365
46,0,w0_20260419_235323,11,69515.5,258289.5,36525,0.476794999999994,0.1880999999999919
46,0,w0_20260419_235323,12,64170.25,276126.75,35463,0.46928500000001505,0.17971000000000104
46,0,w0_20260419_235323,13,268708.75,83055.75,99505.5,0.8497849999999846,0.20383499999999183
46,0,w0_20260419_235323,14,136706.5,229415.25,124088.25,0.4585950000000064,0.602784999999988
46,0,w0_20260419_235323,15,-10000,98515.52776875,25809.79100625,0.25185499999997235,0.15182499999999763
46,0,w0_20260419_235323,16,-9999.999999999996,59181.17141314579,54897.000002576475,0.31510000000004107,0.1510199999999986
46,0,w0_20260419_235323,17,49377,74051.25,33231.75,0.578340000000012,0.12905499999999662
46,0,w0_20260419_235323,18,2437.5,138222,33370.5,0.3488600000000222,0.2156199999999961
46,0,w0_20260419_235323,19,160711,193304.25,63264.75,0.643044999999997,0.19904999999998976
46,0,w0_20260419_235323,20,68312,176817,59301,0.49369000000000496,0.22874000000000125
46,0,w0_20260419_235323,21,249897.75,122277,73175.25,0.7819000000000015,0.3344349999999926
46,0,w0_20260419_235323,22,234946,124894.5,154729.5,0.7779299999999828,0.25238000000000343
46,0,w0_20260419_235323,23,60362.5,223295.25,53102.25,0.4780650000000071,0.24505500000001157
46,0,w0_20260419_235323,24,139570.75,225500.25,113889,0.5994450000000286,0.2235899999999905
46,0,w0_20260419_235323,25,117888.5,198228,234193.5,0.49914000000002695,0.4489000000000062
46,0,w0_20260419_235323,26,29065.75,193397.25,142587,0.3968600000000084,0.28372999999999926
46,0,w0_20260419_235323,27,168604.5,293470.5,215445,0.3826250000000025,0.578584999999992
46,0,w0_20260419_235323,28,261775,131982,244863,0.7679800000000206,0.3707600000000038
46,0,w0_20260419_235323,29,210614.5,166082.25,100103.25,0.7084399999999836,0.32883500000000004
46,0,w0_20260419_235323,30,124818.25,264063.75,145998,0.5296049999999973,0.38854000000000394
46,0,w0_20260419_235323,31,167368.25,228018.75,266553,0.6016349999999971,0.360700000000007
46,0,w0_20260419_235323,32,375592.75,164066.25,208041,0.7002199999999716,0.6342149999999886
46,0,w0_20260419_235323,33,41879.25,294212.25,292228.5,0.41709500000000854,0.2993150000000009
46,0,w0_20260419_235323,34,93837.25,267767.25,271045.5,0.5175650000000229,0.2910300000000018
46,0,w0_20260419_235323,35,339129.75,46924.5,258375.75,0.9166399999999584,0.34397000000000816
46,0,w0_20260419_235323,36,287360.75,74901.75,200977.5,0.8705249999999854,0.20572499999998856
46,0,w0_20260419_235323,37,199992.5,189550.5,216747,0.669495000000005,0.33596500000000945
46,0,w0_20260419_235323,38,24810.25,236310.75,280659,0.31271500000000424,0.38756500000001326
46,0,w0_20260419_235323,39,320936.75,105828,268655.25,0.8128450000000841,0.4306299999999991
46,0,w0_20260419_235323,40,334780.75,74334,242105.25,0.871685000000036,0.3828750000000031
46,0,w0_20260419_235323,41,293140,109191.75,233378.25,0.8116549999999927,0.3473199999999979
46,0,w0_20260419_235323,42,352244.5,76991.25,224564.25,0.8674149999999676,0.43226000000000103
46,0,w0_20260419_235323,43,119566.5,248976.75,225306.75,0.5434500000000138,0.3401699999999789
46,0,w0_20260419_235323,44,783.75,115641.75,307084.5,0.4403649999999927,0.3126149999999902
46,0,w0_20260419_235323,45,24336.75,135253.5,282489.75,0.38322000000000994,0.36250000000000104
46,0,w0_20260419_235323,46,331112.75,49437,182180.25,0.9113699999999864,0.28669500000000203
46,0,w0_20260419_235323,47,52217.25,172513.5,203789.25,0.36484000000003936,0.3167250000000249
46,0,w0_20260419_235323,48,236163,155164.5,155272.5,0.7338300000000143,0.2924050000000087
46,0,w0_20260419_235323,49,357317.75,59159.25,257043,0.898515000000008,0.3808950000000129
46,0,w0_20260419_235323,50,87544.5,212086.5,187959,0.476445000000009,0.35896000000001405
46,0,w0_20260419_235323,51,136697,225596.25,148506.75,0.5738449999999929,0.3616550000000188
46,0,w0_20260419_235323,52,71712.25,106962.75,186045,0.4963100000000244,0.3348050000000224
46,0,w0_20260419_235323,53,283345.25,78210.75,178884,0.8442499999999631,0.3182350000000094
46,0,w0_20260419_235323,54,238757.75,173974.5,285147.75,0.695589999999991,0.3970300000000153
46,0,w0_20260419_235323,55,158827.25,241235.25,233077.5,0.5537200000000163,0.3912349999999997
46,0,w0_20260419_235323,56,102357,137462.25,210420.75,0.45561499999998334,0.3879600000000128
46,0,w0_20260419_235323,57,129181.25,200698.5,276470.25,0.5483049999999793,0.39115499999999986
46,0,w0_20260419_235323,58,103749,136465.5,161605.5,0.5568900000000145,0.28188000000001195
46,0,w0_20260419_235323,59,105640.25,93720.75,174189,0.4200100000000035,0.40605000000001656
46,0,w0_20260419_235323,60,12764.25,69397.5,214058.25,0.15172499999997477,0.3613600000000165
46,0,w0_20260419_235323,61,83577.5,46555.5,221097,0.7141900000000458,0.3738500000000205
46,0,w0_20260419_235323,62,112695,116615.25,212469.75,0.5015550000000043,0.36572500000001446
46,0,w0_20260419_235323,63,353083.75,50799,278207.25,0.8957399999999854,0.42903500000000794
46,0,w0_20260419_235323,64,36.750000000000014,17316,164477.25,0.5253150000000238,0.30476500000000645
46,0,w0_20260419_235323,65,114194.5,77055,193360.5,0.47417999999999266,0.4144050000000056
46,0,w0_20260419_235323,66,188239.25,185339.25,255421.5,0.6304600000000093,0.39923000000000985
46,0,w0_20260419_235323,67,407049.25,50234.25,260386.5,0.9108250000000128,0.45940499999999257
46,0,w0_20260419_235323,68,135070,113451.75,252068.25,0.5192250000000171,0.40550000000001735
46,0,w0_20260419_235323,69,144585,183066,247569,0.5627200000000134,0.349384999999995
46,0,w0_20260419_235323,70,123594,108288,94848,0.4848600000000162,0.3880500000000425
46,0,w0_20260419_235323,71,71415.75,119672.25,268032,0.54316999999996185,0.43000499999999803
46,0,w0_20260419_235323,72,85380.25,143817.75,229782,0.3552050000000016,0.5128399999999997
46,0,w0_20260419_235323,73,69603,15659.25,210957.75,0.624805000000014,0.465019999999999
46,0,w0_20260419_235323,74,36412.75,42654.75,196342.5,0.6372250000000117,0.32531500000001085
46,0,w0_20260419_235323,75,30492.75,43756.5,28560.75,0.6644550000000401,0.6207500000000155
46,0,w0_20260419_235323,76,67199.25,57333,258387.75,0.5752800000000065,0.4070600000000008
46,0,w0_20260419_235323,77,27538.75,107376,250355.25,0.4394799999999952,0.34603500000000326
46,0,w0_20260419_235323,78,120164.75,146639.25,257136,0.5461400000000329,0.4710250000000162
46,0,w0_20260419_235323,79,151133.25,144061.5,269075.25,0.669164999999986,0.33600000000002167
46,0,w0_20260419_235323,80,32199,160510.5,287110.5,0.3157999999999948,0.38476500000000713
46,0,w0_20260419_235323,81,42578,172245.75,285776.25,0.38225499999998896,0.3994599999999963
46,0,w0_20260419_235323,82,307302.5,60784.5,283263,0.8742249999998402,0.4201950000000101
46,0,w0_20260419_235323,83,305308.25,64645.5,278636.25,0.8896449999999626,0.28435500000002395
46,0,w0_20260419_235323,84,132116,190474.5,288469.5,0.5358699999999937,0.3793000000000075
46,0,w0_20260419_235323,85,77903.75,199988.25,245058,0.5257599999999983,0.312740000000014
46,0,w0_20260419_235323,86,240571.5,141219,300289.5,0.7409749999999922,0.3658050000000199
46,0,w0_20260419_235323,87,113819,189626.25,288864.75,0.5342650000000094,0.3865550000000104
46,0,w0_20260419_235323,88,129203,197667.75,268139.25,0.500384999999992,0.441880000000008
46,0,w0_20260419_235323,89,123176.75,119057.25,197016,0.665969999999981,0.29589000000001725
46,0,w0_20260419_235323,90,93852.75,150468.75,249508.5,0.5218900000000007,0.372040000000019
46,0,w0_20260419_235323,91,264722.75,117207.75,226159.5,0.7892300000001274,0.27555500000002275
46,0,w0_20260419_235323,92,122046,230471.25,254442.75,0.5527550000000039,0.3705950000000202
46,0,w0_20260419_235323,93,286691.75,209600.25,253818,0.6430350000000171,0.5122199999999876
46,0,w0_20260419_235323,94,14855.75,148479.75,127144.5,0.4003299999999863,0.26602999999997734
46,0,w0_20260419_235323,95,128369,107469.75,159311.25,0.7136599999999894,0.19627999999998755
46,0,w0_20260419_235323,96,52667.75,220270.5,76911.75,0.49771500000001495,0.10500499999998676
46,0,w0_20260419_235323,97,164191,200096.25,120162.75,0.6373799999999832,0.2991449999999955
46,0,w0_20260419_235323,98,141912.5,226328.25,179699.25,0.5840299999999907,0.2726050000000153
46,0,w0_20260419_235323,99,114553.75,234646.5,203229.75,0.5497399999999769,0.29094500000001583
46,0,w0_20260419_235323,100,293444.75,162303,225482.25,0.7193550000000442,0.4630700000000157
46,1,w1_20260420_000013,1,52741.75,228366,75602.25,0.4734499999999987,0.19043999999999636
46,1,w1_20260420_000013,2,24819,256205.25,45645.75,0.4095700000000025,0.18940999999999472
46,1,w1_20260420_000013,3,190529.25,144636.75,59154,0.7208549999999785,0.16388999999999998
46,1,w1_20260420_000013,4,189668.5,159444,68797.5,0.706034999999985,0.1713549999999973
46,1,w1_20260420_000013,5,32384.25,254737.5,42728.25,0.4210750000000088,0.21159000000000183
46,1,w1_20260420_000013,6,53313.5,266175.75,43830.75,0.45658499999999846,0.16080500000000095
46,1,w1_20260420_000013,7,91542.25,260408.25,42679.5,0.5174999999999909,0.17460499999999154
46,1,w1_20260420_000013,8,178065.75,195400.5,59943.75,0.6377849999999882,0.36382499999999984
46,1,w1_20260420_000013,9,388230.5,121452.75,154206.75,0.7756699999999243,0.6358550000000158
46,1,w1_20260420_000013,10,65010.25,287970,68439.75,0.4661749999999962,0.2027450000000025
46,1,w1_20260420_000013,11,41922,298894.5,123133.5,0.4185349999999844,0.28510500000000133
46,1,w1_20260420_000013,12,61693,177720.75,215906.25,0.4040149999999807,0.4326099999999819
46,1,w1_20260420_000013,13,205855.25,162900.75,229734,0.7019050000000305,0.3405400000000023
46,1,w1_20260420_000013,14,45808,302034.75,182267.25,0.4048099999999858,0.3267500000000091
46,1,w1_20260420_000013,15,165205.5,237426.75,290037.75,0.5611049999999945,0.4110649999999934
46,1,w1_20260420_000013,16,69090.5,253226.25,210443.25,0.446074999999998,0.3208150000000041
46,1,w1_20260420_000013,17,219043.5,154448.25,232058.25,0.7128449999999898,0.33916499999999383
46,1,w1_20260420_000013,18,138399.25,239094.75,191406,0.5712799999999886,0.2951350000000075
46,1,w1_20260420_000013,19,26870.5,152344.5,185535,0.34877499999999784,0.3245100000000058
46,1,w1_20260420_000013,20,74981.25,206475,186273.75,0.449574999999993,0.32886499999999647
46,1,w1_20260420_000013,21,253330,124381.5,240628.5,0.7745000000000576,0.3161849999999789
46,1,w1_20260420_000013,22,170890.25,201240,209139.75,0.6387849999999781,0.276660000000005
46,1,w1_20260420_000013,23,40994.75,187034.25,237261,0.27489499999998634,0.4382949999999957
46,1,w1_20260420_000013,24,58179.75,195219,235691.25,0.37954500000000135,0.3567900000000008
46,1,w1_20260420_000013,25,150061.25,209484,208614.75,0.6025300000000166,0.3041749999999955
46,1,w1_20260420_000013,26,262847.25,179880,242532.75,0.6772000000000011,0.47215500000001714
46,1,w1_20260420_000013,27,178050,182804.25,224325.75,0.6682700000000419,0.2769599999999937
46,1,w1_20260420_000013,28,96134.5,277821.75,241953.75,0.4806800000000081,0.3488649999999985
46,1,w1_20260420_000013,29,122319.25,143892,268128.75,0.5068600000000136,0.41555500000000495
46,1,w1_20260420_000013,30,13975.25,95478,228606.75,0.35104999999999237,0.3085449999999972
46,1,w1_20260420_000013,31,214225.25,128049,208035.75,0.743464999999982,0.30503999999998754
46,1,w1_20260420_000013,32,315755.25,104316,281058.75,0.8186400000000065,0.3937650000000208
46,1,w1_20260420_000013,33,206079.75,202518,302342.25,0.6461699999999618,0.3744499999999981
46,1,w1_20260420_000013,34,177216,216864.75,251819.25,0.6225949999999811,0.329815000000003
46,1,w1_20260420_000013,35,222232.5,182314.5,270933,0.6839450000000036,0.35301000000000665
46,1,w1_20260420_000013,36,142385.25,254046.75,289698,0.5519399999999748,0.34431500000001514
46,1,w1_20260420_000013,37,118037.25,255756,266976.75,0.5206650000000077,0.31353500000001305
46,1,w1_20260420_000013,38,96580.25,274873.5,294866.25,0.4685149999999906,0.3432250000000133
46,1,w1_20260420_000013,39,118157.25,242289,280443.75,0.5379000000000042,0.3060400000000088
46,1,w1_20260420_000013,40,57924.5,207897,203398.5,0.4637549999999938,0.27803000000000627
46,1,w1_20260420_000013,41,134925,252159,297426,0.5429349999999905,0.34687000000000406
46,1,w1_20260420_000013,42,170171,212786.25,299592.75,0.6255250000000104,0.31081500000000484
46,1,w1_20260420_000013,43,360734.5,83284.5,319851,0.856270000000026,0.4327549999999783
46,1,w1_20260420_000013,44,216286.25,216456,307917.75,0.6218600000000062,0.4214550000000174
46,1,w1_20260420_000013,45,263631.25,147975,300993.75,0.7372549999999924,0.3863399999999967
46,1,w1_20260420_000013,46,378585.75,77368.5,280785.75,0.8678100000000266,0.4571750000000011
46,1,w1_20260420_000013,47,196008,250968.75,288323.25,0.5398700000000136,0.47277499999999617
46,1,w1_20260420_000013,48,20732.5,54495,256852.5,0.1993449999999788,0.3922299999999965
46,1,w1_20260420_000013,49,51993.5,120756.75,254409.75,0.4273749999999866,0.3580449999999912
46,1,w1_20260420_000013,50,-9999.999999999996,65537.0305928489,160452.1709344633,0.4527499999999866,0.3407449999999812
46,1,w1_20260420_000013,51,137066.5,245802.75,259530.75,0.5590350000000025,0.3328900000000192
46,1,w1_20260420_000013,52,44943.5,58870.5,278616,0.3197299999999656,0.4228300000000055
46,1,w1_20260420_000013,53,309479.5,79352.25,310778.25,0.8488250000000005,0.34004500000000176
46,1,w1_20260420_000013,54,169069.5,190688.25,288122.25,0.637335,0.28068500000001245
46,1,w1_20260420_000013,55,127343.25,221798.25,325138.5,0.5878950000000124,0.2864600000000065
46,1,w1_20260420_000013,56,283258.25,148884.75,288987,0.745909999999972,0.40895499999999696
46,1,w1_20260420_000013,57,218874.5,202365.75,309399.75,0.6548199999999994,0.3862000000000019
46,1,w1_20260420_000013,58,50921.25,55080.75,331848,0.5307000000000176,0.3904650000000202
46,1,w1_20260420_000013,59,122116.25,165974.25,296269.5,0.43822999999996726,0.4644649999999974
46,1,w1_20260420_000013,60,201598,185702.25,326739.75,0.6776349999999789,0.30729999999999613
46,1,w1_20260420_000013,61,331998.25,48543,277278.75,0.9134449999999972,0.2917299999999929
46,1,w1_20260420_000013,62,282470,70723.5,265306.5,0.8743350000000124,0.23493999999999252
46,1,w1_20260420_000013,63,86524,291694.5,332521.5,0.4416000000000188,0.3858300000000077
46,1,w1_20260420_000013,64,308608.5,102144,327907.5,0.8189449999999773,0.39179499999999345
46,1,w1_20260420_000013,65,42833.5,198989.25,325427.25,0.3412049999999849,0.4119899999999783
46,1,w1_20260420_000013,66,77069.75,215727.75,330052.5,0.4197949999999924,0.3682899999999969
46,1,w1_20260420_000013,67,164891.5,206877.75,284190.75,0.5913099999999794,0.3743850000000065
46,1,w1_20260420_000013,68,104942.5,207570,325507.5,0.4599699999999896,0.3753450000000094
46,1,w1_20260420_000013,69,222525.25,232613.25,308461.5,0.6014599999999789,0.4595450000000044
46,1,w1_20260420_000013,70,334318.75,99314.25,298377,0.8285950000000055,0.42447499999999944
46,1,w1_20260420_000013,71,83026.25,118850.25,103423.5,0.5949149999999852,0.3218649999999845
46,1,w1_20260420_000013,72,176569.75,196177.5,176052.75,0.6296650000000019,0.3626700000000108
46,1,w1_20260420_000013,73,350244.5,81892.5,248973,0.8559599999999844,0.4218200000000136
46,1,w1_20260420_000013,74,316669.75,178066.5,214053.75,0.6846949999999773,0.5511049999999993
46,1,w1_20260420_000013,75,373567.25,32778.75,144774,0.9447599999999956,0.47855000000002373
46,1,w1_20260420_000013,76,16792,108833.25,68454.75,0.36427999999996985,0.44932000000000305
46,1,w1_20260420_000013,77,352585.5,59369.25,299405.25,0.8952299999999688,0.3746900000000073
46,1,w1_20260420_000013,78,140847.25,243550.5,308912.25,0.5401999999999784,0.34696500000000435
46,1,w1_20260420_000013,79,86580.25,77079.75,259230,0.44532499999998465,0.42985000000000784
46,1,w1_20260420_000013,80,59358,18885.75,177386.25,0.49516999999997385,0.41812499999999825
46,1,w1_20260420_000013,81,111783.75,102512.25,97074,0.6288850000000074,0.2963349999999681
46,1,w1_20260420_000013,82,345117,52542,161511,0.911470000000019,0.3331399999999953
46,1,w1_20260420_000013,83,55514,115419,89097,0.4502350000000266,0.26616499999997695
46,1,w1_20260420_000013,84,168423,171014.25,212682.75,0.6593200000000192,0.30153500000001077
46,1,w1_20260420_000013,85,170068.25,186102,304689.75,0.6165299999999752,0.35602500000001674
46,1,w1_20260420_000013,86,64783.5,136806,155290.5,0.3879550000000064,0.35394499999998996
46,1,w1_20260420_000013,87,73196.75,77734.5,76848.75,0.5405749999999812,0.3864199999999948
46,1,w1_20260420_000013,88,31787,54162,143991,0.5020449999999871,0.30922499999999803
46,1,w1_20260420_000013,89,134912.5,132154.5,177483,0.6196799999999889,0.22158999999999743
46,1,w1_20260420_000013,90,190227.25,79098,307254.75,0.5671899999999854,0.3998999999999931
46,1,w1_20260420_000013,91,99559.25,110486.25,223714.5,0.4603299999999962,0.4337499999999974
46,1,w1_20260420_000013,92,49646.75,182683.5,260199.75,0.4504799999999913,0.3857500000000099
46,1,w1_20260420_000013,93,101323.25,59805,290451.75,0.6722200000000158,0.37199000000000254
46,1,w1_20260420_000013,94,80931.25,162108.75,267900,0.5215250000000251,0.35840500000001096
46,1,w1_20260420_000013,95,19532.25,63544.5,242153.25,0.3467749999999561,0.40125499999999353
46,1,w1_20260420_000013,96,83894.75,87678,218627.25,0.4131499999999802,0.481389999999998
46,1,w1_20260420_000013,97,121557.5,129005.25,251657.25,0.6342450000000119,0.3329000000000085
46,1,w1_20260420_000013,98,30498.5,106386.75,271344.75,0.34798500000000493,0.3927400000000067
46,1,w1_20260420_000013,99,285856.25,68236.5,247817.25,0.8571299999999613,0.35018499999999436
46,1,w1_20260420_000013,100,154837.75,42755.25,280107,0.7541100000000258,0.4215200000000057
47,0,w0_20260420_000703,1,183606.75,128241.75,80191.5,0.7226749999999825,0.12710000000000024
47,0,w0_20260420_000703,2,88175.75,260919,52085.25,0.516759999999997,0.16243000000000166
47,0,w0_20260420_000703,3,80142,270268.5,47869.5,0.4989849999999996,0.1724049999999947
47,0,w0_20260420_000703,4,130369.75,218955,50555.25,0.5937000000000214,0.15196499999999558
47,0,w0_20260420_000703,5,32846.5,302170.5,45123,0.4107299999999862,0.1592299999999955
47,0,w0_20260420_000703,6,147102,133999.5,110128.5,0.6954099999999824,0.4099950000000021
47,0,w0_20260420_000703,7,428611.5,97393.5,97065,0.822629999999965,0.6771499999999905
47,0,w0_20260420_000703,8,112022,248418.75,121229.25,0.5431500000000026,0.3007199999999888
47,0,w0_20260420_000703,9,154475.5,216750.75,269943.75,0.6057599999999793,0.377085
47,0,w0_20260420_000703,10,32071.5,198992.25,198296.25,0.41081499999999904,0.3770799999999858
47,0,w0_20260420_000703,11,293291,87266.25,326682.75,0.8405849999999436,0.3612100000000005
47,0,w0_20260420_000703,12,149454.5,226250.25,279995.25,0.5877249999999707,0.34139499999998635
47,0,w0_20260420_000703,13,308248,83846.25,300855.75,0.8488849999999355,0.3696050000000177
47,0,w0_20260420_000703,14,89067.5,280768.5,305994,0.4800400000000075,0.353314999999999
47,0,w0_20260420_000703,15,262824,120219.75,255296.25,0.784899999999946,0.3417099999999966
47,0,w0_20260420_000703,16,93189.25,254205.75,275715,0.44340000000001567,0.3883400000000055
47,0,w0_20260420_000703,17,189355.5,186493.5,251301,0.6606199999999649,0.3269099999999995
47,0,w0_20260420_000703,18,239779,119740.5,212650.5,0.7822749999999403,0.2728250000000093
47,0,w0_20260420_000703,19,126518,227355.75,261776.25,0.5453850000000176,0.3345049999999998
47,0,w0_20260420_000703,20,51936,224487.75,248156.25,0.4035150000000239,0.33387999999998785
47,0,w0_20260420_000703,21,275443,106560.75,209876.25,0.8132149999998936,0.336574999999988
47,0,w0_20260420_000703,22,172883.75,215976.75,280159.5,0.6028849999999875,0.3842699999999947
47,0,w0_20260420_000703,23,10814.5,272152.5,168423,0.319220000000013,0.3228199999999857
47,0,w0_20260420_000703,24,81120.5,204966.75,172902.75,0.4608500000000072,0.36710999999999294
47,0,w0_20260420_000703,25,45894.5,190653.75,155601.75,0.3989950000000147,0.3019949999999942
47,0,w0_20260420_000703,26,302821.25,70915.5,186893.25,0.8745699999999473,0.35363999999998247
47,0,w0_20260420_000703,27,87095.25,194889.75,165885,0.4826650000000149,0.3135399999999941
47,0,w0_20260420_000703,28,330535.25,75603,317331.75,0.8652999999999685,0.3859549999999886
47,0,w0_20260420_000703,29,269750.75,117168,202151.25,0.7966749999999806,0.34254000000000007
47,0,w0_20260420_000703,30,75356.75,178350,205013.25,0.5229050000000056,0.32475999999999394
47,0,w0_20260420_000703,31,228760.5,156363.75,197865.75,0.7259349999999799,0.33415499999999065
47,0,w0_20260420_000703,32,109770.5,176043.75,203235.75,0.5379499999999948,0.33357499999998486
47,0,w0_20260420_000703,33,54070,317235.75,230354.25,0.37037500000001994,0.42607499999999743
47,0,w0_20260420_000703,34,39243.5,327325.5,224031,0.32090000000000773,0.4402550000000032
47,0,w0_20260420_000703,35,157089.5,192447.75,235872.75,0.6197699999999856,0.3442699999999946
47,0,w0_20260420_000703,36,261141.25,136953,281205.75,0.7533399999999817,0.39411500000000466
47,0,w0_20260420_000703,37,290211.5,70275.75,195042.75,0.8768500000000364,0.24846499999999724
47,0,w0_20260420_000703,38,139026.25,165297.75,175536,0.594680000000029,0.429804999999996
47,0,w0_20260420_000703,39,190965.75,254478,232226.25,0.5420350000000257,0.5220999999999981
47,0,w0_20260420_000703,40,127185.5,117526.5,227838,0.6256749999999879,0.3153299999999963
47,0,w0_20260420_000703,41,150692.75,177759.75,242617.5,0.6253400000000152,0.39770499999998926
47,0,w0_20260420_000703,42,134309.75,198874.5,255105.75,0.5517599999999959,0.3707099999999876
47,0,w0_20260420_000703,43,79565.75,83082,157112.25,0.6370599999999845,0.2980349999999858
47,0,w0_20260420_000703,44,170623,137067.75,269369.25,0.6264349999999786,0.4195200000000125
47,0,w0_20260420_000703,45,214509.25,173202,199848.75,0.6982599999999923,0.31648500000000757
47,0,w0_20260420_000703,46,54225.5,141613.5,148101,0.27950000000001396,0.4996399999999974
47,0,w0_20260420_000703,47,40108.75,87740.25,204861,0.33964000000001016,0.4847449999999757
47,0,w0_20260420_000703,48,208461,96734.25,190944.75,0.7727999999999557,0.2513749999999907
47,0,w0_20260420_000703,49,293445,93489.75,214535.25,0.8320349999999879,0.3477200000000042
47,0,w0_20260420_000703,50,338288.75,67152.75,212488.5,0.8807049999999286,0.3790100000000025
47,0,w0_20260420_000703,51,132050,234276,113034,0.5853550000000163,0.2478599999999997
47,0,w0_20260420_000703,52,241526.25,189862.5,249101.25,0.6670699999999999,0.42264500000000127
47,0,w0_20260420_000703,53,191704,224577.75,279458.25,0.5653250000000047,0.4417549999999775
47,0,w0_20260420_000703,54,179921.25,201199.5,271799.25,0.5589599999999948,0.4376049999999827
47,0,w0_20260420_000703,55,79340,173328.75,243791.25,0.47630000000002626,0.2946600000000124
47,0,w0_20260420_000703,56,188770.25,135297.75,256602,0.5624249999999891,0.4766649999999884
47,0,w0_20260420_000703,57,38444.75,140994.75,294220.5,0.3131499999999909,0.43646000000000706
47,0,w0_20260420_000703,58,166907.5,90859.5,174783,0.17267999999998307,0.6691199999999993
47,0,w0_20260420_000703,59,206711.25,118041.75,278367,0.6905050000000152,0.449339999999992
47,0,w0_20260420_000703,60,256089,122454,206697,0.7887549999999838,0.2904850000000087
47,0,w0_20260420_000703,61,345090,43155,196875,0.9198349999999808,0.3347500000000186
47,0,w0_20260420_000703,62,89347.75,181743,224279.25,0.5243499999999952,0.32460000000001016
47,0,w0_20260420_000703,63,246707.25,99896.25,264436.5,0.727499999999992,0.4722799999999968
47,0,w0_20260420_000703,64,34973.25,133978.5,206918.25,0.5380349999999999,0.2666050000000106
47,0,w0_20260420_000703,65,240182,109309.5,166018.5,0.6103049999999929,0.6479650000000291
47,0,w0_20260420_000703,66,334129.75,70044,253316.25,0.8610899999999874,0.3869099999999886
47,0,w0_20260420_000703,67,191320.75,118206.75,280792.5,0.5850449999999849,0.44678999999999985
47,0,w0_20260420_000703,68,121575.75,124662,186482.25,0.5543900000000115,0.27555000000000357
47,0,w0_20260420_000703,69,291669.25,82223.25,176857.5,0.8422699999999695,0.32989999999999325
47,0,w0_20260420_000703,70,303872,68730,188208,0.8738449999999691,0.27138499999999927
47,0,w0_20260420_000703,71,146396,131448.75,283745.25,0.5797549999999828,0.368735000000011
47,0,w0_20260420_000703,72,43488.5,125002.5,135909,0.4087550000000142,0.30203499999999206
47,0,w0_20260420_000703,73,180139.25,121148.25,255292.5,0.5121600000000134,0.4841649999999945
47,0,w0_20260420_000703,74,172756,147831,235833,0.6434700000000193,0.3590050000000088
47,0,w0_20260420_000703,75,143255.75,120264,89180.25,0.6756249999999976,0.31651500000000654
47,0,w0_20260420_000703,76,182111,153392.25,146916.75,0.669519999999989,0.34265499999999527
47,0,w0_20260420_000703,77,51076.75,106026,72887.25,0.3840600000000176,0.2214949999999923
47,0,w0_20260420_000703,78,-10000,19014.397929900784,22553.25,0.2224049999999733,0.41316499999998835
47,0,w0_20260420_000703,79,-5812.75,115340.25,291172.5,0.237585000000005,0.3472649999999964
47,0,w0_20260420_000703,80,178520.5,91575.75,157833.75,0.6648049999999712,0.35154000000000923
47,0,w0_20260420_000703,81,248691,92752.5,104206.5,0.778569999999987,0.28523500000001284
47,0,w0_20260420_000703,82,155621.75,97695,129203.25,0.635314999999967,0.2532249999999932
47,0,w0_20260420_000703,83,164130.5,94212,53617.5,0.5675449999999819,0.16343499999999553
47,0,w0_20260420_000703,84,3859.5,101975.25,63515.25,0.32090500000003197,0.503024999999996
47,0,w0_20260420_000703,85,17993.5,56617.5,64389,0.4754300000000119,0.4261749999999867
47,0,w0_20260420_000703,86,109964.25,90168.75,72057,0.554039999999956,0.36160000000000664
47,0,w0_20260420_000703,87,294894,54582.75,188573.25,0.8700749999999554,0.3682750000000008
47,0,w0_20260420_000703,88,-1561.25,73106.25,54015,0.2982499999999646,0.37429999999998254
47,0,w0_20260420_000703,89,-5838.5,54670.5,43188,0.42168500000004133,0.41719000000000994
47,0,w0_20260420_000703,90,36940,80389.5,54130.5,0.5647950000000055,0.3504649999999957
47,0,w0_20260420_000703,91,231346,112709.25,232614.75,0.7166399999999876,0.41295499999999336
47,0,w0_20260420_000703,92,103200,113261.25,98118.75,0.6498150000000049,0.3659399999999831
47,0,w0_20260420_000703,93,358181.75,33502.5,155475.75,0.9328700000000132,0.3631899999999898
47,0,w0_20260420_000703,94,320656.5,50952,104461.5,0.904680000000033,0.27708000000002014
47,0,w0_20260420_000703,95,135196.75,113355.75,46657.5,0.5665899999999975,0.2964650000000047
47,0,w0_20260420_000703,96,99984,99847.5,21538.5,0.5628949999999774,0.33345499999999945
47,0,w0_20260420_000703,97,144718.75,64857.75,49003.5,0.652609999999987,0.2340700000000083
47,0,w0_20260420_000703,98,158703.25,69684,69582.75,0.7231650000000186,0.27780999999999284
47,0,w0_20260420_000703,99,126032.75,66378,25529.25,0.6339400000000038,0.26556500000001976
47,0,w0_20260420_000703,100,24048,109270.5,74131.5,0.4191700000000207,0.17524999999999338
47,1,w1_20260420_001353,1,180234.5,142405.5,88260,0.7054699999999813,0.19460999999999767
47,1,w1_20260420_001353,2,79949.25,268842.75,53808,0.5031050000000052,0.15229999999999508
47,1,w1_20260420_001353,3,33505.75,312781.5,51942.75,0.4127550000000056,0.17369999999999036
47,1,w1_20260420_001353,4,178573,171255.75,51101.25,0.6809700000000022,0.2213749999999974
47,1,w1_20260420_001353,5,84271.75,259940.25,52128,0.5052299999999956,0.27304499999999154
47,1,w1_20260420_001353,6,128783.25,224943,47553.75,0.5804549999999961,0.25301999999999275
47,1,w1_20260420_001353,7,146264.75,205596,65789.25,0.625034999999994,0.14469000000000426
47,1,w1_20260420_001353,8,203181.25,152122.5,71516.25,0.7236950000000099,0.20137999999999495
47,1,w1_20260420_001353,9,152925.75,175737.75,180946.5,0.6820299999999783,0.18013499999999408
47,1,w1_20260420_001353,10,6687.5,184773.75,113268.75,0.4756799999999935,0.15701999999999405
47,1,w1_20260420_001353,11,71520.75,259673.25,91416,0.5055249999999905,0.1638750000000012
47,1,w1_20260420_001353,12,215392.5,151497.75,96669.75,0.725799999999968,0.3275800000000196
47,1,w1_20260420_001353,13,136612.25,223317.75,209970,0.5653099999999976,0.3360649999999887
47,1,w1_20260420_001353,14,169737.5,188765.25,64817.25,0.6607549999999773,0.17074499999999376
47,1,w1_20260420_001353,15,160520.25,183900,208869.75,0.5767750000000375,0.4504900000000208
47,1,w1_20260420_001353,16,169063.75,197304.75,63661.5,0.6481049999999611,0.239164999999996
47,1,w1_20260420_001353,17,122135.75,242061.75,185002.5,0.5480099999999904,0.33183999999999414
47,1,w1_20260420_001353,18,112888.25,248904,122697.75,0.5538499999999874,0.2562899999999962
47,1,w1_20260420_001353,19,72007.75,245118,212774.25,0.46025999999999456,0.3400150000000093
47,1,w1_20260420_001353,20,184292.75,179058.75,237118.5,0.672960000000017,0.34917999999999144
47,1,w1_20260420_001353,21,327150.5,57347.25,301982.25,0.8960099999999535,0.3628499999999983
47,1,w1_20260420_001353,22,236199.75,135921,269189.25,0.7085200000000065,0.4418099999999851
47,1,w1_20260420_001353,23,191790.25,176674.5,223625.25,0.6706649999999997,0.3197849999999912
47,1,w1_20260420_001353,24,137638,209094,215178,0.5355899999999975,0.39536000000000254
47,1,w1_20260420_001353,25,66760.75,213564.75,240484.5,0.4732749999999985,0.31064000000000047
47,1,w1_20260420_001353,26,314714.25,69355.5,226250.25,0.8750949999999788,0.33941500000000513
47,1,w1_20260420_001353,27,138489,197252.25,222618.75,0.5742099999999999,0.3425049999999987
47,1,w1_20260420_001353,28,132424,233947.5,254368.5,0.5451299999999756,0.3461450000000064
47,1,w1_20260420_001353,29,197916,180673.5,255820.5,0.6537850000000192,0.3823099999999991
47,1,w1_20260420_001353,30,50266.75,347188.5,281064.75,0.3783699999999994,0.3772699999999963
47,1,w1_20260420_001353,31,337390.5,72281.25,248378.25,0.8721249999999547,0.3894100000000047
47,1,w1_20260420_001353,32,346885,70469.25,248205.75,0.8779499999999855,0.3894650000000128
47,1,w1_20260420_001353,33,175635.25,207017.25,211477.5,0.6277399999999701,0.34216000000000946
47,1,w1_20260420_001353,34,-10000,170590.3125,118394.0625,0.4400499999999863,0.5694799999999832
47,1,w1_20260420_001353,35,31055.75,195502.5,211371.75,0.28716499999998857,0.4527100000000076
47,1,w1_20260420_001353,36,234275.5,119380.5,206184,0.7440449999999803,0.3491999999999975
47,1,w1_20260420_001353,37,50677.75,209941.5,222630.75,0.4277100000000066,0.3735850000000056
47,1,w1_20260420_001353,38,222689,151986.75,182354.25,0.7270199999999902,0.3174900000000176
47,1,w1_20260420_001353,39,338632.75,49008.75,231898.5,0.9156899999999548,0.325080000000006
47,1,w1_20260420_001353,40,72389.25,204788.25,263482.5,0.41146499999999,0.3989299999999943
47,1,w1_20260420_001353,41,111239.25,179344.5,266456.25,0.5147249999999929,0.4259949999999968
47,1,w1_20260420_001353,42,97836.75,116832.75,248140.5,0.5407950000000222,0.3716750000000078
47,1,w1_20260420_001353,43,341422.5,53409,232588.5,0.9042449999999744,0.35927500000000856
47,1,w1_20260420_001353,44,111884.75,216336.75,224458.5,0.40438999999997727,0.497874999999992
47,1,w1_20260420_001353,45,243874,151429.5,219736.5,0.7242949999999705,0.3517450000000122
47,1,w1_20260420_001353,46,105189.5,186516,244624.5,0.5277649999999906,0.31610000000001104
47,1,w1_20260420_001353,47,397605.75,31320.75,274033.5,0.944449999999974,0.408149999999993
47,1,w1_20260420_001353,48,139583,212432.25,286014.75,0.5497299999999867,0.3535400000000046
47,1,w1_20260420_001353,49,126334.75,157713.75,225241.5,0.5913499999999685,0.3094500000000006
47,1,w1_20260420_001353,50,148972.25,175985.25,256162.5,0.5437799999999802,0.4404049999999927
47,1,w1_20260420_001353,51,121618,122623.5,253648.5,0.5261549999999845,0.3471300000000061
47,1,w1_20260420_001353,52,143719,156825,267876,0.6273599999999777,0.334175000000005
47,1,w1_20260420_001353,53,219682,177179.25,273048.75,0.688479999999991,0.34936499999999177
47,1,w1_20260420_001353,54,96734.75,116193,208052.25,0.5677649999999681,0.32925000000001226
47,1,w1_20260420_001353,55,200709,185443.5,270397.5,0.651899999999972,0.3802800000000002
47,1,w1_20260420_001353,56,186645.5,178339.5,252195,0.6455799999999766,0.36132999999999355
47,1,w1_20260420_001353,57,136871.5,165584.25,250454.25,0.6275649999999687,0.3945399999999927
47,1,w1_20260420_001353,58,318322.25,89792.25,228475.5,0.8444999999999835,0.41775499999998866
47,1,w1_20260420_001353,59,275348.5,136846.5,257835,0.7616199999999521,0.3911950000000125
47,1,w1_20260420_001353,60,79933.75,164895,264251.25,0.4086899999999816,0.4294600000000136
47,1,w1_20260420_001353,61,29350,101023.5,232846.5,0.272709999999958,0.41703000000001
47,1,w1_20260420_001353,62,47842.75,111021,199796.25,0.44558999999998367,0.3213050000000133
47,1,w1_20260420_001353,63,119367,123630,178983,0.6036249999999652,0.2950050000000074
47,1,w1_20260420_001353,64,230241.25,112490.25,272848.5,0.756584999999975,0.3534099999999948
47,1,w1_20260420_001353,65,92181.75,126558,164090.25,0.2734399999999942,0.5788349999999874
47,1,w1_20260420_001353,66,88050,125319.75,203360.25,0.5295849999999814,0.32145500000001087
47,1,w1_20260420_001353,67,398356.5,55326,272437.5,0.8832249999999517,0.473380000000007
47,1,w1_20260420_001353,68,66020.5,147227.25,148052.25,0.4700599999999841,0.3350800000000111
47,1,w1_20260420_001353,69,20025,107113.5,61921.5,0.3402849999999711,0.34721999999998204
47,1,w1_20260420_001353,70,265923,24478.5,434548.5,0.9506050000000028,0.16619499999999193
47,1,w1_20260420_001353,71,174299.75,170388.75,176731.5,0.643449999999973,0.39613000000001103
47,1,w1_20260420_001353,72,120473,120306,158511,0.635704999999932,0.3262150000000121
47,1,w1_20260420_001353,73,168472.75,192792.75,264244.5,0.6360450000000024,0.34789000000000614
47,1,w1_20260420_001353,74,192798.25,176446.5,251165.25,0.6836149999999549,0.295174999999999
47,1,w1_20260420_001353,75,-10000,7314.06,32201.519999999997,0.2794499999999733,0.04175499999999964
47,1,w1_20260420_001353,76,323646,36651,141063,0.895215000000034,0.33142000000001043
47,1,w1_20260420_001353,77,103682.75,196323,238994.25,0.4997800000000006,0.3220150000000077
47,1,w1_20260420_001353,78,100247.75,130322.25,155700,0.5370349999999812,0.2732550000000033
47,1,w1_20260420_001353,79,182872,183823.5,177814.5,0.6647549999999851,0.268254999999993
47,1,w1_20260420_001353,80,215153.5,179585.25,293771.25,0.6781899999999756,0.3475550000000058
47,1,w1_20260420_001353,81,300597.25,118378.5,269864.25,0.7980400000000096,0.3601950000000036
47,1,w1_20260420_001353,82,11343.5,107412.75,174033.75,0.502239999999966,0.2815400000000036
47,1,w1_20260420_001353,83,19829.25,165186,107154.75,0.3334549999999931,0.3920949999999673
47,1,w1_20260420_001353,84,305022.25,88026.75,234111,0.8490849999999551,0.298965000000003
47,1,w1_20260420_001353,85,193676.25,228960.75,304953,0.6136149999999811,0.3740800000000076
47,1,w1_20260420_001353,86,328465,89428.5,246286.5,0.8444199999999881,0.3821650000000055
47,1,w1_20260420_001353,87,-10000,120960.0375,92535.4875,0.20248000000002975,0.44061499999995496
47,1,w1_20260420_001353,88,429342,30302.25,269295.75,0.9453799999999952,0.4575400000000143
47,1,w1_20260420_001353,89,379024,62485.5,254200.5,0.8947149999999736,0.42657999999999274
47,1,w1_20260420_001353,90,181524.25,223945.5,287450.25,0.6076650000000178,0.3717899999999918
47,1,w1_20260420_001353,91,38339,112821.75,158729.25,0.35760499999995937,0.39080499999999513
47,1,w1_20260420_001353,92,24229.75,47171.25,173649,0.3151099999999859,0.4658300000000283
47,1,w1_20260420_001353,93,37052.75,101863.5,192333.75,0.34930999999994394,0.3701350000000142
47,1,w1_20260420_001353,94,81428.5,101982,143329.5,0.43317999999992607,0.3284399999999893
47,1,w1_20260420_001353,95,95967,216105.75,152327.25,0.4609499999999937,0.395985000000004
47,1,w1_20260420_001353,96,77354.25,121153.5,112892.25,0.5118399999999644,0.45876999999998713
47,1,w1_20260420_001353,97,22716.75,134469,175064.25,0.2698199999999806,0.3932899999999944
47,1,w1_20260420_001353,98,100259.25,175039.5,439151.25,0.6703950000000991,0.15554999999999494
47,1,w1_20260420_001353,99,103002.75,203577,144860.25,0.5208599999999948,0.32883000000000445
47,1,w1_20260420_001353,100,196963.5,117678,258328.5,0.7136949999999829,0.2775500000000121
48,0,w0_20260420_002041,1,97006.25,230832.75,102381,0.5423199999999967,0.19104499999997693
48,0,w0_20260420_002041,2,253002.75,93526.5,98490.75,0.8266399999999594,0.2600700000000024
48,0,w0_20260420_002041,3,187678.25,161952.75,63189,0.7023149999999871,0.17304500000000222
48,0,w0_20260420_002041,4,283478,68235,63297,0.8744699999999886,0.18353999999998924
48,0,w0_20260420_002041,5,76346.5,269118.75,46494.75,0.4761949999999943,0.37580500000002814
48,0,w0_20260420_002041,6,119833.75,228732.75,57703.5,0.5721849999999877,0.2203799999999934
48,0,w0_20260420_002041,7,137423,215021.25,61695.75,0.6040049999999981,0.20857999999999705
48,0,w0_20260420_002041,8,49687.5,171111,61951.5,0.4646350000000077,0.140714999999997
48,0,w0_20260420_002041,9,215106.75,136634.25,53679,0.7458899999999871,0.15566999999999037
48,0,w0_20260420_002041,10,81483,248971.5,52525.5,0.5160899999999947,0.1876399999999964
48,0,w0_20260420_002041,11,156321.25,200557.5,48581.25,0.6353249999999815,0.17033999999999525
48,0,w0_20260420_002041,12,55210.25,157320,52869.75,0.4805400000000189,0.1962899999999928
48,0,w0_20260420_002041,13,149668.75,204684,54527.25,0.625060000000001,0.19100999999998877
48,0,w0_20260420_002041,14,53052.25,171583.5,39254.25,0.4876500000000011,0.21703499999999465
48,0,w0_20260420_002041,15,147528.25,212857.5,52844.25,0.610069999999968,0.30269499999999
48,0,w0_20260420_002041,16,252989.75,105543.75,56116.5,0.8066749999999612,0.2529150000000069
48,0,w0_20260420_002041,17,84562.75,276359.25,40038,0.49255499999999186,0.264160000000005
48,0,w0_20260420_002041,18,227864,141041.25,69684.75,0.7447150000000016,0.3389250000000064
48,0,w0_20260420_002041,19,84619,227162.25,50868.75,0.4704250000000378,0.3725100000000031
48,0,w0_20260420_002041,20,316479.25,88976.25,226504.5,0.8371799999999828,0.4231050000000138
48,0,w0_20260420_002041,21,149624,218115,212361,0.5875200000000004,0.381315000000004
48,0,w0_20260420_002041,22,120114,226059,47127,0.5734899999999964,0.14316499999998986
48,0,w0_20260420_002041,23,287798,101993.25,246018.75,0.8195699999999764,0.3661550000000092
48,0,w0_20260420_002041,24,87462.5,200895.75,43611.75,0.5474750000000299,0.10109999999999288
48,0,w0_20260420_002041,25,52607.75,190003.5,56358.75,0.46060500000001264,0.33151000000002884
48,0,w0_20260420_002041,26,100154.5,143437.5,42138,0.5827150000000108,0.16084499999999333
48,0,w0_20260420_002041,27,119382,115471.5,116836.5,0.5733350000000135,0.4290049999999946
48,0,w0_20260420_002041,28,140703.5,221862,45394.5,0.5986900000000055,0.24395500000001183
48,0,w0_20260420_002041,29,110277,135076.5,151876.5,0.5402650000000229,0.35300999999998806
48,0,w0_20260420_002041,30,102294,154896,50310,0.6406950000000246,0.2320649999999986
48,0,w0_20260420_002041,31,117541.5,122412,178066.5,0.5910800000000034,0.3557300000000063
48,0,w0_20260420_002041,32,11003.5,184539.75,212226.75,0.19182499999998612,0.43487000000002546
48,0,w0_20260420_002041,33,144243,171984,86223,0.6447949999999936,0.30004999999999976
48,0,w0_20260420_002041,34,112319.75,163187.25,55983,0.5801450000000046,0.19584999999999833
48,0,w0_20260420_002041,35,124753.75,181674.75,139171.5,0.580769999999985,0.3474899999999981
48,0,w0_20260420_002041,36,306872.25,64135.5,67682.25,0.8852299999999313,0.2280399999999912
48,0,w0_20260420_002041,37,51599.5,204693.75,85296.75,0.5222450000000001,0.25043000000000815
48,0,w0_20260420_002041,38,-10000,36756.75,36440.25,0.5484200000000712,0.0958749999999932
48,0,w0_20260420_002041,39,203291,117341.25,70977.75,0.7362050000000672,0.2514749999999947
48,0,w0_20260420_002041,40,187529,165981.75,64229.25,0.6899350000000021,0.2523449999999913
48,0,w0_20260420_002041,41,325884.25,47746.5,67679.25,0.9155450000000064,0.1979899999999972
48,0,w0_20260420_002041,42,81505.25,194542.5,71162.25,0.5112800000000276,0.2134249999999941
48,0,w0_20260420_002041,43,230972.75,129363.75,85993.5,0.7701099999999851,0.35853000000001783
48,0,w0_20260420_002041,44,85230,70734.75,173135.25,0.26314500000001195,0.5509700000000093
48,0,w0_20260420_002041,45,49777.5,178742.25,64940.25,0.4611950000000325,0.1791049999999923
48,0,w0_20260420_002041,46,169070.25,167829.75,61740,0.6522599999999893,0.14360499999999307
48,0,w0_20260420_002041,47,35801.5,148825.5,41403,0.34188000000002683,0.13407499999999117
48,0,w0_20260420_002041,48,1762.25,13351.5,27596.25,0.4899150000000031,0.27765500000001164
48,0,w0_20260420_002041,49,134852.25,157557.75,107190,0.6074249999999974,0.32799000000000783
48,0,w0_20260420_002041,50,59251.25,145932,65676.75,0.4128750000000199,0.2313450000000094
48,0,w0_20260420_002041,51,133017.75,236850,284372.25,0.5183350000000199,0.4011300000000096
48,0,w0_20260420_002041,52,90008.5,238052.25,293309.25,0.4012750000000184,0.4087849999999992
48,0,w0_20260420_002041,53,327120.75,42297.75,264121.5,0.913534999999992,0.35029500000000824
48,0,w0_20260420_002041,54,82551.5,75003,127735.5,0.4701650000000047,0.2953850000000042
48,0,w0_20260420_002041,55,162117,107989.5,195763.5,0.475695000000004,0.613850000000039
48,0,w0_20260420_002041,56,105230.5,39867,200182.5,0.6421850000000267,0.31938000000001154
48,0,w0_20260420_002041,57,91465,57391.5,121153.5,0.6361900000000216,0.25506000000000445
48,0,w0_20260420_002041,58,62232.25,89145.75,273072,0.5076500000000167,0.3241400000000026
48,0,w0_20260420_002041,59,155076.25,133513.5,306350.25,0.5689899999999933,0.35635499999999265
48,0,w0_20260420_002041,60,278192.75,89468.25,298689,0.8176349999999523,0.32889999999999986
48,0,w0_20260420_002041,61,38322.75,139263.75,318133.5,0.2814499999999952,0.41306000000000886
48,0,w0_20260420_002041,62,76281,67467,271392,0.5919049999999847,0.27964500000000014
48,0,w0_20260420_002041,63,138104.25,129082.5,312293.25,0.579220000000027,0.36012500000001146
48,0,w0_20260420_002041,64,24907.5,155026.5,319836,0.2829899999999817,0.37385000000001894
48,0,w0_20260420_002041,65,-10000,54745.5,66939.075,0.5363299999999613,0.6610050000000076
48,0,w0_20260420_002041,66,93856.75,47679,249014.25,0.6720449999999871,0.3459300000000015
48,0,w0_20260420_002041,67,167921.75,75636,199832.25,0.7696549999999884,0.2802200000000022
48,0,w0_20260420_002041,68,246120.75,46671,268748.25,0.8703649999999671,0.28242000000001716
48,0,w0_20260420_002041,69,91627.75,144060.75,285211.5,0.5357250000000028,0.33950999999999737
48,0,w0_20260420_002041,70,90005,148374,323751,0.5435000000000119,0.38088000000001937
48,0,w0_20260420_002041,71,-10000,59058.75,117235.43625,0.4486299999999694,0.5659049999999969
48,0,w0_20260420_002041,72,113720.75,64530,265439.25,0.30975999999998183,0.5488750000000102
48,0,w0_20260420_002041,73,-10000,25446.3,79965.6,0.45814999999999007,0.543019999999941
48,0,w0_20260420_002041,74,-9999.999999999998,56039.999175,95187.75,0.6001549999999563,0.3502149999999981
48,0,w0_20260420_002041,75,140119.75,24639.75,240850.5,0.8099599999999582,0.48806499999999375
48,0,w0_20260420_002041,76,166151.25,155449.5,229739.25,0.657539999999949,0.29367999999999866
48,0,w0_20260420_002041,77,89816,255206.25,180207.75,0.5176650000000145,0.27629000000000087
48,0,w0_20260420_002041,78,89937.25,188753.25,225679.5,0.5532149999999726,0.2516799999999983
48,0,w0_20260420_002041,79,197857.5,160080,128932.5,0.704574999999997,0.29657000000000977
48,0,w0_20260420_002041,80,187681.75,133693.5,121674.75,0.6998950000000094,0.2420400000000032
48,0,w0_20260420_002041,81,127192.25,177504.75,160053,0.5984799999999928,0.28358999999999857
48,0,w0_20260420_002041,82,344671.75,55844.25,118164,0.8924649999999723,0.41893499999999495
48,0,w0_20260420_002041,83,379323.25,33844.5,165632.25,0.941960000000004,0.38116500000000936
48,0,w0_20260420_002041,84,231191.5,158106,211912.5,0.6273949999999562,0.4441700000000045
48,0,w0_20260420_002041,85,143749.75,179529.75,184930.5,0.6152950000000015,0.2521100000000045
48,0,w0_20260420_002041,86,133715.75,244095,259499.25,0.5138050000000006,0.4103300000000084
48,0,w0_20260420_002041,87,117258,255878.25,181353.75,0.5510800000000191,0.2368350000000076
48,0,w0_20260420_002041,88,299646,158958,245676,0.7236100000000051,0.48266000000000714
48,0,w0_20260420_002041,89,214579.5,156128.25,176252.25,0.7120399999999876,0.2665850000000028
48,0,w0_20260420_002041,90,85572.25,238596.75,276741,0.35501500000000424,0.45042000000001053
48,0,w0_20260420_002041,91,68111.25,205623,184245.75,0.4640749999999961,0.29148500000000555
48,0,w0_20260420_002041,92,166451.75,175461.75,246976.5,0.6218750000000057,0.3368049999999875
48,0,w0_20260420_002041,93,121166.5,123300.75,243132.75,0.49133499999998814,0.36952000000000135
48,0,w0_20260420_002041,94,101453.75,165883.5,119322.75,0.4822349999999733,0.3277349999999971
48,0,w0_20260420_002041,95,372734.5,111135.75,246579.75,0.7915200000000645,0.5265349999999985
48,0,w0_20260420_002041,96,353898,72872.25,242379.75,0.8772849999999874,0.33893499999999926
48,0,w0_20260420_002041,97,340094.75,79090.5,233334.75,0.8667899999999803,0.3765500000000111
48,0,w0_20260420_002041,98,260712.75,144038.25,144189,0.7476649999999467,0.33068500000000495
48,0,w0_20260420_002041,99,421487,61755,227748,0.8942649999999343,0.5218399999999996
48,0,w0_20260420_002041,100,-81.5,107393.25,115928.25,0.14180999999998498,0.2479300000000016
48,1,w1_20260420_002731,1,98181.5,234579.75,98598.75,0.5368399999999993,0.24806499999998183
48,1,w1_20260420_002731,2,229645.75,116508.75,104155.5,0.7831099999999803,0.25665000000000043
48,1,w1_20260420_002731,3,197058,152214,76998,0.7209649999999868,0.1874199999999912
48,1,w1_20260420_002731,4,281744,66441,97095,0.8783049999999757,0.19382499999998787
48,1,w1_20260420_002731,5,27350,276485.25,124284.75,0.4286249999999967,0.17687499999999498
48,1,w1_20260420_002731,6,60239.5,272287.5,100923,0.4676599999999929,0.28872999999999577
48,1,w1_20260420_002731,7,119753,243792,67635,0.5534299999999923,0.3397599999999837
48,1,w1_20260420_002731,8,45363.5,268250.25,82166.25,0.4728950000000032,0.15445999999999394
48,1,w1_20260420_002731,9,161424.5,195093,55552.5,0.6463149999999992,0.1679749999999925
48,1,w1_20260420_002731,10,62742.5,272080.5,79137,0.4693500000000087,0.28431000000001694
48,1,w1_20260420_002731,11,194672.75,160651.5,85905.75,0.7105949999999777,0.20874499999998747
48,1,w1_20260420_002731,12,32235.75,284934.75,63019.5,0.42332999999999266,0.18694499999999595
48,1,w1_20260420_002731,13,216290.25,142020,74319.75,0.7436699999999882,0.20950499999999544
48,1,w1_20260420_002731,14,25844.25,197934,52791.75,0.37892499999999657,0.24829499999999077
48,1,w1_20260420_002731,15,266467.75,116625,126617.25,0.7897299999999633,0.4299399999999912
48,1,w1_20260420_002731,16,148742.75,220764,83153.25,0.6038449999999858,0.307279999999989
48,1,w1_20260420_002731,17,55802.5,235183.5,54624,0.46670500000000137,0.22703500000000149
48,1,w1_20260420_002731,18,260310.75,117319.5,110739.75,0.7919999999999782,0.25351500000000426
48,1,w1_20260420_002731,19,293750,105246,298074,0.8107700000000319,0.3772749999999811
48,1,w1_20260420_002731,20,238476.5,167526.75,216846.75,0.6946549999999754,0.41439999999998006
48,1,w1_20260420_002731,21,352948.25,81441,256890.75,0.8556499999999778,0.44184999999999336
48,1,w1_20260420_002731,22,351884.25,77575.5,262400.25,0.8631299999999935,0.4324849999999963
48,1,w1_20260420_002731,23,250039.5,215545.5,261735,0.6162050000000087,0.49370500000000767
48,1,w1_20260420_002731,24,377329.25,78329.25,254581.5,0.8628049999999692,0.47074000000001215
48,1,w1_20260420_002731,25,29603,265336.5,292780.5,0.3663449999999982,0.3520550000000145
48,1,w1_20260420_002731,26,61193.75,248578.5,285027.75,0.4440600000000069,0.31577499999998965
48,1,w1_20260420_002731,27,113013.75,252688.5,165267.75,0.5428750000000093,0.24590499999999307
48,1,w1_20260420_002731,28,132126.75,243729.75,157933.5,0.5677350000000038,0.290255000000004
48,1,w1_20260420_002731,29,307881.25,83259,237549.75,0.853454999999987,0.3279400000000049
48,1,w1_20260420_002731,30,164664.25,231346.5,251219.25,0.5979499999999882,0.3323650000000014
48,1,w1_20260420_002731,31,334949.25,89778,256512.75,0.8432950000000344,0.4202949999999931
48,1,w1_20260420_002731,32,350705.75,90565.5,266028.75,0.8428099999999838,0.4421999999999805
48,1,w1_20260420_002731,33,120234.75,214431.75,280693.5,0.49586999999999815,0.3825900000000095
48,1,w1_20260420_002731,34,137668.25,151530,244011.75,0.610750000000008,0.3425349999999982
48,1,w1_20260420_002731,35,171903.75,88753.5,240792.75,0.6315650000000066,0.41117999999999855
48,1,w1_20260420_002731,36,338047,123837.75,268955.25,0.7846900000000172,0.4761449999999837
48,1,w1_20260420_002731,37,131913.25,181270.5,212816.25,0.5416350000000107,0.30057499999999554
48,1,w1_20260420_002731,38,76830,201529.5,193000.5,0.46350000000001873,0.3400950000000027
48,1,w1_20260420_002731,39,185867,149330.25,238212.75,0.6417950000000007,0.47763499999999487
48,1,w1_20260420_002731,40,214431.75,151396.5,281931.75,0.6831000000000148,0.4456850000000008
48,1,w1_20260420_002731,41,237123,165825.75,222281.25,0.7148500000000223,0.35461000000000004
48,1,w1_20260420_002731,42,171674.25,130860,263235.75,0.5582849999999817,0.5100150000000025
48,1,w1_20260420_002731,43,160822.5,179107.5,294300,0.5379850000000107,0.4285049999999981
48,1,w1_20260420_002731,44,60410.75,139586.25,208353,0.5001800000000165,0.3857449999999971
48,1,w1_20260420_002731,45,10423.75,55124.25,147882,0.4386100000000375,0.3583449999999852
48,1,w1_20260420_002731,46,201679.5,201493.5,295977,0.6082099999999867,0.4197050000000061
48,1,w1_20260420_002731,47,223730.25,177372.75,310497,0.6453149999999803,0.4152999999999976
48,1,w1_20260420_002731,48,137602,101011.5,313126.5,0.4450250000000027,0.4386199999999844
48,1,w1_20260420_002731,49,169533.75,108886.5,295719.75,0.5897799999999817,0.38667999999999825
48,1,w1_20260420_002731,50,242388,150093.75,265958.25,0.630525000000004,0.5050600000000081
48,1,w1_20260420_002731,51,277821.75,122777.25,277521,0.774095000000011,0.3515250000000155
48,1,w1_20260420_002731,52,361511.5,63492,282796.5,0.890960000000033,0.4043899999999907
48,1,w1_20260420_002731,53,44765,107037.75,300707.25,0.33701500000002566,0.42986000000000413
48,1,w1_20260420_002731,54,156159.25,26481,272229.75,0.7800250000000198,0.3759499999999969
48,1,w1_20260420_002731,55,163035,89874.75,298670.25,0.6534749999999968,0.4029299999999956
48,1,w1_20260420_002731,56,93265.25,137934.75,255570,0.6052750000000097,0.3644299999999958
48,1,w1_20260420_002731,57,-10000,54872.69129224969,88826.40569585087,0.658655000000094,0.354110000000007
48,1,w1_20260420_002731,58,284747.25,133333.5,254759.25,0.7679099999999719,0.40245500000001394
48,1,w1_20260420_002731,59,394592.25,78403.5,272054.25,0.8654249999999775,0.4851800000000071
48,1,w1_20260420_002731,60,355846.5,54442.5,255051,0.9072849999999508,0.3614349999999995
48,1,w1_20260420_002731,61,323156,72358.5,244135.5,0.8769649999999821,0.3091750000000153
48,1,w1_20260420_002731,62,207805,208467.75,258257.25,0.6457049999999886,0.38016000000000094
48,1,w1_20260420_002731,63,320107.25,83691.75,253911,0.8506400000000304,0.365875000000014
48,1,w1_20260420_002731,64,29163.5,196572,211084.5,0.4198850000000061,0.34861500000000767
48,1,w1_20260420_002731,65,13190,183453,199797,0.3935750000000075,0.3314200000000022
48,1,w1_20260420_002731,66,324757.25,130254,230028.75,0.7747100000000103,0.48294000000000953
48,1,w1_20260420_002731,67,212801.75,192145.5,173532.75,0.659474999999974,0.4249400000000004
48,1,w1_20260420_002731,68,120144.25,175971,151674.75,0.540149999999995,0.4946349999999883
48,1,w1_20260420_002731,69,197457.75,189602.25,217770,0.6353499999999911,0.42170999999999687
48,1,w1_20260420_002731,70,341154.75,49441.5,150963.75,0.9162149999999772,0.256355000000001
48,1,w1_20260420_002731,71,117230.75,255753.75,120685.5,0.5224049999999822,0.3825850000000004
48,1,w1_20260420_002731,72,172292.5,204542.25,125615.25,0.6130999999999888,0.5312499999999796
48,1,w1_20260420_002731,73,94839.25,173864.25,104206.5,0.5471549999999961,0.4181149999999931
48,1,w1_20260420_002731,74,107781,148848.75,143420.25,0.6303050000000129,0.30640499999999804
48,1,w1_20260420_002731,75,16300,179097,93573,0.40908500000001374,0.426894999999989
48,1,w1_20260420_002731,76,82697.5,203965.5,159717,0.5527800000000016,0.29001000000000726
48,1,w1_20260420_002731,77,41667.5,87759,213523.5,0.6053149999999783,0.40821499999997585
48,1,w1_20260420_002731,78,251155,140503.5,134221.5,0.760394999999972,0.24589000000000025
48,1,w1_20260420_002731,79,211253.25,181986.75,170190,0.6773900000000165,0.3511800000000068
48,1,w1_20260420_002731,80,73903,62781.75,240455.25,0.5161249999999342,0.4196899999999989
48,1,w1_20260420_002731,81,154233.75,205302.75,295003.5,0.5743649999999982,0.4013449999999989
48,1,w1_20260420_002731,82,288422.25,126192,278865.75,0.7824599999999596,0.3794050000000074
48,1,w1_20260420_002731,83,267636,143923.5,229180.5,0.7336699999999987,0.3957500000000029
48,1,w1_20260420_002731,84,108213,220855.5,134131.5,0.5467649999999931,0.34684999999999905
48,1,w1_20260420_002731,85,345126.25,57680.25,165223.5,0.9025850000000264,0.4489850000000174
48,1,w1_20260420_002731,86,419922.25,43089.75,253368,0.9258749999999508,0.4927399999999964
48,1,w1_20260420_002731,87,61872,85386,157242,0.34292999999999746,0.5005349999999608
48,1,w1_20260420_002731,88,143709.25,205513.5,173627.25,0.5711449999999835,0.39190000000000674
48,1,w1_20260420_002731,89,329283.5,129018.75,194577.75,0.7809049999999689,0.5161950000000042
48,1,w1_20260420_002731,90,218678.75,161121,159170.25,0.7082549999999719,0.2917150000000059
48,1,w1_20260420_002731,91,118817,144495.75,191147.25,0.6175550000000003,0.3638700000000211
48,1,w1_20260420_002731,92,293756.5,142830.75,211842.75,0.7193299999999992,0.5853700000000014
48,1,w1_20260420_002731,93,121351,101487,232332,0.6570999999999615,0.34949500000001166
48,1,w1_20260420_002731,94,169965,142372.5,188002.5,0.6622800000000054,0.36676000000000814
48,1,w1_20260420_002731,95,186794.75,105421.5,137883.75,0.6257349999999717,0.452385000000008
48,1,w1_20260420_002731,96,183704.75,84235.5,120789.75,0.6765499999999763,0.40877499999998873
48,1,w1_20260420_002731,97,267646.75,137739.75,268963.5,0.7568299999999933,0.40321000000000506
48,1,w1_20260420_002731,98,145486,83265,166509,0.7346850000000011,0.39095500000001016
48,1,w1_20260420_002731,99,34147,128552.25,73800.75,0.4993950000000268,0.4695799999999991
48,1,w1_20260420_002731,100,-10000,17117.25,73739.25,0.5571649999999003,0.3631900000000132
49,0,w0_20260420_003422,1,149764.75,155919.75,88765.5,0.6637599999999844,0.13186500000000057
49,0,w0_20260420_003422,2,223350.5,126966.75,55572.75,0.7660049999999985,0.15912999999999644
49,0,w0_20260420_003422,3,127923.25,223657.5,54119.25,0.5881100000000414,0.1579399999999974
49,0,w0_20260420_003422,4,-10000,73170,10302,0.46022000000000834,0.1394700000000018
49,0,w0_20260420_003422,5,-10000,58010.25,10203.75,0.5259800000000174,0.1964049999999999
49,0,w0_20260420_003422,6,233141.25,130450.5,39278.25,0.7590049999999888,0.3544249999999915
49,0,w0_20260420_003422,7,-10000,127767,40614,0.3651399999999776,0.286985000000012
49,0,w0_20260420_003422,8,147814.75,202944,58331.25,0.6312249999999806,0.12452499999999324
49,0,w0_20260420_003422,9,105164.5,251682,45493.5,0.5402549999999938,0.17706999999999862
49,0,w0_20260420_003422,10,100493.25,257109,51027.75,0.5265649999999968,0.3011299999999937
49,0,w0_20260420_003422,11,112511.25,240708,52860.75,0.5570299999999979,0.22472500000000728
49,0,w0_20260420_003422,12,196255.75,162176.25,59508,0.7062449999999709,0.23059500000000885
49,0,w0_20260420_003422,13,146900,213401.25,55728.75,0.6128449999999953,0.24017999999998543
49,0,w0_20260420_003422,14,111524,246378,59028,0.5477699999999992,0.22128499999999127
49,0,w0_20260420_003422,15,144558.75,211233,45998.25,0.601444999999979,0.23187000000000327
49,0,w0_20260420_003422,16,74631.75,221181.75,49246.5,0.454190000000002,0.29865000000000347
49,0,w0_20260420_003422,17,21806.75,255102,49901.25,0.34637500000001575,0.22386999999998777
49,0,w0_20260420_003422,18,106436.25,214356.75,70047,0.5082500000000028,0.29039500000000307
49,0,w0_20260420_003422,19,136704.75,182294.25,42321,0.6119999999999818,0.15641999999999806
49,0,w0_20260420_003422,20,199041,128744.25,55554.75,0.7544249999999519,0.16406499999999802
49,0,w0_20260420_003422,21,282665,75891.75,103793.25,0.8661649999999647,0.24112500000000503
49,0,w0_20260420_003422,22,200756.75,156393.75,77959.5,0.7098549999999583,0.32748000000000327
49,0,w0_20260420_003422,23,213664.5,150197.25,134438.25,0.7247349999999594,0.3483699999999869
49,0,w0_20260420_003422,24,87358.25,192618,86373.75,0.5529300000000017,0.2440700000000043
49,0,w0_20260420_003422,25,118249,188330.25,39780.75,0.5680200000000019,0.2279950000000044
49,0,w0_20260420_003422,26,100095.5,158016.75,37137.75,0.6146350000000093,0.2833800000000008
49,0,w0_20260420_003422,27,92313,167679,29328,0.4597899999999916,0.16627499999999895
49,0,w0_20260420_003422,28,209792.5,161004.75,71082.75,0.7110649999999837,0.41620499999999994
49,0,w0_20260420_003422,29,236692.5,131904.75,57852.75,0.7659549999999488,0.23493000000001024
49,0,w0_20260420_003422,30,193248,197527.5,192724.5,0.6561299999999987,0.3919149999999813
49,0,w0_20260420_003422,31,161136,205639.5,127684.5,0.6287649999999887,0.3516250000000022
49,0,w0_20260420_003422,32,337458,39401.25,175260.75,0.9284699999999606,0.2940350000000011
49,0,w0_20260420_003422,33,112423.25,239980.5,180296.25,0.5078649999999851,0.3856399999999898
49,0,w0_20260420_003422,34,304357.75,72505.5,94776.75,0.8711349999999515,0.3229199999999875
49,0,w0_20260420_003422,35,407454.75,67070.25,195915,0.8798100000000011,0.5268049999999801
49,0,w0_20260420_003422,36,177468.25,268974.75,238977,0.45878500000001576,0.5275699999999969
49,0,w0_20260420_003422,37,77174,197985.75,276140.25,0.39605000000000234,0.41695499999998453
49,0,w0_20260420_003422,38,121826.5,196315.5,274158,0.5116600000000086,0.34873500000000124
49,0,w0_20260420_003422,39,127548.5,194596.5,269085,0.49688000000000937,0.4045150000000016
49,0,w0_20260420_003422,40,383914.75,41446.5,221208.75,0.920709999999998,0.42675499999999966
49,0,w0_20260420_003422,41,389524.25,55249.5,260126.25,0.9046199999999546,0.4375999999999927
49,0,w0_20260420_003422,42,147323,163572,272475,0.5043800000000135,0.4308300000000106
49,0,w0_20260420_003422,43,122709.75,118831.5,223128.75,0.5328950000000012,0.324550000000009
49,0,w0_20260420_003422,44,182851,196424.25,176184.75,0.6489349999999741,0.3000149999999964
49,0,w0_20260420_003422,45,378703.25,40515,210411.75,0.9283499999999558,0.3915799999999971
49,0,w0_20260420_003422,46,105255.75,168048.75,250315.5,0.35140000000001714,0.44422499999999354
49,0,w0_20260420_003422,47,88503.25,41237.25,136339.5,0.6894950000000142,0.5132750000000148
49,0,w0_20260420_003422,48,84654,168048,223458,0.3612450000000104,0.4946549999999996
49,0,w0_20260420_003422,49,172852,158519.25,268068.75,0.6380050000000178,0.39168000000001496
49,0,w0_20260420_003422,50,83654.75,132569.25,263766,0.4432700000000101,0.3764950000000009
49,0,w0_20260420_003422,51,52981.5,161311.5,243447,0.3233500000000119,0.43356999999999135
49,0,w0_20260420_003422,52,436963,57172.5,206494.5,0.8989950000000059,0.5681449999999865
49,0,w0_20260420_003422,53,144528,250101.75,233900.25,0.5674949999999939,0.30493000000001025
49,0,w0_20260420_003422,54,210290.5,181740.75,252708.75,0.6828399999999665,0.33392500000000447
49,0,w0_20260420_003422,55,281707.75,131842.5,226449.75,0.7635799999999933,0.4334749999999959
49,0,w0_20260420_003422,56,180647,160812.75,238970.25,0.6109650000000065,0.36028499999998487
49,0,w0_20260420_003422,57,214733.75,181710,212966.25,0.6415699999999666,0.42506000000001576
49,0,w0_20260420_003422,58,196592.5,204211.5,237036,0.6435599999999682,0.36446999999999713
49,0,w0_20260420_003422,59,185525,190968,230457,0.632574999999987,0.4328049999999947
49,0,w0_20260420_003422,60,295971.5,123035.25,203813.25,0.7821499999999844,0.4435450000000032
49,0,w0_20260420_003422,61,327905,122560.5,231754.5,0.7660499999999794,0.5300049999999819
49,0,w0_20260420_003422,62,400393.75,45149.25,282897,0.9229199999999712,0.4338949999999802
49,0,w0_20260420_003422,63,231779.5,184623,267457.5,0.6718199999999428,0.39824999999999366
49,0,w0_20260420_003422,64,173021.75,209802.75,296095.5,0.5716199999999911,0.4030049999999907
49,0,w0_20260420_003422,65,112653,244782,315645,0.36672000000001104,0.4539499999999904
49,0,w0_20260420_003422,66,226351.75,147752.25,283536,0.6370249999999337,0.4049649999999917
49,0,w0_20260420_003422,67,122135.25,205172.25,323842.5,0.4047700000000075,0.41335500000000686
49,0,w0_20260420_003422,68,175451.75,119150.25,287898,0.5181649999999864,0.3765800000000016
49,0,w0_20260420_003422,69,205455.5,153698.25,285326.25,0.6877950000000156,0.3620700000000013
49,0,w0_20260420_003422,70,11921,79691.25,306837.75,0.2098599999999878,0.3772400000000006
49,0,w0_20260420_003422,71,158571.25,31898.25,301270.5,0.782649999999995,0.4344749999999912
49,0,w0_20260420_003422,72,157541.25,168876.75,310182,0.4997249999999944,0.4199549999999946
49,0,w0_20260420_003422,73,789.5,51473.25,269687.25,0.4187299999999661,0.32594500000000215
49,0,w0_20260420_003422,74,246054.75,42951.75,238393.5,0.8051900000000283,0.5020349999999919
49,0,w0_20260420_003422,75,-10000.000000000002,72360.24750000001,257031.1575,0.4442900000000029,0.2675500000000329
49,0,w0_20260420_003422,76,170650.5,7377.75,284511.75,0.791939999999969,0.3713799999999961
49,0,w0_20260420_003422,77,360596.25,45033.75,243690,0.922669999999885,0.3685699999999964
49,0,w0_20260420_003422,78,68487.75,139243.5,269448.75,0.44622499999999016,0.461324999999999
49,0,w0_20260420_003422,79,26635.75,42091.5,303702.75,0.4255199999999824,0.3914450000000056
49,0,w0_20260420_003422,80,365221.75,14527.5,338370.75,0.94639499999998,0.3995249999999988
49,0,w0_20260420_003422,81,305013.25,113087.25,301549.5,0.8095049999999615,0.3631949999999981
49,0,w0_20260420_003422,82,390476.25,47526.75,277257,0.9194450000000084,0.4199600000000112
49,0,w0_20260420_003422,83,296698.75,117446.25,277245,0.8026949999999863,0.36421000000000114
49,0,w0_20260420_003422,84,45386.25,161730,253983.75,0.4609350000000324,0.31327000000000516
49,0,w0_20260420_003422,85,171201.5,241886.25,327032.25,0.588399999999996,0.3691650000000011
49,0,w0_20260420_003422,86,354413,78021.75,334595.25,0.8691500000000424,0.3985500000000063
49,0,w0_20260420_003422,87,340668,83313.75,286718.25,0.859669999999959,0.3885750000000137
49,0,w0_20260420_003422,88,225836.5,195291,311392.5,0.6699400000000202,0.37764499999999696
49,0,w0_20260420_003422,89,253977.25,160537.5,273515.25,0.7284199999999446,0.36066999999999905
49,0,w0_20260420_003422,90,114644,263265,297831,0.44899000000002426,0.4196399999999995
49,0,w0_20260420_003422,91,76483.75,135599.25,256407,0.6097499999999948,0.3408850000000004
49,0,w0_20260420_003422,92,-10000,76707,74242.5,0.5491750000000386,0.5434449999999861
49,0,w0_20260420_003422,93,45319.5,151840.5,263310,0.491779999999998,0.3594149999999974
49,0,w0_20260420_003422,94,262662.5,139982.25,220745.25,0.7566849999999365,0.36406999999999445
49,0,w0_20260420_003422,95,183565.5,225543,314251.5,0.5965799999999948,0.3863550000000036
49,0,w0_20260420_003422,96,227749.25,206665.5,340985.25,0.6469350000000086,0.4099199999999784
49,0,w0_20260420_003422,97,142786.5,172800,227593.5,0.5410049999999967,0.4992699999999906
49,0,w0_20260420_003422,98,327484.5,90531.75,297663.75,0.8468149999999123,0.37993000000001353
49,0,w0_20260420_003422,99,269827.5,87774.75,178197.75,0.8206699999999897,0.32749000000000333
49,0,w0_20260420_003422,100,356699.5,14654.25,176696.25,0.9751250000000048,0.19158999999998244
49,1,w1_20260420_004112,1,171799,133985.25,95235.75,0.7080549999999848,0.168579999999987
49,1,w1_20260420_004112,2,195885.25,159444,61080.75,0.7067499999999907,0.2563700000000087
49,1,w1_20260420_004112,3,105047.75,246015,56897.25,0.5476499999999945,0.16915999999999667
49,1,w1_20260420_004112,4,-10000,181230.09427379083,32497.94294815181,0.4149900000000037,0.2306850000000051
49,1,w1_20260420_004112,5,69225.5,276060,70114.5,0.4878850000000134,0.15513999999999395
49,1,w1_20260420_004112,6,78825.25,269094.75,62790,0.5046750000000058,0.15177999999999217
49,1,w1_20260420_004112,7,141591,207764.25,66354.75,0.6200000000000052,0.12164999999999308
49,1,w1_20260420_004112,8,64155.5,288454.5,60660,0.47502000000001815,0.1292899999999939
49,1,w1_20260420_004112,9,205536.25,150286.5,53177.25,0.7280899999999754,0.13481499999999036
49,1,w1_20260420_004112,10,250543.5,115674,61612.5,0.7898249999999657,0.3649300000000077
49,1,w1_20260420_004112,11,113356.25,245310,58953.75,0.5545599999999968,0.2065649999999905
49,1,w1_20260420_004112,12,107720,252324,51066,0.5454600000000013,0.1923599999999921
49,1,w1_20260420_004112,13,239223,135789.75,128957.25,0.7538749999999791,0.4041100000000053
49,1,w1_20260420_004112,14,105734.75,262167,41498.25,0.519705000000015,0.3447899999999856
49,1,w1_20260420_004112,15,214097.25,193248.75,151164,0.6430899999999831,0.472115000000022
49,1,w1_20260420_004112,16,133503,230742.75,32714.25,0.584149999999998,0.18071499999999335
49,1,w1_20260420_004112,17,144689.5,224736,38734.5,0.6004500000000002,0.2427099999999884
49,1,w1_20260420_004112,18,65647,219999,39594,0.42706500000003034,0.232040000000002
49,1,w1_20260420_004112,19,159880.5,194993.25,34886.25,0.6261350000000009,0.1952199999999878
49,1,w1_20260420_004112,20,132208.75,215781,230690.25,0.501075000000001,0.42806500000000697
49,1,w1_20260420_004112,21,5144.75,90302.25,140913,0.3598100000000116,0.2919049999999928
49,1,w1_20260420_004112,22,3070.5,51291,257728.5,0.5088749999999777,0.300429999999993
49,1,w1_20260420_004112,23,312088,56166,63906,0.8992999999999953,0.24125500000000852
49,1,w1_20260420_004112,24,39849.75,76244.25,98796,0.5329099999999714,0.35043499999999744
49,1,w1_20260420_004112,25,149791.5,219975.75,240552.75,0.5432050000000155,0.44239499999999254
49,1,w1_20260420_004112,26,77151.25,161699.25,290029.5,0.4615549999999908,0.4050699999999964
49,1,w1_20260420_004112,27,157576.25,166934.25,209989.5,0.6348599999999831,0.38957999999999704
49,1,w1_20260420_004112,28,139228.25,222630.75,44811,0.6017499999999947,0.2143249999999892
49,1,w1_20260420_004112,29,103502.25,256845.75,138672,0.5269750000000211,0.34310499999999616
49,1,w1_20260420_004112,30,246520.5,144960.75,154518.75,0.7461499999999778,0.3784150000000102
49,1,w1_20260420_004112,31,367268.75,146869.5,151971.75,0.6911099999999967,0.7004349999999616
49,1,w1_20260420_004112,32,260279.5,121683,130867.5,0.7865600000000043,0.2763350000000104
49,1,w1_20260420_004112,33,109570,255813.75,162836.25,0.5328700000000101,0.27724999999998984
49,1,w1_20260420_004112,34,337475.75,58219.5,200724.75,0.899264999999998,0.33383499999999244
49,1,w1_20260420_004112,35,318838.25,69664.5,157997.25,0.8794299999999594,0.29822499999999047
49,1,w1_20260420_004112,36,224874.25,197675.25,314710.5,0.6558400000000162,0.4034500000000047
49,1,w1_20260420_004112,37,126352,210962.25,197355.75,0.5210700000000211,0.3207200000000039
49,1,w1_20260420_004112,38,223385,185973.75,238511.25,0.6790450000000016,0.37000000000000166
49,1,w1_20260420_004112,39,204841.25,208362.75,248016,0.6405849999999866,0.3927349999999976
49,1,w1_20260420_004112,40,317483.25,78639.75,275667,0.8423149999999947,0.3751800000000024
49,1,w1_20260420_004112,41,363099.5,43494.75,281925.75,0.9248450000000236,0.3485700000000051
49,1,w1_20260420_004112,42,3565.75,43527.75,228496.5,0.3346050000000106,0.32679499999999934
49,1,w1_20260420_004112,43,334958.75,32003.25,283368,0.9169050000000116,0.39211499999999394
49,1,w1_20260420_004112,44,225745,199403.25,300201.75,0.656449999999991,0.39964499999999753
49,1,w1_20260420_004112,45,42823.75,42576.75,256069.5,0.22019999999998335,0.4102700000000136
49,1,w1_20260420_004112,46,184925.75,195235.5,253608.75,0.6275050000000014,0.36599999999998595
49,1,w1_20260420_004112,47,78366,148536,231468,0.4207850000000159,0.39844499999999544
49,1,w1_20260420_004112,48,309813.75,121462.5,271413.75,0.7772299999999183,0.4236599999999814
49,1,w1_20260420_004112,49,253033.75,138051.75,218494.5,0.7554999999999691,0.34413499999999736
49,1,w1_20260420_004112,50,84513.75,131288.25,256848,0.4937649999999955,0.3623200000000065
49,1,w1_20260420_004112,51,130502.5,209673,244864.5,0.5211500000000149,0.35149000000000163
49,1,w1_20260420_004112,52,99448.25,111975.75,164016,0.49480000000002294,0.38358999999998894
49,1,w1_20260420_004112,53,211679.25,159316.5,200444.25,0.7049050000000127,0.33256000000000024
49,1,w1_20260420_004112,54,97036.25,138498,279945.75,0.44519500000000933,0.4167950000000017
49,1,w1_20260420_004112,55,175058.75,165838.5,174252.75,0.6840350000000384,0.28429500000001173
49,1,w1_20260420_004112,56,273750.5,163116,275503.5,0.7225050000000102,0.4222699999999887
49,1,w1_20260420_004112,57,280861,137747.25,263991.75,0.764459999999975,0.3819349999999989
49,1,w1_20260420_004112,58,142510.5,215169.75,258459.75,0.5162850000000193,0.3621199999999948
49,1,w1_20260420_004112,59,53463.5,62480.25,266396.25,0.46919500000004544,0.41063500000002107
49,1,w1_20260420_004112,60,14585.5,118165.5,290739,0.24195499999997755,0.3632450000000016
49,1,w1_20260420_004112,61,18869.5,91603.5,284607,0.3176649999999973,0.3884050000000081
49,1,w1_20260420_004112,62,62001.25,74049,233079.75,0.47852500000001846,0.38322499999999377
49,1,w1_20260420_004112,63,108490.75,151161.75,297427.5,0.4656849999999994,0.4412299999999902
49,1,w1_20260420_004112,64,48018.25,71002.5,267839.25,0.389544999999975,0.43376500000001805
49,1,w1_20260420_004112,65,145825.25,126076.5,285338.25,0.49520500000001705,0.4049349999999919
49,1,w1_20260420_004112,66,188285,143880.75,243494.25,0.585500000000003,0.41139999999999954
49,1,w1_20260420_004112,67,321580.5,44604,258235.5,0.8785149999999663,0.40662999999999433
49,1,w1_20260420_004112,68,89503.75,94727.25,288159,0.3689299999999987,0.4425399999999806
49,1,w1_20260420_004112,69,184351.25,118443,263355.75,0.6113350000000205,0.4662550000000209
49,1,w1_20260420_004112,70,100191.25,112005,306813.75,0.4502750000000065,0.3842200000000007
49,1,w1_20260420_004112,71,268182.75,112940.25,260727,0.7478649999999856,0.402564999999991
49,1,w1_20260420_004112,72,139950.75,83904,270815.25,0.6351549999999737,0.4014299999999899
49,1,w1_20260420_004112,73,22904,86496.75,189209.25,0.27820999999998697,0.4333699999999765
49,1,w1_20260420_004112,74,317182.75,37212.75,235444.5,0.9113049999999286,0.31573999999999774
49,1,w1_20260420_004112,75,160515.5,42227.25,191507.25,0.7876949999999734,0.3012750000000005
49,1,w1_20260420_004112,76,387424.5,37922.25,269603.25,0.9357749999999594,0.37117999999999074
49,1,w1_20260420_004112,77,254301.25,145429.5,261479.25,0.7273350000000085,0.3771700000000103
49,1,w1_20260420_004112,78,106691.75,140637.75,59980.5,0.4933400000000238,0.4187649999999969
49,1,w1_20260420_004112,79,294565.5,102732.75,221631.75,0.8196949999999431,0.397275
49,1,w1_20260420_004112,80,184984.5,171419.25,296246.25,0.6387200000000285,0.42321500000000806
49,1,w1_20260420_004112,81,86640.25,122016,225273.75,0.5075599999999973,0.4095749999999933
49,1,w1_20260420_004112,82,145410.75,185007.75,268201.5,0.6028849999999959,0.2927950000000032
49,1,w1_20260420_004112,83,157740,142445.25,269154.75,0.561115000000029,0.4202300000000075
49,1,w1_20260420_004112,84,86148.5,168387,236974.5,0.4998450000000047,0.2183199999999935
49,1,w1_20260420_004112,85,292194.5,105876,238039.5,0.8100299999999732,0.40132999999999047
49,1,w1_20260420_004112,86,49014.25,82639.5,184316.25,0.23496000000001616,0.5480349999999689
49,1,w1_20260420_004112,87,43173.5,32077.5,86019,0.6660900000000038,0.3556099999999963
49,1,w1_20260420_004112,88,141348.75,148254.75,250366.5,0.6297599999999801,0.3443100000000053
49,1,w1_20260420_004112,89,390948.25,50903.25,232258.5,0.9028899999999086,0.4872799999999915
49,1,w1_20260420_004112,90,29737,72990,286773,0.2203249999999945,0.3698300000000131
49,1,w1_20260420_004112,91,33737.5,44673.75,182958.75,0.44369500000003265,0.38447500000000584
49,1,w1_20260420_004112,92,64901.25,134361.75,166497,0.2926950000000236,0.5070500000000228
49,1,w1_20260420_004112,93,65287.75,76247.25,244125,0.4022700000000176,0.4528899999999962
49,1,w1_20260420_004112,94,54708.75,21534,294947.25,0.6413199999999685,0.3761900000000069
49,1,w1_20260420_004112,95,70966.5,129520.5,250773,0.5230400000000097,0.31870500000000335
49,1,w1_20260420_004112,96,82819,71014.5,253306.5,0.4696500000000221,0.4946550000000276
49,1,w1_20260420_004112,97,13365,94213.5,295231.5,0.3363600000000107,0.3778450000000134
49,1,w1_20260420_004112,98,103222.25,106984.5,330353.25,0.6047349999999767,0.3146900000000084
49,1,w1_20260420_004112,99,317597.75,67992,211700.25,0.8822649999999439,0.2814600000000008
49,1,w1_20260420_004112,100,350751,46056,313053,0.9213500000000182,0.3351950000000022
50,0,w0_20260420_004806,1,215630.5,103662,103687.5,0.7889349999999903,0.1541149999999956
50,0,w0_20260420_004806,2,100169,249213,53628,0.540739999999995,0.14512999999999548
50,0,w0_20260420_004806,3,242732.5,104880,55087.5,0.8036649999999729,0.1531499999999998
50,0,w0_20260420_004806,4,241888.25,112827,48654.75,0.7918699999999823,0.2038399999999887
50,0,w0_20260420_004806,5,-10000,152277,38658,0.4411799999999813,0.15462499999999751
50,0,w0_20260420_004806,6,20996.5,251139,75304.5,0.4273049999999885,0.22967499999999655
50,0,w0_20260420_004806,7,141965.75,210534,47870.25,0.6118700000000217,0.1432349999999953
50,0,w0_20260420_004806,8,168468.25,188784,44067.75,0.6583350000000292,0.16934999999999634
50,0,w0_20260420_004806,9,29896.5,261132.75,39990.75,0.4117049999999864,0.22094500000000888
50,0,w0_20260420_004806,10,168165.5,190938.75,41295.75,0.6542700000000149,0.1318249999999989
50,0,w0_20260420_004806,11,117442,236796.75,37481.25,0.5618200000000136,0.21013000000000065
50,0,w0_20260420_004806,12,65666.5,277698.75,32754.75,0.4468899999999753,0.3875999999999917
50,0,w0_20260420_004806,13,29580.5,251487,58132.5,0.3845049999999912,0.19439999999999985
50,0,w0_20260420_004806,14,218535,146198.25,69126.75,0.7349249999999685,0.25508999999999554
50,0,w0_20260420_004806,15,256170.25,150802.5,169877.25,0.7282949999999633,0.4747449999999937
50,0,w0_20260420_004806,16,-6376.5,167158.5,36348,0.23131999999999336,0.20531000000000105
50,0,w0_20260420_004806,17,38516.5,217020.75,38652.75,0.3621299999999899,0.3636250000000072
50,0,w0_20260420_004806,18,205119.25,143638.5,72152.25,0.7316199999999723,0.1602749999999851
50,0,w0_20260420_004806,19,79078.5,215066.25,112385.25,0.4752049999999998,0.40771999999999375
50,0,w0_20260420_004806,20,729.5,24474.75,29235.75,0.5453149999999798,0.1941050000000004
50,0,w0_20260420_004806,21,248374,110768.25,83067.75,0.8032749999999997,0.16167999999998947
50,0,w0_20260420_004806,22,81344.75,202621.5,49353.75,0.5203249999999963,0.21713999999999067
50,0,w0_20260420_004806,23,200723.25,164173.5,89693.25,0.7098999999999798,0.19209499999999333
50,0,w0_20260420_004806,24,291260.75,71461.5,111387.75,0.8736049999999015,0.21192499999999467
50,0,w0_20260420_004806,25,55679,201754.5,111076.5,0.41096999999998635,0.3009550000000104
50,0,w0_20260420_004806,26,137505.75,208985.25,60789,0.6033199999999833,0.19885499999999248
50,0,w0_20260420_004806,27,148229.25,220290.75,52920,0.6147850000000383,0.11778499999999564
50,0,w0_20260420_004806,28,66772.75,109765.5,194001.75,0.4745050000000104,0.4459500000000115
50,0,w0_20260420_004806,29,84412.5,191671.5,71256,0.5287050000000397,0.15188499999999314
50,0,w0_20260420_004806,30,273853.75,90624,82652.25,0.841054999999919,0.17790000000000494
50,0,w0_20260420_004806,31,256216.75,115898.25,101625,0.7987999999999951,0.3752800000000052
50,0,w0_20260420_004806,32,70640,226152.75,226247.25,0.43356499999999143,0.4283650000000061
50,0,w0_20260420_004806,33,103667.25,243594.75,172218,0.4803800000000036,0.4457200000000204
50,0,w0_20260420_004806,34,37130.25,135060,143769.75,0.4315850000000048,0.3938999999999787
50,0,w0_20260420_004806,35,-10000,109507.35,178557.45,0.3849100000000178,0.31988000000000844
50,0,w0_20260420_004806,36,319699.25,59330.25,230140.5,0.893744999999974,0.34046499999999585
50,0,w0_20260420_004806,37,321983.75,181080,217016.25,0.688509999999997,0.5564850000000086
50,0,w0_20260420_004806,38,-1240.25,186245.25,231375,0.31577999999999684,0.30001500000000075
50,0,w0_20260420_004806,39,92963.25,203421,53745.75,0.5491550000000006,0.2542900000000044
50,0,w0_20260420_004806,40,29156.5,187251,165082.5,0.3502050000000043,0.3233849999999998
50,0,w0_20260420_004806,41,46403.25,188793.75,41403,0.5193049999999947,0.10621999999999776
50,0,w0_20260420_004806,42,237322.25,148998,247449.75,0.7401150000000023,0.34400000000001474
50,0,w0_20260420_004806,43,163278.75,229068,192593.25,0.6005650000000389,0.37450499999998943
50,0,w0_20260420_004806,44,213884,174314.25,264171.75,0.6894050000000117,0.3435500000000136
50,0,w0_20260420_004806,45,2347.75,273243,152639.25,0.316559999999983,0.41350999999998767
50,0,w0_20260420_004806,46,-10000.000000000004,59926.83146585169,34577.382789740026,0.4226450000000002,0.5839999999999865
50,0,w0_20260420_004806,47,304087.5,78722.25,185090.25,0.8608899999999656,0.31252000000000857
50,0,w0_20260420_004806,48,125233,209157,268800,0.5188649999999975,0.3555600000000087
50,0,w0_20260420_004806,49,356025.5,50784.75,238389.75,0.9100349999999744,0.3576700000000061
50,0,w0_20260420_004806,50,97007,22370.25,224502.75,0.6998499999999621,0.34279000000000986
50,0,w0_20260420_004806,51,198429.75,194157.75,157432.5,0.6683500000000105,0.27744000000000313
50,0,w0_20260420_004806,52,424097.5,36155.25,263987.25,0.9367000000000196,0.4476150000000248
50,0,w0_20260420_004806,53,52520.5,147830.25,195809.25,0.3816149999999898,0.4219049999999788
50,0,w0_20260420_004806,54,283564,72287.25,266358.75,0.8571199999999736,0.381055000000017
50,0,w0_20260420_004806,55,326284.25,87842.25,297313.5,0.8502900000000077,0.3653400000000048
50,0,w0_20260420_004806,56,409489.75,26106,308234.25,0.955185000000007,0.4099199999999955
50,0,w0_20260420_004806,57,209973.5,206112.75,278883.75,0.6487549999999556,0.36427000000000376
50,0,w0_20260420_004806,58,130116,146131.5,230482.5,0.5058149999999885,0.4354499999999979
50,0,w0_20260420_004806,59,120302,279255.75,335222.25,0.5089499999999931,0.368700000000005
50,0,w0_20260420_004806,60,74450.5,136146.75,255132.75,0.5033399999999962,0.4135000000000031
50,0,w0_20260420_004806,61,365335.25,43002,289242.75,0.9208200000000056,0.35635999999999046
50,0,w0_20260420_004806,62,75768.25,203004.75,250887,0.47941999999999296,0.3225300000000098
50,0,w0_20260420_004806,63,84468.5,209976.75,268134.75,0.47254000000001817,0.3711700000000016
50,0,w0_20260420_004806,64,182689.75,118756.5,158523.75,0.6518950000000011,0.6129449999999863
50,0,w0_20260420_004806,65,125247.75,207656.25,248586,0.5145750000000093,0.3820949999999896
50,0,w0_20260420_004806,66,45281,176910,290169,0.3587349999999947,0.3579000000000147
50,0,w0_20260420_004806,67,161786,155975.25,261648.75,0.6319300000000106,0.384765000000004
50,0,w0_20260420_004806,68,94929,146037.75,285263.25,0.4897849999999705,0.39493000000000006
50,0,w0_20260420_004806,69,268295.25,132739.5,241775.25,0.7602399999999657,0.3970200000000063
50,0,w0_20260420_004806,70,376262.75,35862.75,273064.5,0.930500000000014,0.41503000000002194
50,0,w0_20260420_004806,71,21903,229923,350124,0.2802199999999778,0.3887849999999986
50,0,w0_20260420_004806,72,360011.75,46934.25,272274,0.9110050000000256,0.3765200000000035
50,0,w0_20260420_004806,73,153967,122514,309249,0.6405699999999876,0.39060000000001593
50,0,w0_20260420_004806,74,263008,126150.75,292181.25,0.7654900000000242,0.3810150000000125
50,0,w0_20260420_004806,75,48369.5,91932,185728.5,0.13467999999997357,0.5463850000000109
50,0,w0_20260420_004806,76,356929.5,52066.5,269034,0.892499999999988,0.3967249999999982
50,0,w0_20260420_004806,77,7263,211047,303690,0.3652000000000175,0.4086150000000092
50,0,w0_20260420_004806,78,-9999.999999999998,92861.57857418573,123465.14391927831,0.6259750000000048,0.47363499999995673
50,0,w0_20260420_004806,79,6140.25,109326,174513.75,0.32259499999997493,0.3742200000000052
50,0,w0_20260420_004806,80,155499,110271,283260,0.6520149999999773,0.4288850000000091
50,0,w0_20260420_004806,81,157904.25,216245.25,364060.5,0.6086050000000135,0.33132500000000675
50,0,w0_20260420_004806,82,213531,119475,317784,0.7325350000000231,0.4029799999999871
50,0,w0_20260420_004806,83,164742.75,246222,325415.25,0.5706900000000206,0.3920949999999977
50,0,w0_20260420_004806,84,114908.5,200317.5,348834,0.5355800000000076,0.4044349999999843
50,0,w0_20260420_004806,85,-10000,104385.75,170972.25,0.22276499999998775,0.3062000000000057
50,0,w0_20260420_004806,86,42351.75,100622.25,330846,0.5140000000000713,0.4044499999999988
50,0,w0_20260420_004806,87,334238,55356.75,307355.25,0.8127249999999673,0.4353649999999824
50,0,w0_20260420_004806,88,37087,211349.25,353733.75,0.30780500000000055,0.3726249999999977
50,0,w0_20260420_004806,89,109019.25,127578,334092.75,0.5797549999999854,0.4121100000000024
50,0,w0_20260420_004806,90,134138,185198.25,286053.75,0.544945000000013,0.3835449999999987
50,0,w0_20260420_004806,91,122624.5,183252.75,301902.75,0.5420249999999989,0.37459499999998275
50,0,w0_20260420_004806,92,173461.5,193614,318214.5,0.6080949999999773,0.3844449999999954
50,0,w0_20260420_004806,93,166975.25,128968.5,230726.25,0.5949500000000145,0.508900000000003
50,0,w0_20260420_004806,94,219786,102890.25,210243.75,0.6939349999999789,0.5775799999999801
50,0,w0_20260420_004806,95,37443.25,136374,303642.75,0.2865450000000073,0.3802399999999841
50,0,w0_20260420_004806,96,57035.5,95364.75,250239.75,0.6332550000000137,0.381030000000002
50,0,w0_20260420_004806,97,-10000,69400.0981875,103904.2764375,0.14254499999998294,0.4566500000000321
50,0,w0_20260420_004806,98,65450.5,31805.25,200834.25,0.727985000000009,0.3944850000000069
50,0,w0_20260420_004806,99,267848.5,79686,258445.5,0.8352049999998968,0.3513200000000077
50,0,w0_20260420_004806,100,253915.25,181022.25,331072.5,0.6881300000000229,0.424299999999982
50,1,w1_20260420_005456,1,216035,112121.25,119763.75,0.7821799999999884,0.1977899999999926
50,1,w1_20260420_005456,2,96105.25,255504,58050.75,0.5297199999999902,0.19515999999998765
50,1,w1_20260420_005456,3,266327.25,86164.5,58718.25,0.8388449999999793,0.2516050000000094
50,1,w1_20260420_005456,4,247790.25,108043.5,55676.25,0.8011099999999816,0.2481799999999963
50,1,w1_20260420_005456,5,-10000,267675,137453.25,0.4721199999999729,0.16699499999999742
50,1,w1_20260420_005456,6,109470.75,231675.75,131803.5,0.5780900000000114,0.18299999999999883
50,1,w1_20260420_005456,7,170117,189076.5,64756.5,0.6544100000000299,0.26093500000000924
50,1,w1_20260420_005456,8,94683.25,245450.25,127786.5,0.5542099999999975,0.16488999999999676
50,1,w1_20260420_005456,9,126875.5,228031.5,59643,0.5841849999999986,0.17946499999999582
50,1,w1_20260420_005456,10,160915.25,196965.75,65199,0.6449199999999854,0.22445499999999916
50,1,w1_20260420_005456,11,163792,188845.5,65032.5,0.6549299999999888,0.17478999999999847
50,1,w1_20260420_005456,12,137810,222096,83604,0.5985800000000066,0.2859949999999988
50,1,w1_20260420_005456,13,254558,100224.75,116927.25,0.8198949999999726,0.26244499999998344
50,1,w1_20260420_005456,14,27802.25,234361.5,39656.25,0.4072849999999905,0.23317500000000277
50,1,w1_20260420_005456,15,294874.25,66950.25,56425.5,0.8807649999999794,0.19855999999999857
50,1,w1_20260420_005456,16,304594.75,58454.25,64221,0.8955549999999918,0.23490499999999384
50,1,w1_20260420_005456,17,24611.75,234097.5,68550.75,0.337975000000012,0.35406000000002225
50,1,w1_20260420_005456,18,286939.75,81561.75,64438.5,0.8524549999999838,0.2676749999999976
50,1,w1_20260420_005456,19,73922.75,195882,66635.25,0.514884999999998,0.31604000000000326
50,1,w1_20260420_005456,20,286699.5,93270.75,66999.75,0.8350949999999844,0.352420000000007
50,1,w1_20260420_005456,21,212623,165168.75,72368.25,0.709575000000016,0.3293350000000147
50,1,w1_20260420_005456,22,183219,186804.75,120986.25,0.6726200000000452,0.2978600000000023
50,1,w1_20260420_005456,23,241568.5,135143.25,141248.25,0.7630400000000213,0.29975999999998665
50,1,w1_20260420_005456,24,95428.25,245856,99135.75,0.5253499999999737,0.2862450000000017
50,1,w1_20260420_005456,25,40714.25,293956.5,269429.25,0.29298999999999453,0.41910500000002393
50,1,w1_20260420_005456,26,35917,248787,118746,0.392424999999976,0.34585500000000574
50,1,w1_20260420_005456,27,301039.75,95427.75,254002.5,0.8248249999999593,0.39119000000000015
50,1,w1_20260420_005456,28,145446,230720.25,120633.75,0.5984150000000337,0.3034100000000044
50,1,w1_20260420_005456,29,328161.25,146331,250047.75,0.7436849999999798,0.5012650000000088
50,1,w1_20260420_005456,30,51122.75,163763.25,250014,0.2565650000000118,0.4389850000000027
50,1,w1_20260420_005456,31,220078.75,178793.25,220908,0.679360000000018,0.4017599999999896
50,1,w1_20260420_005456,32,167534.5,239587.5,271338,0.5411949999999841,0.43539999999999907
50,1,w1_20260420_005456,33,303685.5,105465.75,305958.75,0.8152599999999872,0.3765649999999798
50,1,w1_20260420_005456,34,54076.75,161204.25,192189,0.5244799999999925,0.31996499999999467
50,1,w1_20260420_005456,35,189300.5,271530.75,279498.75,0.5098300000000003,0.4885249999999941
50,1,w1_20260420_005456,36,115309.25,234738,291942.75,0.4856599999999932,0.3950350000000027
50,1,w1_20260420_005456,37,291632.75,86018.25,269619,0.8490500000000176,0.3306799999999904
50,1,w1_20260420_005456,38,43976.5,159854.25,269459.25,0.2936450000000179,0.4130150000000006
50,1,w1_20260420_005456,39,235103.25,165987.75,277929,0.6663599999999703,0.4750700000000063
50,1,w1_20260420_005456,40,45005.25,129354,291270.75,0.18490999999998567,0.4327100000000186
50,1,w1_20260420_005456,41,427059,68517.75,249653.25,0.8777749999999931,0.537854999999997
50,1,w1_20260420_005456,42,122313,207497.25,252999.75,0.5136949999999982,0.37948499999999824
50,1,w1_20260420_005456,43,128021,262189.5,294469.5,0.4747000000000241,0.44200500000000337
50,1,w1_20260420_005456,44,317125.75,151624.5,287709.75,0.7333599999999962,0.4817000000000111
50,1,w1_20260420_005456,45,144840.5,252411,293128.5,0.47910000000002245,0.4700300000000078
50,1,w1_20260420_005456,46,309867.75,126268.5,311103.75,0.7826349999999733,0.41759500000001215
50,1,w1_20260420_005456,47,257914.5,135558,244687.5,0.757904999999943,0.3537800000000184
50,1,w1_20260420_005456,48,218776,201725.25,293268.75,0.6478799999999777,0.4045850000000148
50,1,w1_20260420_005456,49,162660.5,237105.75,276063.75,0.5613200000000096,0.39727000000001605
50,1,w1_20260420_005456,50,117060.25,204399.75,267570,0.4814549999999982,0.43006000000001793
50,1,w1_20260420_005456,51,371525.25,127609.5,261905.25,0.7802399999999302,0.5211599999999943
50,1,w1_20260420_005456,52,81309.75,155697,241823.25,0.5289899999999922,0.3947250000000156
50,1,w1_20260420_005456,53,10294.5,133761,204544.5,0.17311999999998962,0.43534000000001777
50,1,w1_20260420_005456,54,326037.25,122784.75,278088,0.789319999999993,0.43847000000001946
50,1,w1_20260420_005456,55,305122.75,106927.5,278649.75,0.8181099999999922,0.3565700000000078
50,1,w1_20260420_005456,56,24877.25,299777.25,175855.5,0.38104999999999134,0.29777499999999557
50,1,w1_20260420_005456,57,119318.75,232318.5,196362.75,0.5441650000000033,0.32640000000001007
50,1,w1_20260420_005456,58,155341,249265.5,274903.5,0.4931399999999977,0.46425000000000344
50,1,w1_20260420_005456,59,152877,188014.5,258988.5,0.6210300000000082,0.292705000000007
50,1,w1_20260420_005456,60,118763.75,269306.25,241020,0.3806149999999965,0.5172100000000048
50,1,w1_20260420_005456,61,357905.5,48222,303772.5,0.915134999999998,0.3607150000000335
50,1,w1_20260420_005456,62,60342.25,181955.25,286042.5,0.35602000000001094,0.43269
50,1,w1_20260420_005456,63,53218,101818.5,284833.5,0.4617700000000237,0.39982000000001394
50,1,w1_20260420_005456,64,144623.25,197331,200835.75,0.5800400000000026,0.3665850000000063
50,1,w1_20260420_005456,65,73536.25,98959.5,236924.25,0.540220000000025,0.3912199999999963
50,1,w1_20260420_005456,66,262329.75,148662.75,279487.5,0.7389599999999799,0.3817150000000164
50,1,w1_20260420_005456,67,15111.5,125976.75,293511.75,0.2170649999999763,0.37073000000002343
50,1,w1_20260420_005456,68,36574.25,80343.75,283902,0.3659899999999888,0.3754750000000054
50,1,w1_20260420_005456,69,125507.75,205380,285692.25,0.47370999999999686,0.4358149999999842
50,1,w1_20260420_005456,70,347106,64926.75,287627.25,0.8863899999999807,0.36847500000002126
50,1,w1_20260420_005456,71,184478.25,214653,281478.75,0.6086749999999964,0.4314050000000096
50,1,w1_20260420_005456,72,45191,176023.5,302245.5,0.3488000000000309,0.3800299999999872
50,1,w1_20260420_005456,73,-2606,35505.75,113660.25,0.2613549999999723,0.26477000000002293
50,1,w1_20260420_005456,74,81582.25,105101.25,238906.5,0.4885850000000006,0.366765000000009
50,1,w1_20260420_005456,75,239241.25,130830,254838.75,0.7331299999999975,0.3369500000000091
50,1,w1_20260420_005456,76,327884,67671,261045,0.8832099999999429,0.3226150000000103
50,1,w1_20260420_005456,77,89722.5,213462,268435.5,0.43762500000000254,0.34264999999999907
50,1,w1_20260420_005456,78,101704.5,178443,305842.5,0.4888450000000122,0.3617949999999956
50,1,w1_20260420_005456,79,186775,204249.75,283415.25,0.636349999999995,0.3591949999999997
50,1,w1_20260420_005456,80,174907.25,232443,280389.75,0.600115000000009,0.37368000000000545
50,1,w1_20260420_005456,81,169291,197467.5,259291.5,0.6152000000000034,0.34273000000000203
50,1,w1_20260420_005456,82,268416,165904.5,175999.5,0.6940049999999595,0.5547200000000316
50,1,w1_20260420_005456,83,161776,202727.25,145926.75,0.5163250000000006,0.5900149999999796
50,1,w1_20260420_005456,84,59947.25,138917.25,252865.5,0.3843949999999968,0.4489349999999842
50,1,w1_20260420_005456,85,63592,167988,321420,0.3994700000000138,0.3731050000000019
50,1,w1_20260420_005456,86,360752.25,62560.5,265547.25,0.8897750000000082,0.38795999999999553
50,1,w1_20260420_005456,87,4216.5,92134.5,194889,0.23225499999999405,0.35921000000000763
50,1,w1_20260420_005456,88,23289.75,86108.25,305802,0.37634000000004114,0.3713399999999797
50,1,w1_20260420_005456,89,104235.5,146480.25,224534.25,0.5767999999999965,0.32820999999998934
50,1,w1_20260420_005456,90,348219.25,63123.75,289317,0.8911549999999734,0.3544899999999981
50,1,w1_20260420_005456,91,173606.5,229555.5,272838,0.592564999999998,0.3769049999999947
50,1,w1_20260420_005456,92,295293.25,171487.5,270299.25,0.7062799999999629,0.4793799999999848
50,1,w1_20260420_005456,93,174379,192805.5,261445.5,0.6235099999999716,0.34966000000000846
50,1,w1_20260420_005456,94,117825.75,96488.25,312036,0.5056349999999855,0.4006700000000053
50,1,w1_20260420_005456,95,383725.75,37759.5,306204.75,0.9320349999999932,0.39066500000000687
50,1,w1_20260420_005456,96,16839.25,124545,166815.75,0.2000349999999852,0.4823850000000138
50,1,w1_20260420_005456,97,73132.25,82115.25,315382.5,0.5554249999999983,0.33262000000000747
50,1,w1_20260420_005456,98,133779.25,197712,301788.75,0.5819649999999867,0.4203799999999983
50,1,w1_20260420_005456,99,271032.5,123418.5,310239,0.7751599999999781,0.3661850000000105
50,1,w1_20260420_005456,100,129873.75,186069.75,249586.5,0.5579099999999974,0.36838000000001064
51,0,w0_20260420_010146,1,204129,129222,109719,0.7469749999999732,0.21693499999997812
51,0,w0_20260420_010146,2,158604.25,194833.5,63902.25,0.6416250000000052,0.23014999999999583
51,0,w0_20260420_010146,3,134786.75,222182.25,59181,0.5915699999999955,0.2685999999999889
51,0,w0_20260420_010146,4,214142.5,143065.5,51042,0.7367149999999816,0.2588299999999981
51,0,w0_20260420_010146,5,42918.25,316194,72957.75,0.4199550000000127,0.2782599999999974
51,0,w0_20260420_010146,6,-10000,109354.5,20647.5,0.3462600000000044,0.18755999999999085
51,0,w0_20260420_010146,7,29188,313281.75,78650.25,0.4029550000000068,0.26027000000000755
51,0,w0_20260420_010146,8,131477.25,224611.5,52691.25,0.587489999999993,0.1887049999999922
51,0,w0_20260420_010146,9,230287.75,138773.25,61809,0.7479399999999701,0.3791449999999914
51,0,w0_20260420_010146,10,88248.5,263085,91756.5,0.5104299999999973,0.26711499999999727
51,0,w0_20260420_010146,11,156576.5,219186.75,87786.75,0.601914999999972,0.3755849999999979
51,0,w0_20260420_010146,12,146764.25,205233.75,94422,0.6316949999999528,0.17786999999999625
51,0,w0_20260420_010146,13,185821.25,240138.75,231330,0.5541799999999993,0.4697649999999898
51,0,w0_20260420_010146,14,150815.75,258577.5,277746.75,0.5193300000000092,0.42580999999996855
51,0,w0_20260420_010146,15,196184,163391.25,119244.75,0.7079350000000111,0.30800500000000847
51,0,w0_20260420_010146,16,159368.5,227081.25,235880.25,0.588544999999994,0.36318499999999454
51,0,w0_20260420_010146,17,164766.25,334413,213720.75,0.37592500000001494,0.594379999999975
51,0,w0_20260420_010146,18,321182.5,100164.75,288132.75,0.8232149999999503,0.4179799999999853
51,0,w0_20260420_010146,19,25203.75,337900.5,319275.75,0.33716000000000657,0.3661950000000174
51,0,w0_20260420_010146,20,315017.25,93956.25,213136.5,0.8339199999999594,0.412930000000005
51,0,w0_20260420_010146,21,-10000,255732.75,144927.75,0.2774200000000136,0.3917150000000119
51,0,w0_20260420_010146,22,94764,281283.75,289742.25,0.4320700000000144,0.3977350000000026
51,0,w0_20260420_010146,23,286353,85989.75,172967.25,0.8473749999999569,0.3216899999999992
51,0,w0_20260420_010146,24,395255.75,56547,245867.25,0.9007799999999648,0.466674999999995
51,0,w0_20260420_010146,25,96122.5,282420,291307.5,0.4597200000000098,0.3714799999999978
51,0,w0_20260420_010146,26,141670.5,293985.75,265083.75,0.47585499999999264,0.4395050000000022
51,0,w0_20260420_010146,27,122781,231958.5,92050.5,0.5532599999999863,0.3841499999999815
51,0,w0_20260420_010146,28,13746.25,215994,263469.75,0.33122500000000216,0.32597499999998986
51,0,w0_20260420_010146,29,54789,288140.25,297330.75,0.37891500000000344,0.39762499999999457
51,0,w0_20260420_010146,30,178833.75,223448.25,253668,0.5454699999999968,0.4570499999999976
51,0,w0_20260420_010146,31,362194.75,47625,239840.25,0.9170199999999938,0.402095000000004
51,0,w0_20260420_010146,32,249345.5,191737.5,242127,0.6315500000000013,0.4875749999999911
51,0,w0_20260420_010146,33,116452.25,240965.25,255652.5,0.471349999999995,0.38960499999999726
51,0,w0_20260420_010146,34,142228.5,207888,237043.5,0.458945000000019,0.48221499999999895
51,0,w0_20260420_010146,35,157301,191872.5,257626.5,0.540919999999979,0.4055099999999974
51,0,w0_20260420_010146,36,271099,107342.25,147678.75,0.7951649999999917,0.35213000000000416
51,0,w0_20260420_010146,37,407027.75,73327.5,206244.75,0.8713849999999995,0.5332900000000151
51,0,w0_20260420_010146,38,182030.25,148883.25,264886.5,0.5765649999999911,0.4355050000000106
51,0,w0_20260420_010146,39,200762.75,141120.75,185026.5,0.6279499999999996,0.35757999999999335
51,0,w0_20260420_010146,40,172055.5,149744.25,109010.25,0.6426299999999865,0.3703700000000044
51,0,w0_20260420_010146,41,57764.25,181778.25,108967.5,0.4802400000000346,0.21011499999998567
51,0,w0_20260420_010146,42,263728.5,74203.5,156498,0.852384999999962,0.26170000000000254
51,0,w0_20260420_010146,43,283324,134436.75,221549.25,0.6957899999999868,0.5279699999999892
51,0,w0_20260420_010146,44,155506,115534.5,245239.5,0.6365099999999791,0.3681300000000058
51,0,w0_20260420_010146,45,33242,165742.5,76315.5,0.42308999999999025,0.3652900000000023
51,0,w0_20260420_010146,46,94195.5,178636.5,94788,0.49014500000000616,0.3499499999999909
51,0,w0_20260420_010146,47,85369.75,225018.75,279271.5,0.3895150000000005,0.392140000000005
51,0,w0_20260420_010146,48,54976,209773.5,83170.5,0.4081150000000006,0.34282000000000296
51,0,w0_20260420_010146,49,189927.5,114761.25,141701.25,0.6992049999999703,0.26711499999999305
51,0,w0_20260420_010146,50,-8310.75,230057.25,138403.5,0.297854999999984,0.32383500000000376
51,0,w0_20260420_010146,51,137465.75,135820.5,66933.75,0.6792450000000044,0.2118549999999997
51,0,w0_20260420_010146,52,-1356.25,204417.75,96118.5,0.32668000000000064,0.22925499999999543
51,0,w0_20260420_010146,53,34687.25,185975.25,45157.5,0.4462900000000002,0.16932999999998752
51,0,w0_20260420_010146,54,229505.75,122062.5,166761.75,0.7460149999999764,0.39047999999998984
51,0,w0_20260420_010146,55,179892,176611.5,161776.5,0.6139649999999925,0.3902350000000144
51,0,w0_20260420_010146,56,48263.5,172325.25,38051.25,0.49704499999998214,0.20723500000000109
51,0,w0_20260420_010146,57,172460.75,127053.75,56185.5,0.6833749999999893,0.16128000000000425
51,0,w0_20260420_010146,58,257637,87957.75,74675.25,0.8054749999999843,0.16024499999999434
51,0,w0_20260420_010146,59,180970.75,117471,68378.25,0.7019699999999857,0.16205499999999184
51,0,w0_20260420_010146,60,339980.25,72558.75,217821,0.8596949999999867,0.4669849999999855
51,0,w0_20260420_010146,61,68496.75,199139.25,23124,0.45926499999998394,0.11345500000000018
51,0,w0_20260420_010146,62,32701,156277.5,29431.5,0.42835999999999974,0.24596500000000016
51,0,w0_20260420_010146,63,292762.5,96710.25,232787.25,0.8061449999999865,0.4307149999999962
51,0,w0_20260420_010146,64,107271.5,183984.75,181113.75,0.4975499999999984,0.4079750000000085
51,0,w0_20260420_010146,65,147968.25,136997.25,89644.5,0.64285000000001,0.3251649999999958
51,0,w0_20260420_010146,66,327704.75,47086.5,105828.75,0.9177600000000028,0.33030000000000026
51,0,w0_20260420_010146,67,31817.25,111099,273243.75,0.43555000000002136,0.406729999999985
51,0,w0_20260420_010146,68,-10000,33071.6325,69524.5725,0.15351000000000056,0.5075899999999999
51,0,w0_20260420_010146,69,137334.25,153872.25,45283.5,0.5971149999999844,0.17513000000001158
51,0,w0_20260420_010146,70,385120,36464.25,308595.75,0.90808999999996,0.41911500000000224
51,0,w0_20260420_010146,71,201294.25,110184.75,89121,0.7543649999999728,0.16014999999999782
51,0,w0_20260420_010146,72,265467.75,98196.75,52585.5,0.8203249999999754,0.22712000000000412
51,0,w0_20260420_010146,73,325023,50451.75,41585.25,0.9113649999999216,0.2268349999999952
51,0,w0_20260420_010146,74,-10000,206307,59223,0.4350750000000018,0.2658400000000078
51,0,w0_20260420_010146,75,253046,80158.5,186355.5,0.8116699999999766,0.4544700000000114
51,0,w0_20260420_010146,76,169362.25,182654.25,212383.5,0.6093150000000105,0.4264699999999983
51,0,w0_20260420_010146,77,31074.75,107682,119483.25,0.5483649999999795,0.3793649999999946
51,0,w0_20260420_010146,78,143296,194478,227046,0.5672349999999726,0.35014000000000584
51,0,w0_20260420_010146,79,101773.25,182339.25,112177.5,0.5439649999999883,0.2205649999999882
51,0,w0_20260420_010146,80,-3749.5,203706,124633.5,0.3712799999999877,0.26677500000000226
51,0,w0_20260420_010146,81,56062.75,102306.75,163990.5,0.5594649999999964,0.3651400000000119
51,0,w0_20260420_010146,82,209640.25,159969,214290.75,0.7178299999999704,0.332535000000013
51,0,w0_20260420_010146,83,132599,245322.75,249998.25,0.5571899999999838,0.33173999999999326
51,0,w0_20260420_010146,84,12064.25,333972.75,272913,0.3168049999999851,0.4115149999999964
51,0,w0_20260420_010146,85,309377,82155,262068,0.8500299999999384,0.35407999999998885
51,0,w0_20260420_010146,86,373906.5,93962.25,236261.25,0.8221449999999831,0.519905000000011
51,0,w0_20260420_010146,87,300992.25,163098,294429.75,0.7254449999999849,0.46228000000000186
51,0,w0_20260420_010146,88,129980.25,316501.5,287588.25,0.3915349999999928,0.4969950000000078
51,0,w0_20260420_010146,89,115171.5,214365.75,249462.75,0.44181499999999285,0.4675049999999889
51,0,w0_20260420_010146,90,166770,169824.75,262415.25,0.6515449999999722,0.31398500000000773
51,0,w0_20260420_010146,91,43003.5,216264.75,215811.75,0.4538100000000089,0.3154300000000098
51,0,w0_20260420_010146,92,338398.25,33887.25,213994.5,0.9319550000000164,0.26757000000000747
51,0,w0_20260420_010146,93,357765,32998.5,272386.5,0.9444450000000064,0.28963000000000216
51,0,w0_20260420_010146,94,343191.25,65919.75,264729,0.8880999999998714,0.35852500000000553
51,0,w0_20260420_010146,95,130283.75,265440,210326.25,0.5426999999999887,0.30340000000000894
51,0,w0_20260420_010146,96,210259.75,192062.25,266808,0.6221149999999788,0.4270849999999864
51,0,w0_20260420_010146,97,286530,126670.5,279349.5,0.7522349999999789,0.4017399999999982
51,0,w0_20260420_010146,98,134678.75,217064.25,275037,0.551884999999997,0.3436499999999941
51,0,w0_20260420_010146,99,181010.25,172933.5,247676.25,0.6548299999999941,0.3360749999999931
51,0,w0_20260420_010146,100,157376.25,197889.75,280224,0.5712749999999941,0.415699999999992
51,1,w1_20260420_010839,1,218343.5,116811,107845.5,0.7743999999999732,0.2203049999999935
51,1,w1_20260420_010839,2,142877.25,210790.5,68912.25,0.6124100000000019,0.23166999999998716
51,1,w1_20260420_010839,3,119157.5,239430.75,58971.75,0.5611800000000041,0.2775300000000037
51,1,w1_20260420_010839,4,154901.75,194706,112382.25,0.6447700000000025,0.24015999999999607
51,1,w1_20260420_010839,5,27188.5,321911.25,115670.25,0.41222500000001,0.23311999999999017
51,1,w1_20260420_010839,6,-10000.000000000002,85631.04755956406,68140.65421212614,0.4178249999999967,0.29173000000000143
51,1,w1_20260420_010839,7,-10000,150598.5,147117,0.42833999999998296,0.27142000000001343
51,1,w1_20260420_010839,8,5104.25,187399.5,127376.25,0.4309300000000276,0.2481449999999934
51,1,w1_20260420_010839,9,8167.5,228979.5,136323,0.4216150000000265,0.19212499999999216
51,1,w1_20260420_010839,10,3389.5,154637.25,86783.25,0.4029749999999887,0.26603499999998537
51,1,w1_20260420_010839,11,137446.75,222723.75,265549.5,0.5766000000000145,0.3627950000000142
51,1,w1_20260420_010839,12,-2244,252879,179085,0.31116999999999323,0.3362300000000001
51,1,w1_20260420_010839,13,50215,242359.5,204235.5,0.4780949999999836,0.238049999999993
51,1,w1_20260420_010839,14,374978.75,92184.75,241666.5,0.8348499999999698,0.525674999999997
51,1,w1_20260420_010839,15,161433,194673,257904,0.6492399999999942,0.2929150000000091
51,1,w1_20260420_010839,16,54739.75,286148.25,199332,0.44627499999999953,0.3052450000000046
51,1,w1_20260420_010839,17,99205.5,238740,240694.5,0.5739649999999953,0.23892500000000003
51,1,w1_20260420_010839,18,142005.25,210795.75,178359,0.6274050000000092,0.22438999999999248
51,1,w1_20260420_010839,19,73366.25,261493.5,220190.25,0.5339249999999987,0.20827499999999713
51,1,w1_20260420_010839,20,63462,322236.75,307631.25,0.4206850000000142,0.35352999999999
51,1,w1_20260420_010839,21,68741.75,193701,196517.25,0.5420350000000012,0.11046499999999763
51,1,w1_20260420_010839,22,60518.25,209934,173337.75,0.533015000000012,0.17920499999999945
51,1,w1_20260420_010839,23,91870.25,199137,143892.75,0.5758599999999935,0.1151549999999992
51,1,w1_20260420_010839,24,83453.75,183879,107297.25,0.5334350000000025,0.13405999999999907
51,1,w1_20260420_010839,25,170259.75,155926.5,92553.75,0.6734749999999932,0.27263999999999666
51,1,w1_20260420_010839,26,90587.5,154083,76639.5,0.514524999999995,0.24400499999999592
51,1,w1_20260420_010839,27,152125.25,159751.5,66323.25,0.6418549999999666,0.15753499999999598
51,1,w1_20260420_010839,28,32563,204955.5,103021.5,0.4761050000000296,0.24251500000000087
51,1,w1_20260420_010839,29,-10000,218787,72933,0.37572500000000153,0.28887499999999966
51,1,w1_20260420_010839,30,213592.5,141590.25,82487.25,0.7053250000000324,0.4831099999999848
51,1,w1_20260420_010839,31,130706.75,162225.75,76357.5,0.5902899999999932,0.30590500000001114
51,1,w1_20260420_010839,32,132547.25,209901.75,61761,0.5782099999999758,0.2733949999999973
51,1,w1_20260420_010839,33,239123.25,136503.75,103323,0.7587650000000146,0.31949500000001985
51,1,w1_20260420_010839,34,133830.5,185604,71545.5,0.579439999999988,0.2867650000000027
51,1,w1_20260420_010839,35,48376.25,185397,54066.75,0.41677000000000536,0.27108499999999985
51,1,w1_20260420_010839,36,14891.75,229312.5,94695.75,0.32751999999999115,0.26691499999999496
51,1,w1_20260420_010839,37,15569,197955,144126,0.37771499999998925,0.2561899999999965
51,1,w1_20260420_010839,38,125043.5,254712,194704.5,0.5201499999999957,0.4371149999999933
51,1,w1_20260420_010839,39,181406.25,174255,82638.75,0.6658999999999875,0.31771999999999895
51,1,w1_20260420_010839,40,135362,100246.5,125401.5,0.6437299999999888,0.3409449999999983
51,1,w1_20260420_010839,41,129833,107450.25,106266.75,0.6174100000000019,0.2933799999999958
51,1,w1_20260420_010839,42,59424.5,155820.75,149964.75,0.4489650000000221,0.41599999999997606
51,1,w1_20260420_010839,43,123870.25,162055.5,70424.25,0.6170699999999847,0.235945000000003
51,1,w1_20260420_010839,44,101550.5,131943,50956.5,0.6214550000000187,0.3579950000000038
51,1,w1_20260420_010839,45,29230.25,165533.25,101206.5,0.468119999999997,0.20182999999999365
51,1,w1_20260420_010839,46,26366.75,157188.75,68074.5,0.5103400000000075,0.32672000000000206
51,1,w1_20260420_010839,47,40169.5,183468,90232.5,0.4845650000000013,0.3364000000000183
51,1,w1_20260420_010839,48,-10000,255676.5,191029.5,0.4247450000000248,0.2072450000000031
51,1,w1_20260420_010839,49,4317.75,302235,65267.25,0.36336999999998415,0.17499500000000462
51,1,w1_20260420_010839,50,21515,285113.25,31671.75,0.3872499999999939,0.2357300000000113
51,1,w1_20260420_010839,51,85050.5,181647.75,72621.75,0.5821699999999803,0.12260499999999731
51,1,w1_20260420_010839,52,10201,363281.25,77127.75,0.3225050000000101,0.4532699999999925
51,1,w1_20260420_010839,53,48775,292542.75,91052.25,0.41946000000000366,0.3358349999999989
51,1,w1_20260420_010839,54,27653.25,331414.5,90842.25,0.3869299999999958,0.35352000000000783
51,1,w1_20260420_010839,55,143279.75,199174.5,84375.75,0.618875000000004,0.3513900000000056
51,1,w1_20260420_010839,56,220275.75,115017,109487.25,0.7673300000000086,0.19781499999999588
51,1,w1_20260420_010839,57,88319.5,235487.25,80033.25,0.49307000000001183,0.3158899999999888
51,1,w1_20260420_010839,58,128243.75,155916.75,53749.5,0.6137749999999904,0.1650100000000015
51,1,w1_20260420_010839,59,50482.5,173572.5,42975,0.4316250000000079,0.49128499999999287
51,1,w1_20260420_010839,60,237754.25,135546,82899.75,0.7662449999999782,0.2140450000000062
51,1,w1_20260420_010839,61,263475.5,183248.25,113936.25,0.6020950000000046,0.690325000000002
51,1,w1_20260420_010839,62,-6817.5,252738,165529.5,0.2740399999999994,0.34817999999998517
51,1,w1_20260420_010839,63,45065.75,220673.25,50691,0.4628949999999888,0.11083999999999504
51,1,w1_20260420_010839,64,26692.5,47665.5,42432,0.5586450000000104,0.5487699999999798
51,1,w1_20260420_010839,65,83593,192415.5,60031.5,0.5247949999999855,0.27661499999999595
51,1,w1_20260420_010839,66,177743.5,172385.25,64241.25,0.6637349999999502,0.4344799999999882
51,1,w1_20260420_010839,67,113859.75,234401.25,139119,0.5843599999999738,0.16367499999999602
51,1,w1_20260420_010839,68,-10000,24336,46908.34163484375,0.4264550000000152,0.2310749999999961
51,1,w1_20260420_010839,69,-10000.000000000002,37260.92348838308,99255.55670354977,0.4330450000000442,0.30713999999999175
51,1,w1_20260420_010839,70,30095.25,166572,141882.75,0.5588900000000107,0.22996000000000563
51,1,w1_20260420_010839,71,144566.25,207888,95295.75,0.6216199999999908,0.20185999999999643
51,1,w1_20260420_010839,72,2675.5,100794,42310.5,0.33905000000004076,0.09717499999999846
51,1,w1_20260420_010839,73,-1372.5,69126,28966.5,0.2944450000000247,0.4577200000000261
51,1,w1_20260420_010839,74,202717.5,166410.75,254001.75,0.6652350000000238,0.3855700000000145
51,1,w1_20260420_010839,75,6780.5,39637.5,24372,0.3410100000000354,0.22882500000001305
51,1,w1_20260420_010839,76,7556,51662.25,17481.75,0.3692000000000149,0.3625000000000128
51,1,w1_20260420_010839,77,36116.75,35835.75,8527.5,0.5826250000000082,0.363374999999976
51,1,w1_20260420_010839,78,13509,96207.75,94823.25,0.3521949999999966,0.5420650000000079
51,1,w1_20260420_010839,79,54934.25,62900.25,13045.5,0.5859849999999885,0.31651499999998883
51,1,w1_20260420_010839,80,9103.5,127095,38791.5,0.44292000000003856,0.3940500000000341
51,1,w1_20260420_010839,81,27616.75,197424.75,203728.5,0.41720999999999686,0.32201500000000016
51,1,w1_20260420_010839,82,243874,125170.5,236485.5,0.7262049999999859,0.390605000000007
51,1,w1_20260420_010839,83,-3116.75,123725.25,79621.5,0.3039550000000184,0.2875949999999884
51,1,w1_20260420_010839,84,-10000,30010.5,6781.5,0.2879500000000281,0.3102649999999911
51,1,w1_20260420_010839,85,211930.75,82836,187553.25,0.7616199999999933,0.31355999999998724
51,1,w1_20260420_010839,86,163043.25,195670.5,236786.25,0.6372999999999913,0.30011999999998173
51,1,w1_20260420_010839,87,-10000,27191.25,14381.25,0.2991249999999446,0.45220499999999264
51,1,w1_20260420_010839,88,81294.25,87096.75,54459,0.4881449999999715,0.25042999999998594
51,1,w1_20260420_010839,89,24045.5,56108.25,78056.25,0.3242899999999919,0.3571649999999965
51,1,w1_20260420_010839,90,7925.75,93498.75,53065.5,0.35129000000001576,0.3876999999999971
51,1,w1_20260420_010839,91,121322.75,249491.25,97566,0.5553800000000043,0.3518249999999925
51,1,w1_20260420_010839,92,103556.75,167823,71990.25,0.48705999999999233,0.3081999999999889
51,1,w1_20260420_010839,93,174423.25,193175.25,209941.5,0.5898350000000018,0.4120450000000151
51,1,w1_20260420_010839,94,187793.25,128836.5,186380.25,0.7546700000000269,0.08734000000000144
51,1,w1_20260420_010839,95,319233.75,52810.5,176265.75,0.9015349999999632,0.35835499999998427
51,1,w1_20260420_010839,96,213155.75,165986.25,67908,0.6983499999999411,0.24072
51,1,w1_20260420_010839,97,124865,212511,43314,0.5674449999999764,0.2986349999999933
51,1,w1_20260420_010839,98,88965.75,257868.75,37375.5,0.5169100000000046,0.4034300000000059
51,1,w1_20260420_010839,99,-9999.999999999998,95186.00441249998,37828.5,0.4666550000000787,0.33203000000002986
51,1,w1_20260420_010839,100,35896.25,120163.5,51560.25,0.50254499999998,0.4443899999999836
52,0,w0_20260420_011530,1,210160.5,112224.75,144714.75,0.7807099999999747,0.20560500000000545
52,0,w0_20260420_011530,2,83437,270222,50301,0.5027350000000046,0.21853000000001663
52,0,w0_20260420_011530,3,260957.5,91968,52924.5,0.8320849999999825,0.1690699999999963
52,0,w0_20260420_011530,4,83434.5,258495.75,58149.75,0.5088949999999954,0.14042999999999695
52,0,w0_20260420_011530,5,33583.25,162167.25,91969.5,0.5210200000000185,0.15830999999998924
52,0,w0_20260420_011530,6,46847,269786.25,71796.75,0.4397850000000087,0.2006799999999909
52,0,w0_20260420_011530,7,236761.5,117762.75,50745.75,0.7864999999999814,0.1578299999999904
52,0,w0_20260420_011530,8,21419.5,247583.25,73697.25,0.386219999999992,0.15354500000000035
52,0,w0_20260420_011530,9,243561.5,112650.75,52587.75,0.7957849999999694,0.15058999999999456
52,0,w0_20260420_011530,10,16208.5,251781.75,37929.75,0.3508199999999821,0.29017000000000714
52,0,w0_20260420_011530,11,226550.75,131936.25,53013,0.7627599999999821,0.16133499999998904
52,0,w0_20260420_011530,12,196072.25,162183.75,47694,0.7093900000000148,0.12204499999999688
52,0,w0_20260420_011530,13,36033.5,208885.5,54231,0.4843699999999841,0.1551699999999966
52,0,w0_20260420_011530,14,235585.5,134852.25,30722.25,0.7546949999999939,0.397534999999985
52,0,w0_20260420_011530,15,114882.5,251404.5,35223,0.5492300000000058,0.17633499999999033
52,0,w0_20260420_011530,16,84804.25,229188,43197.75,0.4933599999999994,0.14381999999999634
52,0,w0_20260420_011530,17,198712.25,177106.5,55511.25,0.6843849999999995,0.4120350000000033
52,0,w0_20260420_011530,18,21144,244375.5,153850.5,0.3419200000000002,0.2988599999999974
52,0,w0_20260420_011530,19,476748.75,114852,86759.25,0.790299999999991,0.8034099999999826
52,0,w0_20260420_011530,20,108954.75,267437.25,292998,0.49445500000002174,0.3533350000000101
52,0,w0_20260420_011530,21,12463.5,171648.75,53127.75,0.48349500000000745,0.17685000000000167
52,0,w0_20260420_011530,22,304337.5,289650,89302.5,0.418374999999987,0.8102949999999902
52,0,w0_20260420_011530,23,251992.25,109326,228621.75,0.8053999999999947,0.2677650000000053
52,0,w0_20260420_011530,24,349172.75,37403.25,312324,0.9346349999999892,0.34675500000001
52,0,w0_20260420_011530,25,57080.25,283872.75,132837,0.4238049999999857,0.32249500000000514
52,0,w0_20260420_011530,26,148039,194441.25,104949.75,0.6225049999999756,0.28343500000000593
52,0,w0_20260420_011530,27,281956.25,111640.5,193583.25,0.8051949999999534,0.3373150000000053
52,0,w0_20260420_011530,28,120661.75,202982.25,161736,0.572880000000005,0.4202350000000141
52,0,w0_20260420_011530,29,391972.25,52701.75,266346,0.9071950000000112,0.4690099999999862
52,0,w0_20260420_011530,30,34403.5,198101.25,273575.25,0.4026649999999891,0.30838500000000674
52,0,w0_20260420_011530,31,160652.5,209545.5,126822,0.6260800000000105,0.25948499999999874
52,0,w0_20260420_011530,32,308663.25,112662.75,266934,0.8023799999999701,0.4073250000000064
52,0,w0_20260420_011530,33,161955,242831.25,237993.75,0.5614500000000151,0.3963950000000081
52,0,w0_20260420_011530,34,22207.25,142975.5,273887.25,0.46951500000000823,0.321979999999997
52,0,w0_20260420_011530,35,351029,48078,246273,0.9119849999999844,0.37042500000000345
52,0,w0_20260420_011530,36,187253.25,196710,232086.75,0.5819449999999899,0.4955450000000002
52,0,w0_20260420_011530,37,182201.5,202671.75,177096.75,0.6482249999999682,0.32370499999999713
52,0,w0_20260420_011530,38,28791,129904.5,167014.5,0.3985500000000326,0.3285500000000069
52,0,w0_20260420_011530,39,331332.5,60836.25,196961.25,0.8951449999999448,0.33503500000000397
52,0,w0_20260420_011530,40,240779.25,161022.75,234318,0.6865249999999784,0.4688799999999929
52,0,w0_20260420_011530,41,35498.5,147624.75,261396.75,0.29098000000000557,0.40479999999999966
52,0,w0_20260420_011530,42,28142,117033.75,269054.25,0.4062600000000045,0.3853149999999777
52,0,w0_20260420_011530,43,23774.75,74594.25,248331,0.4512700000000335,0.3532499999999988
52,0,w0_20260420_011530,44,34465,86097.75,275687.25,0.3879750000000123,0.3780200000000013
52,0,w0_20260420_011530,45,101306.75,111471.75,257731.5,0.6489299999999882,0.31284500000001014
52,0,w0_20260420_011530,46,198360.75,219537,283742.25,0.6196700000000029,0.391915000000017
52,0,w0_20260420_011530,47,49502.75,164702.25,234735,0.4029600000000216,0.3672250000000053
52,0,w0_20260420_011530,48,123464.75,201370.5,304854.75,0.5100450000000124,0.40147500000000225
52,0,w0_20260420_011530,49,106192.25,229319.25,258148.5,0.5196900000000116,0.3418699999999965
52,0,w0_20260420_011530,50,27646,109725.75,193118.25,0.3582099999999962,0.29810499999999845
52,0,w0_20260420_011530,51,173600.75,161855.25,209424,0.6630199999999713,0.30972500000001796
52,0,w0_20260420_011530,52,318515.5,82043.25,233561.25,0.8388549999999834,0.4202950000000135
52,0,w0_20260420_011530,53,356754.25,34878.75,154467,0.9401849999999886,0.333225
52,0,w0_20260420_011530,54,337241.25,78082.5,212696.25,0.8623899999999634,0.3867050000000128
52,0,w0_20260420_011530,55,162640,266805.75,292214.25,0.5267100000000252,0.4363349999999755
52,0,w0_20260420_011530,56,72631.5,182529,292669.5,0.512555000000006,0.399579999999994
52,0,w0_20260420_011530,57,358890,48415.5,155524.5,0.9165349999999766,0.4130550000000081
52,0,w0_20260420_011530,58,278103.75,155566.5,254889.75,0.7343499999999816,0.4399600000000017
52,0,w0_20260420_011530,59,117097.75,256723.5,270798.75,0.5072099999999876,0.35631499999999366
52,0,w0_20260420_011530,60,238851.75,191211.75,267556.5,0.6643699999999898,0.44179499999999433
52,0,w0_20260420_011530,61,58457.75,261385.5,183366.75,0.4549099999999996,0.31022500000000275
52,0,w0_20260420_011530,62,367190.75,75288,248771.25,0.8678849999999367,0.46251000000001097
52,0,w0_20260420_011530,63,340209.25,64912.5,231638.25,0.8896449999999553,0.35290500000000796
52,0,w0_20260420_011530,64,246256.75,160920.75,216532.5,0.7265899999999721,0.36808999999999986
52,0,w0_20260420_011530,65,284802.5,286524.75,142542.75,0.4594199999999816,0.734559999999995
52,0,w0_20260420_011530,66,215262.75,195854.25,278523,0.638334999999994,0.4195349999999817
52,0,w0_20260420_011530,67,184612,233895,276873,0.5659700000000012,0.434924999999978
52,0,w0_20260420_011530,68,175440.75,211626.75,257602.5,0.5850699999999875,0.3790699999999915
52,0,w0_20260420_011530,69,25077.75,202389,303023.25,0.3480800000000364,0.4089249999999884
52,0,w0_20260420_011530,70,44717.25,140776.5,279896.25,0.3839700000000203,0.388719999999995
52,0,w0_20260420_011530,71,54554,141759.75,290066.25,0.3306099999999914,0.42159500000000005
52,0,w0_20260420_011530,72,182606,207825.75,258548.25,0.6068999999999815,0.44244499999999254
52,0,w0_20260420_011530,73,256210.25,146252.25,247207.5,0.7389499999999951,0.42216999999999233
52,0,w0_20260420_011530,74,389731.5,45323.25,213335.25,0.921389999999952,0.5255900000000006
52,0,w0_20260420_011530,75,118034.75,233898.75,266266.5,0.4276699999999954,0.4796099999999931
52,0,w0_20260420_011530,76,43267.75,81393.75,201628.5,0.3948550000000022,0.4420249999999868
52,0,w0_20260420_011530,77,159460.75,269049,308360.25,0.5130249999999995,0.4410399999999957
52,0,w0_20260420_011530,78,142229,252778.5,287362.5,0.5213900000000031,0.39526499999999753
52,0,w0_20260420_011530,79,206351.25,211137.75,259191,0.6278150000000104,0.4189150000000124
52,0,w0_20260420_011530,80,-10000,181334.25,258251.25,0.542609999999988,0.27644999999997905
52,0,w0_20260420_011530,81,360203,92358,269439,0.8384599999999638,0.446545000000002
52,0,w0_20260420_011530,82,382095.75,42539.25,202545,0.9272400000000234,0.4125849999999944
52,0,w0_20260420_011530,83,170660.75,225880.5,288108.75,0.5943499999999882,0.3529550000000258
52,0,w0_20260420_011530,84,121222.75,233801.25,272376,0.5202600000000123,0.33772000000001
52,0,w0_20260420_011530,85,137898.5,214537.5,214404,0.5800650000000146,0.39280500000000546
52,0,w0_20260420_011530,86,173189.5,191896.5,233634,0.6299900000000541,0.3575500000000021
52,0,w0_20260420_011530,87,341142.75,87327.75,263899.5,0.8455249999999954,0.4236649999999944
52,0,w0_20260420_011530,88,299401,112685.25,255273.75,0.802385000000067,0.3729300000000009
52,0,w0_20260420_011530,89,279473.75,123932.25,238314,0.7802950000000124,0.3691700000000071
52,0,w0_20260420_011530,90,373924.5,69102.75,244182.75,0.869195000000008,0.45219500000000024
52,0,w0_20260420_011530,91,122456.25,214577.25,246376.5,0.5372399999999893,0.38618500000000494
52,0,w0_20260420_011530,92,344137,65220.75,181112.25,0.8775849999999189,0.461479999999998
52,0,w0_20260420_011530,93,202897,209656.5,268126.5,0.5814950000000012,0.4320250000000102
52,0,w0_20260420_011530,94,53801,148793.25,251025.75,0.4933250000000187,0.32287499999999664
52,0,w0_20260420_011530,95,355319,81600.75,247970.25,0.8533899999999353,0.4340049999999871
52,0,w0_20260420_011530,96,318214.75,93162.75,235042.5,0.8368750000000007,0.3976750000000133
52,0,w0_20260420_011530,97,357925,74220.75,258554.25,0.8681450000000185,0.4058649999999972
52,0,w0_20260420_011530,98,56044.5,248199,297646.5,0.4073400000000135,0.3525350000000132
52,0,w0_20260420_011530,99,20410,7567.5,306232.5,0.4801100000000067,0.3582049999999988
52,0,w0_20260420_011530,100,50675.25,2907.75,301917,0.3573099999999912,0.4186849999999999
52,1,w1_20260420_012219,1,203133,115607.25,82389.75,0.7585399999999796,0.16425499999999632
52,1,w1_20260420_012219,2,139529,214311.75,46649.25,0.6044999999999903,0.1933949999999994
52,1,w1_20260420_012219,3,266506.25,87650.25,51283.5,0.8397449999999711,0.19010499999999497
52,1,w1_20260420_012219,4,199216.5,154197.75,48915.75,0.7159599999999796,0.1868250000000005
52,1,w1_20260420_012219,5,-7728.5,308868.75,70749.75,0.3612100000000089,0.1656249999999946
52,1,w1_20260420_012219,6,-10000,45279,38614.5,0.475640000000025,0.25734999999999036
52,1,w1_20260420_012219,7,-9277.5,195603.75,65133.75,0.3706249999999916,0.17205999999999433
52,1,w1_20260420_012219,8,-274.5,138032.25,49412.25,0.3728449999999971,0.19572999999999632
52,1,w1_20260420_012219,9,236787,137163,46320,0.7437649999999937,0.4688250000000201
52,1,w1_20260420_012219,10,185649,174168,56073,0.6852749999999922,0.22216999999999684
52,1,w1_20260420_012219,11,127146,232224.75,54899.25,0.5777199999999971,0.24468500000000204
52,1,w1_20260420_012219,12,237165.75,125387.25,69837,0.7742099999999843,0.2194699999999981
52,1,w1_20260420_012219,13,150000.75,222079.5,68379.75,0.6020300000000046,0.3368450000000046
52,1,w1_20260420_012219,14,65956.75,285810,116513.25,0.4731499999999988,0.2817750000000103
52,1,w1_20260420_012219,15,167247,225255.75,216317.25,0.5951000000000164,0.3785650000000164
52,1,w1_20260420_012219,16,110615.75,256304.25,168660,0.5401900000000054,0.2643849999999867
52,1,w1_20260420_012219,17,244698.25,191180.25,240031.5,0.6311349999999989,0.493069999999996
52,1,w1_20260420_012219,18,55923.75,275246.25,186720,0.4557849999999922,0.25902500000000156
52,1,w1_20260420_012219,19,205312.5,176635.5,177162,0.6855999999999904,0.3424800000000085
52,1,w1_20260420_012219,20,65517.25,280053.75,231579,0.4525000000000009,0.3157350000000112
52,1,w1_20260420_012219,21,204238,172755.75,207806.25,0.6937649999999838,0.3142450000000148
52,1,w1_20260420_012219,22,332695.75,68172,182942.25,0.8789300000000103,0.4064549999999912
52,1,w1_20260420_012219,23,24432.5,217355.25,212882.25,0.3039249999999971,0.4333549999999894
52,1,w1_20260420_012219,24,35965.75,179042.25,232122,0.364130000000014,0.3854300000000148
52,1,w1_20260420_012219,25,262262.5,92992.5,310065,0.8352249999999823,0.278555
52,1,w1_20260420_012219,26,202609,160148.25,251292.75,0.567319999999993,0.456350000000015
52,1,w1_20260420_012219,27,96152.75,196155.75,235411.5,0.4916899999999974,0.33128499999999406
52,1,w1_20260420_012219,28,20130.5,149681.25,272858.25,0.2643649999999946,0.37510499999998337
52,1,w1_20260420_012219,29,66892.5,168487.5,270150,0.388535000000008,0.39062499999998673
52,1,w1_20260420_012219,30,138541.5,210979.5,255249,0.547494999999981,0.3743200000000078
52,1,w1_20260420_012219,31,62186.5,145026.75,263736.75,0.4632100000000154,0.3878850000000054
52,1,w1_20260420_012219,32,124067.25,217988.25,284254.5,0.5594649999999707,0.3753299999999929
52,1,w1_20260420_012219,33,114316,272139.75,276194.25,0.5031400000000019,0.34903000000000445
52,1,w1_20260420_012219,34,87784,238650,280146,0.45342500000001534,0.3803349999999943
52,1,w1_20260420_012219,35,136013.75,186461.25,283965,0.5599449999999877,0.38003499999999946
52,1,w1_20260420_012219,36,208190.75,199244.25,255345,0.6473099999999986,0.3832900000000132
52,1,w1_20260420_012219,37,174411.75,236460,260228.25,0.574569999999996,0.4049000000000022
52,1,w1_20260420_012219,38,212622.5,195256.5,265521,0.608644999999967,0.4783799999999828
52,1,w1_20260420_012219,39,128841.25,237054.75,287094,0.510700000000002,0.398304999999988
52,1,w1_20260420_012219,40,296887.75,81727.5,271524.75,0.7961649999999597,0.4216949999999963
52,1,w1_20260420_012219,41,73816.75,190207.5,292005.75,0.4820299999999959,0.3639249999999972
52,1,w1_20260420_012219,42,106748,192936,266316,0.529639999999992,0.3545500000000082
52,1,w1_20260420_012219,43,267719.25,128913,295677.75,0.7675099999999783,0.355474999999999
52,1,w1_20260420_012219,44,206576.5,190757.25,258476.25,0.6654599999999974,0.3609100000000134
52,1,w1_20260420_012219,45,72025.75,75045,255089.25,0.3612200000000022,0.4620699999999758
52,1,w1_20260420_012219,46,236389.25,172872.75,295068,0.6960999999999679,0.3763450000000021
52,1,w1_20260420_012219,47,63182,188679,291939,0.3854400000000086,0.3640000000000059
52,1,w1_20260420_012219,48,205056,203201.25,285192.75,0.6268299999999761,0.40138500000000216
52,1,w1_20260420_012219,49,156829.25,240134.25,291226.5,0.5516499999999994,0.38700000000000256
52,1,w1_20260420_012219,50,172690.75,210632.25,298557,0.5810049999999874,0.3915549999999979
52,1,w1_20260420_012219,51,97142.75,203960.25,278997,0.4860750000000027,0.3718499999999976
52,1,w1_20260420_012219,52,175621.25,190992,223416.75,0.6466700000000016,0.28605000000000647
52,1,w1_20260420_012219,53,356127.25,71022,293520.75,0.8772899999999286,0.414454999999993
52,1,w1_20260420_012219,54,393626.75,31647.75,304255.5,0.9459599999999816,0.39795500000000533
52,1,w1_20260420_012219,55,126064.75,259490.25,277155,0.511214999999998,0.38030500000001144
52,1,w1_20260420_012219,56,366942,65850.75,272237.25,0.8835699999999717,0.4327400000000057
52,1,w1_20260420_012219,57,366921.5,35725.5,152523,0.9395099999999458,0.43372000000000344
52,1,w1_20260420_012219,58,264872.75,176727.75,258679.5,0.6883299999999586,0.45901000000000447
52,1,w1_20260420_012219,59,249388,131749.5,203002.5,0.7321549999999616,0.44298499999998103
52,1,w1_20260420_012219,60,347688.25,74289.75,277332,0.8715199999999408,0.4001449999999957
52,1,w1_20260420_012219,61,46326.5,98285.25,137558.25,0.4050150000000172,0.5053399999999522
52,1,w1_20260420_012219,62,324063,48846.75,169370.25,0.904479999999996,0.30450499999998076
52,1,w1_20260420_012219,63,228340,172503,180597,0.6884399999999873,0.4391900000000102
52,1,w1_20260420_012219,64,346211,58712.25,150726.75,0.9003099999999833,0.3594799999999913
52,1,w1_20260420_012219,65,301914,134022.75,213203.25,0.7719249999999842,0.4725949999999989
52,1,w1_20260420_012219,66,324460.25,96859.5,237890.25,0.8361899999999618,0.40175500000000514
52,1,w1_20260420_012219,67,74249,279786.75,299354.25,0.4815000000000149,0.32994499999999943
52,1,w1_20260420_012219,68,71786.5,301320,137143.5,0.48233499999997737,0.33479499999999823
52,1,w1_20260420_012219,69,279130.5,125007.75,201561.75,0.7880299999999872,0.3817600000000051
52,1,w1_20260420_012219,70,205894.25,183648.75,119847,0.6853849999999384,0.3684799999999889
52,1,w1_20260420_012219,71,95589.5,231078.75,196221.75,0.462590000000013,0.39793500000000825
52,1,w1_20260420_012219,72,37163.5,172110,180196.5,0.5641850000000345,0.2454149999999981
52,1,w1_20260420_012219,73,274507,137193.75,229079.25,0.766784999999959,0.37431999999999527
52,1,w1_20260420_012219,74,361981,37622.25,186486.75,0.9362449999999886,0.3991550000000103
52,1,w1_20260420_012219,75,411412.75,49137.75,154279.5,0.9160499999999628,0.5663999999999718
52,1,w1_20260420_012219,76,119628,221075.25,188196.75,0.5840300000000188,0.27900000000000724
52,1,w1_20260420_012219,77,251158.25,143103.75,202938,0.7515999999999204,0.3615450000000032
52,1,w1_20260420_012219,78,87206.25,166828.5,160895.25,0.5548299999999755,0.33313499999999385
52,1,w1_20260420_012219,79,305063,91740.75,237776.25,0.8412949999999404,0.29936000000000756
52,1,w1_20260420_012219,80,57846,80636.25,127947.75,0.5184099999999584,0.45493500000001474
52,1,w1_20260420_012219,81,210815.5,176691.75,273522.75,0.6951299999999677,0.31977500000000425
52,1,w1_20260420_012219,82,-1010.75,307938,341832.75,0.30304000000001613,0.33779499999999746
52,1,w1_20260420_012219,83,144563.25,195624.75,218322,0.6473649999999912,0.3398700000000133
52,1,w1_20260420_012219,84,110380.75,176433.75,212185.5,0.4866300000000162,0.46442999999999046
52,1,w1_20260420_012219,85,279651.75,118134.75,258823.5,0.7961099999999445,0.3190549999999998
52,1,w1_20260420_012219,86,327899,53224.5,235066.5,0.909014999999971,0.2374749999999994
52,1,w1_20260420_012219,87,-10000,229489.05,190762.65,0.3924199999999442,0.36875499999997985
52,1,w1_20260420_012219,88,358254.75,50346.75,181048.5,0.9074100000000058,0.4446249999999873
52,1,w1_20260420_012219,89,363622.75,17585.25,206412,0.9704399999999564,0.24371499999999904
52,1,w1_20260420_012219,90,117211,242346.75,227432.25,0.5365949999999812,0.33695500000002243
52,1,w1_20260420_012219,91,20840.25,80456.25,229843.5,0.5626349999999741,0.4482800000000053
52,1,w1_20260420_012219,92,109943,186312.75,175964.25,0.577174999999986,0.39318000000001574
52,1,w1_20260420_012219,93,49028.75,69189.75,260491.5,0.5527399999999895,0.41938500000000933
52,1,w1_20260420_012219,94,318687,97042.5,225760.5,0.8313349999999308,0.4059200000000142
52,1,w1_20260420_012219,95,53015.25,125884.5,253640.25,0.4325549999999835,0.3845100000000232
52,1,w1_20260420_012219,96,204848,193089,210033,0.6655399999999887,0.3789349999999967
52,1,w1_20260420_012219,97,4144,45837,148419,0.5071200000000343,0.36223000000005057
52,1,w1_20260420_012219,98,179882.5,131792.25,123215.25,0.6745699999999276,0.4286699999999959
52,1,w1_20260420_012219,99,200887.5,177681,179101.5,0.6782649999999993,0.4731649999999787
52,1,w1_20260420_012219,100,149738.5,178515.75,77175.75,0.5911649999999674,0.4723450000000069
53,0,w0_20260420_012912,1,154971.5,170600.25,83318.25,0.6601249999999916,0.15051499999999687
53,0,w0_20260420_012912,2,218398.5,127425,58696.5,0.7629699999999765,0.1377199999999964
53,0,w0_20260420_012912,3,-10000,55796.25,16932.75,0.4865299999999926,0.13906999999999778
53,0,w0_20260420_012912,4,284880.5,69706.5,60723,0.8699599999999724,0.21391999999999295
53,0,w0_20260420_012912,5,67249.25,283415.25,54175.5,0.47604999999998526,0.1759699999999871
53,0,w0_20260420_012912,6,288.75,277503.75,74197.5,0.3634500000000047,0.18857499999999577
53,0,w0_20260420_012912,7,33634,279491.25,108564.75,0.33865500000001697,0.491199999999978
53,0,w0_20260420_012912,8,277263.25,187511.25,133705.5,0.5535349999999988,0.68709499999999
53,0,w0_20260420_012912,9,222804.25,170014.5,153131.25,0.6860700000000173,0.4139199999999833
53,0,w0_20260420_012912,10,71642.75,268968,282299.25,0.42569500000000726,0.3699600000000021
53,0,w0_20260420_012912,11,138124.5,234753.75,138291.75,0.5565750000000086,0.3551799999999997
53,0,w0_20260420_012912,12,143923.25,231634.5,281312.25,0.4812099999999979,0.4612000000000044
53,0,w0_20260420_012912,13,72757.25,225354.75,305778,0.3968950000000061,0.408709999999996
53,0,w0_20260420_012912,14,19844.25,140692.5,281273.25,0.29493500000000156,0.3510350000000036
53,0,w0_20260420_012912,15,189726.25,199936.5,240047.25,0.6334049999999972,0.38139999999999824
53,0,w0_20260420_012912,16,148641.25,227121.75,234327,0.5724550000000154,0.3563900000000031
53,0,w0_20260420_012912,17,114368.75,247962,223169.25,0.5274750000000087,0.3303700000000129
53,0,w0_20260420_012912,18,107623.25,243012.75,159654,0.539595000000005,0.2931500000000037
53,0,w0_20260420_012912,19,5864,113723.25,238962.75,0.2598199999999932,0.35378499999999247
53,0,w0_20260420_012912,20,136470.75,235846.5,249942.75,0.5364649999999992,0.3705250000000031
53,0,w0_20260420_012912,21,194594.75,223894.5,291420.75,0.5788600000000055,0.45169999999999966
53,0,w0_20260420_012912,22,210039.75,168246,253484.25,0.6925550000000112,0.35640999999999406
53,0,w0_20260420_012912,23,117878,272115.75,194306.25,0.5199900000000143,0.31366500000000896
53,0,w0_20260420_012912,24,9326,160809.75,236144.25,0.2692249999999979,0.36417999999999545
53,0,w0_20260420_012912,25,133383.25,270905.25,212821.5,0.30967999999999746,0.6046400000000057
53,0,w0_20260420_012912,26,25836,72838.5,262735.5,0.26236499999999546,0.3875849999999978
53,0,w0_20260420_012912,27,35298.75,83232.75,264868.5,0.31634000000001605,0.3832099999999931
53,0,w0_20260420_012912,28,251532.25,137950.5,258137.25,0.7096849999999959,0.4224350000000012
53,0,w0_20260420_012912,29,22595,193296.75,310958.25,0.2835399999999958,0.3686299999999992
53,0,w0_20260420_012912,30,328231,68277,254292,0.8631899999999678,0.3736349999999974
53,0,w0_20260420_012912,31,337347.75,71261.25,256521,0.8755549999999958,0.3687599999999963
53,0,w0_20260420_012912,32,73389.25,227481,305919.75,0.3753900000000097,0.4108200000000106
53,0,w0_20260420_012912,33,367854.5,57045.75,292629.75,0.8952049999999876,0.4174249999999971
53,0,w0_20260420_012912,34,83078.75,202004.25,298047,0.4853449999999927,0.4006550000000038
53,0,w0_20260420_012912,35,338557.25,71082,245280.75,0.8714049999999659,0.3665900000000097
53,0,w0_20260420_012912,36,109060.25,239121.75,298608,0.48504999999998344,0.4244799999999961
53,0,w0_20260420_012912,37,58094,141864,267672,0.440520000000011,0.33377000000000634
53,0,w0_20260420_012912,38,60179.75,192145.5,272184.75,0.3764699999999989,0.36120500000000927
53,0,w0_20260420_012912,39,64294,235218,277278,0.40736500000000697,0.34039500000000417
53,0,w0_20260420_012912,40,139729.75,229920.75,268879.5,0.5466349999999988,0.3932149999999952
53,0,w0_20260420_012912,41,341217.25,74197.5,293495.25,0.8713749999999636,0.384359999999994
53,0,w0_20260420_012912,42,351037.75,63253.5,272178.75,0.8915199999999189,0.3776650000000102
53,0,w0_20260420_012912,43,103621.25,241729.5,273749.25,0.4536699999999996,0.42419000000001506
53,0,w0_20260420_012912,44,277441.75,162394.5,237693.75,0.7151449999999567,0.4636800000000055
53,0,w0_20260420_012912,45,243365.25,184296,291768.75,0.6838200000000104,0.4066100000000028
53,0,w0_20260420_012912,46,310185.25,99549,267465.75,0.8288299999999607,0.3562150000000211
53,0,w0_20260420_012912,47,20725.5,98839.5,225045,0.19982499999997877,0.3903350000000163
53,0,w0_20260420_012912,48,25243.75,89469,258647.25,0.30603500000001194,0.3902300000000114
53,0,w0_20260420_012912,49,209440,195562.5,299767.5,0.6343499999999662,0.40617499999999734
53,0,w0_20260420_012912,50,130169.75,229457.25,293103,0.4777049999999835,0.402540000000005
53,0,w0_20260420_012912,51,68702.5,189811.5,269256,0.45678499999998656,0.33204500000000964
53,0,w0_20260420_012912,52,83215.5,184662,299962.5,0.32305499999999726,0.41115499999999366
53,0,w0_20260420_012912,53,336664.75,96743.25,286002,0.8174299999998926,0.4389749999999822
53,0,w0_20260420_012912,54,147953.25,188522.25,304414.5,0.5042799999999832,0.4549649999999844
53,0,w0_20260420_012912,55,113983.5,267465.75,294780.75,0.48075999999999947,0.396269999999994
53,0,w0_20260420_012912,56,253369.25,160893,283677.75,0.7183549999999864,0.3961650000000058
53,0,w0_20260420_012912,57,275055,121698,239157,0.7811699999999923,0.37816500000001063
53,0,w0_20260420_012912,58,241262.25,158604,292443.75,0.7053949999999668,0.3820650000000085
53,0,w0_20260420_012912,59,338925.5,51921,272743.5,0.9078250000000376,0.3548149999999949
53,0,w0_20260420_012912,60,161268.25,222183.75,305238,0.6047249999999829,0.3681699999999901
53,0,w0_20260420_012912,61,177879.25,166566.75,229614,0.6762000000000185,0.32142500000000584
53,0,w0_20260420_012912,62,92128.75,241081.5,278949.75,0.4380550000000102,0.407304999999997
53,0,w0_20260420_012912,63,276571.75,104155.5,313032.75,0.7908549999999434,0.3601950000000046
53,0,w0_20260420_012912,64,387841.75,100326.75,276361.5,0.828839999999942,0.5046099999999774
53,0,w0_20260420_012912,65,145622.5,157519.5,284868,0.6468000000000244,0.3766950000000098
53,0,w0_20260420_012912,66,487073.25,77934,189432.75,0.854859999999995,0.6671199999999605
53,0,w0_20260420_012912,67,29395.5,71853,279721.5,0.0769899999999854,0.41433500000000406
53,0,w0_20260420_012912,68,48619.5,19664.25,286916.25,0.12575999999999277,0.43233500000000286
53,0,w0_20260420_012912,69,-10000,19392.75,102194.25,0.24234499999996323,0.24449000000000087
53,0,w0_20260420_012912,70,22650,49942.5,210397.5,0.15873999999996813,0.43703
53,0,w0_20260420_012912,71,77544,136548.75,322997.25,0.5496749999999917,0.3764149999999905
53,0,w0_20260420_012912,72,234389.25,217519.5,216461.25,0.463059999999958,0.5999550000000093
53,0,w0_20260420_012912,73,33925,45039,302676,0.5724999999999865,0.36902500000001753
53,0,w0_20260420_012912,74,345360,97427.25,281412.75,0.8230049999999964,0.44720999999999583
53,0,w0_20260420_012912,75,110393,224243.25,293463.75,0.49660499999999047,0.36264000000001145
53,0,w0_20260420_012912,76,378267.25,48779.25,271033.5,0.8998899999999618,0.4388350000000007
53,0,w0_20260420_012912,77,180006.75,153116.25,240207,0.6897299999999935,0.34190999999999355
53,0,w0_20260420_012912,78,38958.5,139769.25,240332.25,0.3862149999999791,0.3688249999999943
53,0,w0_20260420_012912,79,152290.75,168258,304751.25,0.5894449999999978,0.37305500000000014
53,0,w0_20260420_012912,80,249129.25,152261.25,267799.5,0.6690849999999872,0.5076600000000041
53,0,w0_20260420_012912,81,281628.25,95730,281241.75,0.8153450000000122,0.33947000000000827
53,0,w0_20260420_012912,82,247478,116141.25,286680.75,0.7662650000000593,0.3755499999999989
53,0,w0_20260420_012912,83,88011.5,99450.75,212007.75,0.5124300000000221,0.4370099999999717
53,0,w0_20260420_012912,84,187708.5,132979.5,244212,0.7070049999999888,0.3427600000000027
53,0,w0_20260420_012912,85,174048,139371,220341,0.7080349999999725,0.29041999999999646
53,0,w0_20260420_012912,86,240669.5,108079.5,208701,0.7940000000000035,0.2943749999999948
53,0,w0_20260420_012912,87,101695.25,181560.75,122304,0.5799200000000005,0.3892249999999971
53,0,w0_20260420_012912,88,15884.5,218637.75,65847.75,0.4157549999999701,0.20673000000000663
53,0,w0_20260420_012912,89,135707.25,119535,158037.75,0.6051799999999767,0.3945799999999825
53,0,w0_20260420_012912,90,283785.25,93863.25,290461.5,0.8138499999998884,0.39225999999999733
53,0,w0_20260420_012912,91,333511.5,45539.25,173129.25,0.9118899999999688,0.34576999999999264
53,0,w0_20260420_012912,92,300252.75,87236.25,61221,0.852484999999956,0.257519999999998
53,0,w0_20260420_012912,93,408116.25,23679,241614.75,0.9581600000000232,0.4660499999999979
53,0,w0_20260420_012912,94,325.25,98103.75,140211,0.4646199999999367,0.4259749999999676
53,0,w0_20260420_012912,95,375496.5,38616.75,256896.75,0.9283350000000132,0.36549000000000414
53,0,w0_20260420_012912,96,63234.75,80965.5,216159.75,0.6035900000000008,0.36760499999999735
53,0,w0_20260420_012912,97,3049.25,98438.25,156982.5,0.24534499999999615,0.3872650000000143
53,0,w0_20260420_012912,98,203567.5,53691,178141.5,0.7476800000000022,0.34703999999999824
53,0,w0_20260420_012912,99,344021.25,70924.5,277754.25,0.880484999999932,0.3454850000000265
53,0,w0_20260420_012912,100,209010.5,130365.75,272553.75,0.6638150000000371,0.38916499999999943
53,1,w1_20260420_013604,1,152373.25,170408.25,80728.5,0.657549999999987,0.14391499999999874
53,1,w1_20260420_013604,2,181970.5,166968,52921.5,0.6872199999999908,0.1949049999999977
53,1,w1_20260420_013604,3,-10000.000000000004,68947.75562154151,10012.451800062086,0.4463749999999892,0.229489999999996
53,1,w1_20260420_013604,4,273062,80138.25,71289.75,0.8511999999999958,0.21438499999999955
53,1,w1_20260420_013604,5,64582.75,294213.75,46963.5,0.46104999999999136,0.24351499999999124
53,1,w1_20260420_013604,6,4108.25,286913.25,45718.5,0.34987999999999925,0.21146499999999868
53,1,w1_20260420_013604,7,98343.75,255002.25,46884,0.529609999999998,0.17318499999998968
53,1,w1_20260420_013604,8,31709,273614.25,44886.75,0.4044899999999921,0.2201649999999986
53,1,w1_20260420_013604,9,91323,245362.5,67774.5,0.4870799999999932,0.4076050000000119
53,1,w1_20260420_013604,10,116881,220542.75,45446.25,0.5686199999999926,0.20907499999998827
53,1,w1_20260420_013604,11,147762.5,202434,77443.5,0.6176849999999822,0.25586000000000325
53,1,w1_20260420_013604,12,127656,226955.25,52938.75,0.5764699999999955,0.2412799999999952
53,1,w1_20260420_013604,13,114808.75,243465.75,55705.5,0.559620000000007,0.1596149999999941
53,1,w1_20260420_013604,14,107297.5,238580.25,126512.25,0.5363900000000081,0.3220050000000055
53,1,w1_20260420_013604,15,296076.75,242049.75,136873.5,0.5102650000000195,0.7364700000000289
53,1,w1_20260420_013604,16,135925.5,226539,152605.5,0.5881299999999822,0.30548000000000386
53,1,w1_20260420_013604,17,122172.25,252471,210186.75,0.548455000000001,0.3438599999999918
53,1,w1_20260420_013604,18,60661.25,280831.5,265127.25,0.441620000000011,0.31761999999998886
53,1,w1_20260420_013604,19,3954.5,101469,299656.5,0.2953049999999966,0.342385000000039
53,1,w1_20260420_013604,20,30700.5,214017.75,262641.75,0.3942249999999889,0.31696000000000435
53,1,w1_20260420_013604,21,180309.75,172689.75,203140.5,0.6658300000000127,0.3600200000000039
53,1,w1_20260420_013604,22,166402,214212.75,223715.25,0.6176800000000062,0.33798499999999637
53,1,w1_20260420_013604,23,128174.75,233419.5,176985.75,0.5818050000000169,0.2553600000000042
53,1,w1_20260420_013604,24,54668.25,288697.5,313274.25,0.40710999999998,0.358535000000028
53,1,w1_20260420_013604,25,190809.25,265642.5,268748.25,0.509140000000002,0.5074049999999994
53,1,w1_20260420_013604,26,316118,95589,298473,0.8309950000000026,0.4009800000000244
53,1,w1_20260420_013604,27,377273,44052.75,255164.25,0.9219799999999788,0.42085500000002346
53,1,w1_20260420_013604,28,202675.75,223704.75,258349.5,0.6018600000000094,0.4308600000000101
53,1,w1_20260420_013604,29,265730.25,120649.5,221840.25,0.7708299999999992,0.3682100000000014
53,1,w1_20260420_013604,30,69574.5,232770.75,223854.75,0.4375900000000044,0.36783999999999833
53,1,w1_20260420_013604,31,48442.25,131225.25,181672.5,0.34511500000000533,0.3305450000000073
53,1,w1_20260420_013604,32,155202.5,209164.5,180873,0.607659999999984,0.27972499999999567
53,1,w1_20260420_013604,33,95266,209173.5,175060.5,0.46188500000001176,0.33548000000000017
53,1,w1_20260420_013604,34,292078,120795.75,263606.25,0.7821800000000164,0.40456500000000184
53,1,w1_20260420_013604,35,66935.25,190925.25,260629.5,0.3868500000000015,0.40174999999999544
53,1,w1_20260420_013604,36,55691,121770,236619,0.32049999999999323,0.3540649999999993
53,1,w1_20260420_013604,37,116398.5,176942.25,177029.25,0.5339500000000109,0.35134999999998884
53,1,w1_20260420_013604,38,353705.25,77447.25,255187.5,0.8576849999999666,0.4528500000000055
53,1,w1_20260420_013604,39,181076,246016.5,267817.5,0.5572749999999859,0.43119999999999337
53,1,w1_20260420_013604,40,117883.75,268049.25,253017,0.5041900000000111,0.37589500000000153
53,1,w1_20260420_013604,41,58228.25,178113,212898.75,0.4648549999999848,0.34943499999999517
53,1,w1_20260420_013604,42,115127.25,231274.5,290768.25,0.5041849999999919,0.4031900000000102
53,1,w1_20260420_013604,43,114611.75,172074,265694.25,0.4639099999999832,0.4628949999999844
53,1,w1_20260420_013604,44,334376,93409.5,252964.5,0.8373150000000332,0.4208450000000002
53,1,w1_20260420_013604,45,272324.5,128759.25,290606.25,0.7797149999999983,0.35065499999999483
53,1,w1_20260420_013604,46,268377,138141.75,270911.25,0.763529999999989,0.3545950000000045
53,1,w1_20260420_013604,47,152631.25,251858.25,289420.5,0.5689100000000145,0.348905000000007
53,1,w1_20260420_013604,48,66976,166394.25,248559.75,0.3386950000000019,0.4255199999999926
53,1,w1_20260420_013604,49,232456.5,168519,251104.5,0.7009199999999831,0.35602999999999635
53,1,w1_20260420_013604,50,101560.75,255268.5,248250.75,0.4777200000000152,0.37500999999999424
53,1,w1_20260420_013604,51,95586,186957.75,215276.25,0.5248349999999771,0.3406500000000024
53,1,w1_20260420_013604,52,105640.5,176438.25,225731.25,0.5225849999999961,0.3461800000000033
53,1,w1_20260420_013604,53,175054.25,235089.75,264786,0.5945249999999928,0.3758949999999933
53,1,w1_20260420_013604,54,332177.75,88626,208886.25,0.8448199999999779,0.4397399999999896
53,1,w1_20260420_013604,55,113018.25,285502.5,304169.25,0.4809050000000114,0.3823100000000032
53,1,w1_20260420_013604,56,150151.5,252872.25,268796.25,0.5566050000000046,0.3625149999999898
53,1,w1_20260420_013604,57,77924.75,220637.25,291918,0.42454500000000833,0.3645450000000105
53,1,w1_20260420_013604,58,296066,93331.5,190942.5,0.830449999999957,0.34558499999999226
53,1,w1_20260420_013604,59,118941.75,255900.75,252967.5,0.5188550000000001,0.3477299999999915
53,1,w1_20260420_013604,60,205379,183895.5,218995.5,0.5539650000000085,0.5367000000000098
53,1,w1_20260420_013604,61,186939.25,237402,253248.75,0.5943000000000002,0.4127699999999753
53,1,w1_20260420_013604,62,362815,37716.75,232388.25,0.9307449999999764,0.3766099999999684
53,1,w1_20260420_013604,63,125604.25,244666.5,264179.25,0.4840749999999922,0.4096100000000067
53,1,w1_20260420_013604,64,56915.5,96585,238099.5,0.4975000000000037,0.3591849999999886
53,1,w1_20260420_013604,65,371988.25,31859.25,227452.5,0.9397200000000376,0.4219549999999903
53,1,w1_20260420_013604,66,223859,189987,210534,0.6751449999999763,0.4126899999999747
53,1,w1_20260420_013604,67,6397,40120.5,298702.5,0.10031999999999622,0.36730500000002486
53,1,w1_20260420_013604,68,20276.25,14829.75,297174,0.2719000000000149,0.3815400000000217
53,1,w1_20260420_013604,69,150110.25,202409.25,229330.5,0.5451800000000224,0.37740000000000623
53,1,w1_20260420_013604,70,218795.75,162864,227090.25,0.6684249999999943,0.4626350000000091
53,1,w1_20260420_013604,71,231631.5,149265,192283.5,0.7125499999999816,0.4016499999999928
53,1,w1_20260420_013604,72,200307,218643.75,258809.25,0.6072249999999775,0.4103099999999957
53,1,w1_20260420_013604,73,229077.75,203577,293855.25,0.6408049999999769,0.42128000000001387
53,1,w1_20260420_013604,74,228837.5,168076.5,206796,0.7009100000000028,0.40613999999999034
53,1,w1_20260420_013604,75,212706.75,207935.25,289488,0.640820000000024,0.4058899999999987
53,1,w1_20260420_013604,76,272839.75,145824.75,305155.5,0.741184999999977,0.40306500000001255
53,1,w1_20260420_013604,77,145535.5,167290.5,278754,0.5841549999999929,0.378624999999989
53,1,w1_20260420_013604,78,103244,228564.75,281681.25,0.42834500000001846,0.4100900000000095
53,1,w1_20260420_013604,79,9666.5,63982.5,216951,0.34350500000003775,0.3938800000000186
53,1,w1_20260420_013604,80,50104.25,73773,241362.75,0.28845000000001897,0.4190400000000167
53,1,w1_20260420_013604,81,60470.25,143338.5,260801.25,0.3223699999999973,0.4328049999999928
53,1,w1_20260420_013604,82,104780.75,153144,250355.25,0.5721799999999809,0.3564550000000014
53,1,w1_20260420_013604,83,58367.5,131411.25,235211.25,0.4415799999999943,0.3624300000000032
53,1,w1_20260420_013604,84,324525.5,105088.5,337806,0.8213799999999717,0.3942850000000042
53,1,w1_20260420_013604,85,35215.5,166458,226246.5,0.4184449999999978,0.30760499999999824
53,1,w1_20260420_013604,86,347221,48368.25,272130.75,0.9137649999999272,0.3644250000000156
53,1,w1_20260420_013604,87,38251.25,102280.5,142478.25,0.25916000000000766,0.39658999999998823
53,1,w1_20260420_013604,88,37541,137415,307434,0.13714999999999136,0.4586100000000166
53,1,w1_20260420_013604,89,144771.5,157444.5,280224,0.5846900000000075,0.4040800000000143
53,1,w1_20260420_013604,90,48736.75,134770.5,280422.75,0.45547000000000726,0.32525000000000115
53,1,w1_20260420_013604,91,46914.75,174095.25,289590,0.4458249999999929,0.2984650000000108
53,1,w1_20260420_013604,92,81605.25,194543.25,270181.5,0.5144299999999905,0.3175349999999854
53,1,w1_20260420_013604,93,260704.25,104106,157239.75,0.8117399999999995,0.2589050000000038
53,1,w1_20260420_013604,94,168993,230532.75,299504.25,0.5969450000000013,0.3606200000000063
53,1,w1_20260420_013604,95,217805.75,170199.75,278764.5,0.7079100000000138,0.31629500000001626
53,1,w1_20260420_013604,96,-10000,84724.11253594921,137940.9916178086,0.6080599999999501,0.5711349999999489
53,1,w1_20260420_013604,97,106434.5,96564,291331.5,0.5417899999999798,0.48942999999999454
53,1,w1_20260420_013604,98,126469,178709.25,210081.75,0.5721750000000069,0.30450499999999114
53,1,w1_20260420_013604,99,115066.25,185518.5,291395.25,0.41528500000003016,0.49688000000000393
53,1,w1_20260420_013604,100,71307.25,116539.5,241883.25,0.5800350000000012,0.3280899999999975
54,0,w0_20260420_014254,1,229271.75,100479,109199.25,0.8031449999999752,0.15172999999999823
54,0,w0_20260420_014254,2,219656,125463,62991,0.767164999999989,0.14846999999999622
54,0,w0_20260420_014254,3,164743.75,184870.5,55305.75,0.6595900000000069,0.1345549999999958
54,0,w0_20260420_014254,4,124658.25,231644.25,44437.5,0.574575000000017,0.21347999999999925
54,0,w0_20260420_014254,5,12570.75,333348.75,69580.5,0.3893100000000184,0.12064500000000128
54,0,w0_20260420_014254,6,-10000,84292.5,15675,0.6018350000000097,0.15855999999999004
54,0,w0_20260420_014254,7,-5225.75,105378.75,52587,0.4118499999999867,0.12219500000000454
54,0,w0_20260420_014254,8,1339,140166.75,42194.25,0.370754999999995,0.15380000000000185
54,0,w0_20260420_014254,9,13161,266929.5,40129.5,0.38014000000001574,0.1402300000000022
54,0,w0_20260420_014254,10,16408,170117.25,38664.75,0.3327849999999932,0.5090199999999997
54,0,w0_20260420_014254,11,60799.75,274038.75,46861.5,0.4435500000000081,0.44363999999999443
54,0,w0_20260420_014254,12,30691.25,251863.5,48665.25,0.4165600000000061,0.17266499999999477
54,0,w0_20260420_014254,13,21521.5,239260.5,45108,0.3849150000000143,0.14659499999999304
54,0,w0_20260420_014254,14,112880.25,193788,60141.75,0.5965300000000069,0.19880000000000003
54,0,w0_20260420_014254,15,78340.75,127936.5,198222.75,0.3636950000000031,0.49710000000000465
54,0,w0_20260420_014254,16,42164.25,223506,43719.75,0.42899500000000806,0.14283499999999286
54,0,w0_20260420_014254,17,39888.75,194733,43058.25,0.4726750000000089,0.18960500000000324
54,0,w0_20260420_014254,18,202341.5,154182.75,68205.75,0.7240799999999546,0.15614500000000406
54,0,w0_20260420_014254,19,60461,204321.75,45287.25,0.4579300000000031,0.23171499999999728
54,0,w0_20260420_014254,20,204725.75,138573.75,50050.5,0.7376449999999702,0.16134999999999605
54,0,w0_20260420_014254,21,412535.25,61824.75,234570,0.8872349999999819,0.5192149999999871
54,0,w0_20260420_014254,22,126096.5,229151.25,40712.25,0.5690199999999949,0.14655499999999733
54,0,w0_20260420_014254,23,32277.5,138574.5,150828,0.4657149999999885,0.283264999999992
54,0,w0_20260420_014254,24,482161.5,90454.5,159234,0.8361850000000064,0.7016899999999884
54,0,w0_20260420_014254,25,116723.75,226293,70673.25,0.5554099999999911,0.31091500000001426
54,0,w0_20260420_014254,26,89153.75,238563.75,158182.5,0.5273149999999875,0.3196849999999896
54,0,w0_20260420_014254,27,290402.5,74532.75,135384.75,0.8646449999999654,0.33177500000001175
54,0,w0_20260420_014254,28,176033.5,204808.5,262908,0.6382099999999703,0.3384499999999802
54,0,w0_20260420_014254,29,-818.25,160037.25,262821,0.35831999999999825,0.3283199999999803
54,0,w0_20260420_014254,30,304756.75,71139,290624.25,0.8412149999999925,0.38333000000000667
54,0,w0_20260420_014254,31,291430.25,85410,242889.75,0.8495649999999889,0.3259899999999907
54,0,w0_20260420_014254,32,215097,175612.5,256630.5,0.6929200000000162,0.3479099999999934
54,0,w0_20260420_014254,33,99737,291418.5,292264.5,0.4901150000000126,0.34552000000001143
54,0,w0_20260420_014254,34,169011.5,229730.25,297548.25,0.597499999999969,0.3655550000000047
54,0,w0_20260420_014254,35,79082.75,273038.25,217929,0.49746500000000626,0.3219799999999976
54,0,w0_20260420_014254,36,47482.25,177321.75,110556,0.4195799999999814,0.30906500000001336
54,0,w0_20260420_014254,37,116757.25,180378,227154.75,0.40101499999994633,0.5244450000000139
54,0,w0_20260420_014254,38,118009,224699.25,239181.75,0.5475300000000003,0.3622449999999961
54,0,w0_20260420_014254,39,130220.25,228676.5,183923.25,0.5801299999999997,0.3074050000000079
54,0,w0_20260420_014254,40,112825.75,213390.75,154483.5,0.559559999999993,0.2940950000000075
54,0,w0_20260420_014254,41,170867.5,182421.75,247440.75,0.624429999999982,0.417005000000013
54,0,w0_20260420_014254,42,196288.75,94924.5,223326.75,0.656094999999998,0.4808600000000192
54,0,w0_20260420_014254,43,88499.5,161422.5,247638,0.42353999999999414,0.3671599999999968
54,0,w0_20260420_014254,44,289383.25,108396,263760.75,0.8017449999999502,0.3744600000000005
54,0,w0_20260420_014254,45,185301.5,119211,222307.5,0.737954999999966,0.35651500000000114
54,0,w0_20260420_014254,46,247835,105507.75,187037.25,0.7891499999999639,0.32820000000000016
54,0,w0_20260420_014254,47,145115,122880,247665,0.5400749999999868,0.4043900000000221
54,0,w0_20260420_014254,48,78289.75,108684,264596.25,0.4305599999999946,0.3551099999999964
54,0,w0_20260420_014254,49,144497.5,72316.5,278646,0.6809599999999731,0.4501100000000213
54,0,w0_20260420_014254,50,191899,176553.75,184697.25,0.6557099999999912,0.3889950000000077
54,0,w0_20260420_014254,51,144756.25,99033.75,265770,0.6156899999999604,0.411589999999995
54,0,w0_20260420_014254,52,39427.5,31393.5,148359,0.7707450000000198,0.17010499999998788
54,0,w0_20260420_014254,53,348375.25,49690.5,194294.25,0.9130199999999848,0.3549800000000083
54,0,w0_20260420_014254,54,342178.5,57265.5,188766,0.9019399999999947,0.3524449999999965
54,0,w0_20260420_014254,55,128443.75,177771,163085.25,0.5451050000000061,0.3331550000000016
54,0,w0_20260420_014254,56,377496,98477.25,254496.75,0.7996349999999354,0.5304100000000178
54,0,w0_20260420_014254,57,62919,115428,187593,0.4704199999999744,0.2821849999999966
54,0,w0_20260420_014254,58,218218.25,141640.5,119591.25,0.7206549999999612,0.35148999999999697
54,0,w0_20260420_014254,59,377793.5,36659.25,260807.25,0.9373799999999972,0.40191500000000746
54,0,w0_20260420_014254,60,296725,104920.5,146284.5,0.8223299999999928,0.33382500000001136
54,0,w0_20260420_014254,61,93158.25,125588.25,216613.5,0.5367699999999985,0.3860100000000006
54,0,w0_20260420_014254,62,90648.5,138076.5,283425,0.42374000000001777,0.41034999999999655
54,0,w0_20260420_014254,63,159527.25,72724.5,236018.25,0.7729499999999558,0.3851650000000042
54,0,w0_20260420_014254,64,316834,86775.75,193160.25,0.8432499999999378,0.3693850000000124
54,0,w0_20260420_014254,65,277075.5,160566.75,211617.75,0.7284099999999809,0.44280499999999967
54,0,w0_20260420_014254,66,106326.25,150616.5,188747.25,0.3664849999999991,0.5043849999999978
54,0,w0_20260420_014254,67,176477,130284,178539,0.7168949999999952,0.3481699999999933
54,0,w0_20260420_014254,68,310522.25,39539.25,251278.5,0.9321350000000004,0.23571999999998997
54,0,w0_20260420_014254,69,374960.25,60630,278469.75,0.8878649999999836,0.4425850000000032
54,0,w0_20260420_014254,70,89094.5,85792.5,72423,0.4111800000000167,0.21532999999999064
54,0,w0_20260420_014254,71,294631,156297,281082,0.7250949999999378,0.46210499999999755
54,0,w0_20260420_014254,72,106050,50919,80631,0.7667499999999319,0.2695099999999974
54,0,w0_20260420_014254,73,93019.75,62047.5,38922.75,0.5514500000000119,0.37351500000003646
54,0,w0_20260420_014254,74,41772,114289.5,27178.5,0.34266999999999664,0.4091450000000018
54,0,w0_20260420_014254,75,7441.25,37724.25,20974.5,0.38121999999998984,0.4097250000000117
54,0,w0_20260420_014254,76,183371.25,182517.75,235371,0.6377050000000355,0.38901000000000086
54,0,w0_20260420_014254,77,134687,107406,250887,0.6127999999999201,0.4083750000000127
54,0,w0_20260420_014254,78,100490.25,80601,74568.75,0.5912949999999733,0.4010800000000133
54,0,w0_20260420_014254,79,336941,20861.25,191367.75,0.951625000000001,0.2973949999999723
54,0,w0_20260420_014254,80,114709.75,33622.5,32547.75,0.6578399999999647,0.36449999999998567
54,0,w0_20260420_014254,81,109932.75,85732.5,15714.75,0.6664499999999698,0.3766649999999901
54,0,w0_20260420_014254,82,329737.75,55552.5,85629.75,0.904580000000009,0.3504500000000265
54,0,w0_20260420_014254,83,338335,69092.25,151242.75,0.8833650000000466,0.4872800000000185
54,0,w0_20260420_014254,84,353015.75,58243.5,230040.75,0.9016000000000044,0.39353500000001834
54,0,w0_20260420_014254,85,120849,120685.5,65845.5,0.5243200000000076,0.3307799999999881
54,0,w0_20260420_014254,86,251184.5,122229,52426.5,0.7678849999999524,0.3873599999999858
54,0,w0_20260420_014254,87,192214.5,172536.75,64458.75,0.6641549999999868,0.41505000000002173
54,0,w0_20260420_014254,88,312996.25,78997.5,227756.25,0.8468699999999377,0.4319300000000009
54,0,w0_20260420_014254,89,137748,226161.75,237260.25,0.5814499999999483,0.398599999999995
54,0,w0_20260420_014254,90,121713.25,147613.5,79163.25,0.6165599999999918,0.3303250000000043
54,0,w0_20260420_014254,91,148772,149795.25,66882.75,0.6696499999999846,0.22908999999999577
54,0,w0_20260420_014254,92,267440,98578.5,139021.5,0.823804999999921,0.3377100000000059
54,0,w0_20260420_014254,93,276399.5,115869,38221.5,0.8050149999999311,0.3163699999999975
54,0,w0_20260420_014254,94,93744.5,133812,15613.5,0.5152400000000096,0.42475999999999287
54,0,w0_20260420_014254,95,313537,46774.5,96538.5,0.8701099999999904,0.7056899999999724
54,0,w0_20260420_014254,96,112897.75,176778,305384.25,0.5257049999999959,0.34296999999999367
54,0,w0_20260420_014254,97,202649.75,90784.5,231585.75,0.7764699999999154,0.4410299999999996
54,0,w0_20260420_014254,98,93047,140264.25,70428.75,0.5379049999999808,0.39540999999999166
54,0,w0_20260420_014254,99,193039,111835.5,138685.5,0.7678199999999591,0.3863749999999867
54,0,w0_20260420_014254,100,311716.25,85033.5,187460.25,0.844404999999951,0.35861499999998353
54,1,w1_20260420_014947,1,215978.25,107225.25,106876.5,0.7820049999999712,0.19169499999999493
54,1,w1_20260420_014947,2,229966.75,119630.25,54873,0.7771449999999799,0.19625499999999255
54,1,w1_20260420_014947,3,164341.25,189821.25,55477.5,0.651064999999996,0.21525500000000425
54,1,w1_20260420_014947,4,87342.25,265058.25,48109.5,0.5102300000000232,0.16492499999999377
54,1,w1_20260420_014947,5,94210.25,256971.75,50388,0.5256900000000233,0.17135499999999146
54,1,w1_20260420_014947,6,91532,263552.25,45525.75,0.5135050000000184,0.18909999999998953
54,1,w1_20260420_014947,7,-9999.999999999998,125408.271,37912.527,0.5865000000000147,0.1908549999999893
54,1,w1_20260420_014947,8,10410.5,287712.75,57606.75,0.359400000000022,0.19279999999999983
54,1,w1_20260420_014947,9,5658,228293.25,52398.75,0.3684800000000274,0.21934499999999463
54,1,w1_20260420_014947,10,63991.75,271865.25,171423,0.3808300000000182,0.4500949999999888
54,1,w1_20260420_014947,11,257988,159083.25,209568.75,0.7064250000000074,0.42904999999999927
54,1,w1_20260420_014947,12,141081,243295.5,303253.5,0.5523449999999993,0.3651200000000047
54,1,w1_20260420_014947,13,79805.5,263264.25,332540.25,0.5177650000000341,0.2861800000000065
54,1,w1_20260420_014947,14,242622.25,141376.5,257351.25,0.7456099999999666,0.3627499999999843
54,1,w1_20260420_014947,15,183528.25,202236.75,271545,0.6395250000000159,0.34852000000000466
54,1,w1_20260420_014947,16,251878,184537.5,268444.5,0.6658600000000167,0.4551849999999912
54,1,w1_20260420_014947,17,97446,256440.75,252803.25,0.5391600000000484,0.24010499999999593
54,1,w1_20260420_014947,18,52976.5,272469.75,276903.75,0.4518650000000097,0.30722499999999986
54,1,w1_20260420_014947,19,100394,278556,304140,0.48035500000001574,0.3630350000000047
54,1,w1_20260420_014947,20,55167.5,289293.75,283908.75,0.3952000000000402,0.3735550000000037
54,1,w1_20260420_014947,21,171323.25,232976.25,293620.5,0.5668900000000058,0.3993250000000047
54,1,w1_20260420_014947,22,149365.25,230043.75,289131,0.5732000000000146,0.3387350000000058
54,1,w1_20260420_014947,23,14246,297888.75,236885.25,0.375390000000018,0.2669499999999997
54,1,w1_20260420_014947,24,276649.75,100700.25,200910,0.8186499999999883,0.32527499999998655
54,1,w1_20260420_014947,25,130259,224229.75,182261.25,0.583695000000009,0.2775249999999952
54,1,w1_20260420_014947,26,285693.5,106877.25,142769.25,0.8115699999999926,0.3936949999999863
54,1,w1_20260420_014947,27,158094.25,208047.75,264708,0.44120000000000725,0.5066700000000103
54,1,w1_20260420_014947,28,45308.75,186490.5,235380.75,0.414710000000004,0.3427399999999995
54,1,w1_20260420_014947,29,118249.5,201873,204067.5,0.550739999999998,0.3354999999999936
54,1,w1_20260420_014947,30,251260.75,128134.5,260034.75,0.7399199999999988,0.4047800000000024
54,1,w1_20260420_014947,31,184301.5,208438.5,145080,0.6332000000000244,0.3487249999999982
54,1,w1_20260420_014947,32,138814.5,192867,205438.5,0.5488600000000053,0.33689499999999756
54,1,w1_20260420_014947,33,205809.5,183118.5,286422,0.6473400000000042,0.39318499999999174
54,1,w1_20260420_014947,34,121181.25,187434,319344.75,0.5159349999999973,0.41303499999998966
54,1,w1_20260420_014947,35,136651.25,179820.75,252618,0.5556900000000026,0.3941000000000001
54,1,w1_20260420_014947,36,281757.25,129767.25,242935.5,0.769384999999999,0.4086349999999957
54,1,w1_20260420_014947,37,146894,213276.75,173249.25,0.5610550000000025,0.3591800000000061
54,1,w1_20260420_014947,38,-10000.000000000002,262227.09362066246,228717.6590020125,0.32534499999998623,0.2915650000000231
54,1,w1_20260420_014947,39,71259.25,173692.5,214268.25,0.41391999999999296,0.3896100000000049
54,1,w1_20260420_014947,40,211616.5,171631.5,142602,0.6961699999999899,0.3770100000000126
54,1,w1_20260420_014947,41,128905.25,195735.75,216849,0.5502150000000098,0.38740000000000824
54,1,w1_20260420_014947,42,32419.75,144489,200861.25,0.31193500000001423,0.42569500000000954
54,1,w1_20260420_014947,43,101161.75,114306,224042.25,0.515994999999998,0.4098750000000011
54,1,w1_20260420_014947,44,330661.25,72658.5,226220.25,0.8693449999999819,0.4126949999999988
54,1,w1_20260420_014947,45,189461.5,206918.25,164210.25,0.6352149999999976,0.3855650000000104
54,1,w1_20260420_014947,46,340011.25,65057.25,175291.5,0.8870649999999912,0.39938499999998073
54,1,w1_20260420_014947,47,98907.5,167078.25,164024.25,0.466149999999992,0.3960350000000079
54,1,w1_20260420_014947,48,232968.5,170685.75,265485.75,0.6951149999999873,0.39394499999998983
54,1,w1_20260420_014947,49,192453.5,182931.75,207174.75,0.6615899999999758,0.4078600000000004
54,1,w1_20260420_014947,50,83974,179706.75,291419.25,0.4649649999999987,0.39395499999999434
54,1,w1_20260420_014947,51,38060.25,198285.75,186354,0.3706699999999942,0.3531500000000056
54,1,w1_20260420_014947,52,147748,234840.75,93671.25,0.5885999999999971,0.4017800000000032
54,1,w1_20260420_014947,53,234052.75,165986.25,188241,0.7071849999999826,0.4730150000000087
54,1,w1_20260420_014947,54,309627,116042.25,297510.75,0.8017799999999772,0.40491500000001046
54,1,w1_20260420_014947,55,170875,212832.75,297482.25,0.6040300000000124,0.3688350000000191
54,1,w1_20260420_014947,56,84597.75,270678,44924.25,0.5018299999999868,0.28286000000001127
54,1,w1_20260420_014947,57,77803.75,128925.75,261280.5,0.6029349999999881,0.3246600000000038
54,1,w1_20260420_014947,58,153534.5,133500.75,254904.75,0.6329499999999741,0.3440050000000077
54,1,w1_20260420_014947,59,276609.5,144720.75,302319.75,0.7497449999999509,0.3936499999999994
54,1,w1_20260420_014947,60,164839,217217.25,80373.75,0.5860949999999878,0.4549300000000094
54,1,w1_20260420_014947,61,52650.5,103219.5,250080,0.3918300000000277,0.4230899999999875
54,1,w1_20260420_014947,62,37110.25,82521,133518.75,0.6311249999999963,0.19745999999999017
54,1,w1_20260420_014947,63,119373.5,131763,197743.5,0.4607400000000213,0.5199500000000085
54,1,w1_20260420_014947,64,52030.75,14394,244355.25,0.29924000000002887,0.4722550000000166
54,1,w1_20260420_014947,65,157157.5,169886.25,274196.25,0.6242700000000021,0.36363999999999613
54,1,w1_20260420_014947,66,311002.75,52086,89981.25,0.9062399999999547,0.19996000000000463
54,1,w1_20260420_014947,67,75598.5,212866.5,128385,0.5016749999999913,0.33108500000001806
54,1,w1_20260420_014947,68,338428.25,51006,191835.75,0.9016649999999842,0.4006100000000166
54,1,w1_20260420_014947,69,44482.75,140890.5,293556.75,0.433500000000012,0.3323950000000046
54,1,w1_20260420_014947,70,64656.5,84139.5,276774,0.4707949999999999,0.34650999999999915
54,1,w1_20260420_014947,71,91059.75,138106.5,268863.75,0.4659400000000035,0.3700899999999947
54,1,w1_20260420_014947,72,83329.5,102036,233674.5,0.531909999999993,0.3194900000000052
54,1,w1_20260420_014947,73,52439,85911,189810,0.5644249999999598,0.20457999999999132
54,1,w1_20260420_014947,74,131866.75,227691.75,80311.5,0.5370950000000049,0.4129300000000006
54,1,w1_20260420_014947,75,157723.75,224423.25,146913,0.5188950000000269,0.5096550000000094
54,1,w1_20260420_014947,76,51594.75,143628,173027.25,0.4643100000000024,0.3870799999999959
54,1,w1_20260420_014947,77,86820.5,113500.5,216459,0.5274549999999864,0.4443550000000062
54,1,w1_20260420_014947,78,160213.5,115380.75,129375.75,0.6829899999999688,0.2882350000000006
54,1,w1_20260420_014947,79,304104.75,121650,273185.25,0.762274999999886,0.45353500000001296
54,1,w1_20260420_014947,80,159919.5,141349.5,162141,0.6754699999999798,0.38638999999999457
54,1,w1_20260420_014947,81,162459.25,196447.5,238073.25,0.5963500000000171,0.3593050000000034
54,1,w1_20260420_014947,82,68961.25,234783.75,121005,0.48340000000000616,0.2779000000000148
54,1,w1_20260420_014947,83,173957.75,170115.75,159856.5,0.6731300000000052,0.265669999999997
54,1,w1_20260420_014947,84,116905.75,178320.75,203773.5,0.4916449999999892,0.4663549999999917
54,1,w1_20260420_014947,85,119718.75,159163.5,66417.75,0.5815250000000035,0.16043499999998873
54,1,w1_20260420_014947,86,132876.75,184764.75,215338.5,0.49549499999999935,0.43223000000000394
54,1,w1_20260420_014947,87,203215.25,185454,270030.75,0.6341849999999899,0.4116949999999956
54,1,w1_20260420_014947,88,363030.75,71622,222407.25,0.8762899999999392,0.4466499999999997
54,1,w1_20260420_014947,89,343799,53526.75,244814.25,0.9084999999999976,0.3385899999999857
54,1,w1_20260420_014947,90,193041.25,100577.25,134341.5,0.8125649999999428,0.18284000000000275
54,1,w1_20260420_014947,91,184838.5,189741,73870.5,0.6734349999999368,0.2432200000000146
54,1,w1_20260420_014947,92,262938.75,106516.5,91494.75,0.7965099999999906,0.20009000000000504
54,1,w1_20260420_014947,93,335336.75,59409.75,111523.5,0.8990350000000304,0.36517999999999046
54,1,w1_20260420_014947,94,51006.25,89289.75,167724,0.5047899999999889,0.30453000000001346
54,1,w1_20260420_014947,95,47862.25,103005.75,125052,0.49812999999999086,0.2413000000000059
54,1,w1_20260420_014947,96,320488,75264,119178,0.8617349999999991,0.25149000000002975
54,1,w1_20260420_014947,97,250735.75,108159.75,78814.5,0.7619199999999466,0.14040999999998474
54,1,w1_20260420_014947,98,361941.5,48339.75,183948.75,0.9143249999999143,0.39769000000000754
54,1,w1_20260420_014947,99,43753.25,107180.25,184396.5,0.4378950000000046,0.2920950000000105
54,1,w1_20260420_014947,100,98532.75,196537.5,235989.75,0.5338100000000109,0.3332850000000119
55,0,w0_20260420_015636,1,192225.25,136266.75,123858,0.7372549999999808,0.1576699999999983
55,0,w0_20260420_015636,2,269495.25,79022.25,61792.5,0.8544549999999843,0.1460699999999958
55,0,w0_20260420_015636,3,-10000,93304.5,15825,0.4337499999999902,0.14632999999999938
55,0,w0_20260420_015636,4,94718.25,258154.5,49637.25,0.523639999999993,0.1923499999999944
55,0,w0_20260420_015636,5,91054.75,261153,57182.25,0.5077649999999839,0.26440499999998646
55,0,w0_20260420_015636,6,63713.25,285887.25,56029.5,0.4715099999999694,0.18563499999999983
55,0,w0_20260420_015636,7,261968.75,92754.75,55426.5,0.831294999999979,0.19453499999999943
55,0,w0_20260420_015636,8,-8279.75,92546.25,72073.5,0.3567949999999725,0.16838499999999684
55,0,w0_20260420_015636,9,-10000,133486.23562066277,84021.68129419921,0.6863400000000016,0.2867749999999999
55,0,w0_20260420_015636,10,-10000,26283.75,25584.75,0.8481750000000007,0.2586649999999894
55,0,w0_20260420_015636,11,231425,128357.25,46767.75,0.7660099999999742,0.15262999999999052
55,0,w0_20260420_015636,12,-10000,118614,76404.675,0.3722049999999939,0.2092900000000001
55,0,w0_20260420_015636,13,11275,144300,300825,0.3677849999999927,0.3468300000000201
55,0,w0_20260420_015636,14,99462.5,250977.75,58989.75,0.5017900000000011,0.3935449999999803
55,0,w0_20260420_015636,15,106165,249153.75,101831.25,0.49367000000001326,0.3589100000000136
55,0,w0_20260420_015636,16,117764.75,252501,78314.25,0.5450050000000002,0.3322400000000052
55,0,w0_20260420_015636,17,186905.5,172709.25,80345.25,0.6866699999999811,0.22030000000000025
55,0,w0_20260420_015636,18,3819.25,137100,112200.75,0.2989449999999892,0.4514250000000076
55,0,w0_20260420_015636,19,101335.25,258067.5,191687.25,0.4455000000000171,0.45707000000001047
55,0,w0_20260420_015636,20,218296,177964.5,204979.5,0.6771550000000054,0.41128000000000137
55,0,w0_20260420_015636,21,41464.5,214730.25,257345.25,0.33864499999999276,0.4080349999999916
55,0,w0_20260420_015636,22,34808.75,183606,271025.25,0.35225499999999127,0.38511000000000983
55,0,w0_20260420_015636,23,57693,226509,268188,0.3695199999999914,0.3934150000000184
55,0,w0_20260420_015636,24,283253.5,156648,232228.5,0.6746900000000217,0.5429349999999667
55,0,w0_20260420_015636,25,418230,81619.5,245230.5,0.8529049999999555,0.5572100000000071
55,0,w0_20260420_015636,26,310986,76971.75,241592.25,0.8638949999999528,0.3542350000000065
55,0,w0_20260420_015636,27,35707.75,248517,190715.25,0.3995350000000006,0.25510500000000064
55,0,w0_20260420_015636,28,191496,210802.5,264931.5,0.6144499999999935,0.3934450000000036
55,0,w0_20260420_015636,29,107732,281558.25,267969.75,0.4835750000000132,0.3610450000000201
55,0,w0_20260420_015636,30,368018,92700.75,277121.25,0.8356599999999343,0.4830099999999942
55,0,w0_20260420_015636,31,192784.5,212730,276505.5,0.6170000000000072,0.3974150000000071
55,0,w0_20260420_015636,32,104860.25,266061.75,275298,0.4526850000000042,0.40695999999999993
55,0,w0_20260420_015636,33,125967.25,253623.75,284529,0.5059700000000009,0.3918249999999882
55,0,w0_20260420_015636,34,129786,201727.5,242176.5,0.5377499999999897,0.3316250000000039
55,0,w0_20260420_015636,35,337031.75,99231,286847.25,0.8273750000000107,0.4343950000000139
55,0,w0_20260420_015636,36,94217.75,225925.5,286056.75,0.4014199999999992,0.4091849999999973
55,0,w0_20260420_015636,37,323894,72558,219858,0.8697899999999594,0.341235000000009
55,0,w0_20260420_015636,38,170522,240933.75,266474.25,0.5596999999999696,0.40812499999999047
55,0,w0_20260420_015636,39,129456.5,210892.5,309531,0.4652499999999993,0.42438500000000806
55,0,w0_20260420_015636,40,136307.75,195863.25,278499,0.4990249999999896,0.404675000000004
55,0,w0_20260420_015636,41,145046,205777.5,246706.5,0.5312200000000074,0.40551000000000664
55,0,w0_20260420_015636,42,163000.25,165683.25,285616.5,0.5338750000000241,0.4145900000000041
55,0,w0_20260420_015636,43,332007.25,59383.5,216359.25,0.8948899999999299,0.34329500000000596
55,0,w0_20260420_015636,44,274114.75,112473.75,276091.5,0.7161999999999809,0.4042649999999907
55,0,w0_20260420_015636,45,129274,138299.25,303186.75,0.4316099999999988,0.4092749999999972
55,0,w0_20260420_015636,46,136161.5,172702.5,209916,0.5684449999999907,0.3696700000000013
55,0,w0_20260420_015636,47,345793,66336.75,230750.25,0.8804999999999934,0.38267000000000223
55,0,w0_20260420_015636,48,110725.5,144632.25,213872.25,0.48432500000001266,0.37888000000000754
55,0,w0_20260420_015636,49,165315.75,207559.5,200844.75,0.5933799999999938,0.3774850000000052
55,0,w0_20260420_015636,50,372617.25,31638.75,198714,0.9459649999999514,0.3656450000000041
55,0,w0_20260420_015636,51,47120.75,179820,180359.25,0.3670949999999856,0.3081550000000002
55,0,w0_20260420_015636,52,171617.5,107686.5,253866,0.6646599999999598,0.48074000000000705
55,0,w0_20260420_015636,53,161924.25,97343.25,260152.5,0.6726549999999721,0.4294399999999885
55,0,w0_20260420_015636,54,108170.5,107029.5,267990,0.5514950000000047,0.37747999999999665
55,0,w0_20260420_015636,55,201512,178335,201423,0.6207950000000068,0.41266000000000275
55,0,w0_20260420_015636,56,109853.25,186215.25,167581.5,0.4967449999999799,0.320984999999999
55,0,w0_20260420_015636,57,171963.5,139938,267868.5,0.6330699999999804,0.43044000000000143
55,0,w0_20260420_015636,58,188644,146244,209232,0.6380099999999923,0.4169450000000036
55,0,w0_20260420_015636,59,80695.25,137219.25,246625.5,0.4542350000000125,0.39421000000000833
55,0,w0_20260420_015636,60,-5497,130028.25,338178.75,0.3657949999999866,0.3286550000000177
55,0,w0_20260420_015636,61,106121.25,99383.25,248575.5,0.4776449999999978,0.4320699999999902
55,0,w0_20260420_015636,62,179588.25,120852,266739.75,0.6513550000000131,0.4052149999999924
55,0,w0_20260420_015636,63,150844.5,108181.5,210174,0.567275000000008,0.373919999999994
55,0,w0_20260420_015636,64,276971.75,108942,248816.25,0.7512850000000958,0.4494950000000001
55,0,w0_20260420_015636,65,309951.5,125504.25,233714.25,0.785845000000068,0.45271000000000133
55,0,w0_20260420_015636,66,221499.5,138818.25,270782.25,0.7134549999999734,0.39576999999998946
55,0,w0_20260420_015636,67,142326.25,99413.25,204250.5,0.5247499999999754,0.4179200000000068
55,0,w0_20260420_015636,68,343954.75,34695.75,324709.5,0.9247849999999924,0.3166299999999987
55,0,w0_20260420_015636,69,432079.5,29388,230422.5,0.946800000000006,0.5133049999999891
55,0,w0_20260420_015636,70,343955.75,35232,185762.25,0.939724999999924,0.28187999999999325
55,0,w0_20260420_015636,71,317335.25,77268.75,245856,0.8693199999999682,0.344414999999972
55,0,w0_20260420_015636,72,293095.5,119670.75,244893.75,0.7943299999999993,0.4151900000000163
55,0,w0_20260420_015636,73,33807,137018.25,155274.75,0.3434150000000074,0.46838500000000965
55,0,w0_20260420_015636,74,146857,77062.5,73180.5,0.6359649999999805,0.41752500000000864
55,0,w0_20260420_015636,75,164158.5,118622.25,268319.25,0.7005649999999466,0.41579000000001304
55,0,w0_20260420_015636,76,98256.75,105022.5,117690.75,0.5983900000000014,0.40883499999997747
55,0,w0_20260420_015636,77,87040.75,94484.25,118065,0.5869749999999834,0.43604500000000335
55,0,w0_20260420_015636,78,37524.5,82389,255046.5,0.41133500000003415,0.3649100000000164
55,0,w0_20260420_015636,79,3487.25,43414.5,151448.25,0.2840199999999989,0.36123999999998935
55,0,w0_20260420_015636,80,39097.75,141582,100940.25,0.44482000000002136,0.2989399999999919
55,0,w0_20260420_015636,81,10579,62338.5,118342.5,0.3917699999999985,0.3701000000000042
55,0,w0_20260420_015636,82,291791,87151.5,198067.5,0.8486550000000512,0.2791299999999992
55,0,w0_20260420_015636,83,223897.75,90232.5,235959.75,0.7002850000000378,0.4249749999999924
55,0,w0_20260420_015636,84,99473.5,187292.25,169304.25,0.5335000000000186,0.3767799999999922
55,0,w0_20260420_015636,85,-10000,19236.75,20423.25,0.4600349999999882,0.3784649999999874
55,0,w0_20260420_015636,86,64793.5,210868.5,223548,0.35751999999999123,0.4681100000000344
55,0,w0_20260420_015636,87,28040,95487.75,216512.25,0.5238100000000069,0.2893399999999928
55,0,w0_20260420_015636,88,-1326,91260,152196,0.4998400000000541,0.14487499999999162
55,0,w0_20260420_015636,89,-9999.999999999998,85680.75704927287,70074.97330914154,0.5561899999999993,0.35715499999999795
55,0,w0_20260420_015636,90,16222.75,268222.5,157284.75,0.41090000000000737,0.2070999999999855
55,0,w0_20260420_015636,91,163622.75,190464,192983.25,0.6438200000000246,0.27340500000000423
55,0,w0_20260420_015636,92,219493,167624.25,251472.75,0.7167100000000821,0.2928249999999956
55,0,w0_20260420_015636,93,183031.5,193920,252538.5,0.6743350000000091,0.25501999999999514
55,0,w0_20260420_015636,94,92944.25,240749.25,114946.5,0.5500350000000279,0.2537400000000087
55,0,w0_20260420_015636,95,5323.5,213948.75,92847.75,0.3705899999999951,0.19918999999999035
55,0,w0_20260420_015636,96,37148.5,102117.75,70233.75,0.4328549999999992,0.3595799999999993
55,0,w0_20260420_015636,97,130090.5,130845,152644.5,0.6990800000000204,0.32877500000001253
55,0,w0_20260420_015636,98,101479.75,263466,61334.25,0.5417600000000197,0.32545000000001384
55,0,w0_20260420_015636,99,248529.25,100188,157422.75,0.8140699999999877,0.2623700000000051
55,0,w0_20260420_015636,100,209242.5,161464.5,87873,0.7183949999999228,0.296995000000007
55,1,w1_20260420_020326,1,214352.25,110253.75,123084,0.7834849999999811,0.21254499999999316
55,1,w1_20260420_020326,2,285441.5,66747.75,79200.75,0.8771599999999762,0.24365499999998916
55,1,w1_20260420_020326,3,-10000.000000000004,110257.81584871835,16934.81389144095,0.4701649999999931,0.2777550000000071
55,1,w1_20260420_020326,4,248190.25,101944.5,62855.25,0.8114149999999681,0.1771299999999961
55,1,w1_20260420_020326,5,256969.5,97161.75,61548.75,0.8239549999999667,0.1986899999999951
55,1,w1_20260420_020326,6,129570.25,222584.25,52855.5,0.5874249999999953,0.1866549999999989
55,1,w1_20260420_020326,7,130488.25,221148,55413.75,0.5880849999999874,0.2128449999999984
55,1,w1_20260420_020326,8,9543.25,114572.25,78874.5,0.3515600000000037,0.3475099999999913
55,1,w1_20260420_020326,9,59721.25,90592.5,205316.25,0.2470350000000063,0.5098800000000051
55,1,w1_20260420_020326,10,95121,270743.25,141225.75,0.5101300000000026,0.32176999999999006
55,1,w1_20260420_020326,11,259370.25,101609.25,66550.5,0.8171849999999691,0.20046000000000028
55,1,w1_20260420_020326,12,137191.25,214392.75,156996,0.6155299999999595,0.2146649999999944
55,1,w1_20260420_020326,13,159954.25,204258,181377.75,0.6331449999999589,0.28074499999999847
55,1,w1_20260420_020326,14,248454.5,167307.75,254937.75,0.7001449999999818,0.41501500000001007
55,1,w1_20260420_020326,15,194153.25,188217.75,275499,0.6341099999999716,0.3784950000000183
55,1,w1_20260420_020326,16,59164,163162.5,267133.5,0.4903749999999933,0.3349600000000126
55,1,w1_20260420_020326,17,255605.5,131126.25,180608.25,0.765304999999939,0.345240000000013
55,1,w1_20260420_020326,18,92519.5,271989,217741.5,0.5173450000000013,0.26925000000000837
55,1,w1_20260420_020326,19,-7246.75,86109,270717.75,0.32792999999999656,0.3091250000000055
55,1,w1_20260420_020326,20,69555.25,280951.5,219263.25,0.47183999999999626,0.29724500000000825
55,1,w1_20260420_020326,21,298685.5,80570.25,281024.25,0.8564449999999779,0.334705000000024
55,1,w1_20260420_020326,22,221829.25,152451,212409.75,0.7317949999999787,0.3051400000000137
55,1,w1_20260420_020326,23,211011.5,189775.5,279633,0.6662899999999897,0.3789700000000215
55,1,w1_20260420_020326,24,153447.5,230239.5,250233,0.5947399999999907,0.3424950000000114
55,1,w1_20260420_020326,25,245339.5,121601.25,191819.25,0.7857700000000093,0.2595250000000159
55,1,w1_20260420_020326,26,315937,91119,236694,0.8409799999999963,0.3979150000000237
55,1,w1_20260420_020326,27,78039.25,240813,301797.75,0.4148549999999728,0.4425550000000001
55,1,w1_20260420_020326,28,169399.75,234689.25,275481,0.5754899999999722,0.40075000000001104
55,1,w1_20260420_020326,29,279130.5,119904.75,201564.75,0.7896999999999249,0.374310000000009
55,1,w1_20260420_020326,30,165432.75,241414.5,227982.75,0.5798749999999739,0.39759499999999937
55,1,w1_20260420_020326,31,41676.5,247473,265120.5,0.39362499999999334,0.33236000000000593
55,1,w1_20260420_020326,32,122570,217779.75,279650.25,0.47451499999999053,0.4355550000000161
55,1,w1_20260420_020326,33,156095.25,194039.25,247465.5,0.5575749999999982,0.4541800000000036
55,1,w1_20260420_020326,34,112080.75,162030,276329.25,0.4498900000000068,0.46378000000000186
55,1,w1_20260420_020326,35,310558,124931.25,226350.75,0.7784899999999852,0.460155000000018
55,1,w1_20260420_020326,36,345428,70195.5,248176.5,0.878650000000018,0.4037650000000128
55,1,w1_20260420_020326,37,326794.5,68901.75,205023.75,0.8811999999999546,0.34068500000001445
55,1,w1_20260420_020326,38,109083.5,223028.25,215138.25,0.5693550000000237,0.3620099999999936
55,1,w1_20260420_020326,39,60444.5,152572.5,265803,0.3811800000000023,0.397335000000005
55,1,w1_20260420_020326,40,142024,228604.5,257221.5,0.5411049999999875,0.3862849999999996
55,1,w1_20260420_020326,41,160468.5,179733.75,299427.75,0.601779999999994,0.4405250000000142
55,1,w1_20260420_020326,42,215382,204204,209214,0.644949999999972,0.41114500000002
55,1,w1_20260420_020326,43,271235.5,115547.25,166787.25,0.7975149999999859,0.3179350000000123
55,1,w1_20260420_020326,44,194190,212604.75,250355.25,0.5819099999999982,0.4582199999999904
55,1,w1_20260420_020326,45,271987.25,160541.25,236731.5,0.7112949999999738,0.48362999999999046
55,1,w1_20260420_020326,46,186009.75,215940,218120.25,0.6230849999999883,0.385500000000013
55,1,w1_20260420_020326,47,287721.25,128769,188889.75,0.7769599999999939,0.4344149999999955
55,1,w1_20260420_020326,48,124609.75,241565.25,276495,0.5248399999999807,0.409360000000012
55,1,w1_20260420_020326,49,152428,199290.75,274811.25,0.5436949999999879,0.40173999999998766
55,1,w1_20260420_020326,50,141075,165609.75,295895.25,0.5429299999999944,0.3813550000000022
55,1,w1_20260420_020326,51,178472.5,187761,260176.5,0.6113949999999949,0.38871500000000153
55,1,w1_20260420_020326,52,385470.25,73571.25,257248.5,0.8683649999999734,0.4933549999999901
55,1,w1_20260420_020326,53,192244,189892.5,156853.5,0.628584999999973,0.3931549999999957
55,1,w1_20260420_020326,54,256333.25,143223.75,184893,0.7395349999999891,0.4460300000000132
55,1,w1_20260420_020326,55,176466.25,208911.75,278622,0.6001899999999997,0.3960499999999938
55,1,w1_20260420_020326,56,185459.75,156468.75,250201.5,0.5290600000000412,0.4912449999999785
55,1,w1_20260420_020326,57,212273.25,158098.5,272378.25,0.7138799999999957,0.30682499999999924
55,1,w1_20260420_020326,58,-1436.5,192102.75,207063.75,0.28155999999997555,0.35488999999999293
55,1,w1_20260420_020326,59,35115.5,39402,193552.5,0.3117199999999896,0.4570600000000231
55,1,w1_20260420_020326,60,12467.5,62427,126265.5,0.36262499999998926,0.33135000000001125
55,1,w1_20260420_020326,61,125650,30911.25,208218.75,0.6143899999999684,0.47843999999997394
55,1,w1_20260420_020326,62,99189.75,59235,245645.25,0.6789199999999556,0.3679899999999963
55,1,w1_20260420_020326,63,1134,14136.75,138869.25,0.42323500000000575,0.31810999999999606
55,1,w1_20260420_020326,64,129073.5,90129.75,188286.75,0.6340549999999715,0.3666750000000156
55,1,w1_20260420_020326,65,356877.25,74741.25,254281.5,0.8599249999999816,0.4541349999999896
55,1,w1_20260420_020326,66,303039.25,95739.75,306081,0.83806,0.33524000000000304
55,1,w1_20260420_020326,67,95215.25,46075.5,145529.25,0.7306500000000161,0.2963799999999881
55,1,w1_20260420_020326,68,17887.75,57839.25,99783,0.373230000000038,0.30834499999998993
55,1,w1_20260420_020326,69,27211.5,63108,132760.5,0.50197,0.33677000000000373
55,1,w1_20260420_020326,70,20564.5,100367.25,114218.25,0.4431700000000109,0.28094499999999933
55,1,w1_20260420_020326,71,68721.25,250929,252009.75,0.4544399999999956,0.3196850000000186
55,1,w1_20260420_020326,72,81543,214272,181965,0.4334550000000103,0.3365800000000134
55,1,w1_20260420_020326,73,-10000.000000000004,139034.15215579348,103904.32891677636,0.2316699999999738,0.3937350000000157
55,1,w1_20260420_020326,74,354085,49655.25,263739.75,0.9150749999999952,0.3736150000000278
55,1,w1_20260420_020326,75,344637.5,36074.25,252728.25,0.9391450000000204,0.29292000000000284
55,1,w1_20260420_020326,76,380682.5,67651.5,253026,0.88385499999999,0.46074500000000407
55,1,w1_20260420_020326,77,91277.5,217890.75,165891.75,0.551934999999965,0.28346500000001246
55,1,w1_20260420_020326,78,98271.75,197004,197684.25,0.3816699999999743,0.385250000000004
55,1,w1_20260420_020326,79,113074.5,204978.75,178056.75,0.5509300000000114,0.3116100000000138
55,1,w1_20260420_020326,80,193444.5,172191,184954.5,0.685415,0.3330850000000002
55,1,w1_20260420_020326,81,347201.5,71439,178549.5,0.8782099999999736,0.42292500000000927
55,1,w1_20260420_020326,82,238727.75,167667,204305.25,0.7166799999999582,0.3669650000000148
55,1,w1_20260420_020326,83,15520.75,104067.75,88291.5,0.4213399999999492,0.45352999999999694
55,1,w1_20260420_020326,84,31082,13626.75,154151.25,0.5451450000000068,0.4562099999999874
55,1,w1_20260420_020326,85,250730,139092,86898,0.758899999999979,0.4916149999999731
55,1,w1_20260420_020326,86,-10000,29913.1875,49944.9375,0.4588700000000103,0.4974349999999787
55,1,w1_20260420_020326,87,249062,145393.5,71194.5,0.752240000000008,0.4091099999999956
55,1,w1_20260420_020326,88,323362.75,63958.5,40488.75,0.8909549999999963,0.35846499999998543
55,1,w1_20260420_020326,89,331262.75,103004.25,220563,0.825630000000084,0.4290349999999931
55,1,w1_20260420_020326,90,135442.25,121605,181092.75,0.5997399999999936,0.37216000000001104
55,1,w1_20260420_020326,91,188910.25,197091.75,128418,0.6535449999999969,0.3470550000000181
55,1,w1_20260420_020326,92,262718.5,129184.5,216027,0.7811950000000107,0.3213100000000095
55,1,w1_20260420_020326,93,225390.25,193840.5,274469.25,0.6682300000000054,0.3819100000000275
55,1,w1_20260420_020326,94,126645,226808.25,235056.75,0.5505850000000185,0.3298450000000088
55,1,w1_20260420_020326,95,41964.25,268871.25,300454.5,0.33813000000001847,0.40869500000000886
55,1,w1_20260420_020326,96,241613.5,129267,239029.5,0.76819,0.3205400000000144
55,1,w1_20260420_020326,97,126673.25,274929.75,248307,0.4203099999999984,0.5461200000000009
55,1,w1_20260420_020326,98,7957,84046.5,59386.5,0.2944750000000034,0.5280499999999906
55,1,w1_20260420_020326,99,68858.25,160156.5,118865.25,0.4046650000000091,0.48121499999999234
55,1,w1_20260420_020326,100,13514,16326.75,33029.25,0.614115000000016,0.4103949999999818
56,0,w0_20260420_021016,1,195450,140078.25,96081.75,0.7307799999999705,0.2025150000000132
56,0,w0_20260420_021016,2,197391,153083.25,52395.75,0.7169899999999871,0.1935500000000012
56,0,w0_20260420_021016,3,189466.5,160794,51049.5,0.7022549999999914,0.1708999999999929
56,0,w0_20260420_021016,4,-9999.999999999998,90886.77,13300.89,0.3691350000000079,0.1999000000000046
56,0,w0_20260420_021016,5,239552.25,113774.25,48883.5,0.7894299999999801,0.1612149999999914
56,0,w0_20260420_021016,6,35730.75,322668.75,41410.5,0.40662999999999894,0.241025000000016
56,0,w0_20260420_021016,7,63121.25,296856.75,57492,0.4546299999999979,0.29558999999999674
56,0,w0_20260420_021016,8,176690.75,181899,55220.25,0.6665099999999982,0.19914000000000096
56,0,w0_20260420_021016,9,-10000,60058.8375,23498.8875,0.3380950000000256,0.16479999999998662
56,0,w0_20260420_021016,10,-10000,45328.05,44167.35,0.34229499999997454,0.36075500000001937
56,0,w0_20260420_021016,11,137573.25,202101,76155.75,0.5052399999999828,0.47422500000001394
56,0,w0_20260420_021016,12,34923.25,272336.25,202120.5,0.38204499999999136,0.32991000000001075
56,0,w0_20260420_021016,13,43107.25,133341,210951.75,0.2779849999999894,0.4557699999999986
56,0,w0_20260420_021016,14,47031.75,217741.5,266106.75,0.4048399999999908,0.36949999999999295
56,0,w0_20260420_021016,15,8000.75,89820.75,183898.5,0.41009500000000415,0.2968300000000066
56,0,w0_20260420_021016,16,101051,251362.5,247756.5,0.33554500000000315,0.5195499999999789
56,0,w0_20260420_021016,17,155469.75,215498.25,261012,0.5570049999999994,0.3937550000000004
56,0,w0_20260420_021016,18,183608.5,217214.25,254027.25,0.6061249999999911,0.3920050000000071
56,0,w0_20260420_021016,19,61591.75,255618.75,276829.5,0.393654999999996,0.3983699999999825
56,0,w0_20260420_021016,20,19550.25,170116.5,299243.25,0.2924850000000236,0.36568499999999854
56,0,w0_20260420_021016,21,97555,257863.5,253711.5,0.4722449999999941,0.36199999999999655
56,0,w0_20260420_021016,22,166156,231399,294285,0.5834450000000053,0.37184000000000567
56,0,w0_20260420_021016,23,223868,177369,286233,0.6830250000000193,0.370029999999992
56,0,w0_20260420_021016,24,180605.25,257690.25,285124.5,0.5426849999999874,0.4477699999999832
56,0,w0_20260420_021016,25,85984,320825.25,286020.75,0.4275700000000086,0.3972099999999975
56,0,w0_20260420_021016,26,149998.5,261801.75,299889.75,0.5347249999999986,0.39530500000000113
56,0,w0_20260420_021016,27,151756.5,246380.25,276533.25,0.5423699999999992,0.37476999999999944
56,0,w0_20260420_021016,28,438379.5,75349.5,239331,0.8679049999999843,0.5698850000000121
56,0,w0_20260420_021016,29,156283,253483.5,307723.5,0.5562999999999745,0.3793949999999843
56,0,w0_20260420_021016,30,138042.25,264192,293775.75,0.5318999999999864,0.37006499999999054
56,0,w0_20260420_021016,31,130971,256389,286380,0.5135549999999933,0.4039849999999964
56,0,w0_20260420_021016,32,5672,203316.75,287261.25,0.2949400000000215,0.3737000000000023
56,0,w0_20260420_021016,33,315747,96977.25,321795.75,0.8334749999999567,0.37396499999999994
56,0,w0_20260420_021016,34,165476.75,236421.75,267181.5,0.5917049999999975,0.34506499999999624
56,0,w0_20260420_021016,35,421194.5,36471.75,300033.75,0.9361749999999875,0.4597700000000038
56,0,w0_20260420_021016,36,143485.5,250516.5,232398,0.5636099999999964,0.3337100000000156
56,0,w0_20260420_021016,37,151108.25,254748.75,314463,0.5156599999999901,0.40283999999999504
56,0,w0_20260420_021016,38,247524,190128.75,308327.25,0.6732599999999653,0.420299999999993
56,0,w0_20260420_021016,39,79599.5,262949.25,308891.25,0.4051599999999838,0.3756350000000026
56,0,w0_20260420_021016,40,369049.75,32347.5,293982.75,0.9423949999999875,0.35994999999999006
56,0,w0_20260420_021016,41,191361,219719.25,257559.75,0.6113400000000055,0.402840000000002
56,0,w0_20260420_021016,42,322978.25,63660.75,246711,0.8891750000000167,0.31877000000001715
56,0,w0_20260420_021016,43,180413.75,222931.5,284124.75,0.5950349999999789,0.3963600000000036
56,0,w0_20260420_021016,44,154138.25,170211,308880.75,0.4378099999999637,0.44141999999999215
56,0,w0_20260420_021016,45,126960.5,158836.5,305883,0.4765699999999767,0.4211349999999973
56,0,w0_20260420_021016,46,90328,176753.25,318528.75,0.4300650000000018,0.39909499999998294
56,0,w0_20260420_021016,47,289550,126359.25,315330.75,0.7770299999999468,0.3901900000000092
56,0,w0_20260420_021016,48,250158,186723.75,315698.25,0.6802349999999623,0.419005
56,0,w0_20260420_021016,49,393839.5,65757,304063.5,0.8861049999999112,0.4592749999999879
56,0,w0_20260420_021016,50,116583.5,211360.5,315996,0.4702750000000152,0.3958949999999928
56,0,w0_20260420_021016,51,25456.25,173010.75,293133,0.38403500000000573,0.31749500000001013
56,0,w0_20260420_021016,52,324095,62491.5,259783.5,0.8681949999999832,0.3544649999999894
56,0,w0_20260420_021016,53,135404,143842.5,323083.5,0.3736450000000367,0.4387649999999933
56,0,w0_20260420_021016,54,66212.25,147840,329337.75,0.3766000000000158,0.3820500000000054
56,0,w0_20260420_021016,55,48798.5,121961.25,283910.25,0.2921700000000046,0.44857500000001954
56,0,w0_20260420_021016,56,121623.25,154803.75,308133,0.5016050000000069,0.39687000000000405
56,0,w0_20260420_021016,57,80952.25,162454.5,350273.25,0.3374000000000161,0.37941499999998873
56,0,w0_20260420_021016,58,259717,137500.5,245362.5,0.752280000000014,0.3822549999999994
56,0,w0_20260420_021016,59,390492.5,46944,276043.5,0.9200249999998948,0.43005999999999706
56,0,w0_20260420_021016,60,148308.5,83195.25,329486.25,0.5644700000000079,0.4212649999999881
56,0,w0_20260420_021016,61,100806.75,175440,272393.25,0.4978299999999947,0.3671400000000059
56,0,w0_20260420_021016,62,201749,197880,255081,0.6260649999999734,0.4297299999999924
56,0,w0_20260420_021016,63,-2802.25,150788.25,262854,0.23795500000000205,0.4114550000000001
56,0,w0_20260420_021016,64,13196.5,77473.5,320910,0.23094999999999785,0.37019999999999426
56,0,w0_20260420_021016,65,158404.75,140493,270512.25,0.5542649999999613,0.49040000000001266
56,0,w0_20260420_021016,66,24817,48254.25,253548.75,0.3257850000000144,0.3911299999999972
56,0,w0_20260420_021016,67,177321.5,140163,274135.5,0.4936449999999867,0.4901899999999764
56,0,w0_20260420_021016,68,1231,67461,152448,0.29194000000003006,0.26572500000001065
56,0,w0_20260420_021016,69,391736.25,25412.25,303661.5,0.951885,0.37792500000000334
56,0,w0_20260420_021016,70,20830,122000.25,335259.75,0.21016000000001625,0.393349999999987
56,0,w0_20260420_021016,71,23010,41448,324312,0.19451000000001276,0.3840749999999949
56,0,w0_20260420_021016,72,29174.5,23518.5,315117,0.09589999999997456,0.39909000000000894
56,0,w0_20260420_021016,73,31923.75,14950.5,313515.75,0.28835500000003367,0.38176500000001246
56,0,w0_20260420_021016,74,115026.25,66543,301230.75,0.5473499999999921,0.37410500000000535
56,0,w0_20260420_021016,75,129257.75,122908.5,284853.75,0.5813199999999825,0.3972299999999946
56,0,w0_20260420_021016,76,136380.75,46497,290132.25,0.6031499999999557,0.3862600000000225
56,0,w0_20260420_021016,77,165795.75,159924.75,288679.5,0.5481199999999833,0.3966399999999992
56,0,w0_20260420_021016,78,93472.5,144170.25,269417.25,0.5186300000000001,0.39986000000001054
56,0,w0_20260420_021016,79,161430,136685.25,285354.75,0.5355549999999812,0.40861500000000595
56,0,w0_20260420_021016,80,200992.25,42870,291807.75,0.8217199999999805,0.3727649999999985
56,0,w0_20260420_021016,81,29783.25,115182,320454.75,0.3351050000000217,0.37561500000000025
56,0,w0_20260420_021016,82,152456.75,87652.5,298980.75,0.7165949999999544,0.35867500000001296
56,0,w0_20260420_021016,83,170881.75,125748,265220.25,0.5456050000000032,0.4599649999999794
56,0,w0_20260420_021016,84,255797.25,80598,215544.75,0.6717299999999559,0.568039999999989
56,0,w0_20260420_021016,85,193534.75,57691.5,286593.75,0.7223350000000107,0.43434499999999615
56,0,w0_20260420_021016,86,185847.75,76733.25,279099,0.6542100000000102,0.42291000000000906
56,0,w0_20260420_021016,87,35886.5,143865.75,227757.75,0.23384500000000452,0.45029999999998627
56,0,w0_20260420_021016,88,193523.5,116718.75,321297.75,0.6932299999999696,0.3811900000000038
56,0,w0_20260420_021016,89,188915.75,127172.25,212082,0.5540550000000042,0.3818950000000167
56,0,w0_20260420_021016,90,52191.5,54646.5,237342,0.41734000000002214,0.34491499999998926
56,0,w0_20260420_021016,91,103941.25,96399.75,292929,0.5361000000000035,0.3759449999999907
56,0,w0_20260420_021016,92,91594.75,54480.75,312484.5,0.548750000000001,0.4273999999999989
56,0,w0_20260420_021016,93,134431,94944,243165,0.34205499999997796,0.5505449999999845
56,0,w0_20260420_021016,94,245872.25,100625.25,213922.5,0.7926649999999986,0.3840800000000007
56,0,w0_20260420_021016,95,77389.5,115890,309190.5,0.4598449999999985,0.4108849999999982
56,0,w0_20260420_021016,96,22959.5,148209.75,317310.75,0.3894350000000035,0.36915500000001333
56,0,w0_20260420_021016,97,219562.25,37761,299016.75,0.7493300000000169,0.4281250000000071
56,0,w0_20260420_021016,98,277142,38557.5,298510.5,0.8879549999999197,0.4313149999999853
56,0,w0_20260420_021016,99,319630.5,26042.25,248417.25,0.9388749999999608,0.1957549999999979
56,0,w0_20260420_021016,100,300838.5,74232.75,253728.75,0.8437650000000596,0.3766649999999878
56,1,w1_20260420_021711,1,188210.25,134805.75,93654,0.7315849999999691,0.1920249999999825
56,1,w1_20260420_021711,2,157545,189231.75,60383.25,0.6499950000000047,0.15911499999999257
56,1,w1_20260420_021711,3,-10000,211054.65,31981.5,0.3986900000000027,0.1736049999999932
56,1,w1_20260420_021711,4,74664,276241.5,46864.5,0.48770000000000807,0.18632999999998853
56,1,w1_20260420_021711,5,140867,209747.25,48465.75,0.607465,0.26261499999998944
56,1,w1_20260420_021711,6,132402.25,218433,56844.75,0.5942849999999996,0.21172499999999864
56,1,w1_20260420_021711,7,207992.75,148369.5,57477.75,0.7273250000000027,0.21885999999999745
56,1,w1_20260420_021711,8,198911.5,155719.5,54219,0.7143149999999925,0.1609699999999935
56,1,w1_20260420_021711,9,188917.75,168874.5,60327.75,0.6938049999999859,0.2441400000000181
56,1,w1_20260420_021711,10,163748.75,200853,51728.25,0.6366249999999984,0.28972000000001197
56,1,w1_20260420_021711,11,230758,129543.75,66068.25,0.7672049999999767,0.19086499999998424
56,1,w1_20260420_021711,12,163799,198636,82995,0.6422300000000142,0.2149299999999977
56,1,w1_20260420_021711,13,110896.5,244617,69586.5,0.554419999999995,0.19219499999999545
56,1,w1_20260420_021711,14,143444.5,226605.75,77649.75,0.5932249999999972,0.3126849999999956
56,1,w1_20260420_021711,15,18659,304209.75,87341.25,0.39580500000000646,0.20038999999999035
56,1,w1_20260420_021711,16,268359.25,208339.5,178871.25,0.6270449999999999,0.5512049999999981
56,1,w1_20260420_021711,17,167211.5,199830.75,75807.75,0.6430550000000067,0.2705499999999955
56,1,w1_20260420_021711,18,62507.75,208990.5,103851.75,0.48204999999998743,0.24216000000000223
56,1,w1_20260420_021711,19,-9314.75,141372.75,89592,0.29867999999999173,0.2967300000000048
56,1,w1_20260420_021711,20,222442.25,145029.75,58158,0.7417499999999946,0.21233999999999387
56,1,w1_20260420_021711,21,112982.75,229141.5,83565.75,0.5567100000000103,0.21130499999999156
56,1,w1_20260420_021711,22,73253.25,240129.75,305757,0.4621900000000076,0.3674649999999979
56,1,w1_20260420_021711,23,236469.25,129441,70839.75,0.7672000000000224,0.2648099999999895
56,1,w1_20260420_021711,24,179265.25,199668,185496.75,0.6455850000000188,0.3155299999999978
56,1,w1_20260420_021711,25,277949.25,189867.75,193803,0.6220000000000337,0.5998549999999897
56,1,w1_20260420_021711,26,249314.25,190416.75,295419,0.6570699999999836,0.4610200000000006
56,1,w1_20260420_021711,27,4386.25,123963.75,164400,0.3841099999999792,0.28236000000001943
56,1,w1_20260420_021711,28,184498.5,190810.5,147201,0.6557299999999878,0.3337849999999979
56,1,w1_20260420_021711,29,162977.25,208554.75,222048,0.6277200000000224,0.3065149999999947
56,1,w1_20260420_021711,30,184375.25,180079.5,156605.25,0.6801950000000088,0.23225500000000107
56,1,w1_20260420_021711,31,117234.75,262999.5,310275.75,0.517085000000015,0.3625950000000171
56,1,w1_20260420_021711,32,232282.5,135138,184999.5,0.7635800000000109,0.26193499999999
56,1,w1_20260420_021711,33,177225.75,225381,265583.25,0.5934399999999975,0.4016150000000073
56,1,w1_20260420_021711,34,182148.25,225435,294546.75,0.6066399999999869,0.3835500000000065
56,1,w1_20260420_021711,35,30146.75,181957.5,156255.75,0.39497999999997985,0.2979050000000074
56,1,w1_20260420_021711,36,226994.25,147120.75,94755,0.7411799999999881,0.2263600000000003
56,1,w1_20260420_021711,37,234657.75,140529,86213.25,0.7572499999999727,0.23181000000000732
56,1,w1_20260420_021711,38,115793.75,211748.25,154878,0.5800750000000082,0.21815
56,1,w1_20260420_021711,39,80565.75,203760.75,155263.5,0.5660549999999849,0.1634000000000084
56,1,w1_20260420_021711,40,248836.5,172317.75,224145.75,0.7003300000000435,0.42393500000000967
56,1,w1_20260420_021711,41,178953,193420.5,116986.5,0.6673000000000019,0.2348900000000177
56,1,w1_20260420_021711,42,78004.5,254403.75,265461.75,0.4503349999999966,0.35592000000000684
56,1,w1_20260420_021711,43,138175.5,217263,263281.5,0.5717799999999993,0.3323399999999966
56,1,w1_20260420_021711,44,12502,221498.25,112719.75,0.4122750000000059,0.1976300000000093
56,1,w1_20260420_021711,45,51901.5,219453.75,122454.75,0.47839000000000304,0.1901149999999964
56,1,w1_20260420_021711,46,289602,93016.5,114661.5,0.8383300000000112,0.4351800000000188
56,1,w1_20260420_021711,47,303743.75,68201.25,78105,0.8826899999999887,0.2032749999999987
56,1,w1_20260420_021711,48,98878.5,234085.5,269016,0.5167250000000099,0.3233150000000068
56,1,w1_20260420_021711,49,107650.75,207808.5,260040.75,0.5146550000000091,0.3698300000000026
56,1,w1_20260420_021711,50,143416,224145.75,93428.25,0.6161499999999938,0.2518399999999975
56,1,w1_20260420_021711,51,84073.25,211211.25,247645.5,0.5282550000000101,0.27716999999999914
56,1,w1_20260420_021711,52,29255.5,273177.75,103536.75,0.4363650000000012,0.18435000000000068
56,1,w1_20260420_021711,53,106042.5,259635.75,81861.75,0.5389150000000171,0.3251800000000055
56,1,w1_20260420_021711,54,192811.5,184097.25,88571.25,0.6863200000000196,0.2653650000000223
56,1,w1_20260420_021711,55,2576.75,187319.25,180084,0.23702500000000531,0.42324499999997345
56,1,w1_20260420_021711,56,6568.5,155115.75,93825.75,0.2677199999999733,0.4192299999999656
56,1,w1_20260420_021711,57,204909.75,177186.75,275803.5,0.675614999999998,0.35922499999999585
56,1,w1_20260420_021711,58,54022,251118,100740,0.4578250000000102,0.25853000000000054
56,1,w1_20260420_021711,59,56993,259928.25,272868.75,0.4471150000000018,0.3112449999999964
56,1,w1_20260420_021711,60,170274,198543.75,58862.25,0.638530000000004,0.5308849999999685
56,1,w1_20260420_021711,61,191924.75,183524.25,62061,0.6773799999999462,0.32849000000002443
56,1,w1_20260420_021711,62,35945.75,199323.75,57280.5,0.4373149999999956,0.2247050000000023
56,1,w1_20260420_021711,63,298216,81877.5,61096.5,0.8583299999999997,0.2372950000000034
56,1,w1_20260420_021711,64,205164,183994.5,27481.5,0.6862750000000317,0.41992000000000046
56,1,w1_20260420_021711,65,122060.25,244620,19869.75,0.5459249999999763,0.4075650000000052
56,1,w1_20260420_021711,66,122616.25,245043,39600.75,0.5621100000000062,0.4832600000000165
56,1,w1_20260420_021711,67,131464.5,248715,33970.5,0.5707900000000259,0.3747000000000042
56,1,w1_20260420_021711,68,92152.25,201688.5,40859.25,0.5095400000000144,0.33191000000001775
56,1,w1_20260420_021711,69,297764.5,79742.25,35423.25,0.8571350000000423,0.35425000000001733
56,1,w1_20260420_021711,70,-9230.75,81328.5,88142.25,0.3999299999999533,0.3601449999999968
56,1,w1_20260420_021711,71,-10000,14113.5,60552,0.45635999999998383,0.4163499999999974
56,1,w1_20260420_021711,72,-9254.25,43225.5,45228.75,0.42484999999997625,0.1827000000000026
56,1,w1_20260420_021711,73,3421.25,17559.75,14949,0.2357749999999873,0.4740150000000056
56,1,w1_20260420_021711,74,7882,60243,25875,0.2905799999999825,0.4065700000000011
56,1,w1_20260420_021711,75,31129,213318.75,54062.25,0.3939149999999923,0.2243900000000027
56,1,w1_20260420_021711,76,8680.5,35578.5,45591,0.5056799999999689,0.18877500000000472
56,1,w1_20260420_021711,77,60315.75,106069.5,29274.75,0.5210650000000123,0.2199750000000075
56,1,w1_20260420_021711,78,117894.25,179189.25,50926.5,0.5800350000000102,0.2272200000000138
56,1,w1_20260420_021711,79,303920.25,77273.25,12076.5,0.85473499999997,0.28063500000002894
56,1,w1_20260420_021711,80,330116.25,56859,18534.75,0.9023349999999551,0.1494049999999881
56,1,w1_20260420_021711,81,3385.25,65473.5,79391.25,0.21745999999999327,0.2412850000000215
56,1,w1_20260420_021711,82,-7723,25885.5,86617.5,0.1735700000000089,0.2636050000000102
56,1,w1_20260420_021711,83,266736,53238.75,18605.25,0.8131449999999657,0.5225999999999882
56,1,w1_20260420_021711,84,162418.75,215266.5,18054.75,0.6163500000000116,0.33722999999998576
56,1,w1_20260420_021711,85,-5621.5,100152,65689.5,0.2214649999999851,0.3831650000000182
56,1,w1_20260420_021711,86,-7579.5,8540.25,38909.25,0.40836500000001735,0.3318100000000103
56,1,w1_20260420_021711,87,-7283.5,71061.75,57201.75,0.3754449999999871,0.37871500000001945
56,1,w1_20260420_021711,88,-8301,32913.75,34277.25,0.43537499999997054,0.25953500000000634
56,1,w1_20260420_021711,89,-2860.75,10752.75,29658,0.4178499999999792,0.1836249999999887
56,1,w1_20260420_021711,90,269765.5,114369.75,20064.75,0.7963199999999708,0.28125000000000905
56,1,w1_20260420_021711,91,39637,183145.5,43297.5,0.4322900000000019,0.2546800000000033
56,1,w1_20260420_021711,92,3198,49071.75,22340.25,0.4427499999999911,0.22459000000001325
56,1,w1_20260420_021711,93,203197.75,153999.75,116722.5,0.6570949999999637,0.4337399999999816
56,1,w1_20260420_021711,94,73655,109026,72669,0.5996099999999844,0.13252500000000167
56,1,w1_20260420_021711,95,51652.75,125350.5,43386.75,0.49197999999998626,0.24163999999998645
56,1,w1_20260420_021711,96,-5995.5,52698,57937.5,0.4672349999999756,0.3984850000000183
56,1,w1_20260420_021711,97,146401.5,166275.75,142512.75,0.6416550000000203,0.2726849999999845
56,1,w1_20260420_021711,98,88009.5,169986,69724.5,0.4960450000000206,0.19518000000000604
56,1,w1_20260420_021711,99,122768.25,161951.25,92590.5,0.6047750000000032,0.1850049999999951
56,1,w1_20260420_021711,100,167462.5,134145,31612.5,0.6884300000000195,0.18999000000001545
57,0,w0_20260420_022401,1,158128.75,116352,129329.25,0.6854649999999824,0.15383999999999712
57,0,w0_20260420_022401,2,106373.25,241772.25,57304.5,0.5510399999999804,0.1482649999999889
57,0,w0_20260420_022401,3,145617.5,189435.75,55956.75,0.63237499999998,0.1572349999999992
57,0,w0_20260420_022401,4,113713,215223,47994,0.5764199999999866,0.1595949999999995
57,0,w0_20260420_022401,5,98713.25,221700,37206.75,0.5339599999999879,0.34277000000001634
57,0,w0_20260420_022401,6,53268.5,285471,44470.5,0.44780499999998463,0.15982500000000066
57,0,w0_20260420_022401,7,-10000,102262.5,33354,0.3577599999999928,0.15950499999998938
57,0,w0_20260420_022401,8,-9999.999999999998,80231.06153527126,47427.95989993313,0.2259549999999922,0.37117000000001854
57,0,w0_20260420_022401,9,-10000,44455.5,30996,0.325340000000045,0.19798499999998911
57,0,w0_20260420_022401,10,-8801.25,88955.25,59826,0.31676000000002175,0.2624800000000049
57,0,w0_20260420_022401,11,-6271.75,100192.5,98549.25,0.3043100000000265,0.3504350000000122
57,0,w0_20260420_022401,12,166517,190839.75,159143.25,0.6184699999999788,0.35283000000001813
57,0,w0_20260420_022401,13,274329.75,74385.75,99004.5,0.8662649999999776,0.15951000000000023
57,0,w0_20260420_022401,14,190208.25,171862.5,49439.25,0.6848799999999765,0.23388499999999485
57,0,w0_20260420_022401,15,201064.75,182806.5,160968.75,0.6733249999999806,0.32524999999999993
57,0,w0_20260420_022401,16,33717,271002.75,146840.25,0.3999700000000056,0.25012500000000704
57,0,w0_20260420_022401,17,55106.75,210006,211127.25,0.4395750000000021,0.3008050000000092
57,0,w0_20260420_022401,18,135451.75,232770.75,182287.5,0.5567849999999787,0.3092649999999944
57,0,w0_20260420_022401,19,-71.75,119854.5,108407.25,0.32059500000001734,0.20851999999999116
57,0,w0_20260420_022401,20,240149.5,136205.25,179855.25,0.7469799999999682,0.3111200000000054
57,0,w0_20260420_022401,21,184556.5,220193.25,261830.25,0.5952599999999809,0.4097350000000168
57,0,w0_20260420_022401,22,243913.75,202373.25,215103,0.6059649999999803,0.539314999999967
57,0,w0_20260420_022401,23,127606.5,251567.25,253826.25,0.4833350000000115,0.4252250000000143
57,0,w0_20260420_022401,24,217703.75,195538.5,251997.75,0.6489099999999658,0.3968700000000122
57,0,w0_20260420_022401,25,86855.75,192019.5,196044.75,0.4856399999999925,0.3037800000000031
57,0,w0_20260420_022401,26,123635.75,224357.25,198897,0.5442899999999992,0.3043850000000126
57,0,w0_20260420_022401,27,159967.75,192220.5,251661.75,0.5944149999999844,0.3919450000000062
57,0,w0_20260420_022401,28,201665.25,182237.25,257527.5,0.6671399999999691,0.36627000000000415
57,0,w0_20260420_022401,29,116811.75,168711.75,268726.5,0.5052049999999895,0.36750999999999767
57,0,w0_20260420_022401,30,169583.5,145259.25,237917.25,0.6513449999999898,0.35623000000000776
57,0,w0_20260420_022401,31,133220.75,189513,289016.25,0.5203299999999983,0.3889649999999961
57,0,w0_20260420_022401,32,165883.75,185846.25,283530,0.5754799999999874,0.40947999999999296
57,0,w0_20260420_022401,33,146192.25,119927.25,234910.5,0.5241949999999916,0.36306999999999146
57,0,w0_20260420_022401,34,133249,131215.5,257935.5,0.4556950000000079,0.47012999999998795
57,0,w0_20260420_022401,35,174454.5,116788.5,242277,0.6084800000000039,0.3842599999999992
57,0,w0_20260420_022401,36,201791.25,57162,255306.75,0.6543199999999875,0.4097600000000032
57,0,w0_20260420_022401,37,257334.25,137114.25,278671.5,0.7347249999999592,0.4020649999999954
57,0,w0_20260420_022401,38,123640.25,124446,296133.75,0.5611900000000029,0.3986900000000038
57,0,w0_20260420_022401,39,58688.25,166995,286776.75,0.5165400000000032,0.3585649999999895
57,0,w0_20260420_022401,40,161729.75,89593.5,280236.75,0.67916999999999494,0.41602999999999946
57,0,w0_20260420_022401,41,187537.5,96481.5,274311,0.6028800000000091,0.4151549999999975
57,0,w0_20260420_022401,42,186249,112435.5,261835.5,0.5244500000000167,0.47294000000000713
57,0,w0_20260420_022401,43,140066.25,104169,288984.75,0.6036699999999784,0.38606999999999025
57,0,w0_20260420_022401,44,171481.75,81723.75,291514.5,0.6105399999999789,0.4328500000000101
57,0,w0_20260420_022401,45,199062.5,77556.75,297780.75,0.6553499999999922,0.4650699999999953
57,0,w0_20260420_022401,46,69385.75,157981.5,283302.75,0.49073999999999834,0.34346499999999236
57,0,w0_20260420_022401,47,79215.5,128842.5,221202,0.4793150000000049,0.3484350000000136
57,0,w0_20260420_022401,48,112246.5,95436,279127.5,0.5893249999999808,0.39392499999998754
57,0,w0_20260420_022401,49,103420.75,97449,267470.25,0.5331099999999793,0.3836800000000016
57,0,w0_20260420_022401,50,128055,121320,287565,0.4734700000000018,0.4383450000000089
57,0,w0_20260420_022401,51,201858.5,57441,183250.5,0.7788449999999614,0.4266200000000077
57,0,w0_20260420_022401,52,134468.75,134057.25,300954,0.5492249999999889,0.41466000000001074
57,0,w0_20260420_022401,53,269165.75,92787,205997.25,0.7962949999999676,0.3867900000000048
57,0,w0_20260420_022401,54,108820,143598.75,280541.25,0.4536350000000098,0.43142999999999854
57,0,w0_20260420_022401,55,184301.25,231446.25,310642.5,0.5858750000000129,0.4051849999999968
57,0,w0_20260420_022401,56,296926.25,104850.75,229233,0.8140549999999803,0.3781650000000023
57,0,w0_20260420_022401,57,85018,131290.5,296191.5,0.43329500000000926,0.45041499999999585
57,0,w0_20260420_022401,58,55405,149602.5,269242.5,0.48172499999998947,0.3872500000000045
57,0,w0_20260420_022401,59,101719.75,89421,201809.25,0.6214849999999535,0.4443049999999856
57,0,w0_20260420_022401,60,132080.25,143421,284298.75,0.5499499999999762,0.4030899999999906
57,0,w0_20260420_022401,61,141616.25,263684.25,212779.5,0.5439999999999813,0.3841900000000048
57,0,w0_20260420_022401,62,145544.25,121590.75,290715,0.5547650000000014,0.4513650000000172
57,0,w0_20260420_022401,63,60485,212541,265044,0.40788500000001543,0.3893049999999923
57,0,w0_20260420_022401,64,213159,158768.25,286392.75,0.6798099999999837,0.39446000000000786
57,0,w0_20260420_022401,65,197552,206921.25,231216.75,0.6385850000000003,0.3686000000000101
57,0,w0_20260420_022401,66,41695.5,112661.25,197393.25,0.3044100000000441,0.4703650000000116
57,0,w0_20260420_022401,67,146615.75,116028.75,286915.5,0.5861499999999581,0.3937450000000025
57,0,w0_20260420_022401,68,98570,272571,295659,0.4579999999999774,0.39089000000000473
57,0,w0_20260420_022401,69,281694.75,125605.5,231219.75,0.7836499999999488,0.39524000000000026
57,0,w0_20260420_022401,70,162383.5,247869,288067.5,0.5738799999999634,0.373095000000001
57,0,w0_20260420_022401,71,202779.5,188429.25,290681.25,0.629164999999969,0.3866399999999942
57,0,w0_20260420_022401,72,27888.75,84462,186899.25,0.2186799999999939,0.4081899999999973
57,0,w0_20260420_022401,73,130178.5,236209.5,290112,0.4997399999999953,0.4123550000000043
57,0,w0_20260420_022401,74,113207.5,157783.5,252699,0.4245550000000094,0.5200349999999964
57,0,w0_20260420_022401,75,126277.5,185265.75,224256.75,0.5804199999999797,0.31407000000000646
57,0,w0_20260420_022401,76,240885.75,194435.25,285759,0.6335150000000058,0.4530650000000144
57,0,w0_20260420_022401,77,38428.25,266521.5,305960.25,0.3462600000000015,0.3564850000000043
57,0,w0_20260420_022401,78,95511.5,126817.5,189141,0.5975149999999995,0.36251499999999726
57,0,w0_20260420_022401,79,49029.25,153461.25,271729.5,0.5049099999999905,0.3888150000000037
57,0,w0_20260420_022401,80,230244,194204.25,108981.75,0.40161500000001354,0.7762900000000349
57,0,w0_20260420_022401,81,76725.25,128138.25,222406.5,0.4937100000000039,0.3849950000000142
57,0,w0_20260420_022401,82,398548.75,29110.5,242430.75,0.9470099999999608,0.4631550000000122
57,0,w0_20260420_022401,83,209633,199362.75,225314.25,0.6348750000000141,0.39538999999999547
57,0,w0_20260420_022401,84,23307.5,47991,178321.5,0.3546549999999975,0.3952450000000105
57,0,w0_20260420_022401,85,315661.5,103850.25,272318.25,0.7905249999999318,0.4363349999999866
57,0,w0_20260420_022401,86,147075.75,173979.75,250954.5,0.5569549999999918,0.37702500000001016
57,0,w0_20260420_022401,87,74380.5,141060,244249.5,0.4783200000000012,0.3940700000000147
57,0,w0_20260420_022401,88,110673,71189.25,248787.75,0.6780149999999767,0.37602000000000824
57,0,w0_20260420_022401,89,386359.25,136584,221136.75,0.7653799999999602,0.5668649999999972
57,0,w0_20260420_022401,90,124113.25,133299.75,306177,0.5136050000000013,0.41411500000000434
57,0,w0_20260420_022401,91,154315,129895.5,240859.5,0.611639999999969,0.41415000000000474
57,0,w0_20260420_022401,92,108271.25,122928.75,295950,0.4157649999999962,0.4271199999999803
57,0,w0_20260420_022401,93,106786.75,75186.75,272446.5,0.6181299999999779,0.4181399999999899
57,0,w0_20260420_022401,94,-8003.25,54644.25,79089,0.678155000000021,0.3463250000000329
57,0,w0_20260420_022401,95,108951,75969.75,182999.25,0.6818549999999919,0.37704999999999617
57,0,w0_20260420_022401,96,125788.25,74948.25,283273.5,0.5872799999999887,0.4275299999999883
57,0,w0_20260420_022401,97,111901.5,127116,270532.5,0.4971849999999971,0.48296500000000153
57,0,w0_20260420_022401,98,141688.75,131409,290732.25,0.556709999999969,0.42139499999998387
57,0,w0_20260420_022401,99,225648.5,182176.5,305475,0.6543799999999872,0.40036499999998487
57,0,w0_20260420_022401,100,345810,57059.25,199950.75,0.8805699999999819,0.4722299999999828
57,1,w1_20260420_023052,1,156322.75,107909.25,93708,0.6717049999999848,0.17698999999999956
57,1,w1_20260420_023052,2,102077.5,242382.75,57519.75,0.5441499999999869,0.16910499999999185
57,1,w1_20260420_023052,3,189400.5,155122.5,53427,0.7072599999999845,0.1986099999999885
57,1,w1_20260420_023052,4,132928.5,194317.5,48444,0.6107849999999732,0.2730600000000108
57,1,w1_20260420_023052,5,133500.5,191193,53386.5,0.6112749999999858,0.21479499999999135
57,1,w1_20260420_023052,6,186945.5,150853.5,60351,0.70629999999996,0.25256999999998936
57,1,w1_20260420_023052,7,124091.75,209806.5,60741.75,0.5939049999999774,0.18655999999999304
57,1,w1_20260420_023052,8,142739.5,189283.5,84057,0.6307749999999703,0.1675300000000001
57,1,w1_20260420_023052,9,200347,141207,97476,0.7305099999999758,0.22971000000000136
57,1,w1_20260420_023052,10,-10000,96678,16450.5,0.314840000000003,0.23935499999998233
57,1,w1_20260420_023052,11,266461.75,77925,150173.25,0.8582399999999676,0.2164400000000009
57,1,w1_20260420_023052,12,-10000,200066.7,44098.5,0.4103649999999877,0.27289500000000105
57,1,w1_20260420_023052,13,-2938.25,164574,135014.25,0.34995000000000287,0.2838850000000061
57,1,w1_20260420_023052,14,54827,272521.5,63991.5,0.4686649999999915,0.1578099999999984
57,1,w1_20260420_023052,15,131390.5,218299.5,155820,0.48938999999998595,0.5088899999999902
57,1,w1_20260420_023052,16,284094.25,64959.75,146196,0.8836349999999636,0.19629499999998992
57,1,w1_20260420_023052,17,167422,195984.75,184163.25,0.6492349999999816,0.29153000000000195
57,1,w1_20260420_023052,18,58341.75,265203.75,159994.5,0.46485499999999375,0.28634500000000934
57,1,w1_20260420_023052,19,79358.25,195390.75,129981,0.5028999999999874,0.24872999999999837
57,1,w1_20260420_023052,20,301877,128702.25,265050.75,0.7711149999999746,0.4470900000000011
57,1,w1_20260420_023052,21,237321.75,199432.5,280665.75,0.6389149999999575,0.45511499999999105
57,1,w1_20260420_023052,22,140840.5,227634,294055.5,0.5040899999999897,0.41818000000000094
57,1,w1_20260420_023052,23,111275.25,212844,283860.75,0.46411999999999654,0.4113500000000168
57,1,w1_20260420_023052,24,100064.75,224460,283025.25,0.4107800000000157,0.4228899999999956
57,1,w1_20260420_023052,25,125574,164263.5,278062.5,0.5090900000000002,0.38236500000000473
57,1,w1_20260420_023052,26,169535.5,235377,279307.5,0.5135099999999817,0.44547499999999873
57,1,w1_20260420_023052,27,144775.5,167631,288073.5,0.5662399999999757,0.3863699999999992
57,1,w1_20260420_023052,28,310862.25,60983.25,184054.5,0.8921099999999922,0.27158999999999817
57,1,w1_20260420_023052,29,191035.75,182955,77189.25,0.6802049999999799,0.21638500000000244
57,1,w1_20260420_023052,30,316148.75,100081.5,272409.75,0.8259299999999832,0.3938199999999781
57,1,w1_20260420_023052,31,91213,155825.25,258501.75,0.48215000000000446,0.37190999999999214
57,1,w1_20260420_023052,32,54313.5,46733.25,201893.25,0.588854999999969,0.35776500000001654
57,1,w1_20260420_023052,33,63993.25,133927.5,254639.25,0.5031300000000077,0.35608000000000195
57,1,w1_20260420_023052,34,119084.25,227436.75,279069,0.47743499999999395,0.4057950000000044
57,1,w1_20260420_023052,35,123901,107518.5,260560.5,0.6303199999999877,0.3465700000000094
57,1,w1_20260420_023052,36,94122.75,145408.5,302988.75,0.3761550000000038,0.38224000000000113
57,1,w1_20260420_023052,37,278599.25,113698.5,262022.25,0.7964349999999362,0.34320500000001336
57,1,w1_20260420_023052,38,92495.75,148966.5,228477.75,0.5082299999999985,0.3432000000000097
57,1,w1_20260420_023052,39,99418,150630,171462,0.5649849999999982,0.2990400000000114
57,1,w1_20260420_023052,40,146751.25,127588.5,240500.25,0.5218250000000074,0.5017649999999774
57,1,w1_20260420_023052,41,194721.25,279450.75,236058,0.44342500000000584,0.5741700000000053
57,1,w1_20260420_023052,42,53580.75,173076,260453.25,0.4662600000000154,0.3425000000000194
57,1,w1_20260420_023052,43,94233.25,174957,221559.75,0.5119449999999941,0.329415000000014
57,1,w1_20260420_023052,44,176071,155823,273876,0.5928299999999833,0.4435199999999886
57,1,w1_20260420_023052,45,217971,188034.75,267884.25,0.6616649999999819,0.3984750000000025
57,1,w1_20260420_023052,46,130732,208668.75,272009.25,0.5167099999999928,0.36565500000000706
57,1,w1_20260420_023052,47,94083,170247,263430,0.4983300000000115,0.3720049999999981
57,1,w1_20260420_023052,48,147190.75,219166.5,260112.75,0.5718599999999957,0.3744850000000279
57,1,w1_20260420_023052,49,136773,180723,247404,0.572269999999971,0.343740000000016
57,1,w1_20260420_023052,50,77438.75,124610.25,301311,0.4803950000000125,0.4083699999999786
57,1,w1_20260420_023052,51,216410,68853,223617,0.83190499999996,0.31415500000000945
57,1,w1_20260420_023052,52,152832,150779.25,247428.75,0.6144199999999909,0.34238500000000505
57,1,w1_20260420_023052,53,225357.75,184876.5,311505.75,0.6662899999999672,0.40323499999999074
57,1,w1_20260420_023052,54,170738,131993.25,265308.75,0.5938349999999941,0.3948500000000123
57,1,w1_20260420_023052,55,200079.75,177519.75,277390.5,0.649609999999984,0.3933250000000048
57,1,w1_20260420_023052,56,219798.5,155196.75,237654.75,0.7023799999999643,0.34488500000001343
57,1,w1_20260420_023052,57,129205.75,134285.25,268599,0.5609049999999849,0.41822500000000234
57,1,w1_20260420_023052,58,340673,51452.25,279924.75,0.9075549999999852,0.3237999999999979
57,1,w1_20260420_023052,59,306195.75,92308.5,229905.75,0.8421599999999718,0.31212000000001455
57,1,w1_20260420_023052,60,243069.75,147600.75,271009.5,0.7117349999999918,0.4239299999999885
57,1,w1_20260420_023052,61,158895.25,152130.75,272094,0.573174999999987,0.42534000000001543
57,1,w1_20260420_023052,62,173128,158607.75,213194.25,0.5323799999999795,0.5734750000000004
57,1,w1_20260420_023052,63,171613.75,136430.25,268326,0.4961649999999973,0.4864800000000044
57,1,w1_20260420_023052,64,154524.5,166787.25,262628.25,0.6000699999999496,0.38197000000000914
57,1,w1_20260420_023052,65,107730.5,162743.25,285956.25,0.5685949999999899,0.3107350000000055
57,1,w1_20260420_023052,66,209704,151617,234309,0.6817749999999979,0.4122649999999909
57,1,w1_20260420_023052,67,135817.5,154181.25,276311.25,0.5817349999999681,0.37540000000000984
57,1,w1_20260420_023052,68,20269.25,112621.5,295019.25,0.4811350000000114,0.30337000000001973
57,1,w1_20260420_023052,69,348340.25,159354,105135.75,0.5546600000000083,0.800944999999988
57,1,w1_20260420_023052,70,211954.75,107054.25,268071,0.6331449999999901,0.4924450000000023
57,1,w1_20260420_023052,71,78981,80470.5,342388.5,0.6496349999999839,0.356294999999991
57,1,w1_20260420_023052,72,53306.25,95954.25,226399.5,0.5077299999999957,0.3298050000000004
57,1,w1_20260420_023052,73,232380.75,123771.75,230767.5,0.7677149999999802,0.30237000000000896
57,1,w1_20260420_023052,74,206158.5,41819.25,310742.25,0.6875599999999659,0.4170050000000215
57,1,w1_20260420_023052,75,115836.25,125602.5,274001.25,0.5344899999999889,0.3587000000000131
57,1,w1_20260420_023052,76,121936.25,59730,233313.75,0.7653599999999994,0.323915000000006
57,1,w1_20260420_023052,77,248641.5,81733.5,239025,0.7072949999999786,0.4549599999999917
57,1,w1_20260420_023052,78,158469.5,135080.25,223370.25,0.6255949999999886,0.343589999999995
57,1,w1_20260420_023052,79,199914.25,139951.5,201884.25,0.6457350000000002,0.4204399999999984
57,1,w1_20260420_023052,80,94675.25,120054,264270.75,0.5388299999999734,0.32805500000000204
57,1,w1_20260420_023052,81,70528.5,163527,196714.5,0.45974499999999424,0.29885000000000395
57,1,w1_20260420_023052,82,12622.75,20281.5,242295.75,0.31389500000000553,0.3916749999999984
57,1,w1_20260420_023052,83,3802,66400.5,270277.5,0.46583999999998943,0.26507000000000774
57,1,w1_20260420_023052,84,204119,37663.5,297367.5,0.787435000000011,0.4217299999999922
57,1,w1_20260420_023052,85,322127.5,65950.5,250332,0.877324999999967,0.38288499999999936
57,1,w1_20260420_023052,86,243025.75,115972.5,93351.75,0.7845799999999391,0.3988749999999767
57,1,w1_20260420_023052,87,-1190.25,146620.5,271809.75,0.368929999999984,0.3100900000000165
57,1,w1_20260420_023052,88,193648.25,171294.75,135327,0.651304999999993,0.37947000000000936
57,1,w1_20260420_023052,89,211929.75,126401.25,267369,0.6876649999999724,0.4117849999999944
57,1,w1_20260420_023052,90,115727.25,230291.25,273061.5,0.5569399999999858,0.32290999999999964
57,1,w1_20260420_023052,91,-10000,34414.5,56047.5,0.7327099999998833,0.548004999999996
57,1,w1_20260420_023052,92,115039,131709,236562,0.6201249999999398,0.3727100000000002
57,1,w1_20260420_023052,93,189028.5,167724.75,290826.75,0.6573749999999724,0.3743699999999943
57,1,w1_20260420_023052,94,22185.25,265765.5,160679.25,0.4306950000000084,0.2473000000000087
57,1,w1_20260420_023052,95,19365.5,65108.25,138416.25,0.3642500000000051,0.4147750000000554
57,1,w1_20260420_023052,96,1576.5,16596,40837.5,0.5043549999999967,0.4254200000000251
57,1,w1_20260420_023052,97,32492.25,42393.75,70584,0.601770000000009,0.44147499999999856
57,1,w1_20260420_023052,98,207566.75,31896.75,299926.5,0.9305149999999932,0.1605699999999996
57,1,w1_20260420_023052,99,81771.75,202454.25,301374,0.4559449999999935,0.3901449999999934
57,1,w1_20260420_023052,100,11521.75,19488,132230.25,0.3792949999999819,0.3911249999999929
58,0,w0_20260420_023743,1,129952.5,181380,89467.5,0.6200249999999916,0.186729999999982
58,0,w0_20260420_023743,2,127318.75,210975,64946.25,0.599384999999987,0.1812249999999861
58,0,w0_20260420_023743,3,217944.5,129144,53911.5,0.7606149999999656,0.13848499999999292
58,0,w0_20260420_023743,4,120217.75,230745,53537.25,0.5731349999999699,0.17186499999999105
58,0,w0_20260420_023743,5,157684.25,193846.5,59699.25,0.6441399999999778,0.16137999999998504
58,0,w0_20260420_023743,6,142478.25,207423,73818.75,0.6191950000000019,0.1730049999999915
58,0,w0_20260420_023743,7,89363.25,264888,52428.75,0.516530000000012,0.17676499999998793
58,0,w0_20260420_023743,8,77008.75,204354.75,78826.5,0.5396349999999692,0.16199499999999142
58,0,w0_20260420_023743,9,78956.75,230288.25,55695,0.5198049999999844,0.13849999999999366
58,0,w0_20260420_023743,10,240814,122298,43488,0.7797799999999806,0.21303999999997836
58,0,w0_20260420_023743,11,233720.25,127605,39954.75,0.7687049999999693,0.16726000000000493
58,0,w0_20260420_023743,12,145703.5,224663.25,39953.25,0.5972649999999673,0.3049900000000124
58,0,w0_20260420_023743,13,169369.5,196942.5,38718,0.6479199999999699,0.20027999999999105
58,0,w0_20260420_023743,14,230762.25,129767.25,51310.5,0.7659249999999558,0.16395999999998537
58,0,w0_20260420_023743,15,-5769.5,189321.75,42507.75,0.46492999999996,0.16609999999999342
58,0,w0_20260420_023743,16,-10000,47270.25,3308.25,0.8105249999998987,0.18692499999999496
58,0,w0_20260420_023743,17,270024,163117.5,250858.5,0.7015799999999857,0.44649499999998327
58,0,w0_20260420_023743,18,60329.25,224754,33066.75,0.5009499999999937,0.2499200000000184
58,0,w0_20260420_023743,19,486567.25,119201.25,93211.5,0.7754299999999754,0.8094800000000044
58,0,w0_20260420_023743,20,101293.5,265306.5,69780,0.5194149999999774,0.20751999999998788
58,0,w0_20260420_023743,21,305084,56841.75,125294.25,0.8991849999999462,0.26124499999999873
58,0,w0_20260420_023743,22,233646.5,132096.75,84816.75,0.7666199999999661,0.2007699999999988
58,0,w0_20260420_023743,23,62953,204570,33687,0.4600250000000103,0.1875100000000039
58,0,w0_20260420_023743,24,240053,108737.25,119319.75,0.8044399999999668,0.215849999999992
58,0,w0_20260420_023743,25,306560.5,53040,118189.5,0.9065449999999764,0.2961800000000107
58,0,w0_20260420_023743,26,230831.25,259892.25,193996.5,0.5294299999999952,0.5687349999999916
58,0,w0_20260420_023743,27,89107.5,190531.5,36711,0.532749999999988,0.1410449999999956
58,0,w0_20260420_023743,28,108319.25,216957.75,44883,0.5448050000000004,0.2033949999999924
58,0,w0_20260420_023743,29,101236.5,169725,36028.5,0.5502750000000004,0.2511099999999989
58,0,w0_20260420_023743,30,208803,165147,124860,0.6985749999999924,0.483574999999983
58,0,w0_20260420_023743,31,116847.25,204970.5,49352.25,0.5600700000000004,0.1568499999999879
58,0,w0_20260420_023743,32,101521.25,139242.75,68826,0.5150199999999951,0.2203949999999943
58,0,w0_20260420_023743,33,123210.5,219732.75,157506.75,0.534680000000008,0.33581000000001243
58,0,w0_20260420_023743,34,217539.5,143748.75,82401.75,0.7433049999999485,0.1724099999999924
58,0,w0_20260420_023743,35,174832.5,178290,65737.5,0.6737299999999674,0.17832999999998392
58,0,w0_20260420_023743,36,90794,185101.5,75514.5,0.5560600000000006,0.3656900000000185
58,0,w0_20260420_023743,37,155900.5,167043,277276.5,0.5875350000000115,0.4754500000000064
58,0,w0_20260420_023743,38,16149.5,238441.5,101169,0.3429549999999883,0.24847499999999487
58,0,w0_20260420_023743,39,306227.75,69669,50273.25,0.8773150000000262,0.13166999999999632
58,0,w0_20260420_023743,40,44431.25,155216.25,72262.5,0.3797050000000075,0.1437799999999834
58,0,w0_20260420_023743,41,117434.75,211626,258569.25,0.5636399999999604,0.33339500000000816
58,0,w0_20260420_023743,42,84362.25,268263.75,272634,0.40512500000002494,0.4025399999999891
58,0,w0_20260420_023743,43,77509,217523.25,259587.75,0.4429350000000099,0.3341800000000072
58,0,w0_20260420_023743,44,169967.5,194643,204379.5,0.6119199999999954,0.3631050000000012
58,0,w0_20260420_023743,45,196944.25,201676.5,261719.25,0.6182200000000087,0.407084999999996
58,0,w0_20260420_023743,46,116429.5,211632,306448.5,0.49887999999997584,0.3755700000000056
58,0,w0_20260420_023743,47,173746.5,211696.5,225177,0.4488799999999955,0.5555599999999765
58,0,w0_20260420_023743,48,236777.25,165225,266787.75,0.6840549999999588,0.41816000000000786
58,0,w0_20260420_023743,49,318323,135348,271449,0.7600599999999988,0.46381500000000053
58,0,w0_20260420_023743,50,256966,157886.25,265377.75,0.7186299999999894,0.3868299999999942
58,0,w0_20260420_023743,51,350211.5,158574.75,256083.75,0.7249749999999695,0.5463249999999955
58,0,w0_20260420_023743,52,103255.75,206565.75,275038.5,0.4193599999999951,0.3881249999999961
58,0,w0_20260420_023743,53,167492.25,211965.75,272112,0.602179999999982,0.3708500000000023
58,0,w0_20260420_023743,54,45046,176220,164784,0.392300000000003,0.3359550000000073
58,0,w0_20260420_023743,55,139259.25,228791.25,281119.5,0.5009549999999925,0.4678899999999859
58,0,w0_20260420_023743,56,282762.75,50322.75,242074.5,0.9082950000000078,0.3067850000000004
58,0,w0_20260420_023743,57,83019.5,135408.75,275031.75,0.42684999999997736,0.407214999999996
58,0,w0_20260420_023743,58,135149,212578.5,269482.5,0.5409799999999789,0.3653450000000036
58,0,w0_20260420_023743,59,189036,157852.5,283111.5,0.5705699999999845,0.500855000000021
58,0,w0_20260420_023743,60,113854.75,143802.75,198112.5,0.49516999999999306,0.3118500000000182
58,0,w0_20260420_023743,61,179779.75,193908.75,246121.5,0.6184899999999632,0.3848700000000001
58,0,w0_20260420_023743,62,96079.75,98809.5,301710.75,0.4203849999999998,0.36737000000001
58,0,w0_20260420_023743,63,116187,76535.25,281367.75,0.4884199999999669,0.430450000000002
58,0,w0_20260420_023743,64,77791.75,126236.25,293652,0.41472999999998794,0.3887650000000014
58,0,w0_20260420_023743,65,144360,57850.5,277879.5,0.7518199999999587,0.38000000000001144
58,0,w0_20260420_023743,66,78692,81940.5,215377.5,0.7288749999999083,0.3565650000000007
58,0,w0_20260420_023743,67,46102,124480.5,172447.5,0.5515299999999926,0.3627899999999899
58,0,w0_20260420_023743,68,63280.25,44954.25,209725.5,0.7290199999999398,0.3882400000000028
58,0,w0_20260420_023743,69,135257.5,158339.25,205913.25,0.5893099999999922,0.40782499999999794
58,0,w0_20260420_023743,70,68911,116683.5,289165.5,0.5343599999999715,0.39180500000000673
58,0,w0_20260420_023743,71,103209.25,107196,273894.75,0.6159149999999841,0.400660000000007
58,0,w0_20260420_023743,72,282096.75,63870.75,327262.5,0.8377749999999309,0.39979999999999966
58,0,w0_20260420_023743,73,221097.5,131790,137932.5,0.742869999999919,0.35606000000000315
58,0,w0_20260420_023743,74,41798.25,214412.25,127579.5,0.33566500000000077,0.424770000000018
58,0,w0_20260420_023743,75,58252.75,145417.5,152619.75,0.4756649999999676,0.4100350000000157
58,0,w0_20260420_023743,76,-9999.999999999996,22907.013085580013,17070.467082952477,0.7439599999999037,0.4993499999999457
58,0,w0_20260420_023743,77,189839.5,170043,187237.5,0.5279649999999693,0.5549349999999975
58,0,w0_20260420_023743,78,94734.5,163160.25,239495.25,0.45886499999998104,0.42017500000000985
58,0,w0_20260420_023743,79,108936,182586.75,243137.25,0.5621649999999743,0.34350499999999645
58,0,w0_20260420_023743,80,364227,47161.5,124801.5,0.9166199999998932,0.3993199999999956
58,0,w0_20260420_023743,81,115661,198915,226704,0.5818349999999868,0.334000000000009
58,0,w0_20260420_023743,82,97696.5,147048,263695.5,0.44389999999998325,0.42901500000000087
58,0,w0_20260420_023743,83,382966,34874.25,272589.75,0.8932649999999472,0.4038199999999947
58,0,w0_20260420_023743,84,84955.75,169446,309428.25,0.460724999999976,0.3335050000000267
58,0,w0_20260420_023743,85,367896,36602.25,248391.75,0.9296349999999686,0.3491750000000111
58,0,w0_20260420_023743,86,378527.25,29291.25,187471.5,0.9506199999999764,0.4000999999999996
58,0,w0_20260420_023743,87,256753.5,177527.25,248669.25,0.6662799999999688,0.4977250000000015
58,0,w0_20260420_023743,88,161764.5,200457,264748.5,0.6380999999999306,0.34876500000001714
58,0,w0_20260420_023743,89,130547.25,175466.25,287326.5,0.5899099999999664,0.35981000000001634
58,0,w0_20260420_023743,90,148010.75,155001.75,269047.5,0.5976799999999395,0.36173500000001174
58,0,w0_20260420_023743,91,162570.25,141484.5,271325.25,0.5402449999999862,0.44122000000001743
58,0,w0_20260420_023743,92,372023.25,61643.25,248593.5,0.853894999999971,0.4784700000000161
58,0,w0_20260420_023743,93,258565.75,130468.5,234225.75,0.7473799999998817,0.36120499999999794
58,0,w0_20260420_023743,94,318569.25,70542,220428.75,0.8745300000000203,0.30889999999999407
58,0,w0_20260420_023743,95,51965.75,103110,188414.25,0.4685650000000015,0.3159500000000057
58,0,w0_20260420_023743,96,335576.75,36207.75,158215.5,0.9218899999999705,0.32850000000001367
58,0,w0_20260420_023743,97,203864.25,141904.5,220121.25,0.6909199999999147,0.3710100000000211
58,0,w0_20260420_023743,98,303760.25,67462.5,226637.25,0.8745199999999306,0.3237550000000073
58,0,w0_20260420_023743,99,241207.25,180331.5,279431.25,0.6667449999999991,0.45502499999999835
58,0,w0_20260420_023743,100,116452,111234,321894,0.6163449999999707,0.3525650000000104
58,1,w1_20260420_024432,1,125261,199983.75,93935.25,0.6001249999999855,0.1942499999999891
58,1,w1_20260420_024432,2,187432.25,154926.75,77121,0.7083799999999748,0.17800999999998998
58,1,w1_20260420_024432,3,237105.25,112251,66483.75,0.7926899999999801,0.18968999999998917
58,1,w1_20260420_024432,4,126565.5,226291.5,54303,0.5825249999999889,0.18915499999999455
58,1,w1_20260420_024432,5,286112.75,74022,50525.25,0.8653949999999777,0.2453350000000017
58,1,w1_20260420_024432,6,230860.75,124434.75,51034.5,0.7718799999999565,0.1946599999999964
58,1,w1_20260420_024432,7,8608.75,151002.75,79408.5,0.5239699999999602,0.2334600000000063
58,1,w1_20260420_024432,8,-10000,53922.75,41237.442653437494,0.5284549999999067,0.24551999999999843
58,1,w1_20260420_024432,9,194243.75,163973.25,53853,0.7021249999999484,0.19437999999999364
58,1,w1_20260420_024432,10,124621.75,236093.25,41535,0.568824999999983,0.24480000000001295
58,1,w1_20260420_024432,11,22179,182448,69693,0.4539550000000132,0.15764999999998483
58,1,w1_20260420_024432,12,102623.75,244130.25,40176,0.537544999999984,0.20361999999999497
58,1,w1_20260420_024432,13,199738,171563.25,33138.75,0.6931599999999647,0.3118800000000137
58,1,w1_20260420_024432,14,284637,78712.5,112870.5,0.8570899999999634,0.24203000000000985
58,1,w1_20260420_024432,15,100672.5,265522.5,35265,0.5260399999999856,0.15978999999999774
58,1,w1_20260420_024432,16,21452,239706.75,29291.25,0.3560849999999971,0.22450500000000248
58,1,w1_20260420_024432,17,260806,120176.25,132747.75,0.7868149999999491,0.38609500000001173
58,1,w1_20260420_024432,18,103408,271113,26799,0.5182049999999971,0.3192900000000057
58,1,w1_20260420_024432,19,208067.5,258899.25,80423.25,0.5342299999999651,0.5605549999999794
58,1,w1_20260420_024432,20,155931.5,234819,264829.5,0.571939999999969,0.37431500000000817
58,1,w1_20260420_024432,21,110995.5,265286.25,97718.25,0.5194799999999875,0.30980000000000524
58,1,w1_20260420_024432,22,88984.5,249544.5,42381,0.5238349999999871,0.20077999999999252
58,1,w1_20260420_024432,23,199101,174728.25,142440.75,0.68869999999995,0.3122250000000075
58,1,w1_20260420_024432,24,144299,235278,161973,0.5821599999999614,0.3349550000000127
58,1,w1_20260420_024432,25,191353,187944.75,201182.25,0.6617149999999721,0.340880000000014
58,1,w1_20260420_024432,26,198801.75,217039.5,308628.75,0.6077499999999821,0.42102000000000744
58,1,w1_20260420_024432,27,338205.25,139038,206736.75,0.7101449999999699,0.6135099999999803
58,1,w1_20260420_024432,28,333527.75,130288.5,239313.75,0.7541699999999422,0.531484999999988
58,1,w1_20260420_024432,29,136981.25,265415.25,257023.5,0.5230999999999687,0.3811749999999902
58,1,w1_20260420_024432,30,48358,256425.75,225386.25,0.4187550000000012,0.2973299999999977
58,1,w1_20260420_024432,31,113274,257378.25,261117.75,0.5092149999999778,0.36019999999999786
58,1,w1_20260420_024432,32,179452.5,217347,195100.5,0.6163499999999995,0.3576449999999979
58,1,w1_20260420_024432,33,270877.5,109767,215935.5,0.8038549999999505,0.29823500000000325
58,1,w1_20260420_024432,34,75276.5,271534.5,200139,0.472225000000006,0.29351999999999323
58,1,w1_20260420_024432,35,329613.5,77901,257485.5,0.8621949999999919,0.3783200000000014
58,1,w1_20260420_024432,36,120250.25,266438.25,261391.5,0.48236000000002466,0.392205000000015
58,1,w1_20260420_024432,37,345148,47883,270609,0.9089749999999972,0.3584700000000098
58,1,w1_20260420_024432,38,51216.5,198179.25,224234.25,0.4570200000000097,0.30558999999999636
58,1,w1_20260420_024432,39,334106.75,44752.5,281160.75,0.9209699999999869,0.29294999999998445
58,1,w1_20260420_024432,40,227318.25,170946.75,186285,0.7058199999999605,0.32988500000002124
58,1,w1_20260420_024432,41,36558.5,107584.5,186027,0.502849999999967,0.3833949999999912
58,1,w1_20260420_024432,42,66778,150166.5,245065.5,0.41972500000000046,0.39351499999999606
58,1,w1_20260420_024432,43,359313.5,64508.25,251978.25,0.885949999999998,0.4150700000000019
58,1,w1_20260420_024432,44,127228,213508.5,257353.5,0.5274250000000104,0.4022849999999932
58,1,w1_20260420_024432,45,73468.5,173685,225496.5,0.4945699999999703,0.36550999999999584
58,1,w1_20260420_024432,46,276735,114422.25,160782.75,0.7984249999999495,0.32670999999999967
58,1,w1_20260420_024432,47,68950.75,215106,189323.25,0.4602049999999924,0.35327500000000783
58,1,w1_20260420_024432,48,304136.25,168126.75,233487,0.6697599999999827,0.5629850000000238
58,1,w1_20260420_024432,49,308411.25,166857,246831.75,0.7043199999999722,0.519790000000006
58,1,w1_20260420_024432,50,363362.5,62225.25,239372.25,0.8935199999999944,0.4140700000000167
58,1,w1_20260420_024432,51,132217.25,274726.5,302006.25,0.5174700000000112,0.38347999999999943
58,1,w1_20260420_024432,52,172282.25,255232.5,300095.25,0.5434299999999886,0.4223449999999846
58,1,w1_20260420_024432,53,279518.75,187724.25,267087,0.6773599999999946,0.48352499999999415
58,1,w1_20260420_024432,54,6992.5,183364.5,160233,0.2816400000000059,0.4371400000000214
58,1,w1_20260420_024432,55,185224.75,224910,236435.25,0.6130549999999633,0.3740600000000123
58,1,w1_20260420_024432,56,34978.75,213856.5,232824.75,0.3471899999999807,0.44343999999999895
58,1,w1_20260420_024432,57,197629.25,192369,126171.75,0.6649249999999794,0.3521499999999974
58,1,w1_20260420_024432,58,91749.75,257680.5,123189.75,0.5247999999999884,0.249289999999999
58,1,w1_20260420_024432,59,250389.75,162633,143867.25,0.7210149999999941,0.47938499999999384
58,1,w1_20260420_024432,60,213978.5,179677.5,157434,0.6923400000000139,0.3631550000000025
58,1,w1_20260420_024432,61,234307.75,146791.5,145680.75,0.7456949999999648,0.318009999999998
58,1,w1_20260420_024432,62,204221.25,202843.5,181745.25,0.6532749999999912,0.4121399999999967
58,1,w1_20260420_024432,63,281329,146264.25,241686.75,0.7283249999999897,0.4570799999999985
58,1,w1_20260420_024432,64,173462.5,225738.75,182058.75,0.6100700000000042,0.352815000000011
58,1,w1_20260420_024432,65,164897,218607,111036,0.6229049999999744,0.2891949999999869
58,1,w1_20260420_024432,66,61896,227823,101751,0.4901599999999906,0.18128999999999368
58,1,w1_20260420_024432,67,164930.25,235576.5,141803.25,0.5926399999999723,0.3902850000000182
58,1,w1_20260420_024432,68,198578.75,258431.25,159810,0.5367300000000143,0.602070000000011
58,1,w1_20260420_024432,69,280129.5,134088.75,217401.75,0.7725099999999598,0.4027649999999962
58,1,w1_20260420_024432,70,3353,96135,207432,0.2807600000000244,0.3174800000000068
58,1,w1_20260420_024432,71,-3443.25,52607.25,188376,0.40750499999997947,0.33213000000001025
58,1,w1_20260420_024432,72,168510.5,223736.25,255503.25,0.5728749999999988,0.40697499999999626
58,1,w1_20260420_024432,73,38078.5,64646.25,166925.25,0.4637050000000008,0.4524550000000451
58,1,w1_20260420_024432,74,321171.5,48602.25,160376.25,0.8936550000000003,0.3166699999999971
58,1,w1_20260420_024432,75,344026.75,56706,286547.25,0.9017599999999664,0.3398750000000083
58,1,w1_20260420_024432,76,324462.75,131675.25,279762,0.7729499999999713,0.4645149999999846
58,1,w1_20260420_024432,77,10743.5,260809.5,228207,0.36679000000000567,0.19552499999999784
58,1,w1_20260420_024432,78,70203.75,199352.25,257514,0.4872850000000034,0.357905000000015
58,1,w1_20260420_024432,79,-10000.000000000002,41108.37340755616,99763.0802861206,0.3969749999999875,0.3689799999999692
58,1,w1_20260420_024432,80,41983,146778.75,261848.25,0.4404450000000089,0.3267550000000072
58,1,w1_20260420_024432,81,219522.75,158919.75,97957.5,0.7276999999999938,0.2295149999999868
58,1,w1_20260420_024432,82,75193,170687.25,128979.75,0.4393450000000096,0.3812900000000185
58,1,w1_20260420_024432,83,306725.75,65598.75,306115.5,0.8638949999999536,0.3941950000000002
58,1,w1_20260420_024432,84,379001.5,49818,256900.5,0.9143100000000008,0.4701900000000065
58,1,w1_20260420_024432,85,101704,177594.75,242051.25,0.520119999999994,0.33485000000000653
58,1,w1_20260420_024432,86,266497.75,148221,282821.25,0.7470599999999904,0.36327500000000434
58,1,w1_20260420_024432,87,123870.5,173347.5,240342,0.5362949999999767,0.4167150000000171
58,1,w1_20260420_024432,88,74439.5,146144.25,214466.25,0.4331050000000258,0.40353500000000514
58,1,w1_20260420_024432,89,237527.5,160385.25,256937.25,0.7214399999999861,0.32063500000000417
58,1,w1_20260420_024432,90,288849.25,167347.5,216083.25,0.6874849999999921,0.5270250000000283
58,1,w1_20260420_024432,91,181088.25,181158,264663.75,0.5878749999999925,0.4198850000000114
58,1,w1_20260420_024432,92,-10000,99658.5,104017.5,0.4047049999999975,0.4813700000000187
58,1,w1_20260420_024432,93,39139.5,133403.25,225707.25,0.3865850000000003,0.3638550000000149
58,1,w1_20260420_024432,94,182766,202680.75,216203.25,0.6573449999999867,0.25706500000000376
58,1,w1_20260420_024432,95,386216,33807.75,162506.25,0.9429500000000178,0.4606700000000032
58,1,w1_20260420_024432,96,15413,252833.25,276693.75,0.2963049999999916,0.3518450000000037
58,1,w1_20260420_024432,97,274354.25,127617,174408.75,0.782814999999945,0.30449000000000376
58,1,w1_20260420_024432,98,361525.25,55413,170091.75,0.9068849999999942,0.3920500000000143
58,1,w1_20260420_024432,99,161368.25,219375.75,271716,0.5653350000000266,0.3792599999999949
58,1,w1_20260420_024432,100,153031,228460.5,299608.5,0.5955800000000103,0.3471300000000067
59,0,w0_20260420_025123,1,208585.5,119796.75,106017.75,0.7703899999999839,0.14750500000000094
59,0,w0_20260420_025123,2,266527.25,83916.75,52626,0.8447249999999842,0.14221500000000034
59,0,w0_20260420_025123,3,-5722.75,288050.25,57472.5,0.34383500000000816,0.1515849999999911
59,0,w0_20260420_025123,4,89897.25,251606.25,46546.5,0.5280899999999983,0.15373999999999277
59,0,w0_20260420_025123,5,178610.25,175000.5,45359.25,0.6800300000000062,0.1496949999999981
59,0,w0_20260420_025123,6,96545.25,245780.25,51604.5,0.534410000000019,0.14319499999999688
59,0,w0_20260420_025123,7,83215,269916,46749,0.5034500000000266,0.17886500000000002
59,0,w0_20260420_025123,8,2079.5,180321,46639.5,0.3398050000000267,0.27826500000000964
59,0,w0_20260420_025123,9,1373.25,158691,43245.75,0.3492300000000231,0.12990999999999817
59,0,w0_20260420_025123,10,222228,139934.25,38367.75,0.7443749999999747,0.2502849999999939
59,0,w0_20260420_025123,11,37733.5,253732.5,53634,0.43870000000001175,0.1579449999999914
59,0,w0_20260420_025123,12,118697.25,229120.5,38942.25,0.5698200000000253,0.215679999999992
59,0,w0_20260420_025123,13,210701.75,155882.25,77616,0.7217099999999996,0.26627499999999743
59,0,w0_20260420_025123,14,242923.5,126934.5,129972,0.7736149999999792,0.32234500000001576
59,0,w0_20260420_025123,15,211940,149262.75,88097.25,0.7339449999999822,0.2595749999999906
59,0,w0_20260420_025123,16,247535.25,106220.25,137224.5,0.8094899999999825,0.19714499999999396
59,0,w0_20260420_025123,17,281686.5,67559.25,120494.25,0.8800799999999903,0.16671499999999198
59,0,w0_20260420_025123,18,-10000.000000000004,91845.94742022596,16242.758580557873,0.16560999999999296,0.23754000000001416
59,0,w0_20260420_025123,19,287787,71521.5,123421.5,0.8713049999999924,0.30654499999999024
59,0,w0_20260420_025123,20,239704.5,206577.75,189687.75,0.6025450000000098,0.5581849999999701
59,0,w0_20260420_025123,21,254813,117612.75,194174.25,0.793300000000008,0.3444000000000107
59,0,w0_20260420_025123,22,186525.75,236801.25,277533,0.5646100000000098,0.4472050000000029
59,0,w0_20260420_025123,23,283465.75,113560.5,287643.75,0.7958050000000015,0.3721650000000055
59,0,w0_20260420_025123,24,255679.5,135945,206155.5,0.761294999999993,0.3074250000000031
59,0,w0_20260420_025123,25,211184.75,162558.75,166006.5,0.7159050000000258,0.32193999999999867
59,0,w0_20260420_025123,26,76263.75,192405,273221.25,0.3668099999999879,0.4651950000000182
59,0,w0_20260420_025123,27,-10000,39995.25,32487.75,0.3904799999999809,0.678104999999994
59,0,w0_20260420_025123,28,271682.5,39683.25,232454.25,0.8833399999999872,0.32940000000001385
59,0,w0_20260420_025123,29,11845.75,266985.75,207568.5,0.3391850000000213,0.3326200000000034
59,0,w0_20260420_025123,30,311168.5,82985.25,264536.25,0.8440950000000008,0.3790749999999952
59,0,w0_20260420_025123,31,155493.25,230268,184698.75,0.5976849999999712,0.35168000000000543
59,0,w0_20260420_025123,32,127459.75,240906.75,290293.5,0.484895000000024,0.4046050000000008
59,0,w0_20260420_025123,33,105211,282534,201855,0.45968000000000486,0.4004749999999993
59,0,w0_20260420_025123,34,246024.5,144425.25,200660.25,0.7471099999999783,0.35189499999998536
59,0,w0_20260420_025123,35,391641.5,42334.5,290364,0.926774999999984,0.4188599999999786
59,0,w0_20260420_025123,36,-8133.75,169673.25,147460.5,0.2535999999999952,0.33456499999998823
59,0,w0_20260420_025123,37,83297.75,207961.5,271950.75,0.42171000000001496,0.4337949999999928
59,0,w0_20260420_025123,38,359382.75,100143.75,245863.5,0.8157649999999489,0.5060799999999864
59,0,w0_20260420_025123,39,446680.5,40312.5,213027,0.9294650000000064,0.5533249999999732
59,0,w0_20260420_025123,40,42232.75,96684.75,303202.5,0.21393000000000825,0.4141749999999925
59,0,w0_20260420_025123,41,107054.25,58219.5,234446.25,0.2330850000000014,0.5521150000000147
59,0,w0_20260420_025123,42,18007.75,37138.5,314403.75,0.31806000000002094,0.36056999999999806
59,0,w0_20260420_025123,43,321870.75,67815,189404.25,0.8750649999999573,0.32708999999999777
59,0,w0_20260420_025123,44,269025,137703,198282,0.7641649999999979,0.3667149999999949
59,0,w0_20260420_025123,45,352103,51560.25,200556.75,0.9111099999999897,0.3436849999999929
59,0,w0_20260420_025123,46,227220,174484.5,158695.5,0.7006700000000129,0.35980000000001294
59,0,w0_20260420_025123,47,42839.25,300252,230238.75,0.372144999999995,0.3750699999999929
59,0,w0_20260420_025123,48,109793.5,284984.25,259382.25,0.4809549999999946,0.3777849999999957
59,0,w0_20260420_025123,49,154222,278146.5,228751.5,0.5078650000000149,0.467375000000012
59,0,w0_20260420_025123,50,265691.75,144044.25,233514,0.7458349999999969,0.37835500000000766
59,0,w0_20260420_025123,51,307677.5,106598.25,236084.25,0.8167599999999594,0.3710849999999972
59,0,w0_20260420_025123,52,371967.75,35994.75,210157.5,0.9375750000000148,0.3611299999999947
59,0,w0_20260420_025123,53,61854,156808.5,202447.5,0.38008999999998994,0.4149500000000012
59,0,w0_20260420_025123,54,210881.5,202748.25,230750.25,0.6372650000000228,0.4316000000000084
59,0,w0_20260420_025123,55,112293.5,186965.25,158111.25,0.3804650000000013,0.5269649999999869
59,0,w0_20260420_025123,56,369910,59504.25,207765.75,0.8814599999999949,0.4852149999999946
59,0,w0_20260420_025123,57,448718.75,92621.25,142950,0.8315049999999612,0.689689999999981
59,0,w0_20260420_025123,58,396297.75,27230.25,221802,0.9536700000000232,0.3988100000000157
59,0,w0_20260420_025123,59,407774.25,24435,212250.75,0.9585900000000496,0.4366599999999974
59,0,w0_20260420_025123,60,178662.5,237876.75,231690.75,0.5931450000000006,0.3773700000000095
59,0,w0_20260420_025123,61,160263.5,180927.75,208698.75,0.5323900000000049,0.490724999999992
59,0,w0_20260420_025123,62,147827.25,151167,247245.75,0.3901850000000226,0.4842350000000292
59,0,w0_20260420_025123,63,73867.75,154420.5,244071.75,0.29161500000001017,0.3866649999999969
59,0,w0_20260420_025123,64,250230,162102,254478,0.6637249999999804,0.45059999999998773
59,0,w0_20260420_025123,65,240765.5,143652.75,227631.75,0.6938099999999858,0.40993500000000815
59,0,w0_20260420_025123,66,220904.25,152661.75,254724,0.6763099999999734,0.38560500000000136
59,0,w0_20260420_025123,67,90732.25,149496.75,255261,0.3537800000000084,0.4008349999999992
59,0,w0_20260420_025123,68,164014,90463.5,232732.5,0.5854900000000132,0.4752049999999872
59,0,w0_20260420_025123,69,372500.5,31493.25,219116.25,0.9338199999999172,0.32862500000001227
59,0,w0_20260420_025123,70,270757.25,165338.25,243184.5,0.6683599999999811,0.5012999999999989
59,0,w0_20260420_025123,71,308582,95956.5,213001.5,0.8296249999999283,0.40886000000000206
59,0,w0_20260420_025123,72,38760,109466.25,171573.75,0.5833549999999703,0.4766550000000162
59,0,w0_20260420_025123,73,191710.75,105831.75,223417.5,0.6201950000000123,0.4732750000000083
59,0,w0_20260420_025123,74,153227.25,62989.5,202043.25,0.6272050000000294,0.40468499999999674
59,0,w0_20260420_025123,75,346512.25,70047,227370.75,0.8752700000000183,0.42251000000000766
59,0,w0_20260420_025123,76,78953.75,135916.5,247059.75,0.38200000000002426,0.3874399999999955
59,0,w0_20260420_025123,77,204285.5,168438,182596.5,0.6869599999999227,0.3340750000000019
59,0,w0_20260420_025123,78,131151.5,159602.25,194126.25,0.3256900000000218,0.5561199999999856
59,0,w0_20260420_025123,79,89616.75,75854.25,211659,0.5526700000000112,0.3279600000000043
59,0,w0_20260420_025123,80,173101.25,61923.75,256185,0.5574150000000011,0.4890750000000004
59,0,w0_20260420_025123,81,76154.75,45253.5,259941.75,0.4487900000000099,0.3925800000000058
59,0,w0_20260420_025123,82,119542.5,114106.5,259071,0.5409900000000443,0.45099499999999815
59,0,w0_20260420_025123,83,102442.25,72533.25,229594.5,0.6627700000000265,0.4215550000000081
59,0,w0_20260420_025123,84,104687.5,91299.75,251202.75,0.550800000000006,0.3973299999999974
59,0,w0_20260420_025123,85,130365.5,73170,231244.5,0.5270000000000192,0.473620000000012
59,0,w0_20260420_025123,86,88893.75,93586.5,236169.75,0.36839500000000025,0.4431149999999926
59,0,w0_20260420_025123,87,99126.25,84462.75,250431,0.39361000000000507,0.4321899999999966
59,0,w0_20260420_025123,88,121975,73782,250803,0.5356750000000369,0.44189500000000087
59,0,w0_20260420_025123,89,119103.5,71158.5,252618,0.4951650000000267,0.4419799999999945
59,0,w0_20260420_025123,90,142888.5,133749.75,202521.75,0.6357350000000158,0.3971699999999963
59,0,w0_20260420_025123,91,60190.25,113064,225015.75,0.5382500000000374,0.2943199999999897
59,0,w0_20260420_025123,92,61154,111653.25,242052.75,0.460435000000012,0.356555000000008
59,0,w0_20260420_025123,93,291938.25,119553.75,229608,0.7507599999999173,0.4523200000000156
59,0,w0_20260420_025123,94,238942.5,178602.75,280974.75,0.6964300000000597,0.39670000000000766
59,0,w0_20260420_025123,95,109107.25,57540.75,211662,0.7968249999999361,0.3264649999999952
59,0,w0_20260420_025123,96,122528.75,44729.25,175572,0.729070000000008,0.3335850000000073
59,0,w0_20260420_025123,97,62477.75,146736.75,263545.5,0.5550499999999886,0.3703199999999854
59,0,w0_20260420_025123,98,35774.75,81499.5,249675.75,0.4761249999999941,0.422750000000003
59,0,w0_20260420_025123,99,9070.25,68905.5,207404.25,0.30553000000000113,0.35541999999999796
59,0,w0_20260420_025123,100,22164.5,128718.75,224166.75,0.27407500000001517,0.4131749999999983
59,1,w1_20260420_025815,1,209898,125442,137610,0.7627149999999785,0.21063000000000312
59,1,w1_20260420_025815,2,257658.25,93169.5,66062.25,0.8281799999999752,0.18828000000000183
59,1,w1_20260420_025815,3,17353.25,324073.5,54713.25,0.3870150000000113,0.16669499999999776
59,1,w1_20260420_025815,4,116393.25,238783.5,44873.25,0.5581750000000021,0.240265000000001
59,1,w1_20260420_025815,5,118511,226359,57600,0.5720799999999938,0.18799999999999348
59,1,w1_20260420_025815,6,174928.75,173413.5,66567.75,0.6806949999999946,0.15836999999999837
59,1,w1_20260420_025815,7,148615.25,200953.5,114401.25,0.6303950000000207,0.22972999999999916
59,1,w1_20260420_025815,8,156547.25,190055.25,95797.5,0.6532900000000098,0.1685699999999925
59,1,w1_20260420_025815,9,62818.5,271501.5,60660,0.4656800000000018,0.19757999999998932
59,1,w1_20260420_025815,10,22226.25,256922.25,48841.5,0.3794900000000117,0.197624999999997
59,1,w1_20260420_025815,11,59235,236477.25,42387.75,0.4891400000000165,0.2551149999999933
59,1,w1_20260420_025815,12,94885.75,255355.5,92088.75,0.5273800000000192,0.24869999999998596
59,1,w1_20260420_025815,13,217129.75,139836,108044.25,0.7483599999999665,0.2535799999999994
59,1,w1_20260420_025815,14,222812.75,133210.5,178806.75,0.760850000000002,0.25875499999999796
59,1,w1_20260420_025815,15,199235,158935.5,87829.5,0.7151149999999937,0.2056199999999956
59,1,w1_20260420_025815,16,86619.25,239700.75,73170,0.5226600000000085,0.16195999999999386
59,1,w1_20260420_025815,17,145071,211104.75,73394.25,0.621480000000002,0.174324999999997
59,1,w1_20260420_025815,18,191708.25,176018.25,87943.5,0.6880950000000069,0.3221649999999922
59,1,w1_20260420_025815,19,241749,179069.25,165621.75,0.6748400000000015,0.4658999999999789
59,1,w1_20260420_025815,20,250392,108543.75,106004.25,0.8075249999999623,0.2096799999999825
59,1,w1_20260420_025815,21,206168.25,162154.5,92177.25,0.7148749999999766,0.28974500000000275
59,1,w1_20260420_025815,22,154952.25,242982.75,263835,0.5575700000000117,0.40068000000000864
59,1,w1_20260420_025815,23,304057.25,67569.75,213183,0.8808249999999791,0.31225999999999676
59,1,w1_20260420_025815,24,232637,147545.25,190647.75,0.741144999999994,0.31154000000000265
59,1,w1_20260420_025815,25,106738.5,266757.75,265593.75,0.5079150000000051,0.3320399999999895
59,1,w1_20260420_025815,26,154145,210000,269955,0.5685800000000126,0.413279999999993
59,1,w1_20260420_025815,27,123733.75,244023,287873.25,0.5623600000000061,0.2915799999999889
59,1,w1_20260420_025815,28,131415.25,311476.5,291008.25,0.4459250000000002,0.4542050000000093
59,1,w1_20260420_025815,29,229078.75,174313.5,309477.75,0.6965449999999962,0.3658900000000124
59,1,w1_20260420_025815,30,213303.75,180078,276488.25,0.6878799999999786,0.3281599999999889
59,1,w1_20260420_025815,31,105370,307008,273942,0.4123300000000127,0.4397949999999865
59,1,w1_20260420_025815,32,217940.25,178352.25,293377.5,0.6896300000000121,0.3360799999999925
59,1,w1_20260420_025815,33,334024.5,97957.5,293838,0.8284950000000495,0.4278649999999884
59,1,w1_20260420_025815,34,198226.25,232319.25,257674.5,0.585820000000014,0.4397700000000088
59,1,w1_20260420_025815,35,198022,248154.75,270173.25,0.5642250000000064,0.4575949999999904
59,1,w1_20260420_025815,36,220897.5,216883.5,256419,0.6170300000000065,0.44871999999999435
59,1,w1_20260420_025815,37,158224.5,226704,254371.5,0.5935649999999861,0.3167249999999972
59,1,w1_20260420_025815,38,328223.25,78714,261192.75,0.8640499999999953,0.3442999999999977
59,1,w1_20260420_025815,39,260320.75,119039.25,220470,0.7918899999999466,0.26447999999999516
59,1,w1_20260420_025815,40,331382.5,86454.75,258792.75,0.8518349999999556,0.3818749999999987
59,1,w1_20260420_025815,41,357576.25,117420.75,279873,0.7978999999999941,0.4891150000000105
59,1,w1_20260420_025815,42,207226.75,217151.25,297702,0.6267349999999701,0.38939500000000227
59,1,w1_20260420_025815,43,87097,282707.25,258735.75,0.4195000000000024,0.3999499999999893
59,1,w1_20260420_025815,44,94199.5,229736.25,179564.25,0.4724149999999894,0.3384399999999904
59,1,w1_20260420_025815,45,245786.5,164289,198844.5,0.7164549999999731,0.36646000000000406
59,1,w1_20260420_025815,46,281492.75,101763.75,187723.5,0.8243549999999559,0.2627949999999915
59,1,w1_20260420_025815,47,198358.75,193296.75,191434.5,0.650059999999989,0.3621250000000121
59,1,w1_20260420_025815,48,143745.75,195122.25,161832,0.533500000000005,0.34747500000000503
59,1,w1_20260420_025815,49,98632.5,116192.25,146105.25,0.5479049999999809,0.4687049999999821
59,1,w1_20260420_025815,50,151843,173026.5,201910.5,0.5589799999999874,0.45601999999999454
59,1,w1_20260420_025815,51,284657.5,129659.25,253313.25,0.7773949999999863,0.386910000000001
59,1,w1_20260420_025815,52,334469.25,88410,247650.75,0.8497449999999451,0.4138149999999985
59,1,w1_20260420_025815,53,204763.75,181800.75,204625.5,0.6554300000000096,0.3990099999999902
59,1,w1_20260420_025815,54,70024.75,178857.75,183967.5,0.4312099999999998,0.40049999999999575
59,1,w1_20260420_025815,55,121648.75,159351.75,139969.5,0.49169499999999217,0.33753500000000486
59,1,w1_20260420_025815,56,350351.75,64174.5,245193.75,0.8909549999999831,0.3932749999999979
59,1,w1_20260420_025815,57,169561,202806,210573,0.6183949999999985,0.36192999999999775
59,1,w1_20260420_025815,58,161306.5,165070.5,161463,0.5748299999999877,0.432909999999987
59,1,w1_20260420_025815,59,112350.25,201678,208191.75,0.4653800000000079,0.5049250000000098
59,1,w1_20260420_025815,60,235783,182475,327552,0.6804799999999843,0.3839499999999904
59,1,w1_20260420_025815,61,268553.5,155692.5,316614,0.7304499999999738,0.388459999999988
59,1,w1_20260420_025815,62,77623.5,135534.75,145401.75,0.43811500000000786,0.3930100000000128
59,1,w1_20260420_025815,63,103176.5,123201,131782.5,0.5721099999999939,0.41511999999999954
59,1,w1_20260420_025815,64,353599,48984,194487,0.9129499999999768,0.3776100000000075
59,1,w1_20260420_025815,65,181247,158559.75,177083.25,0.6480349999999576,0.48371999999999143
59,1,w1_20260420_025815,66,194850.25,161017.5,244922.25,0.6310249999999952,0.4059199999999869
59,1,w1_20260420_025815,67,65961.25,133761,191847.75,0.39940499999999696,0.5002300000000383
59,1,w1_20260420_025815,68,218766.5,78150,190363.5,0.8114349999999797,0.4542299999999921
59,1,w1_20260420_025815,69,145485.75,170691.75,193912.5,0.595349999999987,0.4050250000000021
59,1,w1_20260420_025815,70,168608,179217,275325,0.5788000000000174,0.4196600000000047
59,1,w1_20260420_025815,71,52581.5,75691.5,297537,0.1610400000000055,0.45708499999998464
59,1,w1_20260420_025815,72,-9999.999999999998,36093.98646557227,33830.84818970508,0.5405549999999988,0.631455000000036
59,1,w1_20260420_025815,73,41404.5,228706.5,281829,0.4500399999999922,0.2838899999999862
59,1,w1_20260420_025815,74,47127.25,36307.5,294575.25,0.1769400000000014,0.4297450000000098
59,1,w1_20260420_025815,75,127055.75,148953,212591.25,0.6130499999999899,0.33830499999999647
59,1,w1_20260420_025815,76,57027.5,98556.75,276255.75,0.2996799999999866,0.415504999999999
59,1,w1_20260420_025815,77,290157,74742.75,140750.25,0.8535049999999863,0.33412499999999756
59,1,w1_20260420_025815,78,276805,129092.25,173112.75,0.7786850000000207,0.417850000000015
59,1,w1_20260420_025815,79,150514,192822.75,207623.25,0.5978749999999876,0.32255499999998805
59,1,w1_20260420_025815,80,180443.5,202266.75,141549.75,0.6556350000000439,0.2591600000000069
59,1,w1_20260420_025815,81,232281.75,167152.5,284235.75,0.672404999999995,0.4056649999999716
59,1,w1_20260420_025815,82,222393.5,165242.25,169304.25,0.7222100000000531,0.3032150000000011
59,1,w1_20260420_025815,83,344005.5,61668.75,185025.75,0.8887499999999922,0.361369999999999
59,1,w1_20260420_025815,84,208491.5,182741.25,145487.25,0.6927500000000006,0.29073999999999806
59,1,w1_20260420_025815,85,79127.5,258033,266779.5,0.4887150000000205,0.3055400000000176
59,1,w1_20260420_025815,86,156636.25,163166.25,276757.5,0.6790150000000006,0.30966500000001307
59,1,w1_20260420_025815,87,307059.5,169289.25,236411.25,0.6809900000000072,0.545090000000002
59,1,w1_20260420_025815,88,15563.25,230196.75,100830,0.36791000000002455,0.33728000000003056
59,1,w1_20260420_025815,89,32182.25,209741.25,153376.5,0.39277500000000953,0.33543500000000065
59,1,w1_20260420_025815,90,224901.25,125893.5,78815.25,0.766959999999948,0.10761999999999657
59,1,w1_20260420_025815,91,298504.75,102069.75,135955.5,0.827919999999948,0.3967050000000232
59,1,w1_20260420_025815,92,84111.75,246739.5,131988.75,0.5112749999999762,0.3064299999999994
59,1,w1_20260420_025815,93,2024,143318.25,116307.75,0.40408500000000575,0.2652999999999979
59,1,w1_20260420_025815,94,152243.5,209352,53764.5,0.6354299999999821,0.11244000000000572
59,1,w1_20260420_025815,95,77445,203927.25,75687.75,0.5258349999999906,0.13090000000000396
59,1,w1_20260420_025815,96,271265,122767.5,15337.5,0.7932749999999811,0.4063750000000176
59,1,w1_20260420_025815,97,371392.5,29401.5,28626,0.9505300000000024,0.5349700000000008
59,1,w1_20260420_025815,98,-9507.75,110778.75,59769,0.2926299999999736,0.35635499999997067
59,1,w1_20260420_025815,99,180354.5,207345,49510.5,0.6403350000000106,0.35762999999998807
59,1,w1_20260420_025815,100,236330.25,165035.25,29434.5,0.7220449999999905,0.41585500000000986
60,0,w0_20260420_030506,1,113572.25,219028.5,109019.25,0.5741749999999888,0.2142250000000074
60,0,w0_20260420_030506,2,171216.5,179076,78487.5,0.6700649999999714,0.23232999999999607
60,0,w0_20260420_030506,3,-9999.999999999998,34539.351156874385,21601.309727320426,0.4646249999999793,0.20016999999999893
60,0,w0_20260420_030506,4,22807.25,198219.75,69633,0.4028400000000053,0.30790500000001847
60,0,w0_20260420_030506,5,277787,89391.75,183551.25,0.8371599999999755,0.3571449999999997
60,0,w0_20260420_030506,6,200422.5,167604,104173.5,0.6960649999999792,0.3420850000000082
60,0,w0_20260420_030506,7,27908.75,290140.5,188460.75,0.3428099999999969,0.3874900000000155
60,0,w0_20260420_030506,8,70957.75,283941.75,153010.5,0.46476499999999904,0.30797000000000596
60,0,w0_20260420_030506,9,72880.75,282295.5,178083.75,0.45485499999998374,0.3275650000000062
60,0,w0_20260420_030506,10,236800.25,166544.25,290395.5,0.693105000000006,0.40276499999998816
60,0,w0_20260420_030506,11,282326.5,62879.25,239744.25,0.8848549999999732,0.25812500000000305
60,0,w0_20260420_030506,12,70527.25,229359.75,166533,0.4319199999999861,0.33176500000000303
60,0,w0_20260420_030506,13,232331.75,123235.5,188202.75,0.7690599999999819,0.31359000000000165
60,0,w0_20260420_030506,14,134875.5,259678.5,210186,0.5145699999999876,0.4400500000000117
60,0,w0_20260420_030506,15,101165.25,251528.25,190756.5,0.5169999999999745,0.3104900000000061
60,0,w0_20260420_030506,16,91166.5,229200,219463.5,0.4698249999999904,0.4039399999999885
60,0,w0_20260420_030506,17,124924,214881.75,226244.25,0.5279150000000224,0.3748949999999962
60,0,w0_20260420_030506,18,234654.75,145415.25,180600,0.7319500000000422,0.3578900000000031
60,0,w0_20260420_030506,19,9972,260483.25,93264.75,0.3419550000000165,0.30295500000001063
60,0,w0_20260420_030506,20,97739.75,222811.5,231078.75,0.38985500000000217,0.4540850000000037
60,0,w0_20260420_030506,21,198356.25,172557.75,171216,0.6733099999999906,0.31891999999999676
60,0,w0_20260420_030506,22,281661.5,118032.75,241365.75,0.7822449999999713,0.40077999999998937
60,0,w0_20260420_030506,23,121834.25,221449.5,165056.25,0.5539700000000102,0.3084800000000037
60,0,w0_20260420_030506,24,168959.5,162782.25,260948.25,0.5433949999999986,0.48423999999997375
60,0,w0_20260420_030506,25,112061.75,208185.75,274372.5,0.5153699999999876,0.4377149999999733
60,0,w0_20260420_030506,26,109131.75,167909.25,267399,0.5937549999999625,0.37618499999999255
60,0,w0_20260420_030506,27,305391.75,85824,245804.25,0.8458849999999647,0.33586499999999947
60,0,w0_20260420_030506,28,172277.5,208823.25,212819.25,0.6014949999999725,0.3719500000000099
60,0,w0_20260420_030506,29,294160.75,103923,208616.25,0.8108999999999517,0.3827400000000053
60,0,w0_20260420_030506,30,148894,232419.75,254606.25,0.5110900000000045,0.4466500000000002
60,0,w0_20260420_030506,31,220042.5,198561.75,243045.75,0.6163350000000205,0.4536700000000029
60,0,w0_20260420_030506,32,229710.75,171323.25,236526,0.6771849999999758,0.42154499999998635
60,0,w0_20260420_030506,33,222115.75,153055.5,232368.75,0.7058299999999997,0.3644700000000069
60,0,w0_20260420_030506,34,244376.25,169746,226257.75,0.695860000000039,0.44280999999999576
60,0,w0_20260420_030506,35,350414.25,121275.75,198840,0.7827849999999738,0.567180000000015
60,0,w0_20260420_030506,36,96116.75,240483.75,243439.5,0.4565500000000059,0.3872250000000045
60,0,w0_20260420_030506,37,121734,187437,276939,0.4773549999999965,0.4415599999999953
60,0,w0_20260420_030506,38,100149.25,204861,308769.75,0.4764599999999712,0.44059000000000087
60,0,w0_20260420_030506,39,113197.75,224824.5,272757.75,0.4618149999999899,0.3889549999999992
60,0,w0_20260420_030506,40,133756,250658.25,270945.75,0.48680499999999904,0.4243699999999941
60,0,w0_20260420_030506,41,174083,204346.5,258970.5,0.5777300000000112,0.4210350000000075
60,0,w0_20260420_030506,42,127553.25,181992,278544.75,0.4142849999999887,0.4332499999999941
60,0,w0_20260420_030506,43,205482.25,210785.25,277012.5,0.5966349999999965,0.43089000000000105
60,0,w0_20260420_030506,44,151575,162273,296832,0.45305500000001336,0.4368499999999923
60,0,w0_20260420_030506,45,172703,153365.25,239631.75,0.6201300000000031,0.3682450000000097
60,0,w0_20260420_030506,46,7339,161333.25,169467.75,0.05025999999999944,0.5172449999999883
60,0,w0_20260420_030506,47,14368.5,86901.75,262059.75,0.4059799999999802,0.3845250000000092
60,0,w0_20260420_030506,48,163429.25,155725.5,282215.25,0.5623699999999623,0.4487400000000004
60,0,w0_20260420_030506,49,86304,246983.25,289662.75,0.3941250000000075,0.4362450000000033
60,0,w0_20260420_030506,50,338206,22541.25,350322.75,0.9536799999999976,0.31390500000000066
60,0,w0_20260420_030506,51,-10000,243369.75,241904.25,0.2562750000000072,0.3065500000000087
60,0,w0_20260420_030506,52,39107.75,239804.25,291048,0.3436749999999838,0.3834999999999938
60,0,w0_20260420_030506,53,74591.75,175326,293402.25,0.4606350000000024,0.3491949999999934
60,0,w0_20260420_030506,54,144660.25,124914,299865.75,0.567585000000023,0.4190699999999999
60,0,w0_20260420_030506,55,206229.75,181903.5,270396.75,0.6550150000000121,0.388910000000012
60,0,w0_20260420_030506,56,114996,263258.25,269175.75,0.5083100000000133,0.3812700000000067
60,0,w0_20260420_030506,57,133616,216102,276672,0.49984499999998727,0.411270000000008
60,0,w0_20260420_030506,58,116546.75,145333.5,311409.75,0.6146999999999682,0.4176799999999991
60,0,w0_20260420_030506,59,89647.75,167485.5,265776.75,0.4967999999999651,0.3528100000000101
60,0,w0_20260420_030506,60,122567.25,143317.5,287255.25,0.5153749999999983,0.454219999999996
60,0,w0_20260420_030506,61,110789.75,194388,276692.25,0.4399799999999901,0.44894499999999943
60,0,w0_20260420_030506,62,36863.25,359163,236793.75,0.17595000000000705,0.5485599999999952
60,0,w0_20260420_030506,63,253734.75,91990.5,234084.75,0.7993550000000167,0.36686500000000344
60,0,w0_20260420_030506,64,91879.25,246375.75,208935,0.5056449999999755,0.303705000000012
60,0,w0_20260420_030506,65,221939.5,191204.25,234746.25,0.6681649999999846,0.411690000000012
60,0,w0_20260420_030506,66,82471.75,193980.75,283927.5,0.4614850000000032,0.389820000000007
60,0,w0_20260420_030506,67,319804.25,74787,314448.75,0.8635649999999198,0.34569500000001185
60,0,w0_20260420_030506,68,340107.25,42812.25,271330.5,0.9268049999999208,0.2895000000000118
60,0,w0_20260420_030506,69,195257.5,228984,255118.5,0.5217049999999727,0.5000950000000014
60,0,w0_20260420_030506,70,331351.25,53458.5,293390.25,0.904669999999942,0.31228000000000783
60,0,w0_20260420_030506,71,115122.75,178142.25,284175,0.4658950000000052,0.4132650000000063
60,0,w0_20260420_030506,72,181837.25,217669.5,288923.25,0.6295449999999656,0.345725000000001
60,0,w0_20260420_030506,73,184433,216952.5,297154.5,0.6297049999999873,0.348240000000004
60,0,w0_20260420_030506,74,159790,227562.75,165467.25,0.6094499999999614,0.35176000000001345
60,0,w0_20260420_030506,75,34116.25,197730,283653.75,0.4295400000000173,0.37402000000000774
60,0,w0_20260420_030506,76,129107,192852,299721,0.5123750000000101,0.4195849999999983
60,0,w0_20260420_030506,77,56665,257076,327969,0.33565500000000137,0.40172999999998743
60,0,w0_20260420_030506,78,92846.75,193800.75,204682.5,0.49011999999999034,0.3960450000000328
60,0,w0_20260420_030506,79,332554.75,81083.25,230622,0.8510700000000012,0.3998450000000173
60,0,w0_20260420_030506,80,278418.5,87240.75,119310.75,0.8453500000000398,0.16885999999999513
60,0,w0_20260420_030506,81,346926.5,58947.75,306525.75,0.8989599999999759,0.3581700000000071
60,0,w0_20260420_030506,82,141404,83333.25,58122.75,0.6006149999999708,0.3620950000000137
60,0,w0_20260420_030506,83,343549.5,110331,257989.5,0.7999199999999959,0.4661750000000049
60,0,w0_20260420_030506,84,216915.5,160466.25,169658.25,0.7151849999999743,0.25426000000000726
60,0,w0_20260420_030506,85,72819.25,216751.5,222389.25,0.37171500000000707,0.4034999999999941
60,0,w0_20260420_030506,86,8825.75,76842,175172.25,0.4984849999999843,0.38777500000001486
60,0,w0_20260420_030506,87,100521,66794.25,264714.75,0.45774499999999946,0.4666649999999825
60,0,w0_20260420_030506,88,40645.5,46266.75,191727.75,0.5422550000000107,0.3460350000000234
60,0,w0_20260420_030506,89,31738.5,71139,180622.5,0.4228000000000071,0.34690500000001445
60,0,w0_20260420_030506,90,95533.25,74921.25,286825.5,0.6267800000000114,0.41678499999999247
60,0,w0_20260420_030506,91,102273.75,50413.5,156882.75,0.5952500000000184,0.32223000000000834
60,0,w0_20260420_030506,92,28810.5,144271.5,226578,0.4245000000000069,0.33396500000001067
60,0,w0_20260420_030506,93,163642.5,120604.5,291153,0.6992199999999603,0.3706750000000095
60,0,w0_20260420_030506,94,312935.75,70729.5,202974.75,0.8771800000000137,0.35973500000001196
60,0,w0_20260420_030506,95,104071.25,137729.25,230629.5,0.49840499999998183,0.4112749999999981
60,0,w0_20260420_030506,96,94273,91019.25,206607.75,0.6085999999999702,0.30859000000001036
60,0,w0_20260420_030506,97,102896.25,218147.25,210466.5,0.4781700000000107,0.32592500000000735
60,0,w0_20260420_030506,98,135030.75,257318.25,256551,0.529034999999974,0.3723000000000076
60,0,w0_20260420_030506,99,21036.5,105918.75,228984.75,0.3815150000000158,0.40615999999999974
60,0,w0_20260420_030506,100,87059.25,85101,266169.75,0.5923549999999508,0.4646249999999923
60,1,w1_20260420_031200,1,132214.25,200771.25,147214.5,0.6187649999999869,0.212124999999999
60,1,w1_20260420_031200,2,155393.25,195705,78081.75,0.6399249999999871,0.2337099999999916
60,1,w1_20260420_031200,3,83916.75,268159.5,59943.75,0.5047599999999863,0.21513499999999677
60,1,w1_20260420_031200,4,70603,283153.5,56323.5,0.4765299999999896,0.2509399999999939
60,1,w1_20260420_031200,5,-3497.5,327537.75,59529.75,0.351810000000007,0.17433999999999122
60,1,w1_20260420_031200,6,-10000,47694.160186732326,7619.134118145221,0.43413000000001384,0.22607499999998987
60,1,w1_20260420_031200,7,170814.5,180281.25,55004.25,0.6587149999999621,0.2438000000000069
60,1,w1_20260420_031200,8,249088,99800.25,78981.75,0.8136799999999639,0.21786999999999213
60,1,w1_20260420_031200,9,14724.25,293856,111999.75,0.3925950000000131,0.1745899999999906
60,1,w1_20260420_031200,10,9676.25,290280,74403.75,0.3640650000000265,0.18136499999999564
60,1,w1_20260420_031200,11,211742.75,101837.25,54840,0.746894999999945,0.3419100000000109
60,1,w1_20260420_031200,12,160443.25,199428.75,58728,0.6396149999999794,0.17870000000000058
60,1,w1_20260420_031200,13,155701.5,208831.5,63987,0.6244549999999772,0.22584499999999963
60,1,w1_20260420_031200,14,-9999.999999999998,170842.08861328126,32626.41059104497,0.5974050000000054,0.31890499999998845
60,1,w1_20260420_031200,15,1179.5,235118.25,61682.25,0.3731400000000183,0.26454500000000253
60,1,w1_20260420_031200,16,19472,242628.75,32399.25,0.3732150000000288,0.24803499999999667
60,1,w1_20260420_031200,17,100039.75,239565,38525.25,0.5219449999999913,0.2823750000000243
60,1,w1_20260420_031200,18,77474.5,215112.75,44172.75,0.5239149999999917,0.2596800000000113
60,1,w1_20260420_031200,19,108827,226855.5,91687.5,0.5483700000000016,0.3188299999999972
60,1,w1_20260420_031200,20,102721.5,228848.25,187460.25,0.465855000000001,0.5105400000000155
60,1,w1_20260420_031200,21,83120.25,200347.5,60752.25,0.485244999999992,0.3214650000000308
60,1,w1_20260420_031200,22,115828.25,182613.75,87378,0.6192199999999968,0.21549499999999053
60,1,w1_20260420_031200,23,144782.75,192413.25,101004,0.6397049999999986,0.23618500000001433
60,1,w1_20260420_031200,24,61279.75,293161.5,192798.75,0.42103000000000873,0.32101000000002616
60,1,w1_20260420_031200,25,101951,244616.25,110142.75,0.5218450000000009,0.2633950000000046
60,1,w1_20260420_031200,26,147073.75,225696,274670.25,0.5514849999999942,0.42503999999999115
60,1,w1_20260420_031200,27,-2524.75,232181.25,317203.5,0.32138500000000375,0.3521749999999909
60,1,w1_20260420_031200,28,366660.75,86382.75,276256.5,0.8456199999999486,0.4757650000000025
60,1,w1_20260420_031200,29,258650,104266.5,126103.5,0.8136049999999896,0.2224899999999806
60,1,w1_20260420_031200,30,43584,171438,88848,0.4905899999999888,0.2511200000000086
60,1,w1_20260420_031200,31,225900.5,158496,165313.5,0.7244599999999891,0.31322000000002015
60,1,w1_20260420_031200,32,128735.25,243498.75,272646,0.5446649999999764,0.3649550000000114
60,1,w1_20260420_031200,33,105473.5,241964.25,240782.25,0.4786099999999899,0.4070750000000021
60,1,w1_20260420_031200,34,88675.25,214379.25,255565.5,0.4944549999999895,0.37577500000000513
60,1,w1_20260420_031200,35,127142,233400,262308,0.5028749999999901,0.4121650000000135
60,1,w1_20260420_031200,36,189771.5,192759,287599.5,0.6234999999999912,0.4240200000000066
60,1,w1_20260420_031200,37,184310.75,181779,173690.25,0.6681449999999761,0.2683400000000154
60,1,w1_20260420_031200,38,66408.75,222578.25,212673,0.45607000000000353,0.3366150000000055
60,1,w1_20260420_031200,39,67442.5,225932.25,269255.25,0.4152049999999927,0.36746500000002014
60,1,w1_20260420_031200,40,110453.25,213420,241536.75,0.5247899999999991,0.34566500000001343
60,1,w1_20260420_031200,41,55947,167817.75,232685.25,0.29686999999999675,0.4488699999999907
60,1,w1_20260420_031200,42,224102.75,154509.75,184987.5,0.7177799999999728,0.5321899999999735
60,1,w1_20260420_031200,43,198409.5,176076,293254.5,0.6464599999999737,0.3907449999999931
60,1,w1_20260420_031200,44,86895.75,195335.25,245049,0.46538999999999314,0.3690600000000045
60,1,w1_20260420_031200,45,40007,164618.25,138594.75,0.4584400000000056,0.3297099999999948
60,1,w1_20260420_031200,46,127903.5,144659.25,207617.25,0.6129049999999964,0.34557000000000004
60,1,w1_20260420_031200,47,30423.75,149145.75,205060.5,0.2704899999999878,0.3625299999999764
60,1,w1_20260420_031200,48,221387.5,123149.25,315233.25,0.7674549999999963,0.27227000000001633
60,1,w1_20260420_031200,49,2029.25,81561,95139.75,0.30946000000002666,0.4216349999999872
60,1,w1_20260420_031200,50,97228.75,98944.5,285486.75,0.4449800000000059,0.4080399999999879
60,1,w1_20260420_031200,51,118739.25,115614,306036.75,0.4929249999999969,0.3967799999999914
60,1,w1_20260420_031200,52,141290,222954.75,201485.25,0.601334999999987,0.3128050000000077
60,1,w1_20260420_031200,53,38118.75,102489,183422.25,0.5490449999999883,0.24102499999999183
60,1,w1_20260420_031200,54,186375,173768.25,221106.75,0.6765349999999924,0.3260800000000023
60,1,w1_20260420_031200,55,154701,189652.5,194626.5,0.589814999999975,0.3835100000000088
60,1,w1_20260420_031200,56,13697,229248.75,183494.25,0.33439500000001493,0.270885000000002
60,1,w1_20260420_031200,57,-10000,78045,101085,0.4960100000000014,0.37604000000000104
60,1,w1_20260420_031200,58,177630.5,76931.25,232028.25,0.6988799999999827,0.4805099999999859
60,1,w1_20260420_031200,59,7606,120724.5,62509.5,0.3324549999999985,0.2910200000000065
60,1,w1_20260420_031200,60,36795,133206,99579,0.46091999999999417,0.24579000000001255
60,1,w1_20260420_031200,61,202103.5,152238.75,144927.75,0.7102549999999578,0.3813200000000056
60,1,w1_20260420_031200,62,243175.75,94681.5,122832.75,0.8179449999999637,0.2162499999999876
60,1,w1_20260420_031200,63,-4252,44562,84390,0.14915999999997856,0.3953949999999987
60,1,w1_20260420_031200,64,175886.25,169195.5,283838.25,0.6441999999999835,0.3931750000000048
60,1,w1_20260420_031200,65,175415.75,222024.75,270649.5,0.610664999999936,0.36207500000000575
60,1,w1_20260420_031200,66,73394.25,193469.25,274756.5,0.4440449999999886,0.40333000000000296
60,1,w1_20260420_031200,67,23836,111156.75,129737.25,0.31297999999997966,0.36044500000001495
60,1,w1_20260420_031200,68,18472,52062,73506,0.3019299999999574,0.5000499999999884
60,1,w1_20260420_031200,69,297219.25,67680,143190.75,0.8715049999999211,0.2677100000000001
60,1,w1_20260420_031200,70,141874,208334.25,158361.75,0.6161949999999778,0.232830000000002
60,1,w1_20260420_031200,71,103599,266197.5,237763.5,0.4819499999999933,0.3843149999999939
60,1,w1_20260420_031200,72,66587,255894,139089,0.5150199999999782,0.2219649999999864
60,1,w1_20260420_031200,73,203787,197105.25,138357.75,0.652110000000008,0.40875500000000353
60,1,w1_20260420_031200,74,8972.5,112629,116908.5,0.38289000000002854,0.3436500000000072
60,1,w1_20260420_031200,75,83981.75,206370.75,202297.5,0.5210099999999895,0.3064250000000051
60,1,w1_20260420_031200,76,200402.75,171309,167708.25,0.700670000000036,0.3873150000000076
60,1,w1_20260420_031200,77,110362.25,133200,162147.75,0.5992099999999713,0.3982799999999999
60,1,w1_20260420_031200,78,4764.75,115512.75,176242.5,0.452075000000005,0.27076499999999526
60,1,w1_20260420_031200,79,13239.25,70291.5,46409.25,0.39156500000001127,0.26424999999999926
60,1,w1_20260420_031200,80,46323,232710,103767,0.44502499999998574,0.23451499999999945
60,1,w1_20260420_031200,81,220674.5,137621.25,126344.25,0.750805000000011,0.3244050000000018
60,1,w1_20260420_031200,82,358733.25,67060.5,252386.25,0.8768849999999444,0.4543449999999775
60,1,w1_20260420_031200,83,181873.5,185963.25,132683.25,0.6782999999999874,0.25396999999999864
60,1,w1_20260420_031200,84,42679,238908.75,93842.25,0.4103199999999983,0.3193699999999958
60,1,w1_20260420_031200,85,18735.25,155803.5,42461.25,0.3725900000000206,0.43709499999998697
60,1,w1_20260420_031200,86,12849.75,115921.5,69558.75,0.4018349999999795,0.3620050000000036
60,1,w1_20260420_031200,87,79963.25,259565.25,101911.5,0.48145000000001703,0.25465999999999206
60,1,w1_20260420_031200,88,193590.25,131772,99267.75,0.6649799999999735,0.40355000000002167
60,1,w1_20260420_031200,89,331603,51913.5,113263.5,0.912454999999968,0.256244999999986
60,1,w1_20260420_031200,90,49333.75,256225.5,76530.75,0.4281899999999916,0.3497149999999769
60,1,w1_20260420_031200,91,94794.25,249234,43581.75,0.5125249999999971,0.4018750000000045
60,1,w1_20260420_031200,92,132413.75,236697.75,47968.5,0.5780300000000071,0.3247050000000069
60,1,w1_20260420_031200,93,174550,204427.5,26392.5,0.6468799999999808,0.519050000000003
60,1,w1_20260420_031200,94,12342.25,202866.75,47961,0.3489150000000087,0.3254999999999918
60,1,w1_20260420_031200,95,108261.25,228930.75,34008,0.5303050000000096,0.4444250000000081
60,1,w1_20260420_031200,96,-10000,194480.25,85575.75,0.4017299999999879,0.2859449999999855
60,1,w1_20260420_031200,97,305759,74883,78858,0.8680599999999594,0.2660900000000095
60,1,w1_20260420_031200,98,159046.5,202452,68611.5,0.6337249999999687,0.21724499999998947
60,1,w1_20260420_031200,99,230237.5,145173,32299.5,0.7349049999999786,0.3484150000000061
60,1,w1_20260420_031200,100,357494.5,32172.75,32742.75,0.9453949999999888,0.3822250000000106
61,0,w0_20260420_031850,1,220946,109209.75,123944.25,0.7879199999999745,0.19632499999998224
61,0,w0_20260420_031850,2,75594.25,276430.5,52745.25,0.4864299999999969,0.2677599999999883
61,0,w0_20260420_031850,3,143658,200879.25,70572.75,0.6257199999999831,0.18592499999998616
61,0,w0_20260420_031850,4,13558,315357,67155,0.38777499999999626,0.16109999999999833
61,0,w0_20260420_031850,5,16380.75,220250.25,53169,0.4165699999999763,0.10737999999999816
61,0,w0_20260420_031850,6,132317.25,213026.25,51166.5,0.5988999999999824,0.15162500000000118
61,0,w0_20260420_031850,7,177191.75,174224.25,46494,0.6787099999999815,0.16602999999999907
61,0,w0_20260420_031850,8,161210,193455,43365,0.6471699999999908,0.11855999999999724
61,0,w0_20260420_031850,9,98079.5,257696.25,44294.25,0.527834999999996,0.18390999999999344
61,0,w0_20260420_031850,10,132485.75,230450.25,50334,0.5809949999999986,0.27626499999999726
61,0,w0_20260420_031850,11,48112.75,310578.75,124408.5,0.4225250000000115,0.3556299999999992
61,0,w0_20260420_031850,12,235482.25,93762,175695.75,0.8303799999999953,0.14561500000000177
61,0,w0_20260420_031850,13,212792.75,151351.5,58845.75,0.7243899999999913,0.3335050000000152
61,0,w0_20260420_031850,14,229331.25,129195,60033.75,0.7671349999999999,0.15428999999999057
61,0,w0_20260420_031850,15,193801.5,171258,57400.5,0.6944799999999667,0.20855999999998803
61,0,w0_20260420_031850,16,200885,159312.75,60242.25,0.7142249999999836,0.18855499999999495
61,0,w0_20260420_031850,17,-10000.000000000002,44426.9749824375,3555.754164225,0.734775000000101,0.25407500000000416
61,0,w0_20260420_031850,18,267771,95123.25,118515.75,0.8274099999999979,0.30521999999999616
61,0,w0_20260420_031850,19,264859.25,102160.5,87770.25,0.8187549999999958,0.2247049999999871
61,0,w0_20260420_031850,20,208238.25,159912.75,81969,0.7153849999999654,0.30095000000000405
61,0,w0_20260420_031850,21,187963,179889.75,60827.25,0.683449999999983,0.3029999999999992
61,0,w0_20260420_031850,22,10313.25,205477.5,126479.25,0.34106000000002046,0.2564300000000094
61,0,w0_20260420_031850,23,35374,237417.75,172208.25,0.3607649999999972,0.3908049999999979
61,0,w0_20260420_031850,24,132529.25,232297.5,55643.25,0.5829450000000006,0.2602199999999896
61,0,w0_20260420_031850,25,270531,102787.5,111121.5,0.8205650000000291,0.37222000000000455
61,0,w0_20260420_031850,26,200579.25,204828.75,145362,0.6383700000000033,0.4715550000000204
61,0,w0_20260420_031850,27,-9999.999999999998,105212.8725,30143.3625,0.15954499999996685,0.2040799999999972
61,0,w0_20260420_031850,28,140635,263030.25,199554.75,0.4401450000000002,0.46482999999999675
61,0,w0_20260420_031850,29,50274.25,138152.25,106063.5,0.4430249999999973,0.2199849999999919
61,0,w0_20260420_031850,30,39709,137064,82647,0.3893750000000108,0.34471500000000344
61,0,w0_20260420_031850,31,67637.5,190523.25,74729.25,0.4991000000000077,0.3980849999999945
61,0,w0_20260420_031850,32,101759.75,156197.25,66333,0.5446799999999884,0.31710500000000513
61,0,w0_20260420_031850,33,98949.5,158865.75,231654.75,0.4867400000000179,0.3956100000000065
61,0,w0_20260420_031850,34,121566,211461.75,68042.25,0.5797600000000228,0.10936499999999327
61,0,w0_20260420_031850,35,315184.5,75381,157774.5,0.8567599999999804,0.3812999999999811
61,0,w0_20260420_031850,36,169627.5,266965.5,143397,0.35537500000000666,0.677544999999996
61,0,w0_20260420_031850,37,121628.5,277399.5,293862,0.46438999999999325,0.40244500000000255
61,0,w0_20260420_031850,38,46802.75,186456,81701.25,0.47606000000001447,0.14300999999999564
61,0,w0_20260420_031850,39,161902.25,186766.5,49991.25,0.6391749999999734,0.17411499999999352
61,0,w0_20260420_031850,40,229958.75,114820.5,82650.75,0.7766599999999536,0.18179499999999452
61,0,w0_20260420_031850,41,59008.25,175528.5,188993.25,0.36711499999999503,0.3620300000000014
61,0,w0_20260420_031850,42,55365,188967,278298,0.3626999999999967,0.36644499999999336
61,0,w0_20260420_031850,43,142134.5,213147,21748.5,0.6005850000000434,0.15373499999999404
61,0,w0_20260420_031850,44,175754,121011,238815,0.593349999999964,0.49244500000000735
61,0,w0_20260420_031850,45,217785,114912,300153,0.7267350000000334,0.393139999999989
61,0,w0_20260420_031850,46,284880,55099.5,165340.5,0.8690749999999916,0.29287999999998515
61,0,w0_20260420_031850,47,79279.75,137394.75,174415.5,0.389640000000008,0.427309999999997
61,0,w0_20260420_031850,48,29351.25,160669.5,67859.25,0.4002450000000216,0.22194500000000153
61,0,w0_20260420_031850,49,336101.25,41715,149703.75,0.92377999999999,0.2623799999999892
61,0,w0_20260420_031850,50,71606.75,128299.5,179313.75,0.3636700000000034,0.3359400000000016
61,0,w0_20260420_031850,51,308470.5,60060,103519.5,0.8792049999999677,0.3293600000000074
61,0,w0_20260420_031850,52,81669.75,88884,47876.25,0.4796150000000068,0.23817499999999128
61,0,w0_20260420_031850,53,212217.25,162342,37860.75,0.7137949999999835,0.15471999999998362
61,0,w0_20260420_031850,54,187826.5,204629.25,136784.25,0.642154999999964,0.4056500000000128
61,0,w0_20260420_031850,55,114810.75,271773,266396.25,0.46597499999998465,0.42888499999998014
61,0,w0_20260420_031850,56,81346,74106,86838,0.6249849999999888,0.13964999999998662
61,0,w0_20260420_031850,57,160251,180844.5,274024.5,0.6139899999999707,0.3838950000000064
61,0,w0_20260420_031850,58,253824.75,115435.5,201699.75,0.7914099999999569,0.22921499999999884
61,0,w0_20260420_031850,59,177218,142691.25,240240.75,0.6507349999999732,0.30915000000000614
61,0,w0_20260420_031850,60,288021.25,124991.25,239797.5,0.7793849999999852,0.33248500000000475
61,0,w0_20260420_031850,61,90077.5,134881.5,241401,0.5148850000000142,0.4064550000000183
61,0,w0_20260420_031850,62,108618.75,88410,229451.25,0.577210000000006,0.34755500000001327
61,0,w0_20260420_031850,63,181915.5,201036,217588.5,0.6543099999999693,0.25414
61,0,w0_20260420_031850,64,60805.75,73063.5,174570.75,0.7021450000000825,0.2889800000000035
61,0,w0_20260420_031850,65,21385.75,23491.5,54882.75,0.7645800000000007,0.40794500000004075
61,0,w0_20260420_031850,66,128018.75,89940,311771.25,0.5759999999999607,0.40729499999999114
61,0,w0_20260420_031850,67,333530.25,110682,262857.75,0.7657349999999872,0.505930000000009
61,0,w0_20260420_031850,68,440626.25,132782.25,134281.5,0.743820000000022,0.7472050000000073
61,0,w0_20260420_031850,69,190597,183066.75,309536.25,0.5755099999999966,0.4435749999999993
61,0,w0_20260420_031850,70,11109,40107,270894,0.11458999999999424,0.34594500000001066
61,0,w0_20260420_031850,71,3211.7815676016035,20241.931834819923,226860.15592310452,0.31352500000000016,0.32656000000000973
61,0,w0_20260420_031850,72,251844.75,136890,222455.25,0.7654200000000221,0.29576000000000086
61,0,w0_20260420_031850,73,152289.25,286065.75,290745,0.4579249999999965,0.4785249999999914
61,0,w0_20260420_031850,74,121654.5,121243.5,294672,0.4896899999999911,0.3696900000000013
61,0,w0_20260420_031850,75,90760,76770,301470,0.3707249999999902,0.418994999999998
61,0,w0_20260420_031850,76,48323,82035.75,294341.25,0.2464199999999987,0.3906549999999946
61,0,w0_20260420_031850,77,282093.75,109482,207974.25,0.8055449999999748,0.34421000000000673
61,0,w0_20260420_031850,78,312138.75,87711,255350.25,0.8480850000000361,0.33982500000000415
61,0,w0_20260420_031850,79,162177.25,224583,320379.75,0.5370550000000167,0.4284599999999897
61,0,w0_20260420_031850,80,159225.75,129519,291215.25,0.5513950000000066,0.4544849999999995
61,0,w0_20260420_031850,81,129871.25,117804,314844.75,0.58548499999997206,0.3859699999999946
61,0,w0_20260420_031850,82,120001.5,48476.25,322862.25,0.6598749999999919,0.4230850000000102
61,0,w0_20260420_031850,83,75368.75,98846.25,324075,0.3212650000000857,0.3810299999999929
61,0,w0_20260420_031850,84,150806.75,196224,258389.25,0.5577450000000141,0.3998700000000166
61,0,w0_20260420_031850,85,308193.25,135222.75,237234,0.6939100000000149,0.536649999999985
61,0,w0_20260420_031850,86,172342,150981,293997,0.5062550000000068,0.41827500000001183
61,0,w0_20260420_031850,87,74625.25,98480.25,273664.5,0.4725499999999922,0.3832000000000051
61,0,w0_20260420_031850,88,204183,114987.75,266159.25,0.6741950000000014,0.42696000000001594
61,0,w0_20260420_031850,89,324875.25,77473.5,269411.25,0.8625499999999221,0.3965650000000054
61,0,w0_20260420_031850,90,118134.5,170009.25,295166.25,0.4430850000000076,0.4400349999999882
61,0,w0_20260420_031850,91,49222.5,79197,178990.5,0.4273450000000033,0.4191600000000146
61,0,w0_20260420_031850,92,142209.5,229860.75,255249.75,0.42775500000001737,0.5149450000000155
61,0,w0_20260420_031850,93,137184.75,169678.5,320736.75,0.4480749999999986,0.4444749999999989
61,0,w0_20260420_031850,94,141686.5,131931.75,265791.75,0.5914400000000115,0.34222000000000113
61,0,w0_20260420_031850,95,115676,137755.5,216688.5,0.5870900000000391,0.346525000000002
61,0,w0_20260420_031850,96,159278.75,84976.5,262554.75,0.626095000000022,0.4483099999999884
61,0,w0_20260420_031850,97,290330,77046.75,257723.25,0.6977649999999882,0.5114899999999893
61,0,w0_20260420_031850,98,119545.75,106225.5,287208.75,0.5425599999999968,0.37624000000000335
61,0,w0_20260420_031850,99,-10000,77484.35270825129,157846.66422640777,0.6042699999999996,0.6546199999999631
61,0,w0_20260420_031850,100,335353.75,38235,248501.25,0.9342199999999302,0.2833350000000051
61,1,w1_20260420_032542,1,213249.5,118497,109873.5,0.7668999999999782,0.20746499999999224
61,1,w1_20260420_032542,2,99746.75,253735.5,45207.75,0.5314100000000037,0.22379999999999045
61,1,w1_20260420_032542,3,148327,200766,66387,0.6284750000000205,0.1913999999999879
61,1,w1_20260420_032542,4,116771.5,231567.75,71730.75,0.5719600000000107,0.1831099999999948
61,1,w1_20260420_032542,5,176424.25,173630.25,74395.5,0.6831450000000096,0.15971499999998764
61,1,w1_20260420_032542,6,-9999.999999999998,203652.57,51286.5,0.4008599999999974,0.28658499999998277
61,1,w1_20260420_032542,7,207729.75,144762,79208.25,0.7337150000000042,0.2016549999999906
61,1,w1_20260420_032542,8,224037.75,125769.75,90082.5,0.7712149999999987,0.15386999999998635
61,1,w1_20260420_032542,9,-10000,69405,30612,0.45447500000011376,0.3339949999999999
61,1,w1_20260420_032542,10,265109.5,93147.75,74832.75,0.8310799999999697,0.2401899999999862
61,1,w1_20260420_032542,11,51902.75,296016.75,197860.5,0.4635300000000021,0.25862999999999114
61,1,w1_20260420_032542,12,52708.25,276555,171156.75,0.4976400000000408,0.13106999999999744
61,1,w1_20260420_032542,13,279727.25,76821,131211.75,0.8615749999999832,0.2298899999999884
61,1,w1_20260420_032542,14,33670.5,251685.75,150603.75,0.43098500000001266,0.17062999999999248
61,1,w1_20260420_032542,15,173155.5,168927,123337.5,0.6917999999999888,0.16232499999999242
61,1,w1_20260420_032542,16,26425.75,236305.5,145638.75,0.4056800000000155,0.2551349999999961
61,1,w1_20260420_032542,17,83711.75,312754.5,219783.75,0.4209500000000082,0.4211249999999725
61,1,w1_20260420_032542,18,242760,129123,103077,0.764189999999973,0.23672999999999353
61,1,w1_20260420_032542,19,209095.25,165216.75,215448,0.7047399999999784,0.2971449999999933
61,1,w1_20260420_032542,20,168385.25,201379.5,258965.25,0.6338899999999787,0.3279899999999886
61,1,w1_20260420_032542,21,301729,102030,292881,0.8166699999999457,0.3924499999999898
61,1,w1_20260420_032542,22,59258.25,278511.75,285780,0.45748500000000086,0.29837500000000666
61,1,w1_20260420_032542,23,130381.75,247509.75,215428.5,0.3899450000000247,0.5380599999999941
61,1,w1_20260420_032542,24,152565.75,212454.75,214309.5,0.4864300000000285,0.4936899999999974
61,1,w1_20260420_032542,25,80406,226984.5,190849.5,0.5449800000000175,0.23466500000000093
61,1,w1_20260420_032542,26,89698.5,240563.25,260888.25,0.493475000000013,0.3507000000000035
61,1,w1_20260420_032542,27,154821.5,236525.25,256583.25,0.5557150000000056,0.39946000000000026
61,1,w1_20260420_032542,28,244713,132947.25,269709.75,0.7640649999999825,0.31847499999998524
61,1,w1_20260420_032542,29,177000,191778,150012,0.3875250000000224,0.6667949999999752
61,1,w1_20260420_032542,30,238239.5,127878,251242.5,0.7686899999999585,0.29625000000000257
61,1,w1_20260420_032542,31,209283,212116.5,256840.5,0.626374999999995,0.418590000000005
61,1,w1_20260420_032542,32,75295.5,248468.25,268856.25,0.36246500000002513,0.40089999999999354
61,1,w1_20260420_032542,33,328761.25,77304.75,240024,0.8506249999999776,0.3957299999999995
61,1,w1_20260420_032542,34,151136.5,239960.25,252473.25,0.5545000000000102,0.38341000000000097
61,1,w1_20260420_032542,35,272678.25,142538.25,250003.5,0.7504349999999833,0.39079500000000617
61,1,w1_20260420_032542,36,215496,178332.75,239891.25,0.6870099999999619,0.33680500000000624
61,1,w1_20260420_032542,37,76378,182998.5,174853.5,0.4390850000000113,0.3071700000000038
61,1,w1_20260420_032542,38,93400,175442.25,199317.75,0.48432500000002593,0.3740500000000024
61,1,w1_20260420_032542,39,280310.75,115506.75,226702.5,0.7872250000000401,0.3667949999999966
61,1,w1_20260420_032542,40,235849.25,153445.5,197945.25,0.7354999999999765,0.32928499999999783
61,1,w1_20260420_032542,41,90157,204441,196902,0.44955000000001166,0.3780150000000035
61,1,w1_20260420_032542,42,231733.75,214629.75,241366.5,0.49501499999999776,0.5550500000000019
61,1,w1_20260420_032542,43,89341.5,230368.5,252690,0.40975500000002074,0.4051600000000049
61,1,w1_20260420_032542,44,239219.25,78933,247287.75,0.5873500000000006,0.5163850000000155
61,1,w1_20260420_032542,45,255105.5,158494.5,250560,0.712159999999965,0.40154999999999347
61,1,w1_20260420_032542,46,169020.5,218251.5,193038,0.6028549999999562,0.372900000000004
61,1,w1_20260420_032542,47,77187.25,75876.75,264756,0.3636900000000432,0.4547349999999892
61,1,w1_20260420_032542,48,48927.75,61566.75,228205.5,0.5597600000000066,0.3501699999999943
61,1,w1_20260420_032542,49,278783.5,83027.25,269969.25,0.8449699999999674,0.2627600000000022
61,1,w1_20260420_032542,50,16917.25,54443.25,238549.5,0.4109200000000251,0.4116299999999915
61,1,w1_20260420_032542,51,134860,238772.25,205947.75,0.5591899999999912,0.3669399999999998
61,1,w1_20260420_032542,52,212334.5,191883.75,277911.75,0.6631749999999746,0.3868849999999915
61,1,w1_20260420_032542,53,219660.75,170661,215168.25,0.6975899999999747,0.3436649999999884
61,1,w1_20260420_032542,54,145099.25,217374.75,250446,0.5737449999999887,0.4285249999999944
61,1,w1_20260420_032542,55,40084,199089.75,209156.25,0.48465500000000145,0.3346499999999926
61,1,w1_20260420_032542,56,86195.25,238525.5,226619.25,0.4892950000000017,0.32415499999999614
61,1,w1_20260420_032542,57,113531.25,207969.75,208659,0.5715499999999907,0.32969000000001364
61,1,w1_20260420_032542,58,82663.25,164499,163557.75,0.5515749999999878,0.2694400000000052
61,1,w1_20260420_032542,59,118356.75,178230,236033.25,0.5825249999999788,0.3788149999999926
61,1,w1_20260420_032542,60,99446,221256,257928,0.4934100000000162,0.348550000000002
61,1,w1_20260420_032542,61,289931.25,95989.5,289559.25,0.8318299999999792,0.3252650000000047
61,1,w1_20260420_032542,62,283401.5,94957.5,250221,0.8344149999999608,0.30812499999999754
61,1,w1_20260420_032542,63,186324,207445.5,274210.5,0.6223449999999808,0.3827399999999979
61,1,w1_20260420_032542,64,278396,99136.5,246847.5,0.8218949999999828,0.30376500000000883
61,1,w1_20260420_032542,65,122471.75,216646.5,272211.75,0.5555100000000032,0.33377500000000876
61,1,w1_20260420_032542,66,59190.75,118568.25,296631,0.38881000000000215,0.386730000000003
61,1,w1_20260420_032542,67,319766,103368,259986,0.8176000000000083,0.42057500000000336
61,1,w1_20260420_032542,68,269947,146110.5,229942.5,0.7498100000000217,0.4237949999999951
61,1,w1_20260420_032542,69,231362,177488.25,261099.75,0.6818350000000135,0.3972800000000078
61,1,w1_20260420_032542,70,109129,112776.75,83504.25,0.6197949999999837,0.3578099999999924
61,1,w1_20260420_032542,71,126252,155238.75,193289.25,0.6390000000000192,0.37629000000000173
61,1,w1_20260420_032542,72,41210.5,147526.5,153963,0.4790000000000216,0.2744300000000025
61,1,w1_20260420_032542,73,46612.75,125326.5,260340.75,0.4719550000000123,0.3427950000000133
61,1,w1_20260420_032542,74,345599.75,76532.25,295638,0.8613850000000183,0.3973549999999834
61,1,w1_20260420_032542,75,387646.25,39609.75,274404,0.9325700000000388,0.43700499999999576
61,1,w1_20260420_032542,76,16173,59163.75,79133.25,0.3179349999999932,0.3743149999999876
61,1,w1_20260420_032542,77,60134,50092.5,193423.5,0.6655700000000058,0.363839999999997
61,1,w1_20260420_032542,78,232521,137514.75,269564.25,0.7471899999999602,0.29967999999999384
61,1,w1_20260420_032542,79,45894.5,92047.5,212178,0.4059550000000024,0.29871500000000933
61,1,w1_20260420_032542,80,290911.25,123058.5,235100.25,0.7750149999999845,0.4696299999999947
61,1,w1_20260420_032542,81,15326.5,76303.5,342540,0.2968299999999983,0.3727350000000072
61,1,w1_20260420_032542,82,5654.5,105907.5,237768,0.4197300000000427,0.34140499999999696
61,1,w1_20260420_032542,83,35049.25,35564.25,223006.5,0.5132150000000459,0.446399999999993
61,1,w1_20260420_032542,84,197607.75,209208,284444.25,0.6409949999999693,0.3620950000000023
61,1,w1_20260420_032542,85,290871.25,132423.75,254085,0.7645450000000233,0.44438499999999903
61,1,w1_20260420_032542,86,274463,115665.75,270551.25,0.7900549999999781,0.3558450000000039
61,1,w1_20260420_032542,87,230501,152772,283797,0.7054399999999625,0.37038000000001015
61,1,w1_20260420_032542,88,47649,147690.75,229100.25,0.4465800000000263,0.3377949999999982
61,1,w1_20260420_032542,89,25623,156034.5,224842.5,0.4378650000000419,0.3679150000000004
61,1,w1_20260420_032542,90,348176.25,105299.25,257554.5,0.8118499999999444,0.4896800000000154
61,1,w1_20260420_032542,91,255229,166911,300420,0.7067149999999714,0.4134699999999902
61,1,w1_20260420_032542,92,87760,252347.25,265542.75,0.4816250000000109,0.32516499999999876
61,1,w1_20260420_032542,93,174192.25,248205,336882.75,0.5788900000000308,0.3806049999999973
61,1,w1_20260420_032542,94,207721,196995,324774,0.6588950000000238,0.35090500000000086
61,1,w1_20260420_032542,95,305759.75,112031.25,333969,0.811284999999982,0.3694700000000059
61,1,w1_20260420_032542,96,350459.25,30018,284112.75,0.948795000000041,0.3057899999999973
61,1,w1_20260420_032542,97,206191.5,248869.5,269349,0.5705649999999675,0.4490750000000073
61,1,w1_20260420_032542,98,50995.5,222969,286435.5,0.42451000000001393,0.3261300000000031
61,1,w1_20260420_032542,99,298491.5,141468.75,303669.75,0.7599649999999384,0.40855000000000963
61,1,w1_20260420_032542,100,32902.25,123748.5,232469.25,0.4224799999999922,0.40378000000000225
62,0,w0_20260420_033233,1,231700,99445.5,86584.5,0.8049749999999711,0.1640849999999913
62,0,w0_20260420_033233,2,101590,245509.5,55630.5,0.5461099999999883,0.14424999999999902
62,0,w0_20260420_033233,3,-9999.999999999996,171232.03198607214,30644.815077462114,0.3567899999999879,0.1359049999999932
62,0,w0_20260420_033233,4,4776.75,252833.25,53640,0.34729500000000707,0.1921449999999958
62,0,w0_20260420_033233,5,-10000,46753.203162000005,49587.962706000006,0.4360949999999828,0.1744099999999844
62,0,w0_20260420_033233,6,40282.25,96096,43251.75,0.5105649999999936,0.3312350000000096
62,0,w0_20260420_033233,7,30341.5,315128.25,47720.25,0.4033099999999993,0.2040349999999943
62,0,w0_20260420_033233,8,90649.75,241665,66695.25,0.5243850000000037,0.24000499999999897
62,0,w0_20260420_033233,9,68028.5,280909.5,47862,0.47660500000000666,0.18050500000000255
62,0,w0_20260420_033233,10,86977.5,240313.5,72249,0.5182350000000188,0.2851499999999946
62,0,w0_20260420_033233,11,33472.5,279021,78226.5,0.415030000000007,0.2693450000000098
62,0,w0_20260420_033233,12,46074.75,297942,42023.25,0.4312249999999888,0.26413500000001133
62,0,w0_20260420_033233,13,77358,279080.25,74961.75,0.4803899999999861,0.29351500000000513
62,0,w0_20260420_033233,14,95287.25,197539.5,282083.25,0.6317949999999917,0.16717999999999228
62,0,w0_20260420_033233,15,242281.75,82319.25,176829,0.8522749999999539,0.12513499999999494
62,0,w0_20260420_033233,16,96313.75,245343.75,73462.5,0.5381450000000212,0.23390500000000183
62,0,w0_20260420_033233,17,106566.5,255940.5,132153,0.4836400000000015,0.4882799999999827
62,0,w0_20260420_033233,18,435340,133482.75,131237.25,0.7580349999999969,0.7105400000000136
62,0,w0_20260420_033233,19,96048.75,242370,141461.25,0.5112849999999743,0.30165999999998705
62,0,w0_20260420_033233,20,173841,176847,77262,0.6762199999999735,0.2111800000000004
62,0,w0_20260420_033233,21,305084.75,77271,101414.25,0.8635799999999956,0.39779999999999816
62,0,w0_20260420_033233,22,270415.5,110931.75,157482.75,0.8023099999999564,0.3258699999999886
62,0,w0_20260420_033233,23,108631.75,239918.25,286860,0.500505000000006,0.384270000000012
62,0,w0_20260420_033233,24,266758.75,149218.5,251082.75,0.703574999999977,0.4715199999999988
62,0,w0_20260420_033233,25,107998.5,231851.25,202580.25,0.49197500000001027,0.33766999999998293
62,0,w0_20260420_033233,26,68327,238036.5,215896.5,0.43830000000000147,0.32996999999997617
62,0,w0_20260420_033233,27,-10000,49686,19243.5,0.581064999999951,0.6611749999999639
62,0,w0_20260420_033233,28,104343.75,245850,271466.25,0.476355000000001,0.4086749999999898
62,0,w0_20260420_033233,29,343309.5,67617.75,230742.75,0.8802749999999702,0.3949649999999843
62,0,w0_20260420_033233,30,141573,225602.25,258744.75,0.5461700000000218,0.41528999999998367
62,0,w0_20260420_033233,31,359303.25,57900,258516.75,0.8988349999999588,0.40229999999999
62,0,w0_20260420_033233,32,110471,243093.75,166085.25,0.5316699999999788,0.2497149999999849
62,0,w0_20260420_033233,33,18369,233935.5,155785.5,0.38609500000001223,0.3277299999999865
62,0,w0_20260420_033233,34,290309.5,96011.25,178499.25,0.8300399999999892,0.31302499999999844
62,0,w0_20260420_033233,35,105505,254604,244131,0.5048750000000117,0.37100999999998824
62,0,w0_20260420_033233,36,129149.75,253641.75,203158.5,0.5464799999999802,0.3292949999999883
62,0,w0_20260420_033233,37,111375,260212.5,253642.5,0.4827399999999941,0.38159499999998625
62,0,w0_20260420_033233,38,187479.75,226085.25,205815,0.6039549999999951,0.3852199999999933
62,0,w0_20260420_033233,39,392404,40764.75,219971.25,0.9297349999999996,0.4404650000000036
62,0,w0_20260420_033233,40,198691.25,232935,248223.75,0.5935749999999784,0.4222100000000005
62,0,w0_20260420_033233,41,370784.25,56604,248571.75,0.9024999999999742,0.4198049999999952
62,0,w0_20260420_033233,42,163356,256882.5,254311.5,0.5346600000000145,0.4255749999999954
62,0,w0_20260420_033233,43,344258.75,74208.75,248152.5,0.871599999999881,0.39196999999999177
62,0,w0_20260420_033233,44,311969.75,196240.5,222249.75,0.6459599999999909,0.58999
62,0,w0_20260420_033233,45,341518,71618.25,257163.75,0.8770599999999565,0.3850400000000045
62,0,w0_20260420_033233,46,96663.75,213765.75,324820.5,0.4760199999999925,0.39458499999999735
62,0,w0_20260420_033233,47,384350,65943,275097,0.8836799999999199,0.4551850000000061
62,0,w0_20260420_033233,48,351514.25,81228,271887.75,0.8607800000000114,0.4119949999999959
62,0,w0_20260420_033233,49,202143.5,224865,269311.5,0.6113900000000212,0.420340000000004
62,0,w0_20260420_033233,50,85236.25,171390.75,297663,0.4403199999999899,0.38710500000000864
62,0,w0_20260420_033233,51,193276,207765.75,298238.25,0.6058399999999737,0.4019700000000075
62,0,w0_20260420_033233,52,197491.5,196257.75,281640.75,0.5940499999999738,0.435515000000001
62,0,w0_20260420_033233,53,256596.75,175131,259142.25,0.6720050000000062,0.46798999999999913
62,0,w0_20260420_033233,54,163196,224672.25,306951.75,0.5884000000000078,0.3704950000000019
62,0,w0_20260420_033233,55,222004.5,187840.5,297405,0.6612950000000014,0.4136500000000072
62,0,w0_20260420_033233,56,209167.75,163245.75,272236.5,0.6518649999999753,0.4692399999999852
62,0,w0_20260420_033233,57,330677.5,106545.75,282876.75,0.8059400000000005,0.4449350000000057
62,0,w0_20260420_033233,58,407605,47253,259572,0.9194850000000092,0.4626049999999978
62,0,w0_20260420_033233,59,114206.75,155177.25,286446,0.5342149999999921,0.39942500000001807
62,0,w0_20260420_033233,60,114247.75,150252.75,302989.5,0.557209999999967,0.41030000000001365
62,0,w0_20260420_033233,61,134474.75,193836,310469.25,0.5020949999999953,0.4367100000000069
62,0,w0_20260420_033233,62,-10000,140731.5,131100,0.262199999999959,0.5514049999999283
62,0,w0_20260420_033233,63,421553.5,36117.75,286308.75,0.9186500000000306,0.48055500000000345
62,0,w0_20260420_033233,64,160094.25,162266.25,313759.5,0.5590849999999807,0.4032249999999928
62,0,w0_20260420_033233,65,170725.5,147470.25,302354.25,0.5893249999999999,0.408054999999996
62,0,w0_20260420_033233,66,73431.5,204051.75,278346.75,0.37511999999999096,0.4903549999999968
62,0,w0_20260420_033233,67,355302,55053.75,283304.25,0.8935250000000047,0.40175499999999587
62,0,w0_20260420_033233,68,321199.75,64747.5,322512.75,0.8868250000000327,0.3230999999999953
62,0,w0_20260420_033233,69,180142,176964.75,278843.25,0.6617949999999847,0.35614000000000645
62,0,w0_20260420_033233,70,245551.75,119262,250916.25,0.7905599999999618,0.285555000000002
62,0,w0_20260420_033233,71,294034.5,118240.5,248895,0.7948399999999689,0.4209049999999818
62,0,w0_20260420_033233,72,195114.5,159316.5,291549,0.6520649999999701,0.40283500000000105
62,0,w0_20260420_033233,73,159034.5,139266.75,278208.75,0.5741700000000003,0.4097549999999973
62,0,w0_20260420_033233,74,168318.75,108945.75,270505.5,0.6361449999999969,0.4082999999999923
62,0,w0_20260420_033233,75,89406.25,77376.75,244617,0.6830199999999153,0.30657500000000143
62,0,w0_20260420_033233,76,183192.25,135141.75,177696,0.7052699999999974,0.33847499999997077
62,0,w0_20260420_033233,77,204458,115758,295944,0.6312349999999733,0.4170449999999976
62,0,w0_20260420_033233,78,214907,143871.75,278201.25,0.6828149999999951,0.38264499999999374
62,0,w0_20260420_033233,79,233794,120266.25,252639.75,0.7270049999999882,0.36852999999998687
62,0,w0_20260420_033233,80,91981.75,98408.25,254460,0.6382599999999387,0.3481450000000012
62,0,w0_20260420_033233,81,300799.75,103338.75,210001.5,0.8159650000000384,0.40707499999998414
62,0,w0_20260420_033233,82,107089.5,190674.75,199035.75,0.5138200000000084,0.36552999999997576
62,0,w0_20260420_033233,83,116724.75,160785,269180.25,0.6056649999999805,0.3433150000000011
62,0,w0_20260420_033233,84,112726,116351.25,303612.75,0.6237349999999896,0.3685549999999798
62,0,w0_20260420_033233,85,84906.75,135307.5,288795.75,0.48896999999999663,0.3886599999999987
62,0,w0_20260420_033233,86,265139.25,91962.75,243858,0.7688249999999919,0.34953000000000406
62,0,w0_20260420_033233,87,261874.75,145827,251288.25,0.7150399999999678,0.4315649999999867
62,0,w0_20260420_033233,88,249973,140051.25,300285.75,0.7597599999999864,0.3259100000000006
62,0,w0_20260420_033233,89,75111.25,134626.5,275702.25,0.4779750000000149,0.3782150000000149
62,0,w0_20260420_033233,90,103524.5,146415,231190.5,0.5642699999999945,0.3552150000000058
62,0,w0_20260420_033233,91,134559.75,178947,296903.25,0.5746299999999671,0.38011500000000914
62,0,w0_20260420_033233,92,148615,171929.25,258825.75,0.6223299999999696,0.3218350000000095
62,0,w0_20260420_033233,93,177528.5,159255.75,294615.75,0.6340149999999846,0.3888649999999903
62,0,w0_20260420_033233,94,135089.25,154519.5,273221.25,0.5938199999999951,0.36359499999999184
62,0,w0_20260420_033233,95,150666.75,145716.75,280486.5,0.5982750000000226,0.42864499999999306
62,0,w0_20260420_033233,96,194763,151140.75,256076.25,0.6793249999999683,0.36674500000000915
62,0,w0_20260420_033233,97,178066.25,144182.25,278221.5,0.6259199999999819,0.3823750000000018
62,0,w0_20260420_033233,98,98495,153235.5,233749.5,0.5938099999999896,0.3542000000000043
62,0,w0_20260420_033233,99,183361,125907,280752,0.6820649999999859,0.4124900000000054
62,0,w0_20260420_033233,100,186913,140126.25,279240.75,0.6728499999999811,0.3725149999999977
62,1,w1_20260420_033925,1,206121.25,96519,94329.75,0.7804449999999628,0.17687999999998777
62,1,w1_20260420_033925,2,113067.5,231687.75,65124.75,0.5707049999999932,0.14981999999999515
62,1,w1_20260420_033925,3,100412,248337.75,57350.25,0.538429999999996,0.1703149999999938
62,1,w1_20260420_033925,4,24969.25,270150.75,49860,0.3874249999999891,0.2281100000000045
62,1,w1_20260420_033925,5,44878.75,291994.5,55536.75,0.4381149999999963,0.16320499999999075
62,1,w1_20260420_033925,6,28557.75,283132.5,82269.75,0.4248450000000044,0.2054399999999929
62,1,w1_20260420_033925,7,153495.5,198729.75,66954.75,0.6350549999999886,0.20853999999998984
62,1,w1_20260420_033925,8,123733.25,225329.25,112267.5,0.5843899999999832,0.24480499999998875
62,1,w1_20260420_033925,9,37789.5,251425.5,155685,0.37127500000001434,0.40768500000000424
62,1,w1_20260420_033925,10,-1587.75,230602.5,265025.25,0.300580000000029,0.3538100000000001
62,1,w1_20260420_033925,11,68546.75,244517.25,156906,0.500894999999995,0.2088849999999975
62,1,w1_20260420_033925,12,111740,151190.25,128139.75,0.613649999999984,0.3009999999999994
62,1,w1_20260420_033925,13,188158.5,196519.5,108642,0.6281799999999543,0.4297800000000101
62,1,w1_20260420_033925,14,126733.75,154799.25,263937,0.5745900000000527,0.3948849999999809
62,1,w1_20260420_033925,15,405862.75,111905.25,191352,0.7914949999999525,0.6270799999999824
62,1,w1_20260420_033925,16,169478.5,206239.5,285342,0.6284249999999921,0.334770000000004
62,1,w1_20260420_033925,17,83834,293684.25,292491.75,0.4732300000000267,0.3334949999999884
62,1,w1_20260420_033925,18,13935.75,135017.25,175257,0.34176999999999297,0.3016549999999996
62,1,w1_20260420_033925,19,43344.75,274257.75,216397.5,0.4059000000000107,0.32259500000000435
62,1,w1_20260420_033925,20,222732,143575.5,259582.5,0.7453049999999486,0.30374000000000095
62,1,w1_20260420_033925,21,119216.5,266131.5,240882,0.5307600000000016,0.3408250000000025
62,1,w1_20260420_033925,22,184174.5,227470.5,306135,0.5971199999999837,0.401394999999999
62,1,w1_20260420_033925,23,156703.25,230580.75,222726,0.5919299999999822,0.34345999999999843
62,1,w1_20260420_033925,24,123831.25,250289.25,163939.5,0.5597599999999868,0.31100500000000914
62,1,w1_20260420_033925,25,68891.75,309549.75,166018.5,0.44789000000000223,0.32195499999998706
62,1,w1_20260420_033925,26,24666,172227,216537,0.38368500000000466,0.3693700000000099
62,1,w1_20260420_033925,27,41877.5,256176.75,146805.75,0.3918150000000078,0.297695000000001
62,1,w1_20260420_033925,28,43401.5,242075.25,260243.25,0.31462000000000334,0.4208500000000005
62,1,w1_20260420_033925,29,104395.75,220261.5,153702.75,0.5207299999999985,0.31791499999998896
62,1,w1_20260420_033925,30,49249.25,243527.25,229843.5,0.3563749999999999,0.3567200000000085
62,1,w1_20260420_033925,31,55776.25,189238.5,123515.25,0.4424750000000029,0.33702500000000507
62,1,w1_20260420_033925,32,187031,154383,129456,0.7074699999999788,0.30745000000000244
62,1,w1_20260420_033925,33,299030.5,60134.25,88295.25,0.8892900000000005,0.27907999999999167
62,1,w1_20260420_033925,34,77179.25,208255.5,215315.25,0.33848000000000344,0.4266449999999997
62,1,w1_20260420_033925,35,207282.75,182103,228554.25,0.6625299999999567,0.36277499999998947
62,1,w1_20260420_033925,36,75629.25,183813,198477.75,0.4672850000000174,0.3412850000000022
62,1,w1_20260420_033925,37,192454.25,193191.75,132804,0.6605999999999812,0.2951299999999909
62,1,w1_20260420_033925,38,111183.5,252320.25,80456.25,0.5384299999999894,0.23392999999999725
62,1,w1_20260420_033925,39,82793.25,155493,218253.75,0.5389799999999741,0.4024350000000064
62,1,w1_20260420_033925,40,100402.75,163818,233219.25,0.5823649999999617,0.3574250000000067
62,1,w1_20260420_033925,41,-10000,127734,142494,0.3195299999999523,0.5165550000000138
62,1,w1_20260420_033925,42,-7454,227823.75,218510.25,0.2982650000000164,0.3489999999999928
62,1,w1_20260420_033925,43,76461.75,206255.25,273783,0.4711549999999913,0.3846200000000148
62,1,w1_20260420_033925,44,125816.5,257500.5,280083,0.4925849999999878,0.4215849999999912
62,1,w1_20260420_033925,45,231074.5,176785.5,279900,0.690089999999979,0.3877600000000127
62,1,w1_20260420_033925,46,323312,76569.75,259418.25,0.8664049999999752,0.3598249999999968
62,1,w1_20260420_033925,47,158048.5,230010.75,253350.75,0.586899999999968,0.3533050000000158
62,1,w1_20260420_033925,48,34819,169912.5,270628.5,0.348560000000018,0.3802199999999944
62,1,w1_20260420_033925,49,189378.25,202790.25,249661.5,0.6370799999999865,0.384204999999992
62,1,w1_20260420_033925,50,276477.25,110756.25,169426.5,0.8108799999999453,0.35856000000000265
62,1,w1_20260420_033925,51,195329,256216.5,280624.5,0.5593100000000023,0.4537849999999945
62,1,w1_20260420_033925,52,52345.5,248360.25,254024.25,0.4286899999999995,0.3294899999999989
62,1,w1_20260420_033925,53,316693.75,141723.75,278602.5,0.7492300000000026,0.4800850000000005
62,1,w1_20260420_033925,54,99495.5,239113.5,216651,0.5036050000000155,0.34682000000000457
62,1,w1_20260420_033925,55,172932.5,229823.25,215684.25,0.5996849999999926,0.39616500000000326
62,1,w1_20260420_033925,56,330917.5,77583.75,206328.75,0.8674099999999726,0.413274999999989
62,1,w1_20260420_033925,57,86578.75,305145.75,222625.5,0.44966500000000087,0.3926899999999998
62,1,w1_20260420_033925,58,130681.75,253241.25,228177,0.5186250000000008,0.42040500000001246
62,1,w1_20260420_033925,59,189291.5,211749,162829.5,0.6362500000000016,0.3325500000000051
62,1,w1_20260420_033925,60,261289.5,146827.5,184833,0.7507549999999443,0.39291000000000315
62,1,w1_20260420_033925,61,87358,277156.5,246475.5,0.3948950000000062,0.47754500000001027
62,1,w1_20260420_033925,62,52396.25,130009.5,211484.25,0.26356500000000405,0.4632950000000132
62,1,w1_20260420_033925,63,265672.25,131408.25,241249.5,0.7651099999999305,0.3491600000000109
62,1,w1_20260420_033925,64,245623.5,137348.25,212078.25,0.7624899999999932,0.32514000000000476
62,1,w1_20260420_033925,65,195281.5,228402,249826.5,0.610689999999989,0.42155499999999974
62,1,w1_20260420_033925,66,77484.5,253643.25,288302.25,0.37554999999998995,0.4194949999999827
62,1,w1_20260420_033925,67,45850.5,175500,107149.5,0.3400599999999983,0.3938800000000052
62,1,w1_20260420_033925,68,163625.25,211883.25,224161.5,0.4802600000000036,0.4965999999999942
62,1,w1_20260420_033925,69,85344.25,202434,145011.75,0.48518500000001,0.334044999999999
62,1,w1_20260420_033925,70,83494.75,174627,133628.25,0.4889749999999929,0.3922749999999984
62,1,w1_20260420_033925,71,317149.5,66861.75,110988.75,0.87637499999997,0.2587599999999973
62,1,w1_20260420_033925,72,84834.75,192675.75,176929.5,0.4428750000000011,0.37624500000000904
62,1,w1_20260420_033925,73,145013.75,234606,238190.25,0.554505,0.4050900000000048
62,1,w1_20260420_033925,74,174752.75,236309.25,290928,0.5432150000000069,0.4537299999999992
62,1,w1_20260420_033925,75,224306.75,207699,213584.25,0.625760000000001,0.48677500000000856
62,1,w1_20260420_033925,76,107798.5,201379.5,153762,0.5013849999999921,0.3964550000000133
62,1,w1_20260420_033925,77,118959,198269.25,174201.75,0.5682749999999911,0.32699499999999687
62,1,w1_20260420_033925,78,158380.25,221104.5,215075.25,0.5773249999999974,0.4077599999999928
62,1,w1_20260420_033925,79,191997,164256.75,188756.25,0.7091399999999823,0.2654499999999978
62,1,w1_20260420_033925,80,144324.25,236381.25,183634.5,0.5683999999999632,0.3860699999999927
62,1,w1_20260420_033925,81,114924.5,221349,138856.5,0.5255549999999741,0.3870249999999943
62,1,w1_20260420_033925,82,132453,197607,125460,0.5699199999999695,0.38573999999999103
62,1,w1_20260420_033925,83,127001,202825.5,115513.5,0.5713199999999978,0.3596399999999888
62,1,w1_20260420_033925,84,264864,104904,145932,0.8161199999999735,0.2818099999999925
62,1,w1_20260420_033925,85,142070.75,219026.25,184143,0.6085400000000017,0.31896999999998926
62,1,w1_20260420_033925,86,266568.25,118190.25,147601.5,0.8005299999999407,0.3305449999999918
62,1,w1_20260420_033925,87,95976,234459,198915,0.5490999999999759,0.2641399999999905
62,1,w1_20260420_033925,88,-10000,118830,75927,0.33391499999995455,0.6597199999999278
62,1,w1_20260420_033925,89,206165.75,164091,179723.25,0.660759999999943,0.4537750000000323
62,1,w1_20260420_033925,90,55373.25,207527.25,181039.5,0.39808999999999023,0.4473499999999984
62,1,w1_20260420_033925,91,323340.5,54256.5,248613,0.905434999999992,0.29109999999999364
62,1,w1_20260420_033925,92,290807.75,93086.25,146436,0.8438849999999934,0.2882349999999874
62,1,w1_20260420_033925,93,161334.75,235443.75,166381.5,0.5439699999999617,0.49689499999997544
62,1,w1_20260420_033925,94,252656.25,149400.75,268923,0.710819999999979,0.39805500000000354
62,1,w1_20260420_033925,95,148689.25,227120.25,248260.5,0.5365449999999864,0.4226849999999928
62,1,w1_20260420_033925,96,292012,95691.75,179786.25,0.8285999999999515,0.3592249999999934
62,1,w1_20260420_033925,97,193384,197202,163704,0.6589649999999717,0.38152499999999634
62,1,w1_20260420_033925,98,232853.25,146427.75,217509,0.7488799999999628,0.3334599999999875
62,1,w1_20260420_033925,99,384103.5,136585.5,230211,0.7677849999999469,0.5604999999999876
62,1,w1_20260420_033925,100,181608.75,192055.5,180585.75,0.6399649999999915,0.3798149999999862
63,0,w0_20260420_034618,1,230658.75,86558.25,132543,0.8256299999999682,0.19462000000000024
63,0,w0_20260420_034618,2,214403.5,134103.75,69462.75,0.7503699999999809,0.202265000000004
63,0,w0_20260420_034618,3,264792.75,82710,66767.25,0.8476349999999772,0.17996999999999938
63,0,w0_20260420_034618,4,166280.25,185958.75,60171,0.6592099999999587,0.1686599999999975
63,0,w0_20260420_034618,5,56675.5,289763.25,53531.25,0.45482500000000975,0.1284049999999971
63,0,w0_20260420_034618,6,-10000,112218,24552,0.4059750000000309,0.16212500000000235
63,0,w0_20260420_034618,7,132718,219521.25,51030.75,0.5956299999999766,0.1817200000000029
63,0,w0_20260420_034618,8,154695.75,202267.5,49806.75,0.631254999999983,0.17395500000000558
63,0,w0_20260420_034618,9,-9999.999999999998,102583.015875,45043.513875,0.32071999999998596,0.23991000000000184
63,0,w0_20260420_034618,10,61357.75,169811.25,37461,0.49516499999999103,0.25604500000000674
63,0,w0_20260420_034618,11,119549.25,247505.25,43045.5,0.5508349999999984,0.32752999999999194
63,0,w0_20260420_034618,12,159013.25,191576.25,65200.5,0.651004999999983,0.1475249999999924
63,0,w0_20260420_034618,13,-9109.5,108522,60967.5,0.14090500000000117,0.44330500000000395
63,0,w0_20260420_034618,14,135652.75,161315.25,170322,0.3155799999999984,0.5614700000000058
63,0,w0_20260420_034618,15,209365.5,181964.25,48230.25,0.6661799999999685,0.4606199999999998
63,0,w0_20260420_034618,16,30317.5,292754.25,216518.25,0.3506449999999933,0.33336000000000965
63,0,w0_20260420_034618,17,282496.25,78025.5,132938.25,0.8601649999999625,0.21360999999999553
63,0,w0_20260420_034618,18,88336.25,342452.25,261751.5,0.35860999999999926,0.4642700000000331
63,0,w0_20260420_034618,19,386727.75,62219.25,248463,0.8863799999999558,0.48365500000000466
63,0,w0_20260420_034618,20,343421,92123.25,299745.75,0.8345049999999741,0.4495699999999967
63,0,w0_20260420_034618,21,140600.75,257658,297551.25,0.5429499999999877,0.3699350000000174
63,0,w0_20260420_034618,22,104981,275643.75,254345.25,0.37942000000000986,0.4912050000000289
63,0,w0_20260420_034618,23,103041.5,275270.25,272888.25,0.49017500000001474,0.3598700000000101
63,0,w0_20260420_034618,24,343270,76108.5,286561.5,0.8650850000000085,0.4015800000000044
63,0,w0_20260420_034618,25,317230,64415.25,206184.75,0.8863549999999839,0.3101999999999951
63,0,w0_20260420_034618,26,-878.25,170565,257783.25,0.1686900000000005,0.37559999999997945
63,0,w0_20260420_034618,27,8223,57393.75,263873.25,0.17342500000000025,0.36393999999999394
63,0,w0_20260420_034618,28,363987.25,73157.25,286885.5,0.8602949999999598,0.4494950000000047
63,0,w0_20260420_034618,29,303744,105476.25,275019.75,0.816829999999967,0.38214999999999966
63,0,w0_20260420_034618,30,256664.5,162540,285865.5,0.7165799999999639,0.3902799999999952
63,0,w0_20260420_034618,31,61681.75,222263.25,272895,0.284450000000011,0.4557800000000076
63,0,w0_20260420_034618,32,110007.25,270530.25,258592.5,0.5030150000000209,0.3455949999999971
63,0,w0_20260420_034618,33,361574.25,43968.75,255957,0.9109950000000072,0.3925600000000045
63,0,w0_20260420_034618,34,123445.75,257761.5,287832.75,0.5214649999999746,0.3874050000000068
63,0,w0_20260420_034618,35,205434.75,162105,245360.25,0.6846849999999978,0.3317949999999989
63,0,w0_20260420_034618,36,303653.25,92787,225999.75,0.839119999999966,0.3268799999999992
63,0,w0_20260420_034618,37,42887.25,235611.75,260691,0.39947000000000066,0.34449499999999666
63,0,w0_20260420_034618,38,345723.25,102350.25,288736.5,0.8180600000000242,0.4509650000000153
63,0,w0_20260420_034618,39,229372.25,190730.25,300427.5,0.6714049999999763,0.3913150000000043
63,0,w0_20260420_034618,40,219942,191469,286389,0.6709249999999883,0.3652200000000097
63,0,w0_20260420_034618,41,303757,151107.75,294275.25,0.7406599999999778,0.455375000000017
63,0,w0_20260420_034618,42,88904.75,259819.5,309465.75,0.4216599999999943,0.404260000000008
63,0,w0_20260420_034618,43,153439,249766.5,288394.5,0.5715149999999798,0.34175500000001396
63,0,w0_20260420_034618,44,183012,232201.5,289186.5,0.5988299999999739,0.3800549999999904
63,0,w0_20260420_034618,45,199076.25,219946.5,285407.25,0.6237249999999933,0.3820999999999971
63,0,w0_20260420_034618,46,54981,323382.75,249626.25,0.3926900000000544,0.3351950000000088
63,0,w0_20260420_034618,47,107890.5,189072,237787.5,0.45344999999999225,0.5035899999999885
63,0,w0_20260420_034618,48,93611.25,258501,308307.75,0.4234400000000033,0.40875000000001493
63,0,w0_20260420_034618,49,164345.75,239105.25,280899,0.5492250000000065,0.43393999999999194
63,0,w0_20260420_034618,50,80443.75,197359.5,267366.75,0.2876300000000007,0.4590600000000056
63,0,w0_20260420_034618,51,331186.5,79502.25,260711.25,0.8485400000000074,0.39210000000000106
63,0,w0_20260420_034618,52,377953,56538.75,290978.25,0.9037349999999356,0.4217850000000053
63,0,w0_20260420_034618,53,309582.75,142954.5,288492.75,0.7357549999999944,0.4704449999999977
63,0,w0_20260420_034618,54,333427.25,77301.75,254001,0.8677050000000112,0.35270999999999597
63,0,w0_20260420_034618,55,129717.25,242631,254991.75,0.530479999999969,0.3837050000000072
63,0,w0_20260420_034618,56,117307.75,223977,246635.25,0.4949150000000003,0.35994999999999816
63,0,w0_20260420_034618,57,108342.75,206415,255902.25,0.4457500000000024,0.39484999999999654
63,0,w0_20260420_034618,58,256450,200899.5,197050.5,0.5556449999999883,0.6117100000000031
63,0,w0_20260420_034618,59,322209.75,115548,269822.25,0.7548999999999859,0.4601899999999898
63,0,w0_20260420_034618,60,187441.25,186828,240450.75,0.5730600000000226,0.385925000000008
63,0,w0_20260420_034618,61,312508.75,97360.5,268350.75,0.806314999999905,0.4002650000000004
63,0,w0_20260420_034618,62,187494.75,155085.75,261049.5,0.6409399999999777,0.40988499999999595
63,0,w0_20260420_034618,63,222041,179010,271089,0.5685849999999999,0.49563999999998
63,0,w0_20260420_034618,64,110732.75,176949.75,121597.5,0.5441200000000165,0.3224950000000064
63,0,w0_20260420_034618,65,274004.5,95374.5,142521,0.7802549999999703,0.46303500000001274
63,0,w0_20260420_034618,66,218674.25,195712.5,238433.25,0.5951100000000179,0.5291049999999919
63,0,w0_20260420_034618,67,238692.5,200363.25,236954.25,0.5684500000000072,0.543074999999991
63,0,w0_20260420_034618,68,186495.5,138901.5,310683,0.638309999999963,0.38500500000002086
63,0,w0_20260420_034618,69,89857.25,185898.75,292644,0.4920999999999924,0.36687999999999454
63,0,w0_20260420_034618,70,253881.25,132030,231588.75,0.7473699999999902,0.3812899999999928
63,0,w0_20260420_034618,71,139629.25,231583.5,277007.25,0.49212999999998375,0.4520100000000241
63,0,w0_20260420_034618,72,297968,80491.5,245740.5,0.8499049999999313,0.3279650000000208
63,0,w0_20260420_034618,73,56819,175938,151653,0.48927500000001417,0.4384900000000167
63,0,w0_20260420_034618,74,347027.75,77959.5,248112.75,0.856679999999939,0.43869499999999745
63,0,w0_20260420_034618,75,206508.5,119409.75,301251.75,0.6326899999999955,0.40215499999998977
63,0,w0_20260420_034618,76,189833.5,145857,292669.5,0.5406949999999818,0.4164599999999944
63,0,w0_20260420_034618,77,102599,164061,216210,0.5255849999999703,0.37081999999998205
63,0,w0_20260420_034618,78,138226.5,188163.75,309579.75,0.5766399999999883,0.412635000000006
63,0,w0_20260420_034618,79,144535,131839.5,251485.5,0.6055850000000116,0.36492500000000633
63,0,w0_20260420_034618,80,116454.5,227832.75,295812.75,0.4806549999999877,0.43687499999999574
63,0,w0_20260420_034618,81,-10000,83548.5,76066.5,0.5366649999999826,0.575590000000041
63,0,w0_20260420_034618,82,152367.75,125269.5,267852.75,0.6144249999999887,0.3677700000000097
63,0,w0_20260420_034618,83,-9972.25,104236.5,295635.75,0.13585000000001116,0.3568000000000063
63,0,w0_20260420_034618,84,-3153.25,137019,253334.25,0.2591950000000434,0.3767450000000141
63,0,w0_20260420_034618,85,7974.25,55819.5,188306.25,0.23215500000000033,0.4080899999999882
63,0,w0_20260420_034618,86,25264.75,53708.25,305097,0.27363000000000914,0.3792550000000044
63,0,w0_20260420_034618,87,151356.25,45679.5,296954.25,0.4785049999999718,0.3806350000000052
63,0,w0_20260420_034618,88,135574.25,115461,268584.75,0.6435399999999684,0.3684850000000033
63,0,w0_20260420_034618,89,173499,151698.75,228452.25,0.7138349999999702,0.3731550000000104
63,0,w0_20260420_034618,90,38775.75,305625,281159.25,0.3605649999999908,0.3971550000000131
63,0,w0_20260420_034618,91,89920,279510,257220,0.4335950000000078,0.4110399999999992
63,0,w0_20260420_034618,92,251528,56751.75,127820.25,0.8602499999999514,0.363810000000009
63,0,w0_20260420_034618,93,282598.25,100722,253899.75,0.8139449999999488,0.3536200000000171
63,0,w0_20260420_034618,94,303682.25,82854.75,292293,0.842784999999946,0.35426500000001476
63,0,w0_20260420_034618,95,243047.25,120238.5,271094.25,0.6734800000000093,0.4608749999999958
63,0,w0_20260420_034618,96,40261.75,197286,289112.25,0.3712800000000075,0.3533750000000026
63,0,w0_20260420_034618,97,288729.25,57471.75,269049,0.8236499999999549,0.43258999999999787
63,0,w0_20260420_034618,98,152530.5,188136,276673.5,0.4981049999999822,0.4269049999999871
63,0,w0_20260420_034618,99,295093.5,83320.5,295776,0.822564999999857,0.3914400000000047
63,0,w0_20260420_034618,100,76820.5,163449,281440.5,0.39220500000001024,0.4092400000000012
63,1,w1_20260420_035309,1,209478.5,105772.5,137319,0.7791299999999715,0.191239999999982
63,1,w1_20260420_035309,2,196626.75,151075.5,67257.75,0.7192049999999857,0.1945999999999811
63,1,w1_20260420_035309,3,269403.5,78164.25,66932.25,0.8556699999999741,0.17530999999998848
63,1,w1_20260420_035309,4,136727,217413.75,55019.25,0.6022549999999683,0.1878899999999893
63,1,w1_20260420_035309,5,70754.75,285674.25,53271,0.4760349999999872,0.2127250000000034
63,1,w1_20260420_035309,6,138708.5,218313,50728.5,0.6024149999999763,0.1614699999999938
63,1,w1_20260420_035309,7,123495.5,240001.5,41283,0.5640649999999745,0.2874500000000059
63,1,w1_20260420_035309,8,209943.25,146577,49719.75,0.7335299999999709,0.14884499999998585
63,1,w1_20260420_035309,9,32379.75,292482.75,123187.5,0.3922899999999992,0.3561700000000019
63,1,w1_20260420_035309,10,210478.25,197348.25,141883.5,0.6424649999999809,0.4653649999999903
63,1,w1_20260420_035309,11,293690.5,123047.25,216542.25,0.7811249999999798,0.42979500000000614
63,1,w1_20260420_035309,12,195013,195275.25,240471.75,0.6494999999999876,0.3695600000000081
63,1,w1_20260420_035309,13,40092.5,211785.75,258171.75,0.36713499999998817,0.41170500000002047
63,1,w1_20260420_035309,14,70170,195750,259110,0.3179800000000017,0.4901050000000081
63,1,w1_20260420_035309,15,239220.5,133869.75,192849.75,0.7530400000000105,0.3325799999999946
63,1,w1_20260420_035309,16,151798.75,235274.25,239487,0.5791999999999988,0.34380500000001807
63,1,w1_20260420_035309,17,282713.75,107369.25,255627,0.793054999999995,0.4083250000000016
63,1,w1_20260420_035309,18,2917,253722.75,298370.25,0.31861000000001377,0.32708000000000736
63,1,w1_20260420_035309,19,289094,111916.5,276529.5,0.7988199999999857,0.3794749999999902
63,1,w1_20260420_035309,20,275251,148830,259719,0.7358799999999939,0.4320299999999923
63,1,w1_20260420_035309,21,62638.25,291848.25,258103.5,0.408345000000006,0.36511000000000754
63,1,w1_20260420_035309,22,85468.25,260736,232875.75,0.4511249999999952,0.37168999999999847
63,1,w1_20260420_035309,23,155173.5,256545,280651.5,0.5328149999999974,0.4177149999999859
63,1,w1_20260420_035309,24,243451.75,175571.25,268287,0.6882349999999797,0.4154150000000008
63,1,w1_20260420_035309,25,211925,225798,265557,0.5974900000000007,0.4466550000000239
63,1,w1_20260420_035309,26,127361.75,231657.75,232780.5,0.5441350000000007,0.34533999999999776
63,1,w1_20260420_035309,27,251819,152542.5,242848.5,0.7341199999999677,0.3619149999999811
63,1,w1_20260420_035309,28,310276,87317.25,265956.75,0.8475149999999781,0.3427799999999978
63,1,w1_20260420_035309,29,202938.75,162611.25,177720,0.7175099999999807,0.22624499999999537
63,1,w1_20260420_035309,30,92584.75,297604.5,230970.75,0.4402650000000035,0.4133300000000007
63,1,w1_20260420_035309,31,28480.5,216936,262483.5,0.28153500000001,0.4340400000000217
63,1,w1_20260420_035309,32,289531,118990.5,219868.5,0.7915049999999432,0.3767449999999898
63,1,w1_20260420_035309,33,113571.75,249855.75,206752.5,0.5117650000000075,0.3732749999999911
63,1,w1_20260420_035309,34,114236.5,225934.5,199659,0.5107250000000104,0.36113999999998536
63,1,w1_20260420_035309,35,123281.25,265762.5,221516.25,0.5203699999999895,0.3666349999999969
63,1,w1_20260420_035309,36,292045,87510.75,222944.25,0.8464999999999869,0.30171499999999385
63,1,w1_20260420_035309,37,9157,143853.75,242939.25,0.2192749999999965,0.3795299999999834
63,1,w1_20260420_035309,38,140365.25,88590.75,227814,0.7093449999999906,0.3991549999999838
63,1,w1_20260420_035309,39,26191,140311.5,300277.5,0.16862999999998546,0.4174800000000009
63,1,w1_20260420_035309,40,272355.25,116155.5,293639.25,0.7536149999999939,0.4034549999999965
63,1,w1_20260420_035309,41,375840.75,43311.75,266647.5,0.9257099999999768,0.3721349999999997
63,1,w1_20260420_035309,42,319411.75,73885.5,257922.75,0.8729999999999764,0.31599999999999356
63,1,w1_20260420_035309,43,32349.25,84987.75,247653,0.31525000000001735,0.4171249999999946
63,1,w1_20260420_035309,44,226982,221779.5,287128.5,0.5827950000000122,0.4843900000000146
63,1,w1_20260420_035309,45,46827.75,231695.25,306567,0.3757399999999941,0.3730050000000097
63,1,w1_20260420_035309,46,88603.25,268064.25,300982.5,0.4596950000000032,0.3597049999999972
63,1,w1_20260420_035309,47,-2005,124491.75,231353.25,0.28093000000000073,0.34970999999998914
63,1,w1_20260420_035309,48,392364,48601.5,272884.5,0.906184999999906,0.44338499999999786
63,1,w1_20260420_035309,49,82978,302254.5,295717.5,0.4224100000000078,0.3810550000000182
63,1,w1_20260420_035309,50,271551.75,117453.75,241684.5,0.7812799999999757,0.3874900000000023
63,1,w1_20260420_035309,51,122269.25,250194.75,284106,0.5366700000000162,0.3419200000000084
63,1,w1_20260420_035309,52,119650.5,218553.75,302205.75,0.5285450000000095,0.3477300000000053
63,1,w1_20260420_035309,53,14399.25,168849,304641.75,0.2435800000000001,0.36109500000000305
63,1,w1_20260420_035309,54,293278.25,96068.25,190243.5,0.8234649999999374,0.4030949999999928
63,1,w1_20260420_035309,55,21631.25,197695.5,257333.25,0.3255250000000139,0.28473500000000335
63,1,w1_20260420_035309,56,383817.5,73324.5,251268,0.8675700000000044,0.4816749999999865
63,1,w1_20260420_035309,57,278068.5,120566.25,250895.25,0.7899549999999755,0.38067499999998927
63,1,w1_20260420_035309,58,289534.25,63577.5,249398.25,0.8909199999999935,0.2205299999999982
63,1,w1_20260420_035309,59,151087,201567.75,207395.25,0.5924799999999929,0.30933999999998496
63,1,w1_20260420_035309,60,81373.25,221421.75,330765,0.4483049999999853,0.3734450000000119
63,1,w1_20260420_035309,61,303111.5,76914.75,233763.75,0.8609149999999567,0.3115149999999937
63,1,w1_20260420_035309,62,268617.75,169848,266264.25,0.6925899999999712,0.4540400000000036
63,1,w1_20260420_035309,63,-6028,227084.25,385923.75,0.4693999999999987,0.14723499999999373
63,1,w1_20260420_035309,64,18589.25,145031.25,261499.5,0.3929499999999964,0.29377999999999577
63,1,w1_20260420_035309,65,74396,183777.75,225656.25,0.5770450000000151,0.2215150000000006
63,1,w1_20260420_035309,66,147288,195871.5,306160.5,0.5220849999999884,0.40909000000000995
63,1,w1_20260420_035309,67,69084.75,158951.25,235494,0.4340699999999966,0.288059999999998
63,1,w1_20260420_035309,68,162418.25,125038.5,196733.25,0.7170750000000036,0.26789999999999825
63,1,w1_20260420_035309,69,295919.75,81691.5,142698.75,0.8566299999999833,0.292600000000007
63,1,w1_20260420_035309,70,103783,157275.75,197981.25,0.5796299999999676,0.37092499999997475
63,1,w1_20260420_035309,71,109140,124863.75,81266.25,0.631800000000011,0.23846499999999063
63,1,w1_20260420_035309,72,90039.5,111036,96214.5,0.4944350000000071,0.34653499999999954
63,1,w1_20260420_035309,73,231339,133995.75,270905.25,0.7089349999999732,0.36950999999999273
63,1,w1_20260420_035309,74,299195.75,64437.75,210946.5,0.8828699999999897,0.275865000000001
63,1,w1_20260420_035309,75,222061.25,153688.5,259730.25,0.6830750000000217,0.3581950000000198
63,1,w1_20260420_035309,76,117522,191412.75,111605.25,0.5388199999999977,0.23606999999998915
63,1,w1_20260420_035309,77,315222,97284.75,248033.25,0.8213099999999591,0.4140050000000086
63,1,w1_20260420_035309,78,7928.75,70752,83909.25,0.14248000000000197,0.4056000000000081
63,1,w1_20260420_035309,79,59365.25,105633.75,71721,0.394565000000003,0.32738000000003153
63,1,w1_20260420_035309,80,43255.5,121422.75,83601.75,0.36277000000000914,0.2733499999999959
63,1,w1_20260420_035309,81,144150.25,120831,295608.75,0.5258900000000107,0.3606350000000135
63,1,w1_20260420_035309,82,102835.75,73639.5,41724.75,0.4765600000000075,0.2680749999999908
63,1,w1_20260420_035309,83,196757.75,120402,251390.25,0.6828000000000066,0.4432200000000018
63,1,w1_20260420_035309,84,288011.5,98037.75,191940.75,0.7749599999999274,0.543524999999989
63,1,w1_20260420_035309,85,35640,121014,149526,0.4017649999999775,0.2408849999999992
63,1,w1_20260420_035309,86,-10000,30348.75,48986.25,0.23745000000000413,0.3942549999999904
63,1,w1_20260420_035309,87,74075.5,37177.5,151977,0.64990499999998,0.3154900000000077
63,1,w1_20260420_035309,88,100332.75,62390.25,87507,0.5975849999999641,0.2142900000000001
63,1,w1_20260420_035309,89,45748.5,91760.25,148511.25,0.5625550000000249,0.45657499999999873
63,1,w1_20260420_035309,90,-8585.25,33380.25,83925,0.3916349999999736,0.36960999999998306
63,1,w1_20260420_035309,91,263780.5,115518.75,222210.75,0.7887200000000019,0.3503600000000194
63,1,w1_20260420_035309,92,346100.5,25411.5,143328,0.9540649999999884,0.30541000000001817
63,1,w1_20260420_035309,93,-10000,49569.502734375,86997.601171875,0.22710999999999676,0.3336899999999874
63,1,w1_20260420_035309,94,-10000.000000000002,9043.145269181545,59671.45609464852,0.6439849999999817,0.49510999999995053
63,1,w1_20260420_035309,95,-10000,63579,158871,0.2409650000000013,0.3161099999999892
63,1,w1_20260420_035309,96,22141.25,74911.5,161147.25,0.6038649999999964,0.24250000000000005
63,1,w1_20260420_035309,97,33308,122549.25,185952.75,0.5029999999999837,0.3680200000000048
63,1,w1_20260420_035309,98,88167,167464.5,239248.5,0.5036200000000117,0.34946000000001687
63,1,w1_20260420_035309,99,156429.75,208748.25,235362,0.5894200000000034,0.3826300000000178
63,1,w1_20260420_035309,100,107070.5,228998.25,295661.25,0.5043600000000215,0.3626900000000032
64,0,w0_20260420_035959,1,218342.25,119288.25,130759.5,0.7769799999999775,0.21995000000001827
64,0,w0_20260420_035959,2,77397,277177.5,55375.5,0.4898049999999851,0.2047800000000114
64,0,w0_20260420_035959,3,94595,256506,54279,0.52343,0.21620999999999216
64,0,w0_20260420_035959,4,20745.5,303861.75,48762.75,0.37202000000000746,0.1988749999999964
64,0,w0_20260420_035959,5,259512,93672.75,49925.25,0.8270949999999524,0.18352999999999292
64,0,w0_20260420_035959,6,-3454,187491,45243,0.4258100000000226,0.1768999999999879
64,0,w0_20260420_035959,7,99005.75,234984,43580.25,0.5415699999999988,0.16974500000000078
64,0,w0_20260420_035959,8,171324,189336,37050,0.6548700000000146,0.21050499999999797
64,0,w0_20260420_035959,9,244605.25,116634,41370.75,0.7879099999999654,0.20503499999999783
64,0,w0_20260420_035959,10,241747.5,123887.25,37145.25,0.7762049999999919,0.2453199999999902
64,0,w0_20260420_035959,11,33647.75,108163.5,37548.75,0.4877050000000188,0.2883100000000041
64,0,w0_20260420_035959,12,6244.5,181948.5,89817,0.3795500000000198,0.19996499999999484
64,0,w0_20260420_035959,13,96741,279933.75,42185.25,0.4785200000000074,0.4898849999999867
64,0,w0_20260420_035959,14,271219.25,271484.25,130216.5,0.4823799999999986,0.6969050000000196
64,0,w0_20260420_035959,15,223585,141287.25,70287.75,0.7450250000000074,0.19654999999999992
64,0,w0_20260420_035959,16,250427.75,110548.5,122043.75,0.802574999999986,0.3259099999999855
64,0,w0_20260420_035959,17,134499.25,213501,127989.75,0.5957050000000029,0.2166499999999986
64,0,w0_20260420_035959,18,128249,134157,261084,0.48795500000001674,0.5132899999999965
64,0,w0_20260420_035959,19,46204.5,224171.25,140924.25,0.387639999999996,0.27952499999998914
64,0,w0_20260420_035959,20,269241,112944.75,262034.25,0.7926650000000078,0.3481050000000091
64,0,w0_20260420_035959,21,322104.75,66633,315272.25,0.882095000000018,0.35370500000000665
64,0,w0_20260420_035959,22,279989.5,157638,256672.5,0.7185800000000009,0.4620649999999899
64,0,w0_20260420_035959,23,161902.5,274042.5,296265,0.4945199999999942,0.4577650000000048
64,0,w0_20260420_035959,24,234222.75,154004.25,237363,0.7256999999999921,0.3347199999999957
64,0,w0_20260420_035959,25,31695.75,157575,266219.25,0.4111700000000387,0.3227650000000171
64,0,w0_20260420_035959,26,221570.75,155435.25,239484,0.71107999999999,0.3339100000000049
64,0,w0_20260420_035959,27,71592.5,196824,295603.5,0.3915249999999978,0.3629400000000025
64,0,w0_20260420_035959,28,183966.25,220906.5,274847.25,0.5940599999999988,0.4074700000000211
64,0,w0_20260420_035959,29,116428.25,235029.75,297462,0.5040350000000098,0.37902000000000546
64,0,w0_20260420_035959,30,111177.5,220875,247057.5,0.5220099999999813,0.32280499999999607
64,0,w0_20260420_035959,31,128706.25,239658.75,215955,0.5492200000000138,0.33206999999998754
64,0,w0_20260420_035959,32,256401.75,101731.5,134976.75,0.8142700000000598,0.2509799999999955
64,0,w0_20260420_035959,33,176139.25,146098.5,219602.25,0.4307850000000163,0.5658099999999752
64,0,w0_20260420_035959,34,334605.25,74462.25,263332.5,0.8612600000000151,0.3749850000000039
64,0,w0_20260420_035959,35,370281,86688,257631,0.8482600000000184,0.4690000000000052
64,0,w0_20260420_035959,36,161310.75,147318,255401.25,0.4959800000000013,0.5246300000000007
64,0,w0_20260420_035959,37,93254.25,129282.75,204513,0.5189150000000234,0.2880600000000105
64,0,w0_20260420_035959,38,300389.5,94773.75,220896.75,0.8322599999999549,0.3579000000000038
64,0,w0_20260420_035959,39,90877.25,137011.5,247871.25,0.4790249999999977,0.3449599999999955
64,0,w0_20260420_035959,40,302274.75,107958,242177.25,0.8042199999999896,0.400395000000016
64,0,w0_20260420_035959,41,148100,164065.5,281974.5,0.4400800000000214,0.4376650000000119
64,0,w0_20260420_035959,42,155673.25,127091.25,277975.5,0.5300850000000316,0.43346499999999016
64,0,w0_20260420_035959,43,366368.25,116133,197688.75,0.7502000000000285,0.6503899999999767
64,0,w0_20260420_035959,44,170765.25,204406.5,264488.25,0.5598700000000023,0.4218300000000004
64,0,w0_20260420_035959,45,333356.75,76689.75,236833.5,0.8665149999999577,0.3897949999999876
64,0,w0_20260420_035959,46,67607.5,143882.25,185360.25,0.4274600000000244,0.2779800000000011
64,0,w0_20260420_035959,47,122159.75,146454,197306.25,0.5547200000000319,0.3639900000000031
64,0,w0_20260420_035959,48,129355,162807,300108,0.4689949999999953,0.4750049999999996
64,0,w0_20260420_035959,49,324623.25,56664.75,209382,0.895854999999965,0.321200000000002
64,0,w0_20260420_035959,50,345479.25,74875.5,266915.25,0.8727649999999889,0.3804000000000127
64,0,w0_20260420_035959,51,57914.25,118525.5,319160.25,0.45530000000001153,0.3966049999999944
64,0,w0_20260420_035959,52,30408,119583,203109,0.5146499999999857,0.2914199999999957
64,0,w0_20260420_035959,53,182551,175479,228480,0.6395700000000181,0.3696550000000098
64,0,w0_20260420_035959,54,390331,39628.5,285880.5,0.9320549999999924,0.414160000000009
64,0,w0_20260420_035959,55,296947.75,130898.25,276534,0.7771150000000426,0.4099100000000056
64,0,w0_20260420_035959,56,297671.25,134406,271632.75,0.757419999999975,0.43404000000000686
64,0,w0_20260420_035959,57,159944,238935,301401,0.5610300000000001,0.40396999999998634
64,0,w0_20260420_035959,58,83102.5,156081,231136.5,0.42624000000001305,0.4698999999999934
64,0,w0_20260420_035959,59,62076.75,92805,274388.25,0.6005149999999848,0.40828500000000584
64,0,w0_20260420_035959,60,64788.25,143085.75,291366,0.42318999999998896,0.4050849999999939
64,0,w0_20260420_035959,61,329662,90448.5,282109.5,0.839094999999965,0.4163199999999917
64,0,w0_20260420_035959,62,294015.75,119123.25,234141,0.7977950000000121,0.378139999999995
64,0,w0_20260420_035959,63,158694,155510.25,295695.75,0.6238549999999757,0.3782750000000048
64,0,w0_20260420_035959,64,45785.5,52869,304465.5,0.5393149999999934,0.4053149999999964
64,0,w0_20260420_035959,65,102283.25,56988,274128.75,0.5889850000000025,0.39064499999999114
64,0,w0_20260420_035959,66,139871.25,94819.5,259409.25,0.49643500000004814,0.3906050000000027
64,0,w0_20260420_035959,67,57316,79224.75,238739.25,0.3592900000000117,0.39306499999999184
64,0,w0_20260420_035959,68,75075.75,141702,267152.25,0.49839500000002046,0.39997999999999617
64,0,w0_20260420_035959,69,287009.75,126907.5,284262.75,0.7812050000000172,0.3873499999999982
64,0,w0_20260420_035959,70,291877.75,161641.5,219720.75,0.706494999999977,0.536979999999998
64,0,w0_20260420_035959,71,191593.75,155789.25,227157,0.7041849999999595,0.40943499999999206
64,0,w0_20260420_035959,72,157915.75,110169.75,154204.5,0.7497999999999678,0.3369600000000091
64,0,w0_20260420_035959,73,207643,101712,283965,0.6123850000000084,0.4497849999999928
64,0,w0_20260420_035959,74,171243.5,216967.5,259809,0.4756899999999998,0.5165349999999969
64,0,w0_20260420_035959,75,137179.75,81867,184763.25,0.6133099999999624,0.3979649999999851
64,0,w0_20260420_035959,76,90165,113344.5,199120.5,0.5797999999999862,0.3503749999999939
64,0,w0_20260420_035959,77,281.25,58137.75,251391,0.6476599999999084,0.31360000000000343
64,0,w0_20260420_035959,78,143392.5,157554,288943.5,0.6492999999999964,0.3966450000000047
64,0,w0_20260420_035959,79,321345.75,77786.25,292938,0.8375599999999329,0.40668499999999497
64,0,w0_20260420_035959,80,367818.75,67559.25,292032,0.8850999999998572,0.408659999999995
64,0,w0_20260420_035959,81,4696.5,132030.75,208302.75,0.5597449999999854,0.16526499999998462
64,0,w0_20260420_035959,82,-6863,85593.75,273989.25,0.15160999999997266,0.38510500000001024
64,0,w0_20260420_035959,83,37711.75,85122,283886.25,0.280390000000015,0.4416149999999947
64,0,w0_20260420_035959,84,34357.75,134761.5,270360.75,0.5197600000000333,0.3927999999999776
64,0,w0_20260420_035959,85,101843.75,243023.25,279903,0.4820050000000049,0.412454999999992
64,0,w0_20260420_035959,86,100119.5,231384.75,239865.75,0.4939950000000132,0.4153049999999805
64,0,w0_20260420_035959,87,215839.5,119775,257965.5,0.7643149999999853,0.31114000000000214
64,0,w0_20260420_035959,88,130752.5,219190.5,273777,0.5745850000000331,0.328155000000009
64,0,w0_20260420_035959,89,93417.5,150703.5,304539,0.45709000000003097,0.4044000000000089
64,0,w0_20260420_035959,90,207690.25,161352.75,253647,0.6957000000000261,0.31229500000000116
64,0,w0_20260420_035959,91,146139.75,221097.75,260122.5,0.6053799999999915,0.30218499999999493
64,0,w0_20260420_035959,92,174493.75,145221,237815.25,0.6418350000000057,0.41922500000000046
64,0,w0_20260420_035959,93,-9999.999999999998,43539,117010.70594747394,0.4115799999999909,0.20249499999998335
64,0,w0_20260420_035959,94,144122.25,138877.5,224240.25,0.5325500000000106,0.4782550000000139
64,0,w0_20260420_035959,95,34104.75,193611.75,310393.5,0.5664099999999981,0.08831999999999963
64,0,w0_20260420_035959,96,301445.75,46110,211694.25,0.8818150000000067,0.3746649999999958
64,0,w0_20260420_035959,97,271255.75,66157.5,287016.75,0.8678149999999932,0.28579499999999225
64,0,w0_20260420_035959,98,51102,220335,242583,0.3840250000000047,0.3756400000000027
64,0,w0_20260420_035959,99,-10000,41261.8125,42128.0625,0.17023999999998,0.5541100000000215
64,0,w0_20260420_035959,100,235104.5,67411.5,174504,0.7693049999999663,0.3267399999999969
64,1,w1_20260420_040649,1,212620.75,115682.25,97707,0.7708799999999807,0.19332999999999612
64,1,w1_20260420_040649,2,86722,268284,58644,0.5065400000000052,0.23257500000000103
64,1,w1_20260420_040649,3,72269.5,278194.5,68616,0.4870400000000205,0.1975900000000003
64,1,w1_20260420_040649,4,149520.5,203299.5,51150,0.6264899999999961,0.174059999999992
64,1,w1_20260420_040649,5,124935.75,234067.5,64776.75,0.5697550000000113,0.291840000000013
64,1,w1_20260420_040649,6,88035.75,268831.5,56022.75,0.5075300000000055,0.22666499999999895
64,1,w1_20260420_040649,7,51777.25,288019.5,81053.25,0.4528600000000105,0.19384999999999689
64,1,w1_20260420_040649,8,242790.5,115304.25,48185.25,0.7904250000000058,0.17112499999998534
64,1,w1_20260420_040649,9,73823.5,282333,60073.5,0.4869150000000067,0.1973500000000035
64,1,w1_20260420_040649,10,184996.75,204203.25,40140,0.6324750000000092,0.5385450000000049
64,1,w1_20260420_040649,11,105134,260802,68904,0.5270200000000015,0.23511000000000168
64,1,w1_20260420_040649,12,30636,328424.25,234489.75,0.3623200000000024,0.3544700000000015
64,1,w1_20260420_040649,13,238488.5,121476,228295.5,0.7755849999999862,0.3563500000000116
64,1,w1_20260420_040649,14,227525.5,163172.25,281702.25,0.7058549999999952,0.3792700000000172
64,1,w1_20260420_040649,15,176175.75,188286.75,152377.5,0.6625199999999727,0.32942999999998684
64,1,w1_20260420_040649,16,238703.5,149001,282835.5,0.726919999999981,0.3699749999999948
64,1,w1_20260420_040649,17,273828.5,271281.75,161949.75,0.4673600000000084,0.6968250000000124
64,1,w1_20260420_040649,18,232354,146271,249405,0.7384500000000394,0.34376000000002116
64,1,w1_20260420_040649,19,160315.5,211509.75,186774.75,0.6223200000000143,0.31984000000000423
64,1,w1_20260420_040649,20,234940,137100,173910,0.7552599999999818,0.3244300000000132
64,1,w1_20260420_040649,21,183521.25,194817.75,208341,0.6512149999999775,0.3287400000000131
64,1,w1_20260420_040649,22,178770,205926,202434,0.6355549999999838,0.34666000000000674
64,1,w1_20260420_040649,23,64428.25,253662,247539.75,0.41184499999999735,0.36613500000000165
64,1,w1_20260420_040649,24,72902.5,263896.5,306231,0.4182249999999891,0.3719200000000054
64,1,w1_20260420_040649,25,88601.25,230161.5,212507.25,0.44729000000001135,0.3395400000000055
64,1,w1_20260420_040649,26,278104,83479.5,125776.5,0.8511649999999632,0.23519499999999471
64,1,w1_20260420_040649,27,245029.25,144742.5,162788.25,0.7456649999999614,0.3476150000000057
64,1,w1_20260420_040649,28,195063.5,206721,272575.5,0.6316099999999966,0.37055499999998714
64,1,w1_20260420_040649,29,120219.25,182316.75,308724,0.5504349999999909,0.3775049999999942
64,1,w1_20260420_040649,30,84458.25,219873,171678.75,0.4898500000000019,0.2934449999999855
64,1,w1_20260420_040649,31,165148,222059.25,193782.75,0.6025199999999941,0.30612999999998586
64,1,w1_20260420_040649,32,151548.75,238772.25,287949,0.5529000000000144,0.3808049999999937
64,1,w1_20260420_040649,33,127289.25,216568.5,272432.25,0.5246800000000056,0.37095499999999887
64,1,w1_20260420_040649,34,228061.75,181206.75,207871.5,0.6793299999999828,0.3768549999999912
64,1,w1_20260420_040649,35,280652.5,140016,166321.5,0.7583099999999686,0.4031699999999997
64,1,w1_20260420_040649,36,264769.25,134925.75,96825,0.7680599999999654,0.3304549999999961
64,1,w1_20260420_040649,37,153510,172760.25,234579.75,0.5575649999999996,0.3808950000000098
64,1,w1_20260420_040649,38,394884.75,50447.25,200898,0.9049799999999768,0.5310850000000178
64,1,w1_20260420_040649,39,400124,37359,285867,0.9336649999999704,0.4358150000000188
64,1,w1_20260420_040649,40,233168,148989.75,252932.25,0.6658999999999975,0.4260100000000008
64,1,w1_20260420_040649,41,272661.5,145660.5,196278,0.7493249999999881,0.35049999999999343
64,1,w1_20260420_040649,42,160445,141411,285534,0.5148400000000183,0.4140950000000245
64,1,w1_20260420_040649,43,207045.5,60836.25,265688.25,0.7148399999999573,0.4500900000000077
64,1,w1_20260420_040649,44,-10000,109824.128325,96260.738025,0.6451049999999955,0.48932000000002934
64,1,w1_20260420_040649,45,317090.75,86073,224816.25,0.8318999999999469,0.4013799999999927
64,1,w1_20260420_040649,46,239963.25,180105.75,261561,0.6731250000000076,0.4054250000000107
64,1,w1_20260420_040649,47,310395.25,120540,246234.75,0.789319999999901,0.41524499999999287
64,1,w1_20260420_040649,48,405288,44469.75,277472.25,0.9242449999999428,0.4552650000000055
64,1,w1_20260420_040649,49,166232.5,109992,305335.5,0.5363099999999842,0.3947249999999984
64,1,w1_20260420_040649,50,353572,79482,248256,0.8602599999999249,0.410874999999997
64,1,w1_20260420_040649,51,168873.5,107262,292564.5,0.5787749999999872,0.3880849999999969
64,1,w1_20260420_040649,52,215235.25,62989.5,288155.25,0.7537649999999718,0.4229849999999884
64,1,w1_20260420_040649,53,275924.75,139695,231260.25,0.7260049999999946,0.45066500000000614
64,1,w1_20260420_040649,54,115654,159570.75,265145.25,0.4912400000000012,0.37207000000001017
64,1,w1_20260420_040649,55,146748.75,127020.75,285820.5,0.5796599999999906,0.3959100000000066
64,1,w1_20260420_040649,56,299590.75,132741,193688.25,0.7586949999999762,0.47507499999997926
64,1,w1_20260420_040649,57,188514.75,132289.5,260325.75,0.6050700000000009,0.3986999999999956
64,1,w1_20260420_040649,58,209143.75,205305.75,269890.5,0.6451899999999784,0.3766749999999768
64,1,w1_20260420_040649,59,226391.75,93267,278411.25,0.6739000000000062,0.4381549999999932
64,1,w1_20260420_040649,60,122664,127118.25,228597.75,0.5526800000000176,0.3425050000000004
64,1,w1_20260420_040649,61,132039.25,119200.5,261470.25,0.6090000000000045,0.34578499999999857
64,1,w1_20260420_040649,62,180789,130786.5,243184.5,0.5530450000000192,0.4478900000000066
64,1,w1_20260420_040649,63,188643.25,186331.5,243905.25,0.6515749999999763,0.3336299999999921
64,1,w1_20260420_040649,64,148868.5,124063.5,289848,0.5680949999999974,0.3924800000000028
64,1,w1_20260420_040649,65,317705.5,94287,292387.5,0.8363599999999571,0.3661000000000017
64,1,w1_20260420_040649,66,339237.75,73390.5,275631.75,0.8754049999999947,0.3664649999999973
64,1,w1_20260420_040649,67,92909.5,94841.25,209639.25,0.45775000000001465,0.29034499999999697
64,1,w1_20260420_040649,68,124688,115054.5,272437.5,0.5141799999999869,0.399364999999992
64,1,w1_20260420_040649,69,196567.5,141927,251935.5,0.6812400000000121,0.4180550000000003
64,1,w1_20260420_040649,70,144876.5,100215,287788.5,0.5732900000000043,0.3914049999999976
64,1,w1_20260420_040649,71,200729.25,129538.5,272552.25,0.6454200000000091,0.4392299999999889
64,1,w1_20260420_040649,72,200280,204696,250584,0.6517900000000036,0.3507700000000022
64,1,w1_20260420_040649,73,192554.5,192150.75,222144.75,0.6580299999999867,0.3445499999999983
64,1,w1_20260420_040649,74,164368.75,123797.25,281754,0.6743100000000064,0.42735499999999127
64,1,w1_20260420_040649,75,139218,119439,288633,0.6432150000000254,0.3840449999999982
64,1,w1_20260420_040649,76,138514.75,144573.75,221371.5,0.5826299999999971,0.3395900000000104
64,1,w1_20260420_040649,77,119173.25,117552.75,321804,0.5461049999999985,0.37016499999999336
64,1,w1_20260420_040649,78,137214,140301.75,275924.25,0.668199999999985,0.39564500000000064
64,1,w1_20260420_040649,79,319387,118498.5,184684.5,0.7986449999999928,0.5031249999999896
64,1,w1_20260420_040649,80,380442.5,42531,192166.5,0.9240399999999354,0.5481500000000261
64,1,w1_20260420_040649,81,318409,129448.5,185902.5,0.7790699999999663,0.5171600000000215
64,1,w1_20260420_040649,82,57326.25,112202.25,270871.5,0.44004500000000096,0.32469000000001247
64,1,w1_20260420_040649,83,257241.5,157712.25,237566.25,0.6991700000000037,0.44857999999998727
64,1,w1_20260420_040649,84,157170.75,223032,229037.25,0.5854749999999893,0.4014049999999995
64,1,w1_20260420_040649,85,274202.75,151615.5,143241.75,0.73050999999993,0.4943099999999934
64,1,w1_20260420_040649,86,138458.25,147695.25,221566.5,0.6344099999999807,0.3254700000000149
64,1,w1_20260420_040649,87,150814.25,158377.5,262298.25,0.5880049999999896,0.35975499999999827
64,1,w1_20260420_040649,88,142161,166700.25,251688.75,0.5924799999999963,0.3757800000000045
64,1,w1_20260420_040649,89,179300.75,205493.25,276156,0.5877649999999865,0.4404399999999858
64,1,w1_20260420_040649,90,-9999.999999999996,27026.867742756804,20484.990193945316,0.10316500000001472,0.2655899999999929
64,1,w1_20260420_040649,91,148935,202059.75,284315.25,0.5769749999999788,0.37028500000000375
64,1,w1_20260420_040649,92,148082.75,185682.75,229054.5,0.5662199999999815,0.3708400000000057
64,1,w1_20260420_040649,93,179598.5,125481.75,103359.75,0.7001799999999746,0.23223500000000644
64,1,w1_20260420_040649,94,257098.75,118886.25,149625,0.7623600000000081,0.38449999999999707
64,1,w1_20260420_040649,95,130596.5,207577.5,255936,0.5646549999999926,0.3838249999999984
64,1,w1_20260420_040649,96,153503.25,163995.75,230541,0.6147050000000216,0.3745550000000077
64,1,w1_20260420_040649,97,159152.25,177348,132699.75,0.6373550000000275,0.2248649999999992
64,1,w1_20260420_040649,98,110052,218826.75,270701.25,0.5118050000000001,0.41117999999999066
64,1,w1_20260420_040649,99,-10000.000000000002,114020.36967773436,100932.23791992188,0.7164549999999082,0.6283200000000192
64,1,w1_20260420_040649,100,175053.25,167559.75,258867,0.6645550000000108,0.3329150000000044
65,0,w0_20260420_041343,1,233288,102807,99345,0.8030299999999756,0.1813299999999915
65,0,w0_20260420_041343,2,199120.25,154111.5,71828.25,0.7161099999999893,0.24459499999999115
65,0,w0_20260420_041343,3,7179,319853.25,52467.75,0.35127000000001407,0.24484000000000392
65,0,w0_20260420_041343,4,-9783.25,123688.5,45624.75,0.3108300000000037,0.1578399999999934
65,0,w0_20260420_041343,5,-9999.999999999998,65821.01950995,44719.8890055,0.3639800000000004,0.22015499999998817
65,0,w0_20260420_041343,6,138681.75,213923.25,58095,0.6025150000000282,0.2469799999999987
65,0,w0_20260420_041343,7,123127.5,213034.5,60108,0.5914950000000236,0.24901000000000148
65,0,w0_20260420_041343,8,76789.5,258137.25,55013.25,0.49376000000001913,0.25419000000000064
65,0,w0_20260420_041343,9,183840.25,167168.25,69661.5,0.6914450000000142,0.20617999999999215
65,0,w0_20260420_041343,10,39131.5,306365.25,44843.25,0.4231049999999954,0.2204800000000076
65,0,w0_20260420_041343,11,-908,185104.5,32893.5,0.3607749999999853,0.25373999999999886
65,0,w0_20260420_041343,12,225939,142053.75,84407.25,0.7436699999999759,0.3617350000000192
65,0,w0_20260420_041343,13,284667,106249.5,168163.5,0.8082299999999785,0.3792050000000009
65,0,w0_20260420_041343,14,34651,328080,41259,0.4020449999999819,0.25839999999998625
65,0,w0_20260420_041343,15,104912.25,262514.25,50413.5,0.5310400000000206,0.2164349999999968
65,0,w0_20260420_041343,16,317838.75,139230,212531.25,0.7488750000000005,0.4812199999999847
65,0,w0_20260420_041343,17,109448.25,269842.5,147839.25,0.516050000000011,0.3037950000000097
65,0,w0_20260420_041343,18,161030.25,281264.25,240985.5,0.4912300000000102,0.46800499999999173
65,0,w0_20260420_041343,19,64013,258500.25,117336.75,0.3990849999999958,0.310479999999997
65,0,w0_20260420_041343,20,226211,180281.25,284367.75,0.652520000000006,0.4178700000000092
65,0,w0_20260420_041343,21,317364,84713.25,294582.75,0.8479449999999732,0.37618499999999694
65,0,w0_20260420_041343,22,303281.25,120298.5,291110.25,0.7780350000000036,0.4355549999999935
65,0,w0_20260420_041343,23,38094.5,176259,276706.5,0.3589949999999935,0.3742699999999925
65,0,w0_20260420_041343,24,299546.25,71365.5,205748.25,0.8631149999999883,0.31842499999999446
65,0,w0_20260420_041343,25,100784.5,251487,200728.5,0.5394149999999657,0.25954000000000055
65,0,w0_20260420_041343,26,299974.5,62072.25,250613.25,0.8881649999999903,0.2784249999999998
65,0,w0_20260420_041343,27,174581.5,238461.75,270726.75,0.5723699999999898,0.414300000000002
65,0,w0_20260420_041343,28,99774.5,262040.25,286685.25,0.43657000000000346,0.4239500000000098
65,0,w0_20260420_041343,29,60846.5,175678.5,265335,0.48353499999999466,0.32923499999999867
65,0,w0_20260420_041343,30,212724.75,158362.5,211242.75,0.7009200000000374,0.3291999999999973
65,0,w0_20260420_041343,31,83484.25,245013,292602.75,0.45353499999999847,0.3769849999999918
65,0,w0_20260420_041343,32,349825.5,56407.5,281187,0.8948849999999906,0.39046999999999815
65,0,w0_20260420_041343,33,98811.5,207366,280792.5,0.4349249999999795,0.4245349999999859
65,0,w0_20260420_041343,34,340352.5,82074,275563.5,0.8502549999999927,0.4108899999999951
65,0,w0_20260420_041343,35,326147.25,106131.75,303981,0.8167150000000257,0.42299499999999624
65,0,w0_20260420_041343,36,110742,198936.75,297791.25,0.45021500000002834,0.3802849999999769
65,0,w0_20260420_041343,37,242532.75,163060.5,287856.75,0.7141349999999986,0.3673550000000041
65,0,w0_20260420_041343,38,132113.75,213802.5,302913.75,0.5190200000000105,0.413689999999979
65,0,w0_20260420_041343,39,130935.25,150705.75,296319,0.4443799999999722,0.3997150000000034
65,0,w0_20260420_041343,40,120664,179473.5,282142.5,0.5396200000000009,0.3776250000000015
65,0,w0_20260420_041343,41,107492,169886.25,292221.75,0.43687500000000584,0.3413899999999902
65,0,w0_20260420_041343,42,151978.25,134797.5,246584.25,0.6202449999999832,0.3580250000000009
65,0,w0_20260420_041343,43,133910,134539.5,153940.5,0.5752300000000166,0.30914000000001995
65,0,w0_20260420_041343,44,225106.75,171074.25,213939,0.6951100000000714,0.37013500000000393
65,0,w0_20260420_041343,45,313601,113970.75,282698.25,0.7989100000000257,0.415905000000007
65,0,w0_20260420_041343,46,125870.75,126690.75,229648.5,0.46740999999997246,0.35844500000001683
65,0,w0_20260420_041343,47,161351.5,80771.25,146627.25,0.5524549999999622,0.3566950000000045
65,0,w0_20260420_041343,48,124798,171560.25,273171.75,0.47126000000001167,0.4327249999999911
65,0,w0_20260420_041343,49,156356,45027.75,143876.25,0.7315399999999805,0.31182500000001845
65,0,w0_20260420_041343,50,195688.25,112706.25,156055.5,0.7446450000000122,0.424250000000009
65,0,w0_20260420_041343,51,48748.75,81521.25,208590,0.6059250000000126,0.35609000000001323
65,0,w0_20260420_041343,52,198424.75,122277,210158.25,0.7228300000000215,0.374785000000012
65,0,w0_20260420_041343,53,158683.5,167139.75,259356.75,0.5848949999999999,0.3692349999999939
65,0,w0_20260420_041343,54,300766.5,152410.5,276393,0.735619999999963,0.4638750000000108
65,0,w0_20260420_041343,55,151060.75,160360.5,214818.75,0.657370000000001,0.33518000000000625
65,0,w0_20260420_041343,56,253647.25,104415,229407.75,0.8137300000000087,0.27867499999999806
65,0,w0_20260420_041343,57,338094.5,72696,260839.5,0.870945000000021,0.4029499999999947
65,0,w0_20260420_041343,58,107500.75,106974,241415.25,0.40390000000000326,0.3743300000000137
65,0,w0_20260420_041343,59,-10000,47829.075,52354.275,0.4306949999999623,0.5994149999999726
65,0,w0_20260420_041343,60,148633.75,191207.25,280839,0.5428950000000372,0.4175100000000029
65,0,w0_20260420_041343,61,20565.25,90642.75,203862,0.29184500000002334,0.4095850000000004
65,0,w0_20260420_041343,62,237562.5,78944.25,194363.25,0.7901199999998773,0.39297999999998895
65,0,w0_20260420_041343,63,138025.25,104851.5,146453.25,0.6664000000000053,0.3426250000000086
65,0,w0_20260420_041343,64,141639.25,94776,278184.75,0.6311449999999764,0.396889999999984
65,0,w0_20260420_041343,65,195590,173303.25,216666.75,0.5708549999999714,0.588175000000034
65,0,w0_20260420_041343,66,106724.5,92868.75,214206.75,0.5358899999999814,0.3846100000000126
65,0,w0_20260420_041343,67,9770.5,148768.5,234261,0.29524500000004245,0.36112999999999407
65,0,w0_20260420_041343,68,173234.5,177341.25,176624.25,0.650054999999977,0.34037000000001083
65,0,w0_20260420_041343,69,177684.75,209740.5,234174.75,0.6238900000000162,0.38993499999999753
65,0,w0_20260420_041343,70,160730.5,202216.5,266043,0.5896400000000097,0.39292999999998784
65,0,w0_20260420_041343,71,15536,112266.75,249137.25,0.3758849999999839,0.3651199999999814
65,0,w0_20260420_041343,72,5504.25,107948.25,247537.5,0.24380500000005784,0.36346499999999377
65,0,w0_20260420_041343,73,58249,32256.75,108254.25,0.5757199999999939,0.30434000000000394
65,0,w0_20260420_041343,74,208206.5,143535,220468.5,0.6910100000000229,0.4365600000000006
65,0,w0_20260420_041343,75,373007.5,27274.5,230598,0.9502499999999818,0.37354499999999896
65,0,w0_20260420_041343,76,327751.75,92470.5,210327.75,0.8291050000000105,0.4681999999999939
65,0,w0_20260420_041343,77,70708.25,157405.5,321506.25,0.5412800000000189,0.25817000000000656
65,0,w0_20260420_041343,78,96974.25,108617.25,269668.5,0.5867349999999877,0.3942749999999999
65,0,w0_20260420_041343,79,169938.5,114650.25,156251.25,0.7179399999999885,0.1865299999999864
65,0,w0_20260420_041343,80,335031,65419.5,256489.5,0.8895049999999355,0.3378999999999982
65,0,w0_20260420_041343,81,122444.75,183925.5,241599.75,0.4318399999999929,0.5105699999999812
65,0,w0_20260420_041343,82,12123.75,226007.25,316779,0.3802399999999976,0.3874549999999981
65,0,w0_20260420_041343,83,2764.25,77032.5,217433.25,0.298799999999988,0.3763700000000068
65,0,w0_20260420_041343,84,73508,109842,264510,0.5984849999999897,0.3733849999999934
65,0,w0_20260420_041343,85,101821,118446,196383,0.6222349999999954,0.33367000000000296
65,0,w0_20260420_041343,86,73870.5,156913.5,193026,0.5143200000000033,0.3777399999999986
65,0,w0_20260420_041343,87,95410.75,127853.25,157416,0.5788349999999963,0.360265000000007
65,0,w0_20260420_041343,88,105848.5,291973.5,267408,0.3619300000000152,0.5000199999999827
65,0,w0_20260420_041343,89,247901.25,151392,322626.75,0.7283100000000368,0.3726400000000014
65,0,w0_20260420_041343,90,204483.75,185872.5,237633.75,0.6847250000000115,0.33718000000000437
65,0,w0_20260420_041343,91,29089.75,152270.25,113610,0.46251499999996903,0.30050500000000585
65,0,w0_20260420_041343,92,39669,217171.5,209899.5,0.25955499999999,0.45793499999998893
65,0,w0_20260420_041343,93,77361.75,278327.25,272901,0.25704499999999136,0.5009100000000241
65,0,w0_20260420_041343,94,69358.25,127300.5,199031.25,0.5473250000000061,0.3297500000000157
65,0,w0_20260420_041343,95,246903,218904,256353,0.5810849999999875,0.5291250000000066
65,0,w0_20260420_041343,96,119390,247164,170706,0.5181750000000344,0.3837450000000204
65,0,w0_20260420_041343,97,354502,88720.5,280117.5,0.845369999999985,0.43350000000001665
65,0,w0_20260420_041343,98,214528,107232.75,248999.25,0.7329950000000129,0.31304000000000354
65,0,w0_20260420_041343,99,150455,210004.5,182200.5,0.6275550000000052,0.24041000000000423
65,0,w0_20260420_041343,100,48440,111771,136209,0.48478500000001096,0.3341550000000041
65,1,w1_20260420_042039,1,219836,104043,98481,0.7910299999999897,0.18221499999998508
65,1,w1_20260420_042039,2,201140.25,148950.75,56199,0.7244849999999928,0.17523999999999
65,1,w1_20260420_042039,3,-10000,154225.95,25969.35,0.38805499999999793,0.23824000000001577
65,1,w1_20260420_042039,4,-10000,121809.375,36522.375,0.34568000000001037,0.3798600000000061
65,1,w1_20260420_042039,5,208641.75,147387.75,88390.5,0.7247099999999693,0.2871250000000041
65,1,w1_20260420_042039,6,95837.75,250607.25,76455,0.5146349999999994,0.28092000000000505
65,1,w1_20260420_042039,7,91531,239431.5,128887.5,0.4921500000000071,0.32905000000000983
65,1,w1_20260420_042039,8,176248,226539,252423,0.5127799999999666,0.4758149999999839
65,1,w1_20260420_042039,9,144668.5,206207.25,310934.25,0.578084999999968,0.36210000000000175
65,1,w1_20260420_042039,10,55592.25,233769.75,229698,0.4406949999999867,0.3379550000000055
65,1,w1_20260420_042039,11,116773.25,238500.75,308856,0.5311899999999727,0.3706350000000019
65,1,w1_20260420_042039,12,108120,273869.25,308880.75,0.47501499999998986,0.40847499999999937
65,1,w1_20260420_042039,13,177413.75,184355.25,304911,0.6549599999999967,0.338665000000002
65,1,w1_20260420_042039,14,87842.25,250314,292203.75,0.4735699999999983,0.3603049999999955
65,1,w1_20260420_042039,15,101088.25,170362.5,256679.25,0.5741699999999923,0.35421499999999495
65,1,w1_20260420_042039,16,270497,96792,253401,0.8277499999999498,0.29532500000000916
65,1,w1_20260420_042039,17,264224.25,138933,276282.75,0.7387849999999367,0.42490499999999054
65,1,w1_20260420_042039,18,172792,218484.75,263843.25,0.6124049999999662,0.35886000000000357
65,1,w1_20260420_042039,19,238612.5,148341,255166.5,0.7373199999999662,0.3351100000000048
65,1,w1_20260420_042039,20,125650.75,243303,278246.25,0.5286499999999769,0.35006499999999513
65,1,w1_20260420_042039,21,222436,175744.5,258979.5,0.6858649999999707,0.37079500000000537
65,1,w1_20260420_042039,22,155808.75,242392.5,244458.75,0.5694700000000034,0.35724499999999493
65,1,w1_20260420_042039,23,31971.75,155066.25,286512,0.37555000000001626,0.3679700000000013
65,1,w1_20260420_042039,24,269342,108859.5,176728.5,0.7853149999999549,0.35762499999999847
65,1,w1_20260420_042039,25,89482.25,266837.25,277150.5,0.43572499999999326,0.3692099999999932
65,1,w1_20260420_042039,26,268349.75,147561,292439.25,0.7400599999999886,0.40361999999999687
65,1,w1_20260420_042039,27,226102.75,174872.25,245535,0.6947849999999558,0.36187500000000183
65,1,w1_20260420_042039,28,104807.5,228923.25,226169.25,0.4996449999999917,0.38538000000000744
65,1,w1_20260420_042039,29,111995.5,177715.5,211329,0.48142500000002353,0.45058499999999313
65,1,w1_20260420_042039,30,147665.75,193314,254270.25,0.5751249999999943,0.4157650000000015
65,1,w1_20260420_042039,31,77409.75,166998.75,164731.5,0.3276749999999843,0.572094999999999
65,1,w1_20260420_042039,32,293228,110531.25,283470.75,0.806174999999956,0.3637900000000115
65,1,w1_20260420_042039,33,5016.75,135995.25,172068,0.29359999999999326,0.3573999999999911
65,1,w1_20260420_042039,34,318873,87687,213030,0.8471999999999734,0.40867000000001685
65,1,w1_20260420_042039,35,120122.75,251127.75,244399.5,0.5164099999999973,0.37089499999999737
65,1,w1_20260420_042039,36,108919.5,283566,218134.5,0.5088699999999863,0.3422749999999984
65,1,w1_20260420_042039,37,243463,160263,269724,0.7240199999999685,0.35752999999998597
65,1,w1_20260420_042039,38,93985,184020,231615,0.4455599999999971,0.38818500000000944
65,1,w1_20260420_042039,39,119751.25,150099,285429.75,0.47796499999999525,0.39609999999998846
65,1,w1_20260420_042039,40,134931.75,147472.5,234135.75,0.5629899999999702,0.3470500000000092
65,1,w1_20260420_042039,41,95712,151017.75,276740.25,0.4739199999999895,0.3818200000000059
65,1,w1_20260420_042039,42,124209.75,118515.75,257704.5,0.5678400000000136,0.3897650000000047
65,1,w1_20260420_042039,43,98110,159723,302427,0.4289150000000091,0.4181649999999961
65,1,w1_20260420_042039,44,278542.25,141107.25,265090.5,0.755699999999942,0.3995050000000068
65,1,w1_20260420_042039,45,146427,156750,221973,0.4103149999999909,0.5519599999999865
65,1,w1_20260420_042039,46,237763.75,153660,156086.25,0.7178399999999904,0.48326999999999987
65,1,w1_20260420_042039,47,175329,222054.75,107816.25,0.6145099999999688,0.4421300000000019
65,1,w1_20260420_042039,48,143860.25,187976.25,181123.5,0.5785399999999847,0.409025000000016
65,1,w1_20260420_042039,49,240821,156998.25,223140.75,0.7308949999999425,0.3726500000000023
65,1,w1_20260420_042039,50,343971.25,78532.5,226256.25,0.8574399999999388,0.45504499999999426
65,1,w1_20260420_042039,51,261050.25,153653.25,247216.5,0.737279999999972,0.3999800000000101
65,1,w1_20260420_042039,52,141508.75,172749.75,233821.5,0.529399999999982,0.4175000000000021
65,1,w1_20260420_042039,53,141364.75,202083,207392.25,0.5289849999999885,0.3859749999999922
65,1,w1_20260420_042039,54,158707.75,243537,194345.25,0.5798149999999896,0.38621000000000033
65,1,w1_20260420_042039,55,109632,115255.5,268072.5,0.5164749999999921,0.3727349999999908
65,1,w1_20260420_042039,56,219092.5,194607,281830.5,0.6634999999999879,0.38569999999999294
65,1,w1_20260420_042039,57,199420.25,208479.75,294780,0.6393799999999612,0.3737250000000022
65,1,w1_20260420_042039,58,911.25,44903.25,80785.5,0.2654949999999766,0.2639349999999984
65,1,w1_20260420_042039,59,278619.25,122787.75,301353,0.7789299999999626,0.3566500000000083
65,1,w1_20260420_042039,60,61149.5,185627.25,114173.25,0.4071299999999734,0.35743500000001566
65,1,w1_20260420_042039,61,17417.75,30501,165221.25,0.5411050000000257,0.3785900000000098
65,1,w1_20260420_042039,62,312613.5,89868,183058.5,0.845800000000022,0.376370000000012
65,1,w1_20260420_042039,63,230706.25,152454.75,75519,0.7404400000000113,0.20024999999999793
65,1,w1_20260420_042039,64,165669,213393.75,45857.25,0.6308649999999567,0.20295000000001015
65,1,w1_20260420_042039,65,35724,139526.25,222459.75,0.3299099999999952,0.44434500000000127
65,1,w1_20260420_042039,66,48469.75,40105.5,138774.75,0.6733100000000065,0.364710000000004
65,1,w1_20260420_042039,67,180079.5,209854.5,56046,0.6394099999999573,0.36231000000002744
65,1,w1_20260420_042039,68,223029.75,168505.5,111534.75,0.7139500000000238,0.4242150000000037
65,1,w1_20260420_042039,69,39570.5,164122.5,90477,0.47468000000001304,0.22775499999999843
65,1,w1_20260420_042039,70,111617.5,151347.75,300804.75,0.5183999999999941,0.366329999999998
65,1,w1_20260420_042039,71,50949.5,100102.5,295998,0.4044049999999926,0.35044500000000156
65,1,w1_20260420_042039,72,226893.5,155208.75,100257.75,0.730379999999956,0.26970000000000005
65,1,w1_20260420_042039,73,195817,176818.5,51064.5,0.6925750000000362,0.42950000000001054
65,1,w1_20260420_042039,74,254044.75,83430,239675.25,0.845889999999991,0.2078099999999926
65,1,w1_20260420_042039,75,79691.5,181779.75,44088.75,0.5068250000000164,0.24467500000000392
65,1,w1_20260420_042039,76,35804.25,162157.5,45968.25,0.4562100000000186,0.28510999999998876
65,1,w1_20260420_042039,77,260264,109015.5,96100.5,0.803244999999949,0.27570999999999807
65,1,w1_20260420_042039,78,64453.75,137006.25,31710,0.5255449999999633,0.2444099999999985
65,1,w1_20260420_042039,79,225131,152937.75,28391.25,0.7295799999999781,0.40902999999998
65,1,w1_20260420_042039,80,155281.75,216421.5,47526.75,0.614789999999956,0.4773699999999978
65,1,w1_20260420_042039,81,25102.75,66852,81725.25,0.55102000000001,0.19034500000000043
65,1,w1_20260420_042039,82,231188.5,111749.25,44402.25,0.7614750000000188,0.3782149999999995
65,1,w1_20260420_042039,83,-9999.999999999998,56668.279411764706,25835.25,0.23076000000000427,0.4087849999999749
65,1,w1_20260420_042039,84,6582,102557.25,56310.75,0.4103699999999948,0.2685450000000006
65,1,w1_20260420_042039,85,128478,114292.5,39409.5,0.6688849999999982,0.33161499999999694
65,1,w1_20260420_042039,86,-10000,146489.25,46517.25,0.3824149999999766,0.28696999999999573
65,1,w1_20260420_042039,87,116879,125263.5,44407.5,0.5804699999999812,0.2566350000000091
65,1,w1_20260420_042039,88,36151.25,206572.5,86546.25,0.4144100000000099,0.3866650000000008
65,1,w1_20260420_042039,89,151498.75,213184.5,68766.75,0.605669999999975,0.37422500000000497
65,1,w1_20260420_042039,90,96330.25,72062.25,69517.5,0.6808149999999891,0.2795350000000009
65,1,w1_20260420_042039,91,172674.5,200476.5,114069,0.6509150000000017,0.24231499999999737
65,1,w1_20260420_042039,92,-10000,97308,112956.63558814686,0.4297549999999995,0.2054199999999901
65,1,w1_20260420_042039,93,169321,49932,83637,0.7404099999999575,0.375389999999998
65,1,w1_20260420_042039,94,139883.5,44271,27775.5,0.6906450000000057,0.3785399999999972
65,1,w1_20260420_042039,95,112940.5,102250.5,72159,0.5689300000000168,0.4143749999999943
65,1,w1_20260420_042039,96,-10000,28310.25,20054.25,0.6781500000001112,0.34820999999999874
65,1,w1_20260420_042039,97,36248.25,154450.5,29861.25,0.4726350000000117,0.2878100000000082
65,1,w1_20260420_042039,98,86920,134332.5,98017.5,0.5982599999999874,0.38243999999998046
65,1,w1_20260420_042039,99,270235.75,36967.5,51966.75,0.9176849999999492,0.2834349999999846
65,1,w1_20260420_042039,100,237900.75,101595.75,73993.5,0.8079749999999735,0.2980149999999963
66,0,w0_20260420_042734,1,120560.25,208728.75,79821,0.5856900000000006,0.16482499999998207
66,0,w0_20260420_042734,2,223743.25,116550.75,93156,0.7835449999999778,0.1597249999999885
66,0,w0_20260420_042734,3,-10000,96847.29594532194,17073.233249606015,0.3780650000000153,0.17840999999998597
66,0,w0_20260420_042734,4,-10000,51421.5,10207.5,0.3687699999999897,0.15276999999999138
66,0,w0_20260420_042734,5,-10000,101774.8839512707,47887.50816159727,0.3530699999999838,0.2217149999999997
66,0,w0_20260420_042734,6,9732.25,140748,54429.75,0.323275000000005,0.3104500000000038
66,0,w0_20260420_042734,7,-10000,99721.95,95104.65,0.288525000000003,0.45395500000001165
66,0,w0_20260420_042734,8,62415.25,164600.25,181384.5,0.3316349999999908,0.46080499999999885
66,0,w0_20260420_042734,9,53689,174672,203859,0.3394649999999997,0.44734500000001154
66,0,w0_20260420_042734,10,231863,157373.25,155523.75,0.7022099999999767,0.4903150000000155
66,0,w0_20260420_042734,11,130439.5,244256.25,66974.25,0.5592800000000027,0.33979499999998447
66,0,w0_20260420_042734,12,120003,181365,267882,0.44195,0.4906800000000065
66,0,w0_20260420_042734,13,1033.5,164013,220303.5,0.3237700000000134,0.30907500000000043
66,0,w0_20260420_042734,14,90408.75,263859,191672.25,0.4898200000000072,0.3523499999999977
66,0,w0_20260420_042734,15,201578.25,171529.5,182192.25,0.6833299999999929,0.3706550000000022
66,0,w0_20260420_042734,16,250329.75,151452.75,195667.5,0.7308799999999702,0.4100999999999887
66,0,w0_20260420_042734,17,129017.75,277311.75,239140.5,0.49774500000001937,0.4202750000000107
66,0,w0_20260420_042734,18,-1243.75,126855.75,290688,0.3421399999999968,0.3267050000000032
66,0,w0_20260420_042734,19,92822.5,288529.5,292098,0.4278549999999975,0.419749999999989
66,0,w0_20260420_042734,20,289577.25,123144.75,219018,0.7813599999999539,0.42273999999999623
66,0,w0_20260420_042734,21,20679.75,291512.25,272058,0.34214500000000536,0.3442150000000041
66,0,w0_20260420_042734,22,95361,276976.5,273502.5,0.4783799999999912,0.36360500000000007
66,0,w0_20260420_042734,23,219430.75,147350.25,228789,0.7390099999999962,0.30503999999999953
66,0,w0_20260420_042734,24,280316,87624.75,143849.25,0.8459249999999634,0.27382500000000104
66,0,w0_20260420_042734,25,182388.5,196347,137884.5,0.650954999999984,0.31706499999999105
66,0,w0_20260420_042734,26,20423.5,207153,78823.5,0.3448500000000152,0.34272999999998105
66,0,w0_20260420_042734,27,182271.5,192936.75,181401.75,0.6378599999999935,0.34766500000000783
66,0,w0_20260420_042734,28,155097,236561.25,176031.75,0.5806750000000133,0.3441950000000068
66,0,w0_20260420_042734,29,-10000,101739.3375,132280.3875,0.2610950000000121,0.6138649999999832
66,0,w0_20260420_042734,30,216.25,60777.75,250566,0.3629049999999958,0.32628000000000246
66,0,w0_20260420_042734,31,250590,163860.75,263909.25,0.7045649999999574,0.4146949999999949
66,0,w0_20260420_042734,32,26312.75,101057.25,289890,0.3040149999999803,0.3853150000000046
66,0,w0_20260420_042734,33,209564.75,160368,213257.25,0.6777650000000447,0.3657649999999989
66,0,w0_20260420_042734,34,231810,161566.5,238723.5,0.7190299999999956,0.348420000000002
66,0,w0_20260420_042734,35,19207.75,108645,238877.25,0.394529999999994,0.3700650000000054
66,0,w0_20260420_042734,36,150399.75,177484.5,274305.75,0.5813199999999984,0.4305599999999908
66,0,w0_20260420_042734,37,220591.25,163960.5,300218.25,0.6822399999999603,0.39970000000001926
66,0,w0_20260420_042734,38,199386.5,247051.5,256092,0.5653449999999999,0.4716249999999953
66,0,w0_20260420_042734,39,71279,308223.75,285497.25,0.4216550000000068,0.3899799999999944
66,0,w0_20260420_042734,40,61773.25,236958,219258.75,0.46058499999998814,0.34567999999999866
66,0,w0_20260420_042734,41,-2169,104907,201852,0.26783499999998844,0.356945000000006
66,0,w0_20260420_042734,42,168509,213458.25,227502.75,0.6015049999999784,0.3994850000000032
66,0,w0_20260420_042734,43,161634.25,220660.5,242465.25,0.5968449999999971,0.37575499999999745
66,0,w0_20260420_042734,44,356475.25,58896,243018.75,0.8982249999999865,0.40920000000000134
66,0,w0_20260420_042734,45,64579.75,65997,292793.25,0.4194999999999901,0.4510649999999808
66,0,w0_20260420_042734,46,18614.75,169982.25,310023,0.30367999999999706,0.3924400000000085
66,0,w0_20260420_042734,47,174324.25,198008.25,269317.5,0.5931099999999759,0.4267449999999772
66,0,w0_20260420_042734,48,40605,311874.75,199370.25,0.3610250000000359,0.38289499999999926
66,0,w0_20260420_042734,49,101191.75,200707.5,201060.75,0.4735650000000261,0.4222949999999828
66,0,w0_20260420_042734,50,133527.75,178267.5,258924.75,0.4969900000000048,0.4343199999999988
66,0,w0_20260420_042734,51,139364.5,233137.5,263628,0.5549599999999913,0.3575699999999949
66,0,w0_20260420_042734,52,71020,262128.75,262061.25,0.402710000000007,0.36126500000000217
66,0,w0_20260420_042734,53,139361.75,254744.25,244254,0.5537600000000298,0.35969000000000306
66,0,w0_20260420_042734,54,54283.75,52913.25,209913,0.23242000000001023,0.5081849999999712
66,0,w0_20260420_042734,55,31960.25,40694.25,272455.5,0.5067350000000219,0.41175000000001016
66,0,w0_20260420_042734,56,12414,47812.5,277963.5,0.3870800000000101,0.3349750000000029
66,0,w0_20260420_042734,57,6019.5,15629.25,300431.25,0.6026850000000601,0.3129949999999925
66,0,w0_20260420_042734,58,62619.75,216413.25,190047,0.4930500000000042,0.32128499999999244
66,0,w0_20260420_042734,59,170927,114820.5,219532.5,0.6631800000000047,0.3687749999999835
66,0,w0_20260420_042734,60,77850.75,224004.75,203584.5,0.47127499999999634,0.3518949999999913
66,0,w0_20260420_042734,61,7332,87018.75,212189.25,0.3400350000000027,0.31825999999999915
66,0,w0_20260420_042734,62,-10000,37441.5,155385,0.28715499999999144,0.301219999999997
66,0,w0_20260420_042734,63,122527.25,96607.5,193955.25,0.627134999999998,0.3609699999999962
66,0,w0_20260420_042734,64,24963.25,40905,181281.75,0.521964999999977,0.3032500000000007
66,0,w0_20260420_042734,65,354382.5,20470.5,255147,0.9521749999999914,0.4357100000000089
66,0,w0_20260420_042734,66,123660.75,231207.75,167851.5,0.5337500000000149,0.3424799999999924
66,0,w0_20260420_042734,67,18412.25,248928.75,121719,0.4154000000000158,0.25581999999999455
66,0,w0_20260420_042734,68,72353.5,84663,131713.5,0.6246750000000022,0.30370500000001077
66,0,w0_20260420_042734,69,-10000,40615.5,45886.5,0.8193900000000017,0.17111999999999516
66,0,w0_20260420_042734,70,23151.75,63423,138425.25,0.5242200000000202,0.2955999999999937
66,0,w0_20260420_042734,71,55825,158849.25,124755.75,0.5348300000000074,0.336549999999994
66,0,w0_20260420_042734,72,55447.75,34347,92915.25,0.6715099999999444,0.19396499999998343
66,0,w0_20260420_042734,73,-10000.000000000007,66462.70778021021,48512.25,0.5051999999999596,0.4311400000000235
66,0,w0_20260420_042734,74,195461.25,41511.75,141807,0.8556099999999959,0.21498999999999657
66,0,w0_20260420_042734,75,26590.5,186758.25,98231.25,0.34327500000001804,0.30572000000000366
66,0,w0_20260420_042734,76,4990.75,41373.75,66115.5,0.30661999999999456,0.42792500000002526
66,0,w0_20260420_042734,77,145357.75,123857.25,221265,0.6997000000000266,0.21220500000000064
66,0,w0_20260420_042734,78,218001.75,142117.5,216780.75,0.7028150000000295,0.3831149999999787
66,0,w0_20260420_042734,79,84332.75,208474.5,157152.75,0.4212100000000176,0.3229950000000006
66,0,w0_20260420_042734,80,82363.5,131659.5,203757,0.360490000000007,0.5318050000000121
66,0,w0_20260420_042734,81,30749.25,180692.25,174208.5,0.46880500000001457,0.25758000000000086
66,0,w0_20260420_042734,82,13987.5,102129,129943.5,0.5169649999999937,0.22183499999999867
66,0,w0_20260420_042734,83,252924.5,87824.25,214481.25,0.8076199999999657,0.3022649999999961
66,0,w0_20260420_042734,84,167966.5,107488.5,163575,0.704560000000008,0.2570699999999819
66,0,w0_20260420_042734,85,102177.5,157907.25,167255.25,0.533170000000012,0.32338499999999665
66,0,w0_20260420_042734,86,166587.5,119078.25,169994.25,0.6967950000000039,0.24931499999999973
66,0,w0_20260420_042734,87,-10000,39640.5,72562.5,0.49341000000000185,0.4550049999999992
66,0,w0_20260420_042734,88,150670,169093.5,241756.5,0.5191550000000037,0.39022999999999425
66,0,w0_20260420_042734,89,183541,133125.75,210713.25,0.6575650000000043,0.313410000000001
66,0,w0_20260420_042734,90,333181.5,25148.25,342800.25,0.956894999999967,0.28677499999996536
66,0,w0_20260420_042734,91,232190,162693.75,212456.25,0.7118800000000333,0.37169999999998743
66,0,w0_20260420_042734,92,96253,171678.75,211388.25,0.4495899999999865,0.3692700000000072
66,0,w0_20260420_042734,93,17067.25,150014.25,151798.5,0.47806999999998545,0.2917199999999812
66,0,w0_20260420_042734,94,250706,88260.75,216713.25,0.7032799999999879,0.4670649999999764
66,0,w0_20260420_042734,95,23908.25,116831.25,98530.5,0.5652549999999991,0.1917900000000001
66,0,w0_20260420_042734,96,100605.25,183925.5,282869.25,0.48202499999997606,0.32959500000002356
66,0,w0_20260420_042734,97,100338,163960.5,178171.5,0.4677500000000047,0.28437000000000084
66,0,w0_20260420_042734,98,251726.75,92067,196556.25,0.7650099999999768,0.3865299999999993
66,0,w0_20260420_042734,99,286642.5,92787,263110.5,0.8282850000000346,0.3401750000000152
66,0,w0_20260420_042734,100,174446.75,150094.5,223068.75,0.6443750000000258,0.3943350000000081
66,1,w1_20260420_043430,1,92219.25,235862.25,88078.5,0.5348850000000003,0.22769999999999432
66,1,w1_20260420_043430,2,239144.25,87517.5,142628.25,0.8375699999999706,0.15505499999999878
66,1,w1_20260420_043430,3,-10000,76150.2,28831.5,0.504625000000023,0.3280150000000197
66,1,w1_20260420_043430,4,101427.75,241898.25,76404,0.5506999999999999,0.14418499999999365
66,1,w1_20260420_043430,5,139431,215149.5,51109.5,0.60547500000000265,0.1834899999999967
66,1,w1_20260420_043430,6,129573.5,223845.75,53550.75,0.5906600000000154,0.16861999999999408
66,1,w1_20260420_043430,7,86537.25,241047.75,106155,0.5309650000000036,0.1987099999999975
66,1,w1_20260420_043430,8,114431.25,245214,44544.75,0.551909999999994,0.244689999999996
66,1,w1_20260420_043430,9,156171,199539,48540,0.6367999999999711,0.13669999999999785
66,1,w1_20260420_043430,10,214040,183231,121779,0.6667600000000125,0.4351349999999991
66,1,w1_20260420_043430,11,113401.25,252159,87129.75,0.5446749999999946,0.23401499999999456
66,1,w1_20260420_043430,12,349664.75,132098.25,186147,0.7444899999999885,0.5693750000000324
66,1,w1_20260420_043430,13,256932.75,221874,190643.25,0.5938600000000003,0.5262449999999961
66,1,w1_20260420_043430,14,148314.25,226188,234987.75,0.5917400000000131,0.33152499999999335
66,1,w1_20260420_043430,15,235218.25,153339.75,251172,0.7157450000000128,0.3909600000000142
66,1,w1_20260420_043430,16,107088,271619.25,233382.75,0.5085200000000099,0.3403250000000041
66,1,w1_20260420_043430,17,57100.5,308182.5,211137,0.4107350000000063,0.33560499999999316
66,1,w1_20260420_043430,18,38523.25,250920.75,165006,0.4217150000000168,0.3090950000000088
66,1,w1_20260420_043430,19,239626.5,95310.75,170022.75,0.7674199999999539,0.3495650000000021
66,1,w1_20260420_043430,20,190908.5,185526.75,180894.75,0.6718449999999859,0.288435
66,1,w1_20260420_043430,21,190756,208161,228903,0.5430450000000095,0.4699050000000195
66,1,w1_20260420_043430,22,264979.5,97793.25,180767.25,0.8257399999999901,0.24263500000000157
66,1,w1_20260420_043430,23,230804.75,158032.5,153702.75,0.7191649999999928,0.34351999999999905
66,1,w1_20260420_043430,24,163109.75,233577,181313.25,0.5659350000000042,0.4102900000000015
66,1,w1_20260420_043430,25,56499.25,194016,297444.75,0.30946000000002366,0.4251300000000125
66,1,w1_20260420_043430,26,91592,233862.75,261845.25,0.4487849999999904,0.3911750000000027
66,1,w1_20260420_043430,27,138076,265081.5,258652.5,0.5198300000000236,0.3928399999999901
66,1,w1_20260420_043430,28,185078.5,217296,222085.5,0.6098200000000181,0.38516500000000226
66,1,w1_20260420_043430,29,234401.75,160707.75,193630.5,0.721239999999995,0.33511999999999326
66,1,w1_20260420_043430,30,43928,274986.75,187805.25,0.3913400000000136,0.33851499999999557
66,1,w1_20260420_043430,31,235083.25,164190,218706.75,0.7113949999999969,0.35617499999999686
66,1,w1_20260420_043430,32,70228.5,232644,292357.5,0.40772999999999654,0.4186049999999912
66,1,w1_20260420_043430,33,13692.5,195434.25,212393.25,0.3224750000000106,0.33487499999999315
66,1,w1_20260420_043430,34,271177.5,142367.25,284645.25,0.7405249999999914,0.4108150000000038
66,1,w1_20260420_043430,35,69105.75,258606,186518.25,0.3965150000000075,0.3510499999999958
66,1,w1_20260420_043430,36,4159.25,263427,198123.75,0.2266549999999928,0.4270850000000045
66,1,w1_20260420_043430,37,135376.5,227607,180496.5,0.5742449999999915,0.3370999999999978
66,1,w1_20260420_043430,38,127501.5,255012,198886.5,0.5441700000000099,0.32873000000000113
66,1,w1_20260420_043430,39,322202.25,68163,250224.75,0.8824549999999801,0.31844000000001393
66,1,w1_20260420_043430,40,189285,212415,244530,0.6214850000000213,0.3793600000000052
66,1,w1_20260420_043430,41,268829.5,121558.5,171372,0.787219999999971,0.3122099999999982
66,1,w1_20260420_043430,42,49571.5,227922.75,253665.75,0.3526049999999963,0.4267000000000073
66,1,w1_20260420_043430,43,238042.75,175492.5,291204.75,0.659674999999964,0.4420200000000085
66,1,w1_20260420_043430,44,205189.75,196016.25,314334,0.6458249999999873,0.3793050000000082
66,1,w1_20260420_043430,45,57961.5,205371,168067.5,0.4092749999999932,0.39151000000000086
66,1,w1_20260420_043430,46,293035,125531.25,276573.75,0.7712599999999943,0.42290500000001
66,1,w1_20260420_043430,47,348622,66203.25,275064.75,0.8859099999999426,0.39741500000001023
66,1,w1_20260420_043430,48,101432.5,275677.5,293280,0.441450000000012,0.4210100000000088
66,1,w1_20260420_043430,49,174799.75,238969.5,316950.75,0.5661100000000038,0.4047699999999952
66,1,w1_20260420_043430,50,158810,247770,301140,0.546179999999989,0.40581
66,1,w1_20260420_043430,51,190599,230985.75,302345.25,0.5763449999999842,0.4276900000000059
66,1,w1_20260420_043430,52,73747.25,235791.75,172491,0.4453800000000146,0.3774950000000149
66,1,w1_20260420_043430,53,203192,197018.25,294339.75,0.6390400000000321,0.3912799999999913
66,1,w1_20260420_043430,54,69933,149070,251877,0.3898800000000022,0.4431649999999996
66,1,w1_20260420_043430,55,134467.75,236310.75,259291.5,0.5210200000000146,0.3917149999999866
66,1,w1_20260420_043430,56,373508.75,48907.5,274113.75,0.9126099999999532,0.40822000000000697
66,1,w1_20260420_043430,57,36674,146942.25,66543.75,0.4115150000000032,0.2879849999999874
66,1,w1_20260420_043430,58,314938.5,82301.25,237980.25,0.8340249999999647,0.3822749999999942
66,1,w1_20260420_043430,59,362790,51393.75,231356.25,0.9105199999999444,0.40494000000001035
66,1,w1_20260420_043430,60,110014,246866.25,262629.75,0.4884550000000143,0.3730049999999915
66,1,w1_20260420_043430,61,122466.5,174705.75,183867.75,0.5879249999999757,0.30585500000000276
66,1,w1_20260420_043430,62,338968,50624.25,276177.75,0.9065249999999978,0.34272499999999934
66,1,w1_20260420_043430,63,358478.75,40767.75,211153.5,0.9278649999999982,0.35520000000000007
66,1,w1_20260420_043430,64,128737.5,203484,216478.5,0.48411499999999824,0.40510000000000257
66,1,w1_20260420_043430,65,130663.5,236707.5,277419,0.5251050000000015,0.3554349999999969
66,1,w1_20260420_043430,66,287961,137760,221229,0.7600849999999733,0.42408500000000743
66,1,w1_20260420_043430,67,157809.75,240285.75,273394.5,0.5673349999999874,0.3609900000000056
66,1,w1_20260420_043430,68,357645.5,76391.25,212933.25,0.8676199999999747,0.4567950000000027
66,1,w1_20260420_043430,69,383055.75,53064,207830.25,0.9096399999999144,0.47873000000000376
66,1,w1_20260420_043430,70,399282,25138.5,208249.5,0.9564150000000278,0.39082500000002546
66,1,w1_20260420_043430,71,69155.25,248426.25,248878.5,0.4161799999999983,0.3397300000000042
66,1,w1_20260420_043430,72,348418.75,61275.75,250645.5,0.8792900000000278,0.3900749999999922
66,1,w1_20260420_043430,73,7965.75,104598,169826.25,0.2032300000000358,0.4234000000000142
66,1,w1_20260420_043430,74,16108,4704,128538,0.7676649999998408,0.4091050000000118
66,1,w1_20260420_043430,75,132138,173505,260037,0.6144200000000117,0.3768299999999987
66,1,w1_20260420_043430,76,164838.75,211023,264578.25,0.6068700000000089,0.3725750000000105
66,1,w1_20260420_043430,77,34059.25,81356.25,292414.5,0.35479999999998374,0.4143600000000324
66,1,w1_20260420_043430,78,16954.5,43845,283000.5,0.3228849999999871,0.36482000000001213
66,1,w1_20260420_043430,79,15186,103537.5,223966.5,0.32068500000003186,0.33727000000000545
66,1,w1_20260420_043430,80,29287.25,62706,246306.75,0.32028500000003196,0.36942500000002343
66,1,w1_20260420_043430,81,182584.75,242871,211184.25,0.5532800000000321,0.4919599999999968
66,1,w1_20260420_043430,82,70346.75,207309,273434.25,0.4475600000000111,0.4414850000000074
66,1,w1_20260420_043430,83,160015,263830.5,262204.5,0.4963999999999983,0.46626999999999263
66,1,w1_20260420_043430,84,278638.25,48543,237468.75,0.8740649999999698,0.3688500000000112
66,1,w1_20260420_043430,85,24815,16725.75,298409.25,0.448389999999977,0.37461500000000614
66,1,w1_20260420_043430,86,214087.5,137398.5,214044,0.7403499999999195,0.3683950000000072
66,1,w1_20260420_043430,87,284889.25,116714.25,270196.5,0.7979749999999679,0.3542950000000067
66,1,w1_20260420_043430,88,302681.5,117321.75,243126.75,0.7916099999999985,0.446925
66,1,w1_20260420_043430,89,44346,112552.5,253681.5,0.4083450000000088,0.3884200000000128
66,1,w1_20260420_043430,90,102786.75,180890.25,128283,0.5552499999999756,0.31014999999999854
66,1,w1_20260420_043430,91,162723.5,264047.25,277049.25,0.5166400000000074,0.4650449999999817
66,1,w1_20260420_043430,92,83862.25,244609.5,268658.25,0.4690450000000084,0.3805649999999965
66,1,w1_20260420_043430,93,97298.5,248073,258418.5,0.4547800000000052,0.3700850000000104
66,1,w1_20260420_043430,94,64853.5,225852.75,277683.75,0.36289999999998535,0.4251499999999837
66,1,w1_20260420_043430,95,118353.75,243869.25,236757,0.4943900000000304,0.41694500000001017
66,1,w1_20260420_043430,96,310733.75,80619.75,228976.5,0.843829999999992,0.3931300000000002
66,1,w1_20260420_043430,97,239367.75,187417.5,218244.75,0.6781099999999652,0.4250250000000091
66,1,w1_20260420_043430,98,56101,193758.75,231620.25,0.36715500000001494,0.4257749999999943
66,1,w1_20260420_043430,99,401745,50405.25,109809.75,0.9110000000000116,0.5813349999999967
66,1,w1_20260420_043430,100,249698.75,153126,159605.25,0.7334299999999511,0.3748649999999992
67,0,w0_20260420_044120,1,248879.5,84621,128929.5,0.838359999999966,0.21840500000000715
67,0,w0_20260420_044120,2,162236,184186.5,68677.5,0.6593199999999946,0.17066999999999313
67,0,w0_20260420_044120,3,18522,277678.5,64669.5,0.39445500000000777,0.1486849999999913
67,0,w0_20260420_044120,4,111136.75,242849.25,46374,0.5490850000000094,0.21952499999999217
67,0,w0_20260420_044120,5,28530.25,301476,52383.75,0.4052450000000086,0.1595699999999877
67,0,w0_20260420_044120,6,113037.25,211244.25,46138.5,0.5771750000000222,0.14828999999999423
67,0,w0_20260420_044120,7,63560,268628.25,40911.75,0.4677499999999991,0.19219999999999893
67,0,w0_20260420_044120,8,130115.25,223043.25,52021.5,0.5882950000000047,0.1740999999999941
67,0,w0_20260420_044120,9,120205.5,230697,38587.5,0.556944999999999,0.3273150000000041
67,0,w0_20260420_044120,10,109478.75,246810,40241.25,0.5484200000000029,0.18042499999998857
67,0,w0_20260420_044120,11,228722.25,133561.5,44966.25,0.7539449999999706,0.23311499999999527
67,0,w0_20260420_044120,12,249689.5,116905.5,38955,0.7879849999999662,0.29891000000000584
67,0,w0_20260420_044120,13,222921.25,139488.75,75480,0.7491249999999725,0.21370999999999435
67,0,w0_20260420_044120,14,138351.75,231567.75,58180.5,0.5849099999999805,0.3294050000000143
67,0,w0_20260420_044120,15,6423.5,198291.75,36594.75,0.35323500000001534,0.16113499999999892
67,0,w0_20260420_044120,16,297456.5,194662.5,107061,0.6312500000000094,0.657744999999992
67,0,w0_20260420_044120,17,238896,124984.5,60439.5,0.7780999999999337,0.1441549999999932
67,0,w0_20260420_044120,18,112494.5,249672.75,38892.75,0.5495450000000122,0.16246999999999792
67,0,w0_20260420_044120,19,177178.25,188664.75,87897,0.6666799999999724,0.27780500000000496
67,0,w0_20260420_044120,20,240548,133357.5,177844.5,0.7637849999999534,0.33886500000000364
67,0,w0_20260420_044120,21,6128.5,241699.5,50652,0.35889500000001656,0.34285000000002014
67,0,w0_20260420_044120,22,-1278,220067.25,179430.75,0.3416499999999927,0.34105999999999503
67,0,w0_20260420_044120,23,31689,94589.25,312171.75,0.4210350000000164,0.3384899999999962
67,0,w0_20260420_044120,24,132881.5,224595,47413.5,0.5880100000000175,0.16306999999999025
67,0,w0_20260420_044120,25,313657.5,148752,211540.5,0.7140849999999918,0.5388700000000184
67,0,w0_20260420_044120,26,97810.25,229596,61383.75,0.5334449999999995,0.14160999999999446
67,0,w0_20260420_044120,27,130974,248266.5,93199.5,0.5663350000000024,0.32704500000000175
67,0,w0_20260420_044120,28,101151.25,270402,110496.75,0.5270199999999835,0.30225000000001784
67,0,w0_20260420_044120,29,226368.25,138930.75,104841,0.7532199999999785,0.2407050000000096
67,0,w0_20260420_044120,30,133305.75,257936.25,238488,0.5521499999999944,0.3645999999999984
67,0,w0_20260420_044120,31,207631.75,165672.75,63235.5,0.7109849999999884,0.19584499999999372
67,0,w0_20260420_044120,32,311584.75,64434,173831.25,0.8842199999999942,0.32690500000001016
67,0,w0_20260420_044120,33,22920,189939,124251,0.34523500000001345,0.2558450000000059
67,0,w0_20260420_044120,34,237551,126903.75,44765.25,0.7655099999999854,0.1504699999999969
67,0,w0_20260420_044120,35,71355.5,186596.25,166028.25,0.44971999999999773,0.32553499999999347
67,0,w0_20260420_044120,36,265674.5,163921.5,300444,0.71049999999995594,0.4302650000000129
67,0,w0_20260420_044120,37,172350.25,206290.5,57959.25,0.6427899999999911,0.1821549999999964
67,0,w0_20260420_044120,38,166360,193665,116385,0.6499450000000232,0.26062999999999636
67,0,w0_20260420_044120,39,71976.25,215596.5,256997.25,0.4561550000000005,0.36975500000001593
67,0,w0_20260420_044120,40,142406.5,235459.5,252984,0.522920000000005,0.4218949999999904
67,0,w0_20260420_044120,41,174608,200274.75,221657.25,0.6357699999999875,0.3622400000000032
67,0,w0_20260420_044120,42,261017.25,108064.5,170738.25,0.8035800000000086,0.3069250000000007
67,0,w0_20260420_044120,43,53066.25,203523.75,187710,0.2535299999999903,0.46619499999999325
67,0,w0_20260420_044120,44,305612.75,69575.25,270342,0.8758749999999922,0.34690000000000454
67,0,w0_20260420_044120,45,111570.5,234402.75,236646.75,0.5274150000000078,0.3085050000000061
67,0,w0_20260420_044120,46,330083.5,56129.25,322877.25,0.8994649999999594,0.3447349999999973
67,0,w0_20260420_044120,47,346232.25,42012,223425.75,0.9280800000000468,0.32568999999999904
67,0,w0_20260420_044120,48,138367,201025.5,215137.5,0.4536899999999814,0.531654999999995
67,0,w0_20260420_044120,49,151795.25,157338,232266.75,0.4467499999999937,0.5491200000000004
67,0,w0_20260420_044120,50,63187.5,100605,324217.5,0.5792599999999982,0.3530550000000005
67,0,w0_20260420_044120,51,296324.75,85484.25,226431,0.8473399999999714,0.2950250000000102
67,0,w0_20260420_044120,52,125695.75,250972.5,178371.75,0.5423950000000078,0.33612000000000064
67,0,w0_20260420_044120,53,138328.5,173031.75,235599.75,0.5850300000000102,0.3316349999999898
67,0,w0_20260420_044120,54,134176,147839.25,207324.75,0.5825099999999968,0.32073999999998976
67,0,w0_20260420_044120,55,11843.75,121671.75,226774.5,0.3593699999999837,0.3027849999999924
67,0,w0_20260420_044120,56,243275,183054.75,272420.25,0.6814449999999938,0.41330500000001075
67,0,w0_20260420_044120,57,89525.75,118302,283172.25,0.3944700000000021,0.4055999999999809
67,0,w0_20260420_044120,58,349197.25,42342,242610.75,0.9229249999999708,0.32953999999999445
67,0,w0_20260420_044120,59,116906.5,146496.75,195186.75,0.4881399999999787,0.33334000000000436
67,0,w0_20260420_044120,60,111858,136962,224010,0.5725649999999602,0.4074549999999936
67,0,w0_20260420_044120,61,96624,116626.5,251629.5,0.4627599999999733,0.4303499999999875
67,0,w0_20260420_044120,62,58863.25,94129.5,235337.25,0.4858599999999744,0.3413700000000034
67,0,w0_20260420_044120,63,141117,122601,200232,0.6065200000000057,0.34920000000000434
67,0,w0_20260420_044120,64,117247,115469.25,214893.75,0.5304099999999652,0.3564900000000007
67,0,w0_20260420_044120,65,286235.25,85914.75,201180,0.8257349999999507,0.3541449999999926
67,0,w0_20260420_044120,66,38239.25,93819.75,129231,0.5167349999999689,0.2851400000000137
67,0,w0_20260420_044120,67,167885.25,132053.25,249631.5,0.5812250000000012,0.3562900000000032
67,0,w0_20260420_044120,68,187915,113259.75,231905.25,0.6559650000000041,0.3359349999999946
67,0,w0_20260420_044120,69,340709.25,38532.75,229428,0.8890700000000017,0.3969349999999808
67,0,w0_20260420_044120,70,465064.25,21187.5,217208.25,0.9604899999999876,0.569485000000022
67,0,w0_20260420_044120,71,228135.25,116266.5,252788.25,0.6886699999999735,0.39446999999998633
67,0,w0_20260420_044120,72,88370,118692.75,244727.25,0.5292649999999941,0.3569900000000016
67,0,w0_20260420_044120,73,196775.5,115328.25,266696.25,0.7086699999999867,0.3470950000000058
67,0,w0_20260420_044120,74,286690.75,88046.25,262683,0.8332549999999396,0.3624799999999911
67,0,w0_20260420_044120,75,227515.75,95136,278468.25,0.7026649999999866,0.418200000000007
67,0,w0_20260420_044120,76,135483.75,92942.25,287214,0.5664399999999751,0.3816900000000053
67,0,w0_20260420_044120,77,348855.75,74022.75,265591.5,0.8611999999999627,0.4384449999999984
67,0,w0_20260420_044120,78,456148.75,12572.25,267519,0.9787899999999936,0.47689999999998417
67,0,w0_20260420_044120,79,71101.5,193866.75,282981.75,0.30764499999998357,0.478629999999996
67,0,w0_20260420_044120,80,218760,93887.25,307812.75,0.752929999999983,0.3858299999999965
67,0,w0_20260420_044120,81,145976.75,101172,290411.25,0.6682699999999705,0.3664599999999978
67,0,w0_20260420_044120,82,146254,88692,293244,0.5996949999999913,0.37181000000000447
67,0,w0_20260420_044120,83,119845,67969.5,260635.5,0.63468,0.3818800000000047
67,0,w0_20260420_044120,84,224150,92870.25,284409.75,0.6299999999999761,0.4197050000000141
67,0,w0_20260420_044120,85,124693,88722,312645,0.42365500000001555,0.4071199999999968
67,0,w0_20260420_044120,86,237776.25,100470.75,270423,0.7705799999999702,0.3579249999999979
67,0,w0_20260420_044120,87,172081.25,124341.75,179607,0.6854899999999866,0.29233499999999235
67,0,w0_20260420_044120,88,214364,91345.5,139240.5,0.7989749999999858,0.22745000000000945
67,0,w0_20260420_044120,89,1837.75,43821.75,357910.5,0.39706499999996897,0.3289550000000094
67,0,w0_20260420_044120,90,79601.25,154101.75,51087,0.5163750000000172,0.14930000000000634
67,0,w0_20260420_044120,91,234800.75,84498,174371.25,0.8024399999999541,0.30755500000000396
67,0,w0_20260420_044120,92,351130,65009.25,261270.75,0.8646499999999975,0.4559499999999957
67,0,w0_20260420_044120,93,-9148,46869,38259,0.1823949999999994,0.2551499999999903
67,0,w0_20260420_044120,94,59906,114465.75,175838.25,0.45571500000000886,0.4160249999999941
67,0,w0_20260420_044120,95,8488.75,79181.25,97800,0.222375000000004,0.4986849999999914
67,0,w0_20260420_044120,96,238111.75,79680,198188.25,0.757449999999994,0.4550399999999807
67,0,w0_20260420_044120,97,330810.75,166387.5,198261.75,0.6589150000000078,0.6160099999999745
67,0,w0_20260420_044120,98,19622.75,202354.5,155652.75,0.4030650000000173,0.35129499999999736
67,0,w0_20260420_044120,99,160503.75,140439,182297.25,0.6058549999999995,0.2925600000000142
67,0,w0_20260420_044120,100,186379.75,100842,60068.25,0.7296349999999925,0.33530000000001775
67,1,w1_20260420_044815,1,233820.25,96072,122157.75,0.8136499999999753,0.18180999999999745
67,1,w1_20260420_044815,2,163443.25,186753,57963.75,0.6538050000000045,0.17614500000000355
67,1,w1_20260420_044815,3,32358.5,295743.75,61947.75,0.4042450000000075,0.2314899999999935
67,1,w1_20260420_044815,4,132235.25,232719,80205.75,0.5574900000000035,0.3873999999999941
67,1,w1_20260420_044815,5,113006,253392.75,179621.25,0.5311400000000007,0.3420100000000185
67,1,w1_20260420_044815,6,263004.5,180050.25,257705.25,0.6669699999999897,0.4861850000000026
67,1,w1_20260420_044815,7,24324,272330.25,199425.75,0.38715500000002895,0.3249250000000037
67,1,w1_20260420_044815,8,71971.25,282133.5,252575.25,0.47156500000000906,0.33191999999998933
67,1,w1_20260420_044815,9,126087.75,240210.75,272761.5,0.5482450000000169,0.3454299999999927
67,1,w1_20260420_044815,10,273874,113539.5,193696.5,0.7940299999999867,0.4012950000000088
67,1,w1_20260420_044815,11,163398.25,212074.5,220067.25,0.6175300000000041,0.34767499999999674
67,1,w1_20260420_044815,12,62030.25,310104.75,266715,0.42392500000000144,0.35796000000001116
67,1,w1_20260420_044815,13,162851.5,208917,213061.5,0.6240900000000074,0.32147000000000336
67,1,w1_20260420_044815,14,189971.75,226316.25,278622,0.5912049999999998,0.4174900000000035
67,1,w1_20260420_044815,15,38644.25,302687.25,262318.5,0.3678149999999945,0.3832600000000076
67,1,w1_20260420_044815,16,317354.5,102370.5,255285,0.8180349999999916,0.4268750000000063
67,1,w1_20260420_044815,17,99287.25,262236,265386.75,0.4579249999999999,0.38617999999998953
67,1,w1_20260420_044815,18,233418,173218.5,255703.5,0.6925600000000082,0.3875449999999992
67,1,w1_20260420_044815,19,100665.5,262023,154501.5,0.528674999999999,0.2776249999999909
67,1,w1_20260420_044815,20,209611,176599.5,189829.5,0.6869349999999708,0.3618899999999949
67,1,w1_20260420_044815,21,92479,241400.25,268110.75,0.4774950000000081,0.3849500000000159
67,1,w1_20260420_044815,22,247052.5,173175,254362.5,0.670499999999992,0.47800999999999794
67,1,w1_20260420_044815,23,264449.25,158203.5,265067.25,0.7206949999999841,0.4069349999999973
67,1,w1_20260420_044815,24,205431.25,160076.25,167842.5,0.7169249999999563,0.2716499999999971
67,1,w1_20260420_044815,25,154970.25,248363.25,279106.5,0.5479150000000145,0.3893200000000025
67,1,w1_20260420_044815,26,50063.75,242367.75,207478.5,0.4086400000000079,0.3178800000000103
67,1,w1_20260420_044815,27,216121.25,176203.5,170165.25,0.6927449999999901,0.3803699999999985
67,1,w1_20260420_044815,28,27826.5,147423,192190.5,0.3963299999999922,0.36780500000001953
67,1,w1_20260420_044815,29,185955,205143.75,259811.25,0.6367249999999913,0.3443850000000084
67,1,w1_20260420_044815,30,332586.75,104079,295724.25,0.8184999999999761,0.43949999999999984
67,1,w1_20260420_044815,31,48762.5,204262.5,216045,0.38274499999999967,0.3843550000000122
67,1,w1_20260420_044815,32,26993.75,143517,166169.25,0.330934999999982,0.41121500000001127
67,1,w1_20260420_044815,33,320298.75,88274.25,297687,0.842544999999967,0.3821999999999948
67,1,w1_20260420_044815,34,18471,162803.25,225885.75,0.35611499999997354,0.36717499999999686
67,1,w1_20260420_044815,35,322575.75,69260.25,260364,0.8766399999999747,0.35581499999998856
67,1,w1_20260420_044815,36,112230,276162.75,282317.25,0.4595000000000022,0.4074649999999994
67,1,w1_20260420_044815,37,1904.5,100242.75,141882.75,0.26183000000000584,0.4795450000000039
67,1,w1_20260420_044815,38,51030,144761.25,271458.75,0.4675749999999788,0.3737299999999967
67,1,w1_20260420_044815,39,11458.5,128637.75,181353.75,0.3209900000000014,0.34605000000000036
67,1,w1_20260420_044815,40,-10000,70376.25,59933.25,0.2871549999999394,0.3070649999999858
67,1,w1_20260420_044815,41,307064,145548.75,256937.25,0.7422750000000021,0.47976499999998384
67,1,w1_20260420_044815,42,302362.5,86758.5,227139,0.8511049999999614,0.35492499999998534
67,1,w1_20260420_044815,43,18282.25,153971.25,221086.5,0.24001999999999357,0.36492499999997974
67,1,w1_20260420_044815,44,198224.75,139606.5,264018.75,0.6889699999999797,0.29183499999999174
67,1,w1_20260420_044815,45,20659,275892.75,238928.25,0.363295000000005,0.3301600000000033
67,1,w1_20260420_044815,46,102327,183461.25,150801.75,0.4946599999999944,0.37150499999999753
67,1,w1_20260420_044815,47,280374.25,138837,302598.75,0.7545149999999514,0.40470500000000914
67,1,w1_20260420_044815,48,42740.5,190546.5,199773,0.4187500000000045,0.2998049999999971
67,1,w1_20260420_044815,49,71309.5,102932.25,327188.25,0.5124200000000035,0.3910199999999964
67,1,w1_20260420_044815,50,224208.75,160687.5,323613.75,0.6965850000000081,0.36165000000000785
67,1,w1_20260420_044815,51,239838,157475.25,319806.75,0.7216899999999822,0.36314999999999525
67,1,w1_20260420_044815,52,234501.5,172642.5,329316,0.7049750000000119,0.3604400000000136
67,1,w1_20260420_044815,53,46532.5,167420.25,268097.25,0.40967000000000936,0.3611150000000039
67,1,w1_20260420_044815,54,242352,118084.5,267133.5,0.781419999999966,0.25847499999999535
67,1,w1_20260420_044815,55,16506.5,164937,180496.5,0.355364999999965,0.286820000000002
67,1,w1_20260420_044815,56,274970.5,153329.25,290540.25,0.7346049999999942,0.4021500000000017
67,1,w1_20260420_044815,57,5532.25,140298,137019.75,0.3330049999999764,0.36696999999998914
67,1,w1_20260420_044815,58,345164.5,56751.75,260253.75,0.8972549999999615,0.33877499999999816
67,1,w1_20260420_044815,59,-906,85317,196119,0.46212500000000056,0.4832650000000425
67,1,w1_20260420_044815,60,18266,76514.25,135159.75,0.46268499999998647,0.34725999999999224
67,1,w1_20260420_044815,61,24599.25,75588.75,127362,0.46853999999999224,0.3784300000000029
67,1,w1_20260420_044815,62,108132,258691.5,143266.5,0.5427500000000037,0.3432699999999924
67,1,w1_20260420_044815,63,373126.75,40677.75,305065.5,0.930859999999982,0.3665849999999946
67,1,w1_20260420_044815,64,41829.75,216600.75,244189.5,0.39361999999999814,0.3420800000000065
67,1,w1_20260420_044815,65,269575,80345.25,201849.75,0.851950000000016,0.24125499999999392
67,1,w1_20260420_044815,66,175504.5,178023.75,133761.75,0.6876049999999584,0.21050500000000957
67,1,w1_20260420_044815,67,98132.25,289257.75,257340,0.4865549999999702,0.33861000000001296
67,1,w1_20260420_044815,68,102650.75,259425,218954.25,0.5189050000000143,0.30811500000000835
67,1,w1_20260420_044815,69,103022.5,252805.5,128892,0.5155149999999825,0.40119499999999864
67,1,w1_20260420_044815,70,15490.25,194623.5,191666.25,0.34961000000000714,0.3355349999999874
67,1,w1_20260420_044815,71,300816.75,83964,187409.25,0.855305000000013,0.3681099999999886
67,1,w1_20260420_044815,72,248503,136777.5,49669.5,0.7659749999999783,0.3551250000000117
67,1,w1_20260420_044815,73,129151.5,245490.75,26487.75,0.5676000000000248,0.23538000000000583
67,1,w1_20260420_044815,74,316458.5,59623.5,112938,0.8973499999998706,0.3106700000000028
67,1,w1_20260420_044815,75,403708,42665.25,138666.75,0.9247799999999784,0.5216100000000005
67,1,w1_20260420_044815,76,33393,205829.25,165597.75,0.29714999999998415,0.4680899999999876
67,1,w1_20260420_044815,77,241110.75,146388,77741.25,0.7426199999999343,0.4476599999999885
67,1,w1_20260420_044815,78,189125,189417.75,40697.25,0.6617900000000204,0.36315499999999257
67,1,w1_20260420_044815,79,120504.25,255889.5,22676.25,0.5399999999999857,0.5209299999999873
67,1,w1_20260420_044815,80,201503.25,170915.25,43891.5,0.6796299999999812,0.48732500000000983
67,1,w1_20260420_044815,81,182244.5,170838,53977.5,0.6857899999999862,0.3242849999999868
67,1,w1_20260420_044815,82,65958.5,251158.5,110613,0.49639000000002,0.293419999999996
67,1,w1_20260420_044815,83,310678.5,75279,173962.5,0.8526549999999661,0.32683000000000445
67,1,w1_20260420_044815,84,2649.25,61461.75,17739,0.25574999999994835,0.05342000000000169
67,1,w1_20260420_044815,85,32694.75,152809.5,141225.75,0.3452399999999754,0.4103099999999971
67,1,w1_20260420_044815,86,81.5,11949.75,8658.75,0.15719999999999434,0.5421400000000468
67,1,w1_20260420_044815,87,343745,53954.25,146970.75,0.9071099999999768,0.44193499999998
67,1,w1_20260420_044815,88,279013.25,131876.25,174280.5,0.7699199999999913,0.40067000000001246
67,1,w1_20260420_044815,89,78368.75,240194.25,250857,0.4273699999999863,0.3487399999999926
67,1,w1_20260420_044815,90,92099.25,214368,135072.75,0.5411850000000245,0.15853999999998522
67,1,w1_20260420_044815,91,85086.25,258036.75,178827,0.5060550000000281,0.2772950000000009
67,1,w1_20260420_044815,92,-10000,44672.02213102095,102333.869690796,0.19021499999996783,0.4993250000000053
67,1,w1_20260420_044815,93,-9999.999999999998,66424.905,184399.365,0.2198799999999825,0.44772500000000026
67,1,w1_20260420_044815,94,-9434.25,29250,35534.25,0.4903200000000614,0.4496149999999876
67,1,w1_20260420_044815,95,11216.5,96084.75,216858.75,0.3656500000000026,0.3520750000000234
67,1,w1_20260420_044815,96,-10000.000000000004,20525.64170562,14254.89101562,0.3941349999999513,0.4140550000000316
67,1,w1_20260420_044815,97,28560.75,209370.75,199588.5,0.4208050000000035,0.35382500000000366
67,1,w1_20260420_044815,98,77822.75,283902,286745.25,0.32995000000000413,0.4609199999999987
67,1,w1_20260420_044815,99,76140,186143.25,292536.75,0.5065600000000159,0.4037049999999913
67,1,w1_20260420_044815,100,133750.75,217836.75,173692.5,0.55713000000001,0.3210799999999997
68,0,w0_20260420_045505,1,208991.5,102989.25,102419.25,0.7841099999999942,0.20912499999999257
68,0,w0_20260420_045505,2,251560.75,98679.75,56659.5,0.8175299999999753,0.16897999999999216
68,0,w0_20260420_045505,3,171121.75,182352,49856.25,0.6650899999999985,0.1885799999999951
68,0,w0_20260420_045505,4,138197,213069.75,52013.25,0.6076400000000113,0.16762499999999336
68,0,w0_20260420_045505,5,122941,227838,52191,0.5781649999999773,0.1705849999999954
68,0,w0_20260420_045505,6,101495.25,251485.5,45029.25,0.5328599999999807,0.20414999999999864
68,0,w0_20260420_045505,7,118892.75,231525.75,51541.5,0.5713699999999854,0.14202499999999296
68,0,w0_20260420_045505,8,659,212214.75,55646.25,0.4166250000000109,0.18848499999999463
68,0,w0_20260420_045505,9,88300,209292.75,53207.25,0.548714999999999,0.1282949999999925
68,0,w0_20260420_045505,10,141496.75,210422.25,39531,0.6056549999999743,0.21703000000000544
68,0,w0_20260420_045505,11,344213.5,136631.25,85325.25,0.7544849999999642,0.7061100000000008
68,0,w0_20260420_045505,12,138341.75,252222.75,266395.5,0.5450099999999648,0.3590400000000229
68,0,w0_20260420_045505,13,114400.25,254538,169161.75,0.5329949999999802,0.3240949999999997
68,0,w0_20260420_045505,14,256528,212120.25,257871.75,0.6187199999999539,0.5124650000000365
68,0,w0_20260420_045505,15,227010,190434.75,302915.25,0.6548049999999646,0.4235749999999846
68,0,w0_20260420_045505,16,237088,127816.5,209755.5,0.7698249999999321,0.3122349999999942
68,0,w0_20260420_045505,17,111019.75,255638.25,229482,0.5181799999999811,0.34147999999999795
68,0,w0_20260420_045505,18,120728.5,215250.75,253560.75,0.538899999999991,0.3641600000000102
68,0,w0_20260420_045505,19,233672.25,146442,250335.75,0.7368999999999747,0.3202549999999988
68,0,w0_20260420_045505,20,253713,114297,229890,0.7967999999999456,0.27199000000000917
68,0,w0_20260420_045505,21,87852.75,239787,223190.25,0.4995699999999982,0.299934999999995
68,0,w0_20260420_045505,22,180192.25,200274,230583.75,0.6273199999999943,0.3761649999999971
68,0,w0_20260420_045505,23,149381.5,237323.25,240725.25,0.5564950000000004,0.38301500000000704
68,0,w0_20260420_045505,24,200384.25,212985,267780.75,0.6244749999999748,0.4057499999999813
68,0,w0_20260420_045505,25,99373.75,241184.25,268722,0.46344499999999944,0.4133549999999901
68,0,w0_20260420_045505,26,122288.5,221801.25,218360.25,0.5499299999999925,0.31623499999999893
68,0,w0_20260420_045505,27,295600.75,89555.25,168834,0.8411850000000052,0.343095000000008
68,0,w0_20260420_045505,28,125560.25,244128.75,221361,0.5113049999999933,0.3668150000000024
68,0,w0_20260420_045505,29,199026.25,211607.25,269566.5,0.6049249999999957,0.43224500000000143
68,0,w0_20260420_045505,30,265134,166086.75,285479.25,0.7031049999999666,0.4399250000000045
68,0,w0_20260420_045505,31,344491.75,59860.5,242727.75,0.8953700000000081,0.3597000000000067
68,0,w0_20260420_045505,32,76991.75,265515.75,267682.5,0.3572000000000104,0.43025500000000055
68,0,w0_20260420_045505,33,131480.5,196276.5,251553,0.5462799999999988,0.37944999999999374
68,0,w0_20260420_045505,34,179444.5,215449.5,227046,0.6069600000000056,0.39443499999999704
68,0,w0_20260420_045505,35,206591,218535,258114,0.6193249999999886,0.4265350000000008
68,0,w0_20260420_045505,36,44136.5,172794.75,254268.75,0.24001999999999843,0.4620199999999887
68,0,w0_20260420_045505,37,109755.5,197944.5,278340,0.6038599999999947,0.40207499999998847
68,0,w0_20260420_045505,38,58553.75,195591.75,266464.5,0.41581000000001134,0.36238999999999794
68,0,w0_20260420_045505,39,40161.75,67570.5,257697.75,0.17236499999998955,0.4386550000000033
68,0,w0_20260420_045505,40,134714.25,90153,279042.75,0.5751499999999689,0.4296299999999973
68,0,w0_20260420_045505,41,353520.75,93324.75,280714.5,0.8398749999999326,0.44534500000001315
68,0,w0_20260420_045505,42,112096,305604.75,314609.25,0.4613500000000256,0.3984900000000066
68,0,w0_20260420_045505,43,69847.5,285292.5,285540,0.37708000000001,0.4253649999999859
68,0,w0_20260420_045505,44,215239,200880.75,265250.25,0.6452100000000093,0.38372999999999785
68,0,w0_20260420_045505,45,64995.5,196407,280387.5,0.4130950000000097,0.4101199999999967
68,0,w0_20260420_045505,46,308777.5,72351.75,270720.75,0.8713999999999938,0.30836000000000374
68,0,w0_20260420_045505,47,280379.5,192984.75,290085.75,0.6601699999999704,0.4892149999999988
68,0,w0_20260420_045505,48,93033.25,290625.75,279291,0.3431250000000287,0.4744400000000053
68,0,w0_20260420_045505,49,100806.75,203756.25,299457,0.419425000000016,0.4310149999999943
68,0,w0_20260420_045505,50,103043.75,149490,307946.25,0.47807999999999073,0.4169350000000025
68,0,w0_20260420_045505,51,19399,64443.75,296147.25,0.16519500000002313,0.3646749999999986
68,0,w0_20260420_045505,52,20723.5,35073.75,239262.75,0.18551500000002283,0.4217349999999994
68,0,w0_20260420_045505,53,22917.5,34380.75,275901.75,0.2809750000000454,0.3998899999999975
68,0,w0_20260420_045505,54,274224.25,130947.75,191358,0.7664400000000606,0.3831600000000005
68,0,w0_20260420_045505,55,174703,262291.5,249385.5,0.5506299999999911,0.4311599999999994
68,0,w0_20260420_045505,56,143550.5,209889,274030.5,0.4611399999999916,0.5012849999999807
68,0,w0_20260420_045505,57,134413.25,175755,284841.75,0.5429400000000101,0.4387999999999871
68,0,w0_20260420_045505,58,26087.75,187893,307979.25,0.3984650000000011,0.302874999999988
68,0,w0_20260420_045505,59,281194.75,122700,229805.25,0.7792849999999995,0.3678599999999987
68,0,w0_20260420_045505,60,7461.5,63506.25,198812.25,0.3118350000000561,0.36802499999998906
68,0,w0_20260420_045505,61,144915,182363.25,290661.75,0.550355000000009,0.4605150000000062
68,0,w0_20260420_045505,62,30831.25,124320,244638.75,0.37370500000004225,0.3721950000000015
68,0,w0_20260420_045505,63,312079.75,102049.5,281550.75,0.8087999999999549,0.4231850000000033
68,0,w0_20260420_045505,64,125864.75,221217.75,320857.5,0.4983700000000133,0.4111349999999992
68,0,w0_20260420_045505,65,195836.75,197243.25,298500,0.6188849999999944,0.4260699999999848
68,0,w0_20260420_045505,66,12057,92163,298950,0.2468999999999927,0.3693300000000053
68,0,w0_20260420_045505,67,311933.75,105752.25,226044,0.805174999999932,0.4350049999999983
68,0,w0_20260420_045505,68,354175.5,78387.75,241566.75,0.8654299999998991,0.4601700000000116
68,0,w0_20260420_045505,69,37704,144175.5,267190.5,0.35141000000003325,0.35999500000000406
68,0,w0_20260420_045505,70,386148,55404,258138,0.8966999999999573,0.445979999999986
68,0,w0_20260420_045505,71,364410.75,54326.25,268503,0.9075000000000016,0.366049999999999
68,0,w0_20260420_045505,72,23497,113389.5,286573.5,0.2603350000000062,0.3780750000000024
68,0,w0_20260420_045505,73,288846,114284.25,285969.75,0.7712049999999757,0.38403500000000024
68,0,w0_20260420_045505,74,106452.5,242655,309022.5,0.3863549999999982,0.44383499999998993
68,0,w0_20260420_045505,75,72752,198078,287550,0.4453250000000235,0.4007250000000097
68,0,w0_20260420_045505,76,95592,142146.75,313601.25,0.33775500000000436,0.39691000000002336
68,0,w0_20260420_045505,77,318026.25,103225.5,282728.25,0.8167199999999247,0.4023300000000093
68,0,w0_20260420_045505,78,354247,85261.5,292651.5,0.8555899999999416,0.4136999999999902
68,0,w0_20260420_045505,79,131979.25,86286.75,301284,0.6028699999999652,0.3939799999999919
68,0,w0_20260420_045505,80,318423.25,109791,297945.75,0.8076800000000407,0.3974250000000077
68,0,w0_20260420_045505,81,293744,134664.75,301571.25,0.7625249999999484,0.4201050000000003
68,0,w0_20260420_045505,82,63483.75,113556,320030.25,0.5347649999999776,0.3931000000000024
68,0,w0_20260420_045505,83,60326,69846.75,300107.25,0.6126350000000281,0.40310500000000504
68,0,w0_20260420_045505,84,146840.75,59147.25,312552,0.6928499999999734,0.4316600000000107
68,0,w0_20260420_045505,85,91424.5,81429.75,338355.75,0.634290000000008,0.3982949999999844
68,0,w0_20260420_045505,86,110939.75,69759.75,329020.5,0.5840650000000237,0.39795000000001535
68,0,w0_20260420_045505,87,137449.5,139431.75,306408.75,0.5492600000000136,0.42695499999999253
68,0,w0_20260420_045505,88,138571.25,97685.25,301663.5,0.6564999999999712,0.4148799999999892
68,0,w0_20260420_045505,89,195723.5,147831.75,295464.75,0.6438950000000072,0.450560000000003
68,0,w0_20260420_045505,90,285469,125150.25,195210.75,0.78475999999998,0.4315349999999908
68,0,w0_20260420_045505,91,150072,117451.5,309046.5,0.4921849999999795,0.43287499999999335
68,0,w0_20260420_045505,92,331409.25,84594.75,333096,0.8506850000000051,0.39239499999999344
68,0,w0_20260420_045505,93,337380.75,96652.5,320166.75,0.8370649999999809,0.39560499999998666
68,0,w0_20260420_045505,94,338775,81459.75,329315.25,0.8628750000000002,0.36348999999999654
68,0,w0_20260420_045505,95,148095.75,177472.5,316941.75,0.5427549999999819,0.4152250000000085
68,0,w0_20260420_045505,96,315533.5,112767,317299.5,0.8109649999999293,0.38301000000000845
68,0,w0_20260420_045505,97,311299.25,94219.5,196181.25,0.8412499999999329,0.405615000000015
68,0,w0_20260420_045505,98,168194,249764.25,302841.75,0.5798449999999692,0.3614150000000073
68,0,w0_20260420_045505,99,123391.25,240383.25,306415.5,0.44249999999999245,0.41935999999999074
68,0,w0_20260420_045505,100,132213,246848.25,301188.75,0.5452949999999904,0.3460800000000093
68,1,w1_20260420_050158,1,203675.5,126771,80743.5,0.7515599999999774,0.12801999999999705
68,1,w1_20260420_050158,2,264873.75,85478.25,50448,0.841429999999969,0.1446999999999938
68,1,w1_20260420_050158,3,147702.75,205472.25,46635,0.6215849999999934,0.1636599999999953
68,1,w1_20260420_050158,4,81395.75,271085.25,51549,0.5034800000000117,0.1624299999999944
68,1,w1_20260420_050158,5,142076.75,208812,62411.25,0.6167450000000119,0.1610299999999985
68,1,w1_20260420_050158,6,110796.5,235102.5,94851,0.5706650000000127,0.1743199999999929
68,1,w1_20260420_050158,7,-10000.000000000002,91336.5904861251,28516.19582554658,0.4772300000000354,0.3131850000000108
68,1,w1_20260420_050158,8,5473.75,177882.75,73393.5,0.37494499999999326,0.2222649999999964
68,1,w1_20260420_050158,9,143348,213943.5,111388.5,0.606470000000019,0.338389999999983
68,1,w1_20260420_050158,10,251829.5,130231.5,132939,0.7633500000000064,0.3865450000000033
68,1,w1_20260420_050158,11,136482.25,218909.25,94168.5,0.6050000000000041,0.21447499999999603
68,1,w1_20260420_050158,12,150709.5,209682,121888.5,0.6221350000000075,0.25441999999998627
68,1,w1_20260420_050158,13,286621.5,189667.5,178101,0.6571100000000087,0.5478500000000115
68,1,w1_20260420_050158,14,155661.25,246371.25,273937.5,0.5578649999999973,0.3826999999999959
68,1,w1_20260420_050158,15,38396.5,264402,222721.5,0.3175800000000032,0.4127900000000187
68,1,w1_20260420_050158,16,285026,108765,264369,0.8024649999999788,0.36766999999998584
68,1,w1_20260420_050158,17,154046.25,237737.25,236806.5,0.57540000000001,0.33912499999999274
68,1,w1_20260420_050158,18,192480.25,191637.75,223482,0.6545350000000087,0.32505499999999626
68,1,w1_20260420_050158,19,323477.5,115542.75,279669.75,0.7953249999999855,0.45013999999997784
68,1,w1_20260420_050158,20,110208,274839.75,247082.25,0.49207500000002974,0.35896500000000525
68,1,w1_20260420_050158,21,133961.25,251193,223395.75,0.5529750000000163,0.30421999999999516
68,1,w1_20260420_050158,22,247028.5,144555,248536.5,0.7425200000000028,0.34923999999998045
68,1,w1_20260420_050158,23,272584.5,138429.75,260595.75,0.755809999999987,0.39492999999997486
68,1,w1_20260420_050158,24,230463.25,198120,280476.75,0.6468650000000061,0.431614999999998
68,1,w1_20260420_050158,25,100607.75,245595,228677.25,0.49486000000002023,0.3603749999999982
68,1,w1_20260420_050158,26,38806.75,174984,231689.25,0.3618150000000178,0.4261549999999982
68,1,w1_20260420_050158,27,277707.75,120582.75,278749.5,0.783879999999999,0.3643649999999887
68,1,w1_20260420_050158,28,327161.5,87948,287050.5,0.8467250000000508,0.3928999999999846
68,1,w1_20260420_050158,29,144291,273344.25,289614.75,0.5101450000000134,0.4040900000000035
68,1,w1_20260420_050158,30,147225.25,239905.5,237449.25,0.5775950000000039,0.32101999999999636
68,1,w1_20260420_050158,31,202947,201591.75,264701.25,0.6490250000000207,0.3638249999999978
68,1,w1_20260420_050158,32,61899.75,258033,235127.25,0.3909600000000163,0.39251500000000583
68,1,w1_20260420_050158,33,237710,167870.25,274329.75,0.704749999999969,0.3738099999999886
68,1,w1_20260420_050158,34,215638.75,171326.25,279435,0.6816750000000011,0.37807999999998165
68,1,w1_20260420_050158,35,48263,192858.75,273578.25,0.3610999999999962,0.3678300000000048
68,1,w1_20260420_050158,36,141316,157314,234720,0.4921749999999919,0.5211449999999915
68,1,w1_20260420_050158,37,108023.75,253824,258602.25,0.46935000000001326,0.40299499999999616
68,1,w1_20260420_050158,38,103748,217093.5,242788.5,0.4827699999999911,0.442104999999988
68,1,w1_20260420_050158,39,123116.25,220904.25,264919.5,0.47697500000002174,0.47234500000000007
68,1,w1_20260420_050158,40,169775.5,226817.25,253397.25,0.5970200000000285,0.3796799999999906
68,1,w1_20260420_050158,41,329855.5,83964,267910.5,0.8559249999999958,0.4059299999999994
68,1,w1_20260420_050158,42,337871.75,82745.25,264363,0.8583699999999842,0.4090099999999994
68,1,w1_20260420_050158,43,297015,126732.75,250652.25,0.7823699999999654,0.4103949999999788
68,1,w1_20260420_050158,44,115870.25,241408.5,242741.25,0.48197000000000934,0.4361649999999956
68,1,w1_20260420_050158,45,227036.5,199406.25,277877.25,0.6530099999999903,0.41647999999999863
68,1,w1_20260420_050158,46,21714.75,69152.25,246753,0.31198000000000015,0.4141749999999899
68,1,w1_20260420_050158,47,78212.5,221796.75,251370.75,0.4793250000000114,0.3852599999999959
68,1,w1_20260420_050158,48,162028.25,232959,230292.75,0.5915050000000109,0.40265499999998816
68,1,w1_20260420_050158,49,61251.5,292498.5,232050,0.3952100000000043,0.38314500000000046
68,1,w1_20260420_050158,50,51946.75,208686,200567.25,0.41098500000001015,0.39554499999999687
68,1,w1_20260420_050158,51,289311.25,146982.75,278376,0.7456949999999927,0.4365399999999888
68,1,w1_20260420_050158,52,252944.25,107592,186663.75,0.8015950000000218,0.31093499999999247
68,1,w1_20260420_050158,53,191857.25,195433.5,245879.25,0.599905000000012,0.4356599999999848
68,1,w1_20260420_050158,54,90198.25,201039,245562.75,0.4196450000000001,0.4063549999999875
68,1,w1_20260420_050158,55,147436.25,225129,254034.75,0.5668650000000154,0.3509899999999935
68,1,w1_20260420_050158,56,242028.25,144909.75,235302,0.7386300000000139,0.337314999999994
68,1,w1_20260420_050158,57,225324.75,150737.25,238398,0.7341049999999842,0.2948449999999916
68,1,w1_20260420_050158,58,204288.75,187222.5,243648.75,0.6697599999999811,0.3511749999999901
68,1,w1_20260420_050158,59,36422,175886.25,201261.75,0.303179999999997,0.4294849999999961
68,1,w1_20260420_050158,60,242230,162981,283269,0.7088249999999903,0.3917749999999923
68,1,w1_20260420_050158,61,164108,258876,279576,0.5581350000000006,0.3985849999999927
68,1,w1_20260420_050158,62,115930,202173,241827,0.5093249999999998,0.44775000000000326
68,1,w1_20260420_050158,63,253664.5,135659.25,205946.25,0.7680549999999702,0.2838899999999987
68,1,w1_20260420_050158,64,241649.75,172071.75,267028.5,0.7065699999999874,0.4051099999999933
68,1,w1_20260420_050158,65,105015,278747.25,258597.75,0.47981499999999894,0.3834649999999934
68,1,w1_20260420_050158,66,204587.75,186247.5,226764.75,0.6832899999999877,0.3743399999999948
68,1,w1_20260420_050158,67,353962.5,79176,185611.5,0.8658999999999382,0.4853699999999991
68,1,w1_20260420_050158,68,50739.5,225591.75,256308.75,0.3898449999999925,0.3062599999999901
68,1,w1_20260420_050158,69,231432.5,157207.5,192060,0.7250350000000266,0.3265899999999796
68,1,w1_20260420_050158,70,88166.75,205564.5,148608.75,0.46658999999997697,0.4026099999999839
68,1,w1_20260420_050158,71,115843,144338.25,66828.75,0.552924999999967,0.5161449999999789
68,1,w1_20260420_050158,72,152436.25,187471.5,151232.25,0.6312150000000138,0.3448399999999925
68,1,w1_20260420_050158,73,-10000,23574,49708.5,0.6208149999999691,0.605199999999998
68,1,w1_20260420_050158,74,42509.75,201545.25,63915,0.3701150000000076,0.39489499999999195
68,1,w1_20260420_050158,75,21983,133341.75,129365.25,0.36120500000000466,0.5225099999999911
68,1,w1_20260420_050158,76,397693,11971.5,256795.5,0.9730100000000051,0.40223499999999296
68,1,w1_20260420_050158,77,58125,162478.5,136636.5,0.46861500000000506,0.4159699999999989
68,1,w1_20260420_050158,78,342898,60379.5,241102.5,0.8965899999999687,0.3806649999999982
68,1,w1_20260420_050158,79,342686,71348.25,274605.75,0.8799249999999998,0.3703199999999966
68,1,w1_20260420_050158,80,41840.25,190347.75,71862,0.4599599999999926,0.23647499999998792
68,1,w1_20260420_050158,81,108032,158859.75,272738.25,0.5790899999999826,0.4104199999999966
68,1,w1_20260420_050158,82,99791.25,147057,90681.75,0.5619199999999961,0.303284999999991
68,1,w1_20260420_050158,83,71956.25,164499,149394.75,0.4755049999999963,0.3325299999999869
68,1,w1_20260420_050158,84,175169.25,181812.75,183588,0.6489049999999793,0.31373999999999463
68,1,w1_20260420_050158,85,371658.5,32393.25,219518.25,0.9451699999999316,0.3354900000000004
68,1,w1_20260420_050158,86,33738.25,332942.25,298489.5,0.27197499999999053,0.42212499999998526
68,1,w1_20260420_050158,87,386671.5,64922.25,234326.25,0.8878050000000905,0.46778499999999185
68,1,w1_20260420_050158,88,232319.25,162738,146472.75,0.7228500000000744,0.3361149999999924
68,1,w1_20260420_050158,89,130788.75,242053.5,145137.75,0.5415949999999746,0.4348299999999665
68,1,w1_20260420_050158,90,45996.75,137750.25,100983,0.531305000000006,0.26015499999998926
68,1,w1_20260420_050158,91,83065.75,135756.75,112657.5,0.6285899999999992,0.29023999999998845
68,1,w1_20260420_050158,92,47609,101840.25,97830.75,0.5692749999999814,0.24599999999999897
68,1,w1_20260420_050158,93,343639,118905.75,245105.25,0.7879999999999485,0.49156500000000813
68,1,w1_20260420_050158,94,125901.25,240399.75,231729,0.5767700000000145,0.3003399999999927
68,1,w1_20260420_050158,95,169452.5,196299,82888.5,0.6304549999999941,0.24224499999998653
68,1,w1_20260420_050158,96,255317,149069.25,304263.75,0.7336350000000099,0.36481000000000785
68,1,w1_20260420_050158,97,277028.5,103098.75,155472.75,0.7955299999999874,0.4462049999999818
68,1,w1_20260420_050158,98,321219,68381.25,221019.75,0.8823599999999898,0.3145549999999956
68,1,w1_20260420_050158,99,278537.75,130066.5,279375.75,0.7753650000000166,0.3712700000000059
68,1,w1_20260420_050158,100,359505,15333,316992,0.9725800000000032,0.3046950000000081
69,0,w0_20260420_050850,1,150453,182715,97032,0.6535649999999847,0.15918499999998406
69,0,w0_20260420_050850,2,32995.25,299972.25,79042.5,0.4081950000000054,0.2427049999999818
69,0,w0_20260420_050850,3,-10000.000000000002,79068.75037287654,78108.31738698765,0.3894399999999968,0.21394999999999068
69,0,w0_20260420_050850,4,84931.25,233929.5,93059.25,0.495355000000004,0.3362400000000068
69,0,w0_20260420_050850,5,128025,222874.5,63400.5,0.5859150000000045,0.22129499999999597
69,0,w0_20260420_050850,6,64865.5,270531,62083.5,0.4771050000000201,0.16584999999999456
69,0,w0_20260420_050850,7,54983.5,276441.75,43914.75,0.4659400000000178,0.18948499999999957
69,0,w0_20260420_050850,8,2913.75,215062.5,51423.75,0.3867900000000047,0.16944499999999285
69,0,w0_20260420_050850,9,202787.25,149870.25,76672.5,0.7162449999999821,0.3539200000000066
69,0,w0_20260420_050850,10,-10000,107259.825,18909.225,0.47578000000000137,0.2584299999999896
69,0,w0_20260420_050850,11,250525,91351.5,133813.5,0.8333099999999731,0.1738949999999927
69,0,w0_20260420_050850,12,165662.25,186037.5,73580.25,0.6561550000000003,0.27790499999999724
69,0,w0_20260420_050850,13,45603.25,266891.25,36775.5,0.4337750000000116,0.3020049999999977
69,0,w0_20260420_050850,14,86653.5,315753,145453.5,0.3468600000000126,0.6098699999999987
69,0,w0_20260420_050850,15,280901.75,75745.5,85092.75,0.8636550000000077,0.17313499999998871
69,0,w0_20260420_050850,16,81303,262296.75,71990.25,0.4895950000000032,0.3225599999999793
69,0,w0_20260420_050850,17,23618,274932.75,63539.25,0.3699100000000023,0.1563599999999924
69,0,w0_20260420_050850,18,339840.25,67971,251748.75,0.8767299999999603,0.40911999999999776
69,0,w0_20260420_050850,19,201329.25,166736.25,96904.5,0.7048549999999824,0.24509499999999293
69,0,w0_20260420_050850,20,52648.5,273242.25,73469.25,0.4676550000000136,0.20717499999999545
69,0,w0_20260420_050850,21,142209,213323.25,147207.75,0.6016349999999921,0.2714200000000068
69,0,w0_20260420_050850,22,252111.5,115328.25,53270.25,0.7973249999999344,0.1453300000000002
69,0,w0_20260420_050850,23,233337.5,140832.75,65469.75,0.7518750000000006,0.2743949999999947
69,0,w0_20260420_050850,24,50542.25,258916.5,65501.25,0.43712999999998,0.14977999999998473
69,0,w0_20260420_050850,25,215847.5,157403.25,61559.25,0.7213249999999884,0.4179549999999869
69,0,w0_20260420_050850,26,190520,173286,160044,0.6864849999999948,0.3374750000000076
69,0,w0_20260420_050850,27,251681,173203.5,277495.5,0.6892199999999852,0.4203349999999974
69,0,w0_20260420_050850,28,103071,242154.75,220094.25,0.5052000000000084,0.3336550000000128
69,0,w0_20260420_050850,29,289846.75,83364,149729.25,0.8506949999999779,0.31195999999998314
69,0,w0_20260420_050850,30,-10000,159110.625,32672.625,0.2206549999999849,0.18222499999999084
69,0,w0_20260420_050850,31,18341.25,103239.75,246819,0.3514899999999956,0.3666349999999959
69,0,w0_20260420_050850,32,8830.5,48876,101743.5,0.4880649999999797,0.23596499999999743
69,0,w0_20260420_050850,33,55125.5,201642,296602.5,0.4098800000000222,0.34677999999999914
69,0,w0_20260420_050850,34,11399.5,189815.25,100115.25,0.35184499999998886,0.3176600000000003
69,0,w0_20260420_050850,35,302535.5,72305.25,93239.25,0.8681749999999845,0.30077999999999816
69,0,w0_20260420_050850,36,7029,123003.75,239057.25,0.32183999999999874,0.3705299999999963
69,0,w0_20260420_050850,37,209579.25,166862.25,77608.5,0.7027600000000052,0.3551050000000052
69,0,w0_20260420_050850,38,67364.25,256215,158610.75,0.5175199999999937,0.3308500000000024
69,0,w0_20260420_050850,39,166010,227009.25,239520.75,0.5962050000000185,0.37546499999998934
69,0,w0_20260420_050850,40,116744,165677.25,246408.75,0.4499749999999976,0.42404499999999645
69,0,w0_20260420_050850,41,161006.5,235847.25,249176.25,0.5576100000000115,0.41095499999998664
69,0,w0_20260420_050850,42,151824.25,159930,265395.75,0.6042699999999811,0.4254299999999943
69,0,w0_20260420_050850,43,201001.75,158764.5,250473.75,0.6864649999999781,0.3844700000000118
69,0,w0_20260420_050850,44,95712.75,158369.25,201648,0.4714400000000068,0.3390149999999929
69,0,w0_20260420_050850,45,200182.5,165139.5,159828,0.6804299999999749,0.3627699999999948
69,0,w0_20260420_050850,46,167332.25,205033.5,123254.25,0.6445750000000019,0.24121000000001017
69,0,w0_20260420_050850,47,99514.75,201297,52658.25,0.4709199999999972,0.2315450000000051
69,0,w0_20260420_050850,48,129356.25,237972,178851.75,0.5574099999999961,0.36444000000000654
69,0,w0_20260420_050850,49,143458,144255,216537,0.4884649999999868,0.4598499999999847
69,0,w0_20260420_050850,50,330724.25,56824.5,185381.25,0.8909200000000012,0.39902500000001057
69,0,w0_20260420_050850,51,300747.25,72852,190200.75,0.8738199999999954,0.2953999999999919
69,0,w0_20260420_050850,52,69452,118786.5,139201.5,0.43725000000000264,0.34511499999999035
69,0,w0_20260420_050850,53,324538,104568,228624,0.8105900000000152,0.4402199999999946
69,0,w0_20260420_050850,54,151758.75,215010.75,238900.5,0.5797499999999975,0.37281999999999305
69,0,w0_20260420_050850,55,146064.25,149862.75,255363,0.5979149999999881,0.4066549999999882
69,0,w0_20260420_050850,56,110369,70292.25,282648.75,0.6653799999999714,0.3693999999999951
69,0,w0_20260420_050850,57,45719.25,126513.75,287967,0.39302999999998706,0.3480449999999979
69,0,w0_20260420_050850,58,52737,67965.75,288017.25,0.48330499999996274,0.41394499999999607
69,0,w0_20260420_050850,59,40257.75,67026,305156.25,0.46908499999998093,0.3400250000000036
69,0,w0_20260420_050850,60,197779.75,138342.75,234517.5,0.6821399999999765,0.36176499999999406
69,0,w0_20260420_050850,61,285211.25,109598.25,169270.5,0.812669999999976,0.3861299999999861
69,0,w0_20260420_050850,62,363157,35181,243792,0.9387349999999666,0.3483600000000016
69,0,w0_20260420_050850,63,249499.5,166828.5,227052,0.7158849999999853,0.3904299999999901
69,0,w0_20260420_050850,64,68110.75,148326.75,263512.5,0.4192749999999973,0.3661899999999979
69,0,w0_20260420_050850,65,97161.25,97475.25,243823.5,0.5404199999999859,0.37331500000000145
69,0,w0_20260420_050850,66,114925.75,145695.75,267328.5,0.5160849999999979,0.4096550000000035
69,0,w0_20260420_050850,67,161119,149984.25,196956.75,0.5109850000000029,0.5570149999999908
69,0,w0_20260420_050850,68,24684.5,191728.5,298017,0.3692699999999986,0.3516249999999879
69,0,w0_20260420_050850,69,142091,148956.75,196952.25,0.6296000000000089,0.2747800000000127
69,0,w0_20260420_050850,70,128060.5,145998.75,271950.75,0.5580699999999928,0.3267450000000061
69,0,w0_20260420_050850,71,145653.25,72484.5,232472.25,0.6166799999999428,0.36822500000000663
69,0,w0_20260420_050850,72,207130.75,133935.75,230083.5,0.6381449999999927,0.5252750000000199
69,0,w0_20260420_050850,73,219173.75,41705.25,286671,0.7585049999999622,0.36690000000000766
69,0,w0_20260420_050850,74,95636,180637.5,254806.5,0.441005000000028,0.3501650000000065
69,0,w0_20260420_050850,75,286101.75,30733.5,270594.75,0.8907849999999793,0.3765699999999956
69,0,w0_20260420_050850,76,158648.5,205815,171226.5,0.6391999999999898,0.32136999999997784
69,0,w0_20260420_050850,77,30277,144304.5,276628.5,0.3288199999999676,0.39811499999999694
69,0,w0_20260420_050850,78,163625.75,134166.75,279127.5,0.5307349999999798,0.38924000000003073
69,0,w0_20260420_050850,79,172032,95640,269958,0.7625699999999802,0.3974250000000115
69,0,w0_20260420_050850,80,243986.5,149278.5,293445,0.6948599999999796,0.449040000000008
69,0,w0_20260420_050850,81,167616.5,126474,247969.5,0.7253199999999611,0.3153800000000159
69,0,w0_20260420_050850,82,106903,172323.75,327863.25,0.4061650000000235,0.43037500000001
69,0,w0_20260420_050850,83,396642.5,43789.5,282228,0.9183949999999896,0.43295499999999176
69,0,w0_20260420_050850,84,313399.75,100458.75,258151.5,0.825509999999973,0.3838599999999948
69,0,w0_20260420_050850,85,-9999.999999999996,75896.07184455522,33788.82285980039,0.3387450000000083,0.3507400000000059
69,0,w0_20260420_050850,86,36378,46026,303516,0.3437549999999958,0.4025700000000122
69,0,w0_20260420_050850,87,41053.5,43581,220225.5,0.5531899999999714,0.2975900000000116
69,0,w0_20260420_050850,88,101526.75,82505.25,242568,0.6456499999999806,0.35847000000001433
69,0,w0_20260420_050850,89,99843,236230.5,232846.5,0.49589999999999806,0.3417499999999914
69,0,w0_20260420_050850,90,67076.5,161135.25,318518.25,0.4308799999999786,0.3989199999999984
69,0,w0_20260420_050850,91,160066,123057.75,230306.25,0.6406799999999725,0.4156450000000006
69,0,w0_20260420_050850,92,122403.25,185680.5,243476.25,0.5857949999999882,0.3697800000000061
69,0,w0_20260420_050850,93,128844.5,166944.75,252510.75,0.5301500000000018,0.36692999999998294
69,0,w0_20260420_050850,94,143570,178725.75,229004.25,0.5426250000000024,0.4394599999999795
69,0,w0_20260420_050850,95,290595.5,102480.75,299013.75,0.8265299999999887,0.3017899999999838
69,0,w0_20260420_050850,96,46835.25,306920.25,318874.5,0.430810000000013,0.29968499999999626
69,0,w0_20260420_050850,97,29807,182370,199953,0.432660000000003,0.3651099999999928
69,0,w0_20260420_050850,98,179514.5,194172,257893.5,0.63102499999999,0.3809649999999987
69,0,w0_20260420_050850,99,331453.25,106841.25,312775.5,0.81950999999992,0.4024550000000244
69,0,w0_20260420_050850,100,323672,125594.25,307983.75,0.7850649999999656,0.4133099999999903
69,1,w1_20260420_051543,1,144842.25,178620.75,99927,0.6468349999999893,0.19678999999997585
69,1,w1_20260420_051543,2,1486.5,208671,81532.5,0.36745000000000666,0.26429499999998896
69,1,w1_20260420_051543,3,-2010,245522.25,66837.75,0.3455000000000072,0.2280499999999916
69,1,w1_20260420_051543,4,-10000,221757,73738.5,0.33157500000001244,0.228374999999989
69,1,w1_20260420_051543,5,46827.5,284227.5,72855,0.4465550000000086,0.1893899999999981
69,1,w1_20260420_051543,6,41454,268507.5,60718.5,0.43125500000001454,0.18782999999999575
69,1,w1_20260420_051543,7,167620.75,168621,91958.25,0.680114999999988,0.2063449999999963
69,1,w1_20260420_051543,8,206011,147269.25,71109.75,0.7310799999999666,0.18350500000000003
69,1,w1_20260420_051543,9,97884.5,246190.5,58575,0.5407850000000022,0.16672499999999574
69,1,w1_20260420_051543,10,58575.5,290966.25,72188.25,0.4568800000000168,0.26807999999999527
69,1,w1_20260420_051543,11,173366.75,186104.25,62919,0.6672449999999942,0.20712999999999937
69,1,w1_20260420_051543,12,47903.5,290782.5,59274,0.4487700000000207,0.15068499999999616
69,1,w1_20260420_051543,13,80910.25,270117,85122.75,0.5141750000000112,0.12632999999999456
69,1,w1_20260420_051543,14,93843.25,253154.25,78442.5,0.5355550000000094,0.21359499999999784
69,1,w1_20260420_051543,15,21348.75,333705,70706.25,0.39492500000000474,0.187625
69,1,w1_20260420_051543,16,160025.5,204344.25,62180.25,0.6360800000000025,0.22234499999999915
69,1,w1_20260420_051543,17,265091.75,94486.5,70611.75,0.8323099999999549,0.15558500000000686
69,1,w1_20260420_051543,18,56910.75,287939.25,55470,0.4536500000000041,0.18600999999999585
69,1,w1_20260420_051543,19,100066,267407.25,30636.75,0.5192000000000079,0.22053000000000483
69,1,w1_20260420_051543,20,281476.5,86107.5,65316,0.8484849999999665,0.19533499999999163
69,1,w1_20260420_051543,21,182078,247078.5,146143.5,0.5531150000000085,0.5227949999999876
69,1,w1_20260420_051543,22,88904.25,286536.75,131559,0.47575500000001303,0.402585
69,1,w1_20260420_051543,23,128773.25,233916,67170.75,0.5788299999999883,0.2917550000000059
69,1,w1_20260420_051543,24,129371.75,215907,56741.25,0.5978949999999964,0.18224500000000549
69,1,w1_20260420_051543,25,188694.75,185730,31715.25,0.6746799999999957,0.21161000000001004
69,1,w1_20260420_051543,26,35347.75,216411,67601.25,0.35238500000000517,0.2024750000000028
69,1,w1_20260420_051543,27,-3100.75,54590.25,57520.5,0.3878299999999827,0.2856299999999939
69,1,w1_20260420_051543,28,257861,123882,222357,0.7486099999999934,0.4189350000000022
69,1,w1_20260420_051543,29,-1927.25,53473.5,113733.75,0.361769999999992,0.3525849999999921
69,1,w1_20260420_051543,30,9082.25,73215.75,233502,0.22845499999999605,0.3605999999999826
69,1,w1_20260420_051543,31,204405.25,61584.75,127770,0.8568750000000518,0.21219500000000427
69,1,w1_20260420_051543,32,317765.5,56160,76684.5,0.9028199999999896,0.2336499999999909
69,1,w1_20260420_051543,33,196079,167165.25,215775.75,0.7086199999999871,0.2919000000000077
69,1,w1_20260420_051543,34,36776.25,160920,213963.75,0.3835750000000173,0.31665000000001203
69,1,w1_20260420_051543,35,240927,160532.25,252570.75,0.7047799999999802,0.4010449999999872
69,1,w1_20260420_051543,36,209408.25,193248,237543.75,0.6597649999999831,0.3813300000000072
69,1,w1_20260420_051543,37,147913.5,237075,185611.5,0.563840000000013,0.3514249999999975
69,1,w1_20260420_051543,38,273426.5,118219.5,187644,0.7824399999999619,0.3656350000000084
69,1,w1_20260420_051543,39,61364.25,242723.25,262312.5,0.3853850000000361,0.4185850000000005
69,1,w1_20260420_051543,40,212306.25,200686.5,157877.25,0.48551000000000377,0.6436299999999986
69,1,w1_20260420_051543,41,352517,116315.25,256947.75,0.7885499999999623,0.5087649999999949
69,1,w1_20260420_051543,42,106927.75,244959.75,297892.5,0.441789999999991,0.3999000000000025
69,1,w1_20260420_051543,43,105466.25,174665.25,230128.5,0.5116299999999829,0.31338000000000266
69,1,w1_20260420_051543,44,109419.5,153977.25,191453.25,0.4759749999999992,0.3456199999999929
69,1,w1_20260420_051543,45,276085.25,120010.5,236654.25,0.7727549999999502,0.3689800000000002
69,1,w1_20260420_051543,46,210629.25,174338.25,253822.5,0.6562599999999793,0.3589949999999867
69,1,w1_20260420_051543,47,215355,145785.75,241739.25,0.5204950000000301,0.5268550000000126
69,1,w1_20260420_051543,48,244563.25,144016.5,281360.25,0.6950150000000086,0.4211349999999821
69,1,w1_20260420_051543,49,195132.75,125703,198914.25,0.7230799999999931,0.30564000000000274
69,1,w1_20260420_051543,50,26344.5,129635.25,219470.25,0.3661299999999922,0.2822100000000188
69,1,w1_20260420_051543,51,389048.75,45481.5,297129.75,0.9086199999999875,0.4284099999999914
69,1,w1_20260420_051543,52,165767,162091.5,244381.5,0.5726200000000119,0.3839700000000064
69,1,w1_20260420_051543,53,156872.25,139138.5,226109.25,0.6585900000000028,0.3479750000000083
69,1,w1_20260420_051543,54,101399.25,109101,245049.75,0.47778999999998795,0.4685750000000066
69,1,w1_20260420_051543,55,66856.25,69149.25,281104.5,0.6278299999999641,0.3768150000000007
69,1,w1_20260420_051543,56,53788.25,57558,247983.75,0.5066649999999882,0.3965900000000028
69,1,w1_20260420_051543,57,24146,69007.5,294916.5,0.38115500000001823,0.3608849999999973
69,1,w1_20260420_051543,58,46418,114052.5,217399.5,0.33833499999998845,0.4368550000000021
69,1,w1_20260420_051543,59,190928,166680.75,290411.25,0.6346899999999988,0.39601499999998496
69,1,w1_20260420_051543,60,38151,150360.75,242408.25,0.3107049999999912,0.41498500000001287
69,1,w1_20260420_051543,61,107746.5,118032.75,245820.75,0.5715249999999905,0.3863749999999983
69,1,w1_20260420_051543,62,323651,75001.5,308137.5,0.8660299999998843,0.35811499999996904
69,1,w1_20260420_051543,63,214918.75,197828.25,287463,0.6434699999999853,0.409389999999991
69,1,w1_20260420_051543,64,286589.5,127935.75,284034.75,0.7764399999999655,0.4021799999999864
69,1,w1_20260420_051543,65,93025.5,262841.25,227633.25,0.5245450000000086,0.2768800000000029
69,1,w1_20260420_051543,66,45523.25,124782.75,217704,0.27076999999999596,0.4627149999999925
69,1,w1_20260420_051543,67,76158.25,191287.5,212264.25,0.43228000000001066,0.3834100000000032
69,1,w1_20260420_051543,68,49368.5,111740.25,200771.25,0.4308099999999997,0.3800649999999979
69,1,w1_20260420_051543,69,63794.25,90786,224349.75,0.5694900000000104,0.35114000000000845
69,1,w1_20260420_051543,70,191491.25,139889.25,228949.5,0.6482749999999972,0.3978399999999979
69,1,w1_20260420_051543,71,370551.25,80169.75,255639,0.8628250000000018,0.45135499999999146
69,1,w1_20260420_051543,72,233159.75,171286.5,254673.75,0.7091050000000603,0.3463600000000084
69,1,w1_20260420_051543,73,78557.25,147451.5,211751.25,0.4383650000000018,0.3601500000000032
69,1,w1_20260420_051543,74,119609.5,171795.75,227844.75,0.5113450000000115,0.41752000000000505
69,1,w1_20260420_051543,75,131362.5,143432.25,188825.25,0.5086500000000059,0.5134599999999802
69,1,w1_20260420_051543,76,168657.25,208434.75,270888,0.5884000000000208,0.3877499999999968
69,1,w1_20260420_051543,77,162471,142206,263673,0.578750000000001,0.4258049999999995
69,1,w1_20260420_051543,78,238113.75,141882.75,314473.5,0.7296650000000359,0.35557500000001036
69,1,w1_20260420_051543,79,168711.5,143545.5,305943,0.5837449999999935,0.3858750000000036
69,1,w1_20260420_051543,80,140263.25,142337.25,282409.5,0.5341600000000222,0.4137099999999863
69,1,w1_20260420_051543,81,306686.5,130821.75,289731.75,0.7673149999999888,0.43148999999998294
69,1,w1_20260420_051543,82,159281.75,140037,273881.25,0.5484949999999932,0.4390049999999812
69,1,w1_20260420_051543,83,343782,121963.5,267634.5,0.7881349999999209,0.47446000000002586
69,1,w1_20260420_051543,84,87091.25,113619.75,255549,0.5635649999999781,0.3574000000000159
69,1,w1_20260420_051543,85,94787,114234,295719,0.5118249999999825,0.3617650000000117
69,1,w1_20260420_051543,86,237901.5,154323.75,270384.75,0.7212400000000714,0.39892499999999953
69,1,w1_20260420_051543,87,59822.5,147761.25,289046.25,0.4498050000000024,0.37671000000000215
69,1,w1_20260420_051543,88,32975,36876,203529,0.4746899999999644,0.3848200000000039
69,1,w1_20260420_051543,89,310011.25,88616.25,292312.5,0.8202750000000085,0.3915600000000138
69,1,w1_20260420_051543,90,54845.5,124825.5,263469,0.4064449999999976,0.4359500000000081
69,1,w1_20260420_051543,91,361817.75,59103.75,284068.5,0.894394999999975,0.4010399999999909
69,1,w1_20260420_051543,92,186141,196931.25,191997.75,0.609895000000015,0.4010949999999984
69,1,w1_20260420_051543,93,172174.5,59127,248068.5,0.8097799999999564,0.46579499999998714
69,1,w1_20260420_051543,94,307180.75,63195.75,230773.5,0.8610349999999757,0.3916399999999891
69,1,w1_20260420_051543,95,379886.75,24000,322073.25,0.958635000000004,0.35919500000002924
69,1,w1_20260420_051543,96,243688.25,178277.25,266194.5,0.6915149999999896,0.4143999999999889
69,1,w1_20260420_051543,97,121998.75,179676,312245.25,0.5403650000000167,0.3854000000000056
69,1,w1_20260420_051543,98,101346.5,176292.75,321720.75,0.524635000000018,0.3881849999999941
69,1,w1_20260420_051543,99,275154.25,131554.5,198461.25,0.7754699999999777,0.4153549999999911
69,1,w1_20260420_051543,100,262164.75,147130.5,211584.75,0.726879999999995,0.42933499999999647
70,0,w0_20260420_052235,1,220811.25,109037.25,111061.5,0.7935599999999673,0.16497499999998727
70,0,w0_20260420_052235,2,17625.25,322624.5,73850.25,0.39406500000000777,0.14097999999999553
70,0,w0_20260420_052235,3,160977,188011.5,68491.5,0.6540649999999889,0.15740499999999708
70,0,w0_20260420_052235,4,97813.75,252072,48584.25,0.5337600000000078,0.14836499999998892
70,0,w0_20260420_052235,5,-10000.000000000002,99578.23357611896,19866.654769871388,0.2552549999999903,0.1843100000000027
70,0,w0_20260420_052235,6,8433.75,236827.5,39408.75,0.3619049999999932,0.2557900000000012
70,0,w0_20260420_052235,7,75122.25,257623.5,43424.25,0.4914949999999982,0.1889399999999907
70,0,w0_20260420_052235,8,66836.75,271532.25,44151,0.48334499999997904,0.1569949999999968
70,0,w0_20260420_052235,9,115158.5,218043,80038.5,0.5930399999999926,0.15718499999998647
70,0,w0_20260420_052235,10,222052.75,134211.75,57925.5,0.7535599999999585,0.26463499999998535
70,0,w0_20260420_052235,11,118204.75,277695.75,115729.5,0.4444750000000021,0.4767050000000015
70,0,w0_20260420_052235,12,203199.75,164659.5,133830.75,0.6982399999999784,0.2949050000000074
70,0,w0_20260420_052235,13,235016.75,164001.75,161701.5,0.7020049999999713,0.3784700000000112
70,0,w0_20260420_052235,14,114141.25,259831.5,263477.25,0.4863600000000101,0.3960100000000095
70,0,w0_20260420_052235,15,181137,275161.5,242101.5,0.4818400000000094,0.5245850000000121
70,0,w0_20260420_052235,16,98473,225354,343173,0.5983099999999765,0.29829000000001127
70,0,w0_20260420_052235,17,101821.25,265612.5,155276.25,0.5058649999999979,0.3454850000000041
70,0,w0_20260420_052235,18,94195,266539.5,240925.5,0.4659150000000025,0.37693500000000246
70,0,w0_20260420_052235,19,93344.25,233883,250032.75,0.39054500000000225,0.4466149999999943
70,0,w0_20260420_052235,20,147618,238172.25,266439.75,0.5588599999999976,0.3784749999999957
70,0,w0_20260420_052235,21,283366.75,75607.5,248985.75,0.8633549999999411,0.26741999999999255
70,0,w0_20260420_052235,22,269857,137982.75,210470.25,0.7565699999999628,0.3752399999999996
70,0,w0_20260420_052235,23,152470.25,241665.75,178524,0.5696150000000069,0.3472550000000083
70,0,w0_20260420_052235,24,125216,230930.25,293913.75,0.502845000000019,0.4220600000000105
70,0,w0_20260420_052235,25,231476.75,200087.25,274746,0.6434649999999654,0.44439999999999424
70,0,w0_20260420_052235,26,226154.5,181950.75,245784.75,0.6779349999999862,0.3779700000000173
70,0,w0_20260420_052235,27,123197.5,258390.75,223161.75,0.5341049999999924,0.3392200000000096
70,0,w0_20260420_052235,28,102342.25,223517.25,210520.5,0.5130900000000034,0.333525000000008
70,0,w0_20260420_052235,29,210219.5,179309.25,219941.25,0.6646949999999848,0.39462000000000536
70,0,w0_20260420_052235,30,244221.75,190493.25,270675,0.6673800000000085,0.43471500000001007
70,0,w0_20260420_052235,31,68939.75,227586.75,241423.5,0.4238249999999978,0.3318650000000083
70,0,w0_20260420_052235,32,126982.75,205539.75,265087.5,0.4906400000000185,0.42066500000001295
70,0,w0_20260420_052235,33,83480.75,207240.75,286258.5,0.4031749999999983,0.3755200000000041
70,0,w0_20260420_052235,34,310588.25,56198.25,176323.5,0.885159999999985,0.3356500000000004
70,0,w0_20260420_052235,35,270422.25,111822.75,214995,0.8001049999999758,0.36750000000000793
70,0,w0_20260420_052235,36,124987.5,133998.75,276003.75,0.39541999999999106,0.4561749999999843
70,0,w0_20260420_052235,37,125675.5,185888.25,252386.25,0.560069999999984,0.3699150000000037
70,0,w0_20260420_052235,38,129460.5,218481,173518.5,0.5545899999999969,0.3449950000000149
70,0,w0_20260420_052235,39,140500,145096.5,273913.5,0.4638949999999996,0.44414500000000007
70,0,w0_20260420_052235,40,208114.25,165630.75,199335,0.6849649999999757,0.3523100000000085
70,0,w0_20260420_052235,41,168340,147042.75,270407.25,0.526199999999993,0.4423100000000224
70,0,w0_20260420_052235,42,128998.25,174483.75,249048,0.5686150000000411,0.3944699999999894
70,0,w0_20260420_052235,43,124519.75,184670.25,197880,0.564234999999998,0.38336000000000625
70,0,w0_20260420_052235,44,159522.5,184446,175861.5,0.6081699999999751,0.38504500000000136
70,0,w0_20260420_052235,45,185645.25,145605,284169.75,0.6125999999999717,0.4390850000000024
70,0,w0_20260420_052235,46,270296.25,126789,281994.75,0.7731649999999982,0.3734599999999828
70,0,w0_20260420_052235,47,121583,143019,191208,0.5374550000000399,0.3544750000000119
70,0,w0_20260420_052235,48,173575.75,134882.25,194472,0.6007649999999892,0.4094049999999936
70,0,w0_20260420_052235,49,125972.25,134896.5,250871.25,0.43123000000002193,0.4188350000000085
70,0,w0_20260420_052235,50,146139,133377.75,199103.25,0.5164000000000261,0.41728500000000185
70,0,w0_20260420_052235,51,145146.5,102691.5,196452,0.5415950000000266,0.43392999999999565
70,0,w0_20260420_052235,52,89663.5,123134.25,263582.25,0.4022999999999913,0.432415000000012
70,0,w0_20260420_052235,53,183390.75,137313.75,241825.5,0.643534999999991,0.4308649999999924
70,0,w0_20260420_052235,54,195381.75,106182,270116.25,0.6538099999999732,0.4233799999999934
70,0,w0_20260420_052235,55,94096.75,139095,276788.25,0.43143999999998994,0.4206150000000021
70,0,w0_20260420_052235,56,70114.25,83369.25,324556.5,0.4321699999999846,0.3583450000000022
70,0,w0_20260420_052235,57,230884.25,111436.5,267569.25,0.746939999999945,0.42261999999998773
70,0,w0_20260420_052235,58,339492,50789.25,174498.75,0.9074849999999528,0.4650500000000123
70,0,w0_20260420_052235,59,309900.5,46956,226483.5,0.9143499999999684,0.2181299999999991
70,0,w0_20260420_052235,60,172441.75,101130,264188.25,0.671394999999979,0.4067350000000031
70,0,w0_20260420_052235,61,182962.25,95657.25,289120.5,0.645804999999994,0.429714999999986
70,0,w0_20260420_052235,62,204209,143172.75,293918.25,0.6066200000000105,0.4230749999999793
70,0,w0_20260420_052235,63,221563,120360,265857,0.6968999999999851,0.39704999999998625
70,0,w0_20260420_052235,64,333250.75,83473.5,318735.75,0.8510949999999917,0.39056500000001154
70,0,w0_20260420_052235,65,120034.5,130186.5,274629,0.5508850000000141,0.3929649999999797
70,0,w0_20260420_052235,66,179220.25,117212.25,150397.5,0.7071249999999772,0.30131500000000216
70,0,w0_20260420_052235,67,301615.25,102275.25,327949.5,0.7977899999999563,0.4240450000000086
70,0,w0_20260420_052235,68,240397.75,123396.75,305965.5,0.6889649999999851,0.4080150000000062
70,0,w0_20260420_052235,69,259464.75,134038.5,247566.75,0.7600800000000081,0.3725049999999897
70,0,w0_20260420_052235,70,202086.25,123531.75,253392,0.6713000000000082,0.38336499999999846
70,0,w0_20260420_052235,71,268029.75,64932.75,272257.5,0.7323699999999717,0.4692849999999873
70,0,w0_20260420_052235,72,226059.25,76252.5,294338.25,0.6697050000000174,0.4181450000000038
70,0,w0_20260420_052235,73,54023.75,72182.25,212004,0.5419050000000033,0.35271500000000083
70,0,w0_20260420_052235,74,169731.75,139362,295556.25,0.517894999999996,0.45482500000000353
70,0,w0_20260420_052235,75,32395.75,86922,283712.25,0.4122700000000039,0.37322500000001463
70,0,w0_20260420_052235,76,47312,122396.25,302901.75,0.387499999999998,0.37785000000001273
70,0,w0_20260420_052235,77,82933.25,55695,257631.75,0.6475799999999998,0.3564700000000148
70,0,w0_20260420_052235,78,203676.25,111058.5,207575.25,0.7384599999999946,0.4362850000000047
70,0,w0_20260420_052235,79,287713,73119.75,313877.25,0.8007800000000268,0.4127249999999995
70,0,w0_20260420_052235,80,124674.5,127191,294184.5,0.5680850000000127,0.3314550000000148
70,0,w0_20260420_052235,81,50965.5,99744,245410.5,0.3805549999999997,0.4410350000000039
70,0,w0_20260420_052235,82,285323,164532.75,302924.25,0.6869850000000218,0.47393999999999886
70,0,w0_20260420_052235,83,288043,155531.25,312105.75,0.7341699999999183,0.4177449999999908
70,0,w0_20260420_052235,84,141917.25,177129.75,383943,0.6945250000000489,0.2663899999999903
70,0,w0_20260420_052235,85,292440,104352,312858,0.8219849999999626,0.33556500000000217
70,0,w0_20260420_052235,86,234845.75,123186,286118.25,0.7918500000000473,0.23300000000000456
70,0,w0_20260420_052235,87,182133.25,204948.75,304758,0.5623049999999818,0.43506999999999496
70,0,w0_20260420_052235,88,96530.5,131092.5,322977,0.49338999999997696,0.42680000000000584
70,0,w0_20260420_052235,89,157393.75,116234.25,310812,0.7130300000000085,0.405744999999994
70,0,w0_20260420_052235,90,51155.25,207673.5,279821.25,0.390519999999996,0.3552049999999975
70,0,w0_20260420_052235,91,81560.25,171684,279735.75,0.47266999999999215,0.37327500000000746
70,0,w0_20260420_052235,92,28965,224210.25,261174.75,0.32815000000000016,0.3973349999999798
70,0,w0_20260420_052235,93,420414,46886.25,173019.75,0.8571200000000126,0.6488649999999989
70,0,w0_20260420_052235,94,105382.5,122886.75,267510.75,0.5261399999999997,0.39249500000000226
70,0,w0_20260420_052235,95,42228,91171.5,200260.5,0.4189049999999994,0.4518150000000023
70,0,w0_20260420_052235,96,178195,168502.5,207412.5,0.6250449999999921,0.3621550000000064
70,0,w0_20260420_052235,97,345754.75,46515.75,174319.5,0.9165799999999744,0.3554650000000196
70,0,w0_20260420_052235,98,253617.25,160047.75,315975,0.7206149999999917,0.37729500000001104
70,0,w0_20260420_052235,99,295765,92592,117393,0.8436099999999744,0.29620999999999464
70,0,w0_20260420_052235,100,127281.5,131089.5,286239,0.5582550000000001,0.3744900000000015
70,1,w1_20260420_052927,1,228213,106449,97458,0.7977249999999756,0.2022449999999936
70,1,w1_20260420_052927,2,-10000,274356,64201.5,0.3870749999999923,0.18556499999997705
70,1,w1_20260420_052927,3,144286.5,207739.5,54234,0.6152199999999977,0.18934999999998817
70,1,w1_20260420_052927,4,153358,199038,51864,0.6303150000000047,0.26366999999999086
70,1,w1_20260420_052927,5,42868.25,269219.25,41602.5,0.4446950000000093,0.2000049999999916
70,1,w1_20260420_052927,6,111013,229881.75,53705.25,0.5594400000000245,0.19657999999998865
70,1,w1_20260420_052927,7,37783.75,246786,38030.25,0.4185800000000133,0.2472199999999836
70,1,w1_20260420_052927,8,36991.5,239629.5,52629,0.442015000000004,0.1898849999999989
70,1,w1_20260420_052927,9,205382.75,147334.5,61062.75,0.7274749999999771,0.15874499999999434
70,1,w1_20260420_052927,10,124017,223617,37296,0.5762650000000018,0.2601949999999874
70,1,w1_20260420_052927,11,57598.75,274108.5,36012.75,0.4499950000000074,0.24786999999999265
70,1,w1_20260420_052927,12,147195,209832.75,44432.25,0.6218949999999973,0.1261549999999935
70,1,w1_20260420_052927,13,114510.25,240623.25,48646.5,0.5629500000000148,0.16270499999999127
70,1,w1_20260420_052927,14,106744,251023.5,36982.5,0.5402350000000168,0.1752299999999937
70,1,w1_20260420_052927,15,143017.5,224412.75,30339.75,0.5951049999999948,0.2593299999999967
70,1,w1_20260420_052927,16,54049.25,274119.75,40011,0.44737499999999647,0.16859999999999328
70,1,w1_20260420_052927,17,-10000,58350.525,4683.75,0.34002000000007426,0.30765999999998733
70,1,w1_20260420_052927,18,55315,273035.25,77769.75,0.4478000000000024,0.2106899999999942
70,1,w1_20260420_052927,19,133136.25,235488.75,28365,0.5748049999999992,0.246189999999997
70,1,w1_20260420_052927,20,25524.25,258043.5,49352.25,0.37754000000000487,0.24883499999998984
70,1,w1_20260420_052927,21,216151.5,145287.75,43590.75,0.7381099999999714,0.1323200000000003
70,1,w1_20260420_052927,22,1729.75,223084.5,33915.75,0.328300000000001,0.326105000000005
70,1,w1_20260420_052927,23,141195.25,227294.25,22000.5,0.585210000000009,0.3424750000000059
70,1,w1_20260420_052927,24,209741,158741.25,32157.75,0.7115149999999852,0.28734999999999494
70,1,w1_20260420_052927,25,20762.5,253061.25,35906.25,0.3916749999999928,0.3526899999999831
70,1,w1_20260420_052927,26,72190.75,245040.75,53158.5,0.46825000000000455,0.23337499999999187
70,1,w1_20260420_052927,27,135200.75,225716.25,24123,0.5758800000000066,0.2604149999999964
70,1,w1_20260420_052927,28,145157.5,287495.25,155327.25,0.4460599999999995,0.4940400000000264
70,1,w1_20260420_052927,29,166812.25,207458.25,59989.5,0.6167599999999888,0.3060349999999858
70,1,w1_20260420_052927,30,365312.75,139717.5,108519.75,0.7006349999999768,0.693259999999996
70,1,w1_20260420_052927,31,191382,230250,299268,0.5959150000000009,0.4034550000000064
70,1,w1_20260420_052927,32,80263,248424.75,77732.25,0.4718500000000155,0.27808999999999057
70,1,w1_20260420_052927,33,57709.5,153675,112795.5,0.5166300000000061,0.3885850000000068
70,1,w1_20260420_052927,34,398989.5,117407.25,201233.25,0.7892999999999577,0.5905599999999936
70,1,w1_20260420_052927,35,164882.25,210368.25,110809.5,0.6317149999999961,0.20904999999999271
70,1,w1_20260420_052927,36,73200,297251.25,129108.75,0.44365000000001725,0.29949999999999366
70,1,w1_20260420_052927,37,20827.75,233073,285029.25,0.17942499999998962,0.44633000000000256
70,1,w1_20260420_052927,38,381068,95115.75,270176.25,0.8312149999999184,0.5026799999999996
70,1,w1_20260420_052927,39,2846.25,102504,253449.75,0.17759499999998296,0.33009499999998787
70,1,w1_20260420_052927,40,284431,95769.75,253349.25,0.8192049999999628,0.32239500000000737
70,1,w1_20260420_052927,41,268573.5,111678,181228.5,0.808564999999986,0.2713550000000005
70,1,w1_20260420_052927,42,179996.75,293370.75,220492.5,0.43849000000000216,0.5722200000000001
70,1,w1_20260420_052927,43,104242.5,266883.75,254823.75,0.4283150000000116,0.45537000000000016
70,1,w1_20260420_052927,44,39403.5,265177.5,250509,0.3383800000000204,0.44772500000002585
70,1,w1_20260420_052927,45,215053.5,191475.75,298020.75,0.6653849999999923,0.3702050000000131
70,1,w1_20260420_052927,46,334143,61482.75,217874.25,0.8947099999998918,0.33437499999998904
70,1,w1_20260420_052927,47,316036.25,160026,280827.75,0.7268749999999449,0.48682499999999346
70,1,w1_20260420_052927,48,78395,274959.75,236285.25,0.4174749999999927,0.3937200000000305
70,1,w1_20260420_052927,49,277498.25,126213,239298.75,0.7821149999999424,0.347565
70,1,w1_20260420_052927,50,194619,236935.5,264175.5,0.5903799999999811,0.4048550000000019
70,1,w1_20260420_052927,51,130744.5,278439.75,237765.75,0.5143599999999868,0.3697100000000116
70,1,w1_20260420_052927,52,165571,255916.5,266632.5,0.5528099999999753,0.39950500000000577
70,1,w1_20260420_052927,53,137409.5,263819.25,280991.25,0.4525000000000222,0.4825000000000037
70,1,w1_20260420_052927,54,47263.25,176726.25,209020.5,0.28746999999999767,0.4590100000000115
70,1,w1_20260420_052927,55,99405.25,278775.75,254139,0.4588550000000105,0.38506000000001206
70,1,w1_20260420_052927,56,104483.5,297565.5,254331,0.4453350000000087,0.4085200000000056
70,1,w1_20260420_052927,57,44695,175683,171282,0.38332999999996775,0.3879550000000012
70,1,w1_20260420_052927,58,50407.5,108663,201229.5,0.5338199999999852,0.27218500000000495
70,1,w1_20260420_052927,59,333462,78278.25,261099.75,0.866255000000015,0.37650000000000794
70,1,w1_20260420_052927,60,343068.5,62628.75,230142.75,0.89324499999994,0.3517199999999966
70,1,w1_20260420_052927,61,132271.5,275659.5,219579,0.5184050000000132,0.385515000000007
70,1,w1_20260420_052927,62,216284.75,189292.5,148752.75,0.6782799999999596,0.350944999999999
70,1,w1_20260420_052927,63,32122.25,256774.5,194693.25,0.3221949999999984,0.38722500000001303
70,1,w1_20260420_052927,64,327321.5,74198.25,205580.25,0.8681849999999683,0.3266399999999995
70,1,w1_20260420_052927,65,264180.75,134985.75,127843.5,0.7680349999999417,0.3378300000000049
70,1,w1_20260420_052927,66,321546.75,110627.25,173196,0.8056049999999148,0.45771500000000515
70,1,w1_20260420_052927,67,379058.5,32840.25,185741.25,0.9445899999999856,0.38196499999998496
70,1,w1_20260420_052927,68,353812.25,69075,238752.75,0.8834949999999872,0.40684000000001025
70,1,w1_20260420_052927,69,225860.25,185244.75,190575,0.6863549999999708,0.3630400000000071
70,1,w1_20260420_052927,70,93820,258107.25,255582.75,0.4168650000000006,0.4419850000000056
70,1,w1_20260420_052927,71,238468.5,204073.5,167268,0.5205750000000242,0.6568499999999845
70,1,w1_20260420_052927,72,201639.5,188994,244306.5,0.6672249999999695,0.33851999999999915
70,1,w1_20260420_052927,73,184924.25,203497.5,213128.25,0.6273399999999913,0.37442500000000006
70,1,w1_20260420_052927,74,156641.5,175193.25,231905.25,0.5036749999999992,0.5100599999999885
70,1,w1_20260420_052927,75,257233,176940.75,287786.25,0.6781600000000331,0.43558000000000086
70,1,w1_20260420_052927,76,92160.75,235095,216224.25,0.45212000000000063,0.3868800000000026
70,1,w1_20260420_052927,77,19514.25,171610.5,202625.25,0.25565500000002084,0.3622949999999832
70,1,w1_20260420_052927,78,148238,115500.75,252761.25,0.4464249999999956,0.4574250000000021
70,1,w1_20260420_052927,79,141518.5,207509.25,266252.25,0.5122099999999938,0.4078250000000054
70,1,w1_20260420_052927,80,145400.75,174876.75,231922.5,0.5306949999999943,0.4009250000000232
70,1,w1_20260420_052927,81,114343.25,142598.25,251488.5,0.6075900000000015,0.4240399999999861
70,1,w1_20260420_052927,82,228625.25,142065.75,214659,0.7023799999999673,0.4172550000000116
70,1,w1_20260420_052927,83,225239.75,155394.75,86635.5,0.711464999999981,0.3246350000000115
70,1,w1_20260420_052927,84,4623,265041,350946,0.31015999999998767,0.36480999999999153
70,1,w1_20260420_052927,85,54082.25,80082,272625.75,0.3802200000000064,0.39638499999999793
70,1,w1_20260420_052927,86,323762,92583.75,132644.25,0.8327049999999823,0.5341499999999771
70,1,w1_20260420_052927,87,49311.75,139767.75,281350.5,0.3280049999999987,0.4275699999999878
70,1,w1_20260420_052927,88,278665,110137.5,205957.5,0.7713649999999771,0.4374799999999882
70,1,w1_20260420_052927,89,318032,31893.75,207314.25,0.9298099999999552,0.28278000000003733
70,1,w1_20260420_052927,90,57852,91560.75,75767.25,0.6999800000001076,0.3212699999999811
70,1,w1_20260420_052927,91,275675.75,114972.75,200611.5,0.7820499999999664,0.3622999999999912
70,1,w1_20260420_052927,92,22392.75,95658,43379.25,0.37870000000001386,0.3778649999999773
70,1,w1_20260420_052927,93,321761.5,145585.5,305883,0.7547299999999673,0.4558100000000016
70,1,w1_20260420_052927,94,268234.25,82530,162105.75,0.8418549999999952,0.3439249999999901
70,1,w1_20260420_052927,95,95251.5,175733.25,196745.25,0.4674750000000172,0.35568499999999437
70,1,w1_20260420_052927,96,173065.5,88406.25,482738.25,0.8446699999999561,0.1075449999999846
70,1,w1_20260420_052927,97,146139,243333.75,287147.25,0.5450950000000049,0.39137500000000025
70,1,w1_20260420_052927,98,234560,205899.75,238100.25,0.6367499999999882,0.47092000000000805
70,1,w1_20260420_052927,99,132802.25,281601.75,339786,0.5167049999999496,0.4223449999999733
70,1,w1_20260420_052927,100,-10000,178949.25,214590.75,0.5028649999999805,0.3820249999999883
71,0,w0_20260420_053620,1,246989.25,79976.25,146074.5,0.8487049999999668,0.15073499999999232
71,0,w0_20260420_053620,2,115853.5,234045.75,55440.75,0.5697750000000003,0.1431049999999934
71,0,w0_20260420_053620,3,76250.25,266856,63333.75,0.5030549999999917,0.13649999999999202
71,0,w0_20260420_053620,4,139776.75,210061.5,43971.75,0.6080399999999562,0.1818799999999939
71,0,w0_20260420_053620,5,51234.5,297405.75,47919.75,0.44950000000001816,0.1740299999999985
71,0,w0_20260420_053620,6,257071.25,108882.75,77376,0.80013499999997,0.33693000000000856
71,0,w0_20260420_053620,7,45356.75,196628.25,42045,0.5486049999999835,0.16124499999999078
71,0,w0_20260420_053620,8,32443.25,324774.75,47802,0.4093900000000207,0.16310999999999465
71,0,w0_20260420_053620,9,-10000,58931.55,5579.25,0.7342299999999158,0.24786499999999895
71,0,w0_20260420_053620,10,135974.5,211645.5,70800,0.6087099999999949,0.12955999999999612
71,0,w0_20260420_053620,11,49566.5,310768.5,40365,0.43580000000000746,0.19936499999999743
71,0,w0_20260420_053620,12,198428.75,225670.5,174000.75,0.594040000000008,0.4218249999999952
71,0,w0_20260420_053620,13,270148,74261.25,111090.75,0.8634349999999902,0.1273899999999899
71,0,w0_20260420_053620,14,115445.25,248398.5,43256.25,0.5559750000000099,0.13308999999999574
71,0,w0_20260420_053620,15,233398.75,125215.5,77835.75,0.775299999999972,0.19295999999998953
71,0,w0_20260420_053620,16,129718.25,239094,149637.75,0.5734500000000105,0.2283299999999908
71,0,w0_20260420_053620,17,188785.75,171491.25,91713,0.6939799999999594,0.15213999999999633
71,0,w0_20260420_053620,18,47864.5,283848.75,40836.75,0.41450499999999846,0.22306999999999225
71,0,w0_20260420_053620,19,123944,240322.5,40453.5,0.570945,0.11170999999999565
71,0,w0_20260420_053620,20,177591.75,202122.75,181255.5,0.6409549999999813,0.3741299999999961
71,0,w0_20260420_053620,21,98864.25,271715.25,104860.5,0.5175800000000027,0.32601999999998704
71,0,w0_20260420_053620,22,140362,272326.5,264961.5,0.504345000000012,0.4218600000000069
71,0,w0_20260420_053620,23,328915.75,79443.75,288730.5,0.8589149999999585,0.38379499999998984
71,0,w0_20260420_053620,24,252719.25,109525.5,111155.25,0.806549999999973,0.2357149999999971
71,0,w0_20260420_053620,25,194726,176215.5,105118.5,0.6903500000000251,0.3399149999999825
71,0,w0_20260420_053620,26,200057.5,168604.5,75378,0.7037500000000113,0.30229999999998786
71,0,w0_20260420_053620,27,54409.25,261782.25,187408.5,0.4314450000000023,0.3682349999999847
71,0,w0_20260420_053620,28,225014.75,188035.5,277989.75,0.666185000000011,0.3889949999999872
71,0,w0_20260420_053620,29,287303.75,88293.75,177862.5,0.844950000000016,0.2878200000000064
71,0,w0_20260420_053620,30,72499,292550.25,243810.75,0.46036000000002,0.3106149999999953
71,0,w0_20260420_053620,31,246058,133535.25,186336.75,0.7685050000000199,0.2903050000000071
71,0,w0_20260420_053620,32,86272,355311.75,238346.25,0.35041999999999424,0.4739699999999999
71,0,w0_20260420_053620,33,229678.5,239242.5,241209,0.5779350000000165,0.5101799999999924
71,0,w0_20260420_053620,34,81550.75,314798.25,270381,0.41222500000002854,0.4027449999999871
71,0,w0_20260420_053620,35,222513.25,245384.25,255142.5,0.5546700000000016,0.5009650000000117
71,0,w0_20260420_053620,36,136184.25,277290.75,285465,0.5058799999999911,0.3749950000000008
71,0,w0_20260420_053620,37,227782.25,176390.25,260857.5,0.6951299999999846,0.3685450000000101
71,0,w0_20260420_053620,38,255491.25,151380.75,153918,0.7389449999999699,0.4365699999999891
71,0,w0_20260420_053620,39,84122,270269.25,286428.75,0.4219950000000144,0.3899450000000046
71,0,w0_20260420_053620,40,108914,261063,278013,0.395945000000007,0.458454999999996
71,0,w0_20260420_053620,41,109988.75,207803.25,266088,0.40231499999997783,0.41815500000002287
71,0,w0_20260420_053620,42,232058.75,170590.5,285690.75,0.6874249999999968,0.383364999999993
71,0,w0_20260420_053620,43,43139.5,190508.25,213722.25,0.34650499999998735,0.3686500000000093
71,0,w0_20260420_053620,44,319341.75,57355.5,243912.75,0.8974899999999436,0.2648250000000119
71,0,w0_20260420_053620,45,135521.25,247710,203568.75,0.568970000000021,0.30404000000001596
71,0,w0_20260420_053620,46,182513.75,223218,186278.25,0.6149199999999935,0.3877600000000072
71,0,w0_20260420_053620,47,335389.75,48865.5,175584.75,0.9160299999999624,0.3016799999999861
71,0,w0_20260420_053620,48,250109.75,167710.5,254319.75,0.7131199999999961,0.38012000000000645
71,0,w0_20260420_053620,49,279159.5,150382.5,330168,0.739159999999957,0.407645000000007
71,0,w0_20260420_053620,50,135828.25,274071.75,295590,0.4945800000000147,0.40791500000000375
71,0,w0_20260420_053620,51,162485,248765.25,280689.75,0.5111349999999965,0.44970000000000826
71,0,w0_20260420_053620,52,388850.25,40924.5,221885.25,0.9293849999999656,0.4229350000000055
71,0,w0_20260420_053620,53,73965.75,255600,253124.25,0.4519099999999985,0.32684000000000407
71,0,w0_20260420_053620,54,98885,98808.75,221546.25,0.3918549999999967,0.4950500000000144
71,0,w0_20260420_053620,55,75770.25,63312,230247.75,0.5037000000000093,0.41767000000001014
71,0,w0_20260420_053620,56,233420.25,13212.75,192447,0.9474199999999996,0.2803149999999994
71,0,w0_20260420_053620,57,193347.5,212817,178735.5,0.6326799999999929,0.3770950000000161
71,0,w0_20260420_053620,58,282324.75,121607.25,195348,0.7907599999999558,0.3648949999999992
71,0,w0_20260420_053620,59,274956,159358.5,303775.5,0.713780000000005,0.4265650000000107
71,0,w0_20260420_053620,60,148655,213969,263436,0.5858400000000097,0.3921449999999967
71,0,w0_20260420_053620,61,145894.75,217529.25,252816,0.5342399999999954,0.374419999999997
71,0,w0_20260420_053620,62,102995.5,201583.5,249981,0.5404049999999881,0.3428150000000009
71,0,w0_20260420_053620,63,78616.75,151452,268301.25,0.4952399999999907,0.4347999999999923
71,0,w0_20260420_053620,64,24878.75,71168.25,314943,0.28018000000000226,0.4044350000000112
71,0,w0_20260420_053620,65,75309.5,79586.25,315674.25,0.3802999999999961,0.4098849999999998
71,0,w0_20260420_053620,66,243011.5,145294.5,266094,0.7230499999999588,0.37903499999997864
71,0,w0_20260420_053620,67,344226.75,70138.5,242784.75,0.8807799999999741,0.38141499999999073
71,0,w0_20260420_053620,68,250282.5,158321.25,263036.25,0.7233400000000009,0.3797749999999869
71,0,w0_20260420_053620,69,39363.5,121341,281035.5,0.31524500000000727,0.3956599999999934
71,0,w0_20260420_053620,70,105308.75,80998.5,287112.75,0.5352900000000206,0.4288100000000057
71,0,w0_20260420_053620,71,185361.5,109664.25,267284.25,0.6322549999999978,0.4846650000000182
71,0,w0_20260420_053620,72,251773.5,156194.25,327572.25,0.7250300000000328,0.3893550000000123
71,0,w0_20260420_053620,73,149169,137996.25,309414.75,0.5923799999999985,0.3839349999999977
71,0,w0_20260420_053620,74,212555.75,194220,317084.25,0.6620449999999215,0.3633649999999976
71,0,w0_20260420_053620,75,97290.75,252039.75,338209.5,0.4820450000000188,0.35650500000002444
71,0,w0_20260420_053620,76,92372.5,277852.5,312645,0.4873549999999813,0.34532000000001556
71,0,w0_20260420_053620,77,165573,254268,315039,0.5687649999999919,0.3806900000000033
71,0,w0_20260420_053620,78,383928.75,115585.5,259095.75,0.7929049999999367,0.5506799999999582
71,0,w0_20260420_053620,79,128914,285729,308757,0.4856850000000215,0.41088499999997585
71,0,w0_20260420_053620,80,232790.5,191036.25,310133.25,0.6705299999999798,0.4045300000000193
71,0,w0_20260420_053620,81,233368.25,196497.75,312174,0.6582649999999938,0.4147700000000087
71,0,w0_20260420_053620,82,272524.75,167654.25,316431,0.7164999999999736,0.40996999999999634
71,0,w0_20260420_053620,83,334457.5,122298,255034.5,0.7862749999999381,0.4674549999999951
71,0,w0_20260420_053620,84,434218.5,46932,264289.5,0.9207349999999508,0.5018099999999946
71,0,w0_20260420_053620,85,132769.5,275289.75,296100.75,0.5167600000000063,0.3866350000000086
71,0,w0_20260420_053620,86,390840.5,19915.5,195204,0.9537750000000372,0.445800000000017
71,0,w0_20260420_053620,87,374339.25,48905.25,224635.5,0.9156799999999656,0.4266500000000052
71,0,w0_20260420_053620,88,122452.5,215972.25,301115.25,0.4633449999999919,0.4021949999999819
71,0,w0_20260420_053620,89,218093.25,167343,277713.75,0.6639699999999797,0.4143199999999913
71,0,w0_20260420_053620,90,159171.5,167880,296728.5,0.5722949999999807,0.4021699999999973
71,0,w0_20260420_053620,91,124435,102990.75,302774.25,0.44649000000000016,0.4531899999999908
71,0,w0_20260420_053620,92,296443.25,139727.25,299809.5,0.7594349999999626,0.422600000000006
71,0,w0_20260420_053620,93,373605.75,51751.5,282732.75,0.9121499999999532,0.39617999999999287
71,0,w0_20260420_053620,94,157453.25,206142,292914.75,0.5465999999999995,0.4190949999999992
71,0,w0_20260420_053620,95,165163.75,183444.75,262591.5,0.6193399999999906,0.40381999999999896
71,0,w0_20260420_053620,96,165785.5,174048.75,286695.75,0.6295200000000055,0.39227500000000215
71,0,w0_20260420_053620,97,-10000,30987.225,19093.425,0.9057850000000006,0.5968699999999634
71,0,w0_20260420_053620,98,193299,168621.75,278399.25,0.6585999999999845,0.3655400000000004
71,0,w0_20260420_053620,99,85503.75,280782,162014.25,0.503364999999989,0.2535800000000039
71,0,w0_20260420_053620,100,231595.5,214598.25,280826.25,0.5738350000000005,0.5135150000000023
71,1,w1_20260420_054315,1,245667.5,87717.75,140274.75,0.83437499999997,0.20356999999999223
71,1,w1_20260420_054315,2,140914,210381.75,63194.25,0.6146299999999887,0.19609499999999291
71,1,w1_20260420_054315,3,168491.25,181894.5,57794.25,0.6652499999999865,0.16384499999998342
71,1,w1_20260420_054315,4,68822.25,284881.5,53876.25,0.4764449999999834,0.21186499999999855
71,1,w1_20260420_054315,5,88061.75,249407.25,165891,0.5432949999999751,0.20286499999999816
71,1,w1_20260420_054315,6,252120.25,97413.75,134766,0.8223349999999602,0.25535499999999883
71,1,w1_20260420_054315,7,205548.25,142634.25,101617.5,0.7388849999999666,0.1864049999999923
71,1,w1_20260420_054315,8,-10000,180762.375,74525.27214475576,0.5598299999999369,0.305794999999976
71,1,w1_20260420_054315,9,16945,267987.75,175847.25,0.45116499999998594,0.15663999999999495
71,1,w1_20260420_054315,10,177633.5,173209.5,97107,0.6873449999999729,0.17961999999998762
71,1,w1_20260420_054315,11,-9412.75,193717.5,80135.25,0.35871499999999523,0.2333049999999988
71,1,w1_20260420_054315,12,185546,163656,125328,0.707089999999965,0.199844999999988
71,1,w1_20260420_054315,13,255513.5,102148.5,54558,0.8153749999999624,0.19093499999999144
71,1,w1_20260420_054315,14,46254.25,305676.75,108189,0.4541150000000033,0.16299999999999992
71,1,w1_20260420_054315,15,64059.75,298668,59402.25,0.462860000000021,0.22750499999999735
71,1,w1_20260420_054315,16,163274.25,203499,38976.75,0.6360099999999715,0.2124299999999971
71,1,w1_20260420_054315,17,245227.25,121104.75,47448,0.7826549999999526,0.24193000000000953
71,1,w1_20260420_054315,18,92550,274923,29847,0.5063599999999928,0.18571000000000035
71,1,w1_20260420_054315,19,61331.75,293499,30359.25,0.45741999999999033,0.14141499999999324
71,1,w1_20260420_054315,20,136775.75,235095.75,26668.5,0.5820849999999868,0.19875999999999905
71,1,w1_20260420_054315,21,261397.75,113433.75,63868.5,0.7998499999999753,0.36316000000001386
71,1,w1_20260420_054315,22,176286.5,198614.25,33059.25,0.6513699999999825,0.24169000000000124
71,1,w1_20260420_054315,23,292196,83335.5,99868.5,0.8530099999999691,0.2863100000000114
71,1,w1_20260420_054315,24,107109.5,261592.5,25728,0.5309450000000073,0.19731499999999996
71,1,w1_20260420_054315,25,-10000,72969.75,3291.75,0.32342999999996863,0.5377449999999819
71,1,w1_20260420_054315,26,96750.5,277845.75,21063.75,0.5088650000000361,0.23709000000000152
71,1,w1_20260420_054315,27,77137.75,292137.75,20314.5,0.4729350000000182,0.25723499999999605
71,1,w1_20260420_054315,28,85571.75,292476,19802.25,0.4857150000000223,0.28358000000000705
71,1,w1_20260420_054315,29,62035.5,298671,22873.5,0.4539099999999844,0.18802500000000483
71,1,w1_20260420_054315,30,119369.75,258728.25,45492,0.5494700000000049,0.2648399999999888
71,1,w1_20260420_054315,31,4277.25,362079,85413.75,0.3676199999999887,0.17188000000000117
71,1,w1_20260420_054315,32,259471.5,112000.5,110598,0.8047199999999577,0.31851999999999464
71,1,w1_20260420_054315,33,220454.75,217395,134720.25,0.5960449999999884,0.5909900000000181
71,1,w1_20260420_054315,34,282225.25,101109,52875.75,0.8239799999999557,0.33096499999998885
71,1,w1_20260420_054315,35,29636.25,284373,20130.75,0.4042249999999816,0.2687399999999948
71,1,w1_20260420_054315,36,283947.5,94108.5,80274,0.835129999999988,0.2410549999999966
71,1,w1_20260420_054315,37,85142.25,278581.5,126176.25,0.5125550000000261,0.17496000000000175
71,1,w1_20260420_054315,38,295672,68965.5,96562.5,0.87949000000001,0.12913999999999895
71,1,w1_20260420_054315,39,51249.75,267206.25,20754,0.4110200000000066,0.3841050000000067
71,1,w1_20260420_054315,40,133785.75,213626.25,19818,0.5963999999999862,0.2652349999999978
71,1,w1_20260420_054315,41,59370.5,200277.75,21321.75,0.4048350000000056,0.18019999999999495
71,1,w1_20260420_054315,42,45174.25,160137.75,35868,0.5376650000000063,0.15030499999999777
71,1,w1_20260420_054315,43,82514.5,43096.5,34179,0.6452799999999723,0.251420000000009
71,1,w1_20260420_054315,44,49012.75,205953,16994.25,0.4677450000000152,0.47416499999997175
71,1,w1_20260420_054315,45,90405.5,188364,50680.5,0.5773700000000237,0.18408499999999903
71,1,w1_20260420_054315,46,73973,210313.5,182053.5,0.47757499999999753,0.3306700000000142
71,1,w1_20260420_054315,47,83281.25,190423.5,52925.25,0.5169900000000186,0.2938150000000014
71,1,w1_20260420_054315,48,167129.75,144457.5,28602.75,0.694004999999988,0.2521300000000071
71,1,w1_20260420_054315,49,150838,152187,46575,0.6777150000000122,0.28452500000000264
71,1,w1_20260420_054315,50,54228.5,130179,60472.5,0.4668299999999919,0.18853500000000523
71,1,w1_20260420_054315,51,214414.5,161966.25,206249.25,0.6888299999999914,0.3854350000000123
71,1,w1_20260420_054315,52,106724.5,134930.25,53465.25,0.5249400000000136,0.27129999999999566
71,1,w1_20260420_054315,53,41186.75,146292.75,64300.5,0.4766200000000181,0.3386650000000096
71,1,w1_20260420_054315,54,-10000,42112.65,21319.05,0.8732600000000046,0.3668550000000005
71,1,w1_20260420_054315,55,262300,105756.75,112133.25,0.7785199999999938,0.4151049999999943
71,1,w1_20260420_054315,56,292061.75,60270.75,105607.5,0.8635849999999676,0.2712400000000025
71,1,w1_20260420_054315,57,153770.75,85824.75,56014.5,0.7137650000000297,0.4592150000000277
71,1,w1_20260420_054315,58,149393.5,172297.5,79809,0.6361950000000197,0.2144149999999858
71,1,w1_20260420_054315,59,108894,120440.25,46215.75,0.5410950000000148,0.18359500000000445
71,1,w1_20260420_054315,60,103784.25,101455.5,39470.25,0.6196299999999885,0.2050449999999953
71,1,w1_20260420_054315,61,158061.75,185472,50846.25,0.6509999999999883,0.23145499999999283
71,1,w1_20260420_054315,62,165176.5,85252.5,30321,0.7435900000000077,0.21563499999999983
71,1,w1_20260420_054315,63,127778.25,139914.75,86487,0.4963249999999983,0.3650050000000136
71,1,w1_20260420_054315,64,313399.75,86678.25,217272,0.8493499999999271,0.33324000000000287
71,1,w1_20260420_054315,65,73862,132692.25,30645.75,0.47843000000001,0.3072250000000181
71,1,w1_20260420_054315,66,94578.25,108704.25,44137.5,0.569495000000018,0.2935500000000098
71,1,w1_20260420_054315,67,27123.5,114963,69943.5,0.4166299999999849,0.303655000000005
71,1,w1_20260420_054315,68,226772.25,132857.25,35860.5,0.7378850000000093,0.13320999999999203
71,1,w1_20260420_054315,69,62413.5,164086.5,28380,0.4115000000000153,0.17965999999998586
71,1,w1_20260420_054315,70,146617,195462,39831,0.6165349999999936,0.23694000000000395
71,1,w1_20260420_054315,71,183361.25,183324,195144.75,0.6632999999999925,0.34996999999999706
71,1,w1_20260420_054315,72,245010.25,139044.75,34245,0.760759999999914,0.23361999999998917
71,1,w1_20260420_054315,73,116836,139293,74931,0.5650300000000174,0.20415999999998527
71,1,w1_20260420_054315,74,39916,113436.75,62177.25,0.4923500000000245,0.23525000000000057
71,1,w1_20260420_054315,75,69924.25,53235,25050.75,0.6329150000000374,0.2944350000000061
71,1,w1_20260420_054315,76,78681,116213.25,79185.75,0.6244300000000077,0.49318499999998777
71,1,w1_20260420_054315,77,98205.5,192539.25,165545.25,0.49082999999998966,0.4306649999999954
71,1,w1_20260420_054315,78,153418.75,140707.5,162783.75,0.657119999999949,0.43001499999998544
71,1,w1_20260420_054315,79,93939.25,211880.25,224230.5,0.5460250000000131,0.30854500000000545
71,1,w1_20260420_054315,80,212123.25,172263.75,232173,0.6823749999999753,0.3719700000000127
71,1,w1_20260420_054315,81,133947.25,247149,213513.75,0.5053949999999807,0.42927000000000914
71,1,w1_20260420_054315,82,85080.5,213381.75,202917.75,0.4980700000000052,0.3118200000000041
71,1,w1_20260420_054315,83,300007.25,52125.75,170337,0.9048249999999844,0.26454999999999695
71,1,w1_20260420_054315,84,297544.5,90380.25,187925.25,0.8469299999999937,0.2991950000000189
71,1,w1_20260420_054315,85,368563.5,31103.25,221633.25,0.9452399999999946,0.3644250000000073
71,1,w1_20260420_054315,86,308061,90584.25,177774.75,0.8470150000000014,0.31509999999999383
71,1,w1_20260420_054315,87,-10000,132917.73375,133507.78875,0.3706299999999477,0.5538549999999768
71,1,w1_20260420_054315,88,105298.5,265390.5,245571,0.5208150000000027,0.32148000000000104
71,1,w1_20260420_054315,89,93539.75,195175.5,276024.75,0.5924050000000108,0.23145000000000537
71,1,w1_20260420_054315,90,28500.75,119650.5,142578.75,0.5623499999999956,0.2630850000000021
71,1,w1_20260420_054315,91,268621.75,111870.75,166837.5,0.7948399999999669,0.311600000000004
71,1,w1_20260420_054315,92,150070.5,242947.5,239832,0.5419899999999763,0.44162500000000393
71,1,w1_20260420_054315,93,122164.5,235012.5,216843,0.5419250000000031,0.347929999999996
71,1,w1_20260420_054315,94,301264.5,98979,225466.5,0.8255250000000318,0.3458050000000056
71,1,w1_20260420_054315,95,217902.75,175485.75,191101.5,0.6391600000000234,0.5232599999999692
71,1,w1_20260420_054315,96,9680.25,283233,263226.75,0.3633899999999929,0.33435500000000745
71,1,w1_20260420_054315,97,101064.5,136886.25,110729.25,0.47386000000004014,0.5085799999999943
71,1,w1_20260420_054315,98,206578,215998.5,181903.5,0.6111050000000083,0.4704300000000264
71,1,w1_20260420_054315,99,110210.75,201768,181061.25,0.4655049999999871,0.45941500000000607
71,1,w1_20260420_054315,100,152869.75,254266.5,192333.75,0.5552050000000104,0.3665350000000063
72,0,w0_20260420_055009,1,202094.75,134817.75,117877.5,0.7457949999999867,0.2022099999999767
72,0,w0_20260420_055009,2,85729,264198,59763,0.510954999999991,0.1933499999999835
72,0,w0_20260420_055009,3,161756,191752.5,53731.5,0.6487749999999882,0.16943499999998884
72,0,w0_20260420_055009,4,115957,237693.75,46769.25,0.5619099999999968,0.20099499999997772
72,0,w0_20260420_055009,5,13314.5,224185.5,62040,0.421490000000004,0.2090949999999806
72,0,w0_20260420_055009,6,1797.75,238367.25,44745,0.3633049999999948,0.16937999999998618
72,0,w0_20260420_055009,7,23975.25,216893.25,42301.5,0.3872249999999891,0.1789699999999945
72,0,w0_20260420_055009,8,22220.5,250923,72736.5,0.3661699999999963,0.3582949999999965
72,0,w0_20260420_055009,9,240000.25,115088.25,48571.5,0.7809099999999715,0.24172000000000937
72,0,w0_20260420_055009,10,81411,212349,105330,0.4901849999999933,0.358064999999988
72,0,w0_20260420_055009,11,76509.5,236042.25,82988.25,0.4991900000000058,0.25514500000000434
72,0,w0_20260420_055009,12,224347.75,137776.5,66465.75,0.7493150000000123,0.2365900000000063
72,0,w0_20260420_055009,13,200743.5,162411,61315.5,0.7065149999999982,0.2464549999999844
72,0,w0_20260420_055009,14,50029.5,261545.25,70385.25,0.4237699999999884,0.2944749999999962
72,0,w0_20260420_055009,15,46789,209515.5,137755.5,0.4047250000000019,0.263635
72,0,w0_20260420_055009,16,105842.25,210766.5,92351.25,0.5184650000000256,0.27760999999999453
72,0,w0_20260420_055009,17,130505.5,194789.25,102485.25,0.571650000000015,0.37393500000001206
72,0,w0_20260420_055009,18,109749.75,195577.5,278202.75,0.4967800000000023,0.4595300000000111
72,0,w0_20260420_055009,19,175772.5,178086,70831.5,0.6745050000000123,0.18545999999999785
72,0,w0_20260420_055009,20,117625,201659.25,110955.75,0.579255000000027,0.25543499999999303
72,0,w0_20260420_055009,21,29805.75,103639.5,71004.75,0.4414050000000379,0.35213499999998676
72,0,w0_20260420_055009,22,131950.5,166278,171721.5,0.5646750000000129,0.3814550000000061
72,0,w0_20260420_055009,23,122882.75,159168.75,172978.5,0.580550000000014,0.3194549999999993
72,0,w0_20260420_055009,24,131346.25,181203,216390.75,0.5225100000000068,0.41665000000000335
72,0,w0_20260420_055009,25,254004,127830,270006,0.7209900000000192,0.4616899999999912
72,0,w0_20260420_055009,26,271490.5,109033.5,229026,0.7941449999999897,0.3727100000000079
72,0,w0_20260420_055009,27,117638.5,142035.75,294915.75,0.4489650000000056,0.39299500000000454
72,0,w0_20260420_055009,28,252429.25,171109.5,268181.25,0.6694700000000081,0.4605399999999915
72,0,w0_20260420_055009,29,94450.5,65310,278329.5,0.5070249999999709,0.4564849999999969
72,0,w0_20260420_055009,30,131746.5,152610,296353.5,0.5829900000000046,0.3694700000000032
72,0,w0_20260420_055009,31,314705.75,81788.25,229626,0.854744999999956,0.3839699999999888
72,0,w0_20260420_055009,32,470751.5,54819.75,183678.75,0.902364999999947,0.6244200000000164
72,0,w0_20260420_055009,33,337503.75,75442.5,275883.75,0.8639399999999916,0.39609999999999
72,0,w0_20260420_055009,34,359625.5,53652,261952.5,0.9051249999999448,0.3765249999999883
72,0,w0_20260420_055009,35,245746,175011.75,220172.25,0.5147799999999966,0.5846350000000079
72,0,w0_20260420_055009,36,120225.5,112774.5,299340,0.5339800000000202,0.4158150000000094
72,0,w0_20260420_055009,37,164388.5,131344.5,293097,0.5297300000000077,0.4541050000000036
72,0,w0_20260420_055009,38,151733.5,119052,264994.5,0.5427600000000075,0.39578500000000005
72,0,w0_20260420_055009,39,219748.25,75445.5,281846.25,0.6206649999999858,0.48702499999999466
72,0,w0_20260420_055009,40,212530,72240,283140,0.61733000000000815,0.4596799999999787
72,0,w0_20260420_055009,41,214195.75,61246.5,300657.75,0.6232700000000025,0.4605849999999924
72,0,w0_20260420_055009,42,112435.25,82194,302880.75,0.5321049999999902,0.41055999999999776
72,0,w0_20260420_055009,43,78701.5,47352,304936.5,0.5767900000000354,0.3879349999999969
72,0,w0_20260420_055009,44,355652.25,77436,289641.75,0.841529999999951,0.4663649999999746
72,0,w0_20260420_055009,45,216035.5,135838.5,276456,0.6664950000000172,0.4252649999999947
72,0,w0_20260420_055009,46,219139.25,138560.25,218980.5,0.5150600000000171,0.6111899999999733
72,0,w0_20260420_055009,47,173177,49134.75,292478.25,0.7579549999999909,0.42804499999997353
72,0,w0_20260420_055009,48,185551.25,142461,241767.75,0.6902399999999858,0.330400000000002
72,0,w0_20260420_055009,49,75780.5,73449,241210.5,0.6104000000000368,0.27678499999998246
72,0,w0_20260420_055009,50,337091.25,44136.75,189972,0.903419999999988,0.37237000000001275
72,0,w0_20260420_055009,51,318914.25,110425.5,297890.25,0.8046249999999638,0.41642999999999974
72,0,w0_20260420_055009,52,336436.25,48627,237606.75,0.9113999999999284,0.29677499999999
72,0,w0_20260420_055009,53,114462.75,228720.75,248836.5,0.5032950000000108,0.3855999999999858
72,0,w0_20260420_055009,54,53980.5,120872.25,133307.25,0.4100400000000118,0.45216500000004406
72,0,w0_20260420_055009,55,131066.5,126443.25,276320.25,0.5751500000000157,0.40812999999998933
72,0,w0_20260420_055009,56,79430.25,161241,254868.75,0.5229100000000074,0.34529000000000376
72,0,w0_20260420_055009,57,89376,200187,206427,0.4956850000000032,0.34600999999998855
72,0,w0_20260420_055009,58,169742.75,190450.5,189606.75,0.6498349999999992,0.32021999999997974
72,0,w0_20260420_055009,59,412474.5,87073.5,249642,0.8481449999999245,0.5382649999999926
72,0,w0_20260420_055009,60,169356.25,259569.75,274344,0.5578350000000131,0.4175299999999798
72,0,w0_20260420_055009,61,120158.5,261575.25,187286.25,0.5353149999999993,0.30304500000001
72,0,w0_20260420_055009,62,227944.5,158076.75,183408.75,0.7302049999999843,0.3366250000000208
72,0,w0_20260420_055009,63,130117.25,260435.25,256117.5,0.5529950000000201,0.3299750000000033
72,0,w0_20260420_055009,64,44639.25,257064.75,217776,0.41590000000000493,0.3331100000000003
72,0,w0_20260420_055009,65,249699.5,133035,127405.5,0.7585300000000221,0.21341500000000296
72,0,w0_20260420_055009,66,128716,198068.25,277245.75,0.5424700000000217,0.4095350000000011
72,0,w0_20260420_055009,67,46246,315520.5,158413.5,0.4255450000000365,0.2248949999999992
72,0,w0_20260420_055009,68,332732.75,68088.75,177598.5,0.876464999999941,0.3917700000000154
72,0,w0_20260420_055009,69,31922.75,256429.5,108417.75,0.42501500000002845,0.36049999999999993
72,0,w0_20260420_055009,70,135871.25,218381.25,243157.5,0.5626199999999869,0.4048950000000028
72,0,w0_20260420_055009,71,200739.25,223434,285306.75,0.6206549999999995,0.40852500000000247
72,0,w0_20260420_055009,72,27147.5,125239.5,159903,0.5496600000000664,0.48432000000000214
72,0,w0_20260420_055009,73,-788.75,35274.75,116484,0.6214850000000077,0.2659699999999949
72,0,w0_20260420_055009,74,106651.25,230811,230067.75,0.5405199999999933,0.270049999999993
72,0,w0_20260420_055009,75,26402.75,112027.5,51189.75,0.44831000000002214,0.3510700000000066
72,0,w0_20260420_055009,76,311330.5,58392,298327.5,0.8959249999999945,0.25941500000000167
72,0,w0_20260420_055009,77,32141.75,140913,184205.25,0.4879500000000027,0.2770600000000048
72,0,w0_20260420_055009,78,43703,163253.25,111933.75,0.43947500000002865,0.2914100000000054
72,0,w0_20260420_055009,79,37368.5,106521.75,201609.75,0.3196600000000338,0.3970050000000087
72,0,w0_20260420_055009,80,-10000,40430.81625,16389.75,0.4293399999999743,0.277035000000002
72,0,w0_20260420_055009,81,101893.75,117688.5,281067.75,0.4714950000000041,0.37826500000001
72,0,w0_20260420_055009,82,223563.75,149449.5,198636.75,0.7163050000000084,0.26399500000000997
72,0,w0_20260420_055009,83,353856.75,58123.5,206409.75,0.901164999999974,0.41248
72,0,w0_20260420_055009,84,29066,201825,195879,0.3412350000000176,0.38392000000000687
72,0,w0_20260420_055009,85,198706.75,94287,235436.25,0.6624599999999687,0.3075900000000134
72,0,w0_20260420_055009,86,-5232.75,96363.75,106779,0.2469149999999995,0.3055899999999976
72,0,w0_20260420_055009,87,73254.5,151476.75,228798.75,0.5105300000000216,0.3878299999999996
72,0,w0_20260420_055009,88,12163.5,161189.25,218987.25,0.2634899999999944,0.42040000000001126
72,0,w0_20260420_055009,89,261872,45966.75,238391.25,0.845469999999949,0.20343499999998652
72,0,w0_20260420_055009,90,-10000,112167.75,113531.25,0.3356399999999712,0.5043449999999929
72,0,w0_20260420_055009,91,257078.75,115594.5,232806.75,0.7613149999999292,0.31502500000000355
72,0,w0_20260420_055009,92,29376.75,170724.75,242818.5,0.42746000000002216,0.360909999999996
72,0,w0_20260420_055009,93,10131,136955.25,202353.75,0.3413599999999897,0.34329000000000026
72,0,w0_20260420_055009,94,307743.75,89252.25,272004,0.8451699999999835,0.3475449999999962
72,0,w0_20260420_055009,95,46770,236453.25,146886.75,0.4215000000000092,0.33701000000000775
72,0,w0_20260420_055009,96,321803,65613,193074,0.8861899999999325,0.31060999999999794
72,0,w0_20260420_055009,97,123640.75,236441.25,180708,0.528945000000005,0.3783000000000117
72,0,w0_20260420_055009,98,316733,71669.25,209097.75,0.8708249999999109,0.31075500000000145
72,0,w0_20260420_055009,99,165947.25,205563.75,151389,0.620680000000027,0.26369500000000157
72,0,w0_20260420_055009,100,365743.75,71087.25,260859,0.8802500000000673,0.40199499999999894
72,1,w1_20260420_055702,1,158585.75,181442.25,97302,0.6575499999999969,0.18430499999998257
72,1,w1_20260420_055702,2,116128.5,241071.75,66429.75,0.5525949999999856,0.2841650000000007
72,1,w1_20260420_055702,3,-10000,79506,9204,0.4913049999999826,0.2904499999999851
72,1,w1_20260420_055702,4,214300.5,138909.75,56769.75,0.7412399999999885,0.23283999999999383
72,1,w1_20260420_055702,5,127571.25,228484.5,52394.25,0.5807350000000115,0.2003849999999875
72,1,w1_20260420_055702,6,68179,283884.75,64706.25,0.47576999999997,0.21896999999999872
72,1,w1_20260420_055702,7,-10000,58137.75,38336.25,0.5201400000000598,0.15988500000000186
72,1,w1_20260420_055702,8,-4430.75,112518,44472.75,0.36354500000001233,0.18932999999999048
72,1,w1_20260420_055702,9,107085.25,240248.25,63616.5,0.5411650000000038,0.31970999999999944
72,1,w1_20260420_055702,10,218676.75,141744.75,73888.5,0.7425199999999629,0.25797000000000214
72,1,w1_20260420_055702,11,183040,184767.75,66152.25,0.6679150000000031,0.3135699999999983
72,1,w1_20260420_055702,12,223026.5,164866.5,237717,0.6951099999999863,0.382004999999994
72,1,w1_20260420_055702,13,80988,255037.5,98434.5,0.5138050000000021,0.2357950000000021
72,1,w1_20260420_055702,14,24809,206022.75,72218.25,0.35231500000001004,0.3261399999999907
72,1,w1_20260420_055702,15,19354,173374.5,72541.5,0.4401599999999932,0.3891749999999907
72,1,w1_20260420_055702,16,237415,120400.5,112834.5,0.7815300000000089,0.2364199999999863
72,1,w1_20260420_055702,17,15622.25,84411.75,105876,0.4476700000000228,0.2308999999999971
72,1,w1_20260420_055702,18,168206.75,185503.5,98109.75,0.6523250000000024,0.32349999999999796
72,1,w1_20260420_055702,19,24217.75,167442.75,130609.5,0.4092200000000042,0.23311499999999896
72,1,w1_20260420_055702,20,176555,223141.5,179293.5,0.5964450000000232,0.4187299999999837
72,1,w1_20260420_055702,21,128402,228153,120495,0.588180000000012,0.2712500000000092
72,1,w1_20260420_055702,22,174669.75,192409.5,77910.75,0.6573150000000124,0.25183499999999154
72,1,w1_20260420_055702,23,226427.25,143159.25,90643.5,0.7481049999999908,0.2544050000000013
72,1,w1_20260420_055702,24,124488.5,248592,285499.5,0.5516800000000086,0.3479200000000074
72,1,w1_20260420_055702,25,24813.5,224794.5,81042,0.44387000000000215,0.24066499999999816
72,1,w1_20260420_055702,26,57770.5,224243.25,98336.25,0.447665000000009,0.2972349999999906
72,1,w1_20260420_055702,27,250349.25,108600.75,97200,0.7965850000000039,0.2744199999999883
72,1,w1_20260420_055702,28,153684.25,238707,182268.75,0.5674399999999927,0.4571350000000272
72,1,w1_20260420_055702,29,260126,100719.75,146024.25,0.8180149999999715,0.2503299999999946
72,1,w1_20260420_055702,30,67885.25,165657.75,157977,0.4285499999999827,0.33816999999999914
72,1,w1_20260420_055702,31,257320.75,151968.75,249820.5,0.7258949999999498,0.40820500000001625
72,1,w1_20260420_055702,32,108221.75,120477,208091.25,0.5389649999999987,0.4723700000000048
72,1,w1_20260420_055702,33,126897.75,103138.5,227883.75,0.5918349999999825,0.45773500000001305
72,1,w1_20260420_055702,34,60185.75,141594.75,226759.5,0.26702000000000337,0.4758249999999846
72,1,w1_20260420_055702,35,279534.75,84494.25,99201,0.8464400000000074,0.16490499999999808
72,1,w1_20260420_055702,36,308009,63657,119514,0.886504999999981,0.2879449999999875
72,1,w1_20260420_055702,37,-1813,38852.25,104160.75,0.5807399999999799,0.37160499999996416
72,1,w1_20260420_055702,38,302438.75,95256,209135.25,0.807739999999997,0.4443499999999789
72,1,w1_20260420_055702,39,146180.25,109768.5,214721.25,0.413440000000006,0.48998499999999423
72,1,w1_20260420_055702,40,345390.5,38860.5,206679,0.9240149999999708,0.3725800000000063
72,1,w1_20260420_055702,41,103609,155550,156201,0.4711700000000205,0.32010000000001065
72,1,w1_20260420_055702,42,111720,118509,71091,0.5282650000000082,0.344024999999995
72,1,w1_20260420_055702,43,113227,84912,48231,0.5576050000000168,0.24408499999998817
72,1,w1_20260420_055702,44,143699.5,192003.75,153666.75,0.6208100000000396,0.3218200000000057
72,1,w1_20260420_055702,45,137687.25,113622,70620.75,0.6082650000000218,0.23280000000000273
72,1,w1_20260420_055702,46,123452.75,120100.5,122526.75,0.6236450000000291,0.4286799999999889
72,1,w1_20260420_055702,47,18544.75,65561.25,119184,0.49403499999997286,0.35698000000000835
72,1,w1_20260420_055702,48,122005.75,126285,172469.25,0.7023049999999794,0.4084549999999834
72,1,w1_20260420_055702,49,106662.75,137044.5,167772.75,0.5692349999999867,0.4250550000000114
72,1,w1_20260420_055702,50,302709.5,92294.25,169616.25,0.8336749999999953,0.37202500000000766
72,1,w1_20260420_055702,51,299100,107840.25,271359.75,0.809264999999957,0.3839200000000005
72,1,w1_20260420_055702,52,136924.25,115776,163089.75,0.5918250000000105,0.41570500000001265
72,1,w1_20260420_055702,53,303350.25,124264.5,255035.25,0.7573899999999841,0.4871249999999969
72,1,w1_20260420_055702,54,189747.25,205124.25,253168.5,0.507304999999988,0.5175450000000154
72,1,w1_20260420_055702,55,158258,212035.5,220336.5,0.573275000000021,0.34947000000000955
72,1,w1_20260420_055702,56,187937.25,172207.5,197945.25,0.6206350000000616,0.4151000000000032
72,1,w1_20260420_055702,57,164641.25,205707,223551.75,0.3787899999999874,0.569949999999979
72,1,w1_20260420_055702,58,388017,48859.5,279553.5,0.9110350000000028,0.4357900000000169
72,1,w1_20260420_055702,59,301219.75,87361.5,202698.75,0.8521999999999731,0.30554999999999827
72,1,w1_20260420_055702,60,125560.25,161880.75,155259,0.5439349999999674,0.4096449999999971
72,1,w1_20260420_055702,61,332707.25,95796,265416.75,0.8299699999999639,0.4089949999999905
72,1,w1_20260420_055702,62,79113,146327.25,232809.75,0.2952800000000194,0.4745350000000276
72,1,w1_20260420_055702,63,57501.5,24804,171514.5,0.6097500000000379,0.3870150000000003
72,1,w1_20260420_055702,64,124474.5,136128,196297.5,0.5797300000000206,0.4043850000000059
72,1,w1_20260420_055702,65,29164.25,130012.5,154823.25,0.37415000000000825,0.3395149999999996
72,1,w1_20260420_055702,66,105893.75,25365.75,129040.5,0.7345099999999658,0.3932199999999765
72,1,w1_20260420_055702,67,20866.25,122958.75,145965,0.4022150000000102,0.36845500000000336
72,1,w1_20260420_055702,68,126810,197702.25,233187.75,0.5461849999999531,0.34545999999999233
72,1,w1_20260420_055702,69,-10000,64154.8125,59889.5625,0.689410000000046,0.6162650000000456
72,1,w1_20260420_055702,70,135429,157227,224964,0.5528499999999837,0.40750999999999504
72,1,w1_20260420_055702,71,165075.75,110763.75,130870.5,0.6233499999999792,0.3841749999999968
72,1,w1_20260420_055702,72,99369.75,84054.75,150415.5,0.6666749999999878,0.3297199999999917
72,1,w1_20260420_055702,73,6646.75,134063.25,203940,0.21268999999999513,0.41879499999999625
72,1,w1_20260420_055702,74,42606,55156.5,323917.5,0.4552449999999967,0.3927699999999968
72,1,w1_20260420_055702,75,68173,212262.75,299804.25,0.37353000000000464,0.3920800000000033
72,1,w1_20260420_055702,76,101373,99432.75,81524.25,0.5737099999999756,0.2674800000000027
72,1,w1_20260420_055702,77,164192.75,154707,204740.25,0.6375699999999795,0.38011000000000505
72,1,w1_20260420_055702,78,347082.25,62258.25,288259.5,0.8867799999999867,0.3962650000000113
72,1,w1_20260420_055702,79,160038,209967,274095,0.5370299999999968,0.42756499999999115
72,1,w1_20260420_055702,80,59729.5,96916.5,251514,0.23068999999997544,0.4403850000000063
72,1,w1_20260420_055702,81,146058.75,135203.25,232608,0.5803599999999849,0.4307800000000044
72,1,w1_20260420_055702,82,363227.5,65049.75,279462.75,0.8754349999999939,0.4270600000000059
72,1,w1_20260420_055702,83,350811.25,58897.5,327761.25,0.9002199999998675,0.3579250000000092
72,1,w1_20260420_055702,84,91170.25,149260.5,196799.25,0.5205749999999933,0.3957900000000007
72,1,w1_20260420_055702,85,70298.5,92613,198268.5,0.6083800000000108,0.36389499999999386
72,1,w1_20260420_055702,86,100056.5,169104.75,226008.75,0.43695499999999654,0.3737350000000044
72,1,w1_20260420_055702,87,69944.75,135515.25,267180,0.5803700000000029,0.3984149999999936
72,1,w1_20260420_055702,88,-5671,67461.75,68879.25,0.4929549999999676,0.27552000000001675
72,1,w1_20260420_055702,89,107357.5,73544.25,50168.25,0.6387699999999465,0.228740000000008
72,1,w1_20260420_055702,90,80777.25,72512.25,70810.5,0.49910000000000015,0.19668999999999628
72,1,w1_20260420_055702,91,85948.75,130307.25,83904,0.5683299999999456,0.31701499999998933
72,1,w1_20260420_055702,92,287491.5,81083.25,186365.25,0.8493399999999408,0.30241499999999427
72,1,w1_20260420_055702,93,40070.75,104640.75,110038.5,0.379944999999996,0.32454499999999137
72,1,w1_20260420_055702,94,243153.25,97662,240414.75,0.7190749999999755,0.3979249999999977
72,1,w1_20260420_055702,95,332291,61560,189609,0.8775449999999552,0.4022950000000016
72,1,w1_20260420_055702,96,242406.75,155736,227057.25,0.7156049999999886,0.3981899999999978
72,1,w1_20260420_055702,97,71979.75,184569.75,197770.5,0.29873999999999734,0.5005300000000137
72,1,w1_20260420_055702,98,319598.75,112934.25,326247,0.7793400000000507,0.42715000000000247
72,1,w1_20260420_055702,99,331609.5,79773.75,266016.75,0.8615549999999433,0.39668499999999096
72,1,w1_20260420_055702,100,163937,232046.25,318996.75,0.5579900000000144,0.3722649999999835
73,0,w0_20260420_060354,1,256572.75,69217.5,99219.75,0.8608449999999639,0.14957999999999477
73,0,w0_20260420_060354,2,162050.75,185254.5,56934.75,0.6567849999999661,0.13883999999999727
73,0,w0_20260420_060354,3,-2160.5,220460.25,49640.25,0.3968649999999998,0.13974499999999632
73,0,w0_20260420_060354,4,111340.25,238260.75,48939,0.5575449999999866,0.1583899999999962
73,0,w0_20260420_060354,5,-10000,64846.7428125,14004.7903125,0.5546999999999996,0.13687999999999267
73,0,w0_20260420_060354,6,44068,210799.5,44002.5,0.4756999999999825,0.16915999999999887
73,0,w0_20260420_060354,7,88180,252684.75,42215.25,0.5187899999999964,0.20508000000000287
73,0,w0_20260420_060354,8,185781.75,175183.5,43584.75,0.6742349999999908,0.3395999999999885
73,0,w0_20260420_060354,9,-3935,183343.5,43411.5,0.2957199999999964,0.16409499999999866
73,0,w0_20260420_060354,10,143961.25,202482.75,78306,0.6153249999999771,0.20050999999999275
73,0,w0_20260420_060354,11,117308,224128.5,56893.5,0.5814049999999736,0.14638000000000173
73,0,w0_20260420_060354,12,72503,268860.75,64646.25,0.4876149999999837,0.18734999999999305
73,0,w0_20260420_060354,13,225990.75,174351.75,126757.5,0.6791050000000158,0.3837799999999962
73,0,w0_20260420_060354,14,216453.5,190067.25,241259.25,0.6584199999999716,0.3956100000000098
73,0,w0_20260420_060354,15,192166.75,168447.75,76135.5,0.6972399999999744,0.22403500000000015
73,0,w0_20260420_060354,16,194078.25,254142.75,277689,0.5471649999999699,0.4699099999999948
73,0,w0_20260420_060354,17,106298.5,277315.5,140556,0.5031899999999822,0.4145949999999956
73,0,w0_20260420_060354,18,151883.25,263553.75,276243,0.511599999999996,0.42882499999999146
73,0,w0_20260420_060354,19,249489.5,122813.25,316847.25,0.7801549999999969,0.327704999999983
73,0,w0_20260420_060354,20,164515.75,221471.25,262653,0.6061949999999742,0.34168999999999755
73,0,w0_20260420_060354,21,303336,97718.25,326805.75,0.8282249999999794,0.3722400000000006
73,0,w0_20260420_060354,22,121116.5,266645.25,267038.25,0.5215099999999896,0.3568550000000012
73,0,w0_20260420_060354,23,170310.5,232910.25,306059.25,0.5728199999999727,0.4056250000000107
73,0,w0_20260420_060354,24,175525,200008.5,284506.5,0.5956099999999923,0.4003999999999874
73,0,w0_20260420_060354,25,113604.25,256460.25,278335.5,0.4621200000000218,0.4044149999999946
73,0,w0_20260420_060354,26,340465.5,60093.75,303630.75,0.8952299999999935,0.36573999999999113
73,0,w0_20260420_060354,27,272059.25,141645,291045.75,0.7466750000000002,0.3960699999999938
73,0,w0_20260420_060354,28,156417.5,229744.5,250398,0.5827799999999915,0.3509900000000124
73,0,w0_20260420_060354,29,324578.25,64980,249891.75,0.8845199999999804,0.334550000000001
73,0,w0_20260420_060354,30,163738.25,206576.25,272215.5,0.5578400000000117,0.3752299999999995
73,0,w0_20260420_060354,31,229489.25,202476,199254.75,0.5051800000000032,0.5683149999999872
73,0,w0_20260420_060354,32,132983,163880.25,264066.75,0.44859000000000226,0.41233999999998305
73,0,w0_20260420_060354,33,174968,146991.75,237740.25,0.5377049999999864,0.41756999999999905
73,0,w0_20260420_060354,34,187900.75,175212,200327.25,0.6342549999999912,0.34767000000000453
73,0,w0_20260420_060354,35,282037,94869,227424,0.8327950000000028,0.28129500000000074
73,0,w0_20260420_060354,36,266729.5,100173,187567.5,0.8205349999999983,0.2714900000000126
73,0,w0_20260420_060354,37,121431.5,100301.25,259577.25,0.634054999999993,0.3499150000000076
73,0,w0_20260420_060354,38,192901.25,185331.75,209247,0.6615050000000022,0.33456499999999284
73,0,w0_20260420_060354,39,164107.25,141922.5,212780.25,0.6114200000000076,0.3235450000000019
73,0,w0_20260420_060354,40,282473.5,133251,251155.5,0.7299349999999813,0.4514750000000036
73,0,w0_20260420_060354,41,131976.75,121314.75,298378.5,0.6173099999999805,0.4057599999999872
73,0,w0_20260420_060354,42,212397.25,129844.5,261368.25,0.7306599999999902,0.3346349999999985
73,0,w0_20260420_060354,43,125560.5,143808,214231.5,0.5716750000000005,0.3304850000000086
73,0,w0_20260420_060354,44,315299.75,67936.5,329823.75,0.8781149999999341,0.3581850000000056
73,0,w0_20260420_060354,45,408593.5,23750.25,326726.25,0.9588849999999756,0.4128900000000107
73,0,w0_20260420_060354,46,154426,149958,261486,0.46493499999998605,0.46196999999997906
73,0,w0_20260420_060354,47,130649,107293.5,205267.5,0.6361149999999894,0.29818500000000614
73,0,w0_20260420_060354,48,209581.25,117642,258006.75,0.5962249999999798,0.4668149999999913
73,0,w0_20260420_060354,49,168653.75,183532.5,288873.75,0.586214999999997,0.34779499999999186
73,0,w0_20260420_060354,50,238696.75,130744.5,215748.75,0.7619999999999705,0.2860750000000076
73,0,w0_20260420_060354,51,278108.25,133397.25,276664.5,0.7651350000000015,0.3771850000000013
73,0,w0_20260420_060354,52,111694,112578,196128,0.6873850000000113,0.32968500000001655
73,0,w0_20260420_060354,53,-10000,56796.5979525,83661.55628250001,0.6057100000000052,0.5161749999999673
73,0,w0_20260420_060354,54,100413.75,66079.5,281556.75,0.5073299999999978,0.4463849999999897
73,0,w0_20260420_060354,55,43045.25,43281.75,169413,0.5922349999999997,0.3993849999999948
73,0,w0_20260420_060354,56,106486.75,112035.75,286087.5,0.6058149999999821,0.36746999999999974
73,0,w0_20260420_060354,57,68196.25,82623.75,245910,0.5867149999999904,0.34236000000000133
73,0,w0_20260420_060354,58,70077.25,76458,308064.75,0.5767449999999383,0.38843000000000455
73,0,w0_20260420_060354,59,171383,75060,280737,0.625704999999984,0.441985000000003
73,0,w0_20260420_060354,60,216378.25,58417.5,282554.25,0.687409999999963,0.44457000000000535
73,0,w0_20260420_060354,61,99307,90401.25,284751.75,0.5481050000000095,0.37355499999999425
73,0,w0_20260420_060354,62,113422.75,136629.75,293827.5,0.5602400000000024,0.3958049999999923
73,0,w0_20260420_060354,63,312525.25,94884,302310.75,0.8290849999999916,0.3874449999999984
73,0,w0_20260420_060354,64,182958,103240.5,267721.5,0.7435850000000364,0.3694399999999977
73,0,w0_20260420_060354,65,265087.75,134877,281795.25,0.7300349999999741,0.4245399999999925
73,0,w0_20260420_060354,66,61111.5,168430.5,308508,0.35661999999998806,0.3913350000000077
73,0,w0_20260420_060354,67,388639.25,42499.5,253421.25,0.9045249999999522,0.45683999999998615
73,0,w0_20260420_060354,68,98346.25,145129.5,326984.25,0.4690749999999807,0.392429999999984
73,0,w0_20260420_060354,69,390099.25,46959,295401.75,0.9173649999999658,0.426805000000012
73,0,w0_20260420_060354,70,386068.5,48770.25,293141.25,0.9165499999999982,0.4153649999999903
73,0,w0_20260420_060354,71,273789.75,96731.25,233319,0.8180049999999284,0.33268500000000006
73,0,w0_20260420_060354,72,339518,132613.5,265198.5,0.7517299999999506,0.5190499999999897
73,0,w0_20260420_060354,73,297910.75,134401.5,299127.75,0.7657999999999595,0.4083050000000164
73,0,w0_20260420_060354,74,291567.25,132532.5,291080.25,0.7445200000000024,0.42289499999999663
73,0,w0_20260420_060354,75,293636,91038.75,312635.25,0.7779649999999575,0.38766500000001014
73,0,w0_20260420_060354,76,57039,100720.5,324910.5,0.5128900000000113,0.35815999999999243
73,0,w0_20260420_060354,77,333479,62836.5,287404.5,0.8826899999999037,0.36946000000000245
73,0,w0_20260420_060354,78,268875.5,121017,315277.5,0.7486499999999708,0.40105000000000174
73,0,w0_20260420_060354,79,384067.25,65606.25,320536.5,0.8794749999999923,0.4369500000000024
73,0,w0_20260420_060354,80,308070.75,85921.5,250917.75,0.8508049999999219,0.35033999999999715
73,0,w0_20260420_060354,81,219427.25,85001.25,232261.5,0.6151949999999845,0.5864049999999867
73,0,w0_20260420_060354,82,281536.5,142056.75,300366.75,0.7375100000000203,0.4193849999999984
73,0,w0_20260420_060354,83,54778.5,69141,177100.5,0.6751299999999997,0.3660150000000164
73,0,w0_20260420_060354,84,122496.75,168467.25,238566,0.5700149999999999,0.42369500000001414
73,0,w0_20260420_060354,85,111139,177521.25,207939.75,0.5679599999999808,0.3389249999999869
73,0,w0_20260420_060354,86,194402,205251,228507,0.6241899999999531,0.42815999999997456
73,0,w0_20260420_060354,87,17761.75,162420,160778.25,0.41099499999999345,0.2742149999999968
73,0,w0_20260420_060354,88,87393.25,170766,296190.75,0.4945050000000096,0.35925499999999555
73,0,w0_20260420_060354,89,-10000,36067.3125,32888.0625,0.7262049999999672,0.35082499999995
73,0,w0_20260420_060354,90,178166.5,156454.5,257349,0.7003499999999944,0.2410199999999964
73,0,w0_20260420_060354,91,109789.5,226881,176659.5,0.5497800000000164,0.33434000000000497
73,0,w0_20260420_060354,92,424127,56688.75,296024.25,0.9040499999998995,0.47994999999997745
73,0,w0_20260420_060354,93,238553,77379.75,225377.25,0.8547949999999526,0.09992999999999091
73,0,w0_20260420_060354,94,53039.5,203230.5,115710,0.5498699999999435,0.3720999999999956
73,0,w0_20260420_060354,95,88962.75,224469.75,134737.5,0.5530249999999968,0.311825000000007
73,0,w0_20260420_060354,96,-10000,152754.43338890624,73454.49400828125,0.5679349999999387,0.3435900000000157
73,0,w0_20260420_060354,97,243097,102349.5,154243.5,0.816285000000002,0.2068449999999897
73,0,w0_20260420_060354,98,57802.5,225944.25,142343.25,0.4592849999999869,0.35490500000000025
73,0,w0_20260420_060354,99,192415.75,159162,89102.25,0.7140199999999359,0.13815500000000655
73,0,w0_20260420_060354,100,158961.5,143721,88207.5,0.6988150000000145,0.17785000000000406
73,1,w1_20260420_061049,1,255418,70658.25,111003.75,0.8581799999999837,0.18222999999998785
73,1,w1_20260420_061049,2,121538,230145.75,52436.25,0.5740599999999747,0.21440499999998655
73,1,w1_20260420_061049,3,79542,270144,56364,0.49717499999996817,0.20559999999999276
73,1,w1_20260420_061049,4,102175.75,243468,54926.25,0.5414199999999683,0.18045999999998968
73,1,w1_20260420_061049,5,150465.5,200510.25,53024.25,0.6309649999999487,0.1543499999999916
73,1,w1_20260420_061049,6,175157.5,178896,49186.5,0.6703799999999684,0.19826499999998323
73,1,w1_20260420_061049,7,176713.5,178038.75,56007.75,0.6752799999999843,0.18438499999998903
73,1,w1_20260420_061049,8,53962.25,172334.25,157963.5,0.474124999999988,0.3119050000000022
73,1,w1_20260420_061049,9,104695,223765.5,169309.5,0.5417699999999624,0.27646500000002006
73,1,w1_20260420_061049,10,109446.75,229368,100625.25,0.5472249999999684,0.2851600000000033
73,1,w1_20260420_061049,11,115591.5,222712.5,134946,0.5934199999999648,0.19447499999999404
73,1,w1_20260420_061049,12,166418.75,226816.5,267894.75,0.5842549999999845,0.41030500000001585
73,1,w1_20260420_061049,13,134240,257318.25,271101.75,0.53137499999995,0.3801100000000203
73,1,w1_20260420_061049,14,157061.25,252625.5,312473.25,0.5376749999999695,0.4139500000000057
73,1,w1_20260420_061049,15,225166.5,171498,302365.5,0.684224999999969,0.39317000000000385
73,1,w1_20260420_061049,16,360713.25,80915.25,294721.5,0.8547349999999737,0.4577000000000147
73,1,w1_20260420_061049,17,158490.75,214353.75,265975.5,0.6116399999999781,0.3270099999999977
73,1,w1_20260420_061049,18,210203.25,153519,280407.75,0.7226999999999596,0.3062249999999929
73,1,w1_20260420_061049,19,209159.25,200396.25,289264.5,0.6318049999999685,0.4167650000000063
73,1,w1_20260420_061049,20,352827.25,70629.75,314223,0.8754649999999689,0.4157400000000079
73,1,w1_20260420_061049,21,235801.75,158833.5,299664.75,0.7206199999999828,0.3610450000000067
73,1,w1_20260420_061049,22,173040.75,218363.25,255906,0.613004999999967,0.3286599999999963
73,1,w1_20260420_061049,23,207043.75,190923.75,295972.5,0.6618349999999594,0.3669650000000071
73,1,w1_20260420_061049,24,38451.25,268888.5,290000.25,0.4061299999999975,0.33079999999999493
73,1,w1_20260420_061049,25,178857.25,238975.5,293087.25,0.5795100000000047,0.4017900000000123
73,1,w1_20260420_061049,26,255317.75,167808,308414.25,0.7074249999999763,0.4122949999999876
73,1,w1_20260420_061049,27,257452.25,128686.5,262061.25,0.7735249999999826,0.31531999999999166
73,1,w1_20260420_061049,28,85081.75,279897,202841.25,0.48048000000001184,0.29306500000000274
73,1,w1_20260420_061049,29,326166,80543.25,278430.75,0.8596200000000171,0.37929500000000527
73,1,w1_20260420_061049,30,32862,207114.75,310793.25,0.2521200000000026,0.40897500000000214
73,1,w1_20260420_061049,31,37993.25,197375.25,202831.5,0.35041000000000894,0.3285450000000137
73,1,w1_20260420_061049,32,147872,213181.5,247276.5,0.544554999999991,0.3911499999999969
73,1,w1_20260420_061049,33,146442.75,227553.75,262993.5,0.5741700000000229,0.34505999999999076
73,1,w1_20260420_061049,34,289718.25,97273.5,208958.25,0.831534999999964,0.3191350000000001
73,1,w1_20260420_061049,35,310752.25,115850.25,281257.5,0.7989549999999603,0.4159149999999968
73,1,w1_20260420_061049,36,141426,243933.75,233330.25,0.5716749999999818,0.3247199999999958
73,1,w1_20260420_061049,37,124017.75,186138,281174.25,0.4584550000000027,0.43082999999999455
73,1,w1_20260420_061049,38,121866.25,136502.25,316621.5,0.5341149999999657,0.3680899999999973
73,1,w1_20260420_061049,39,289238,107058.75,238103.25,0.8077250000000348,0.35993999999999027
73,1,w1_20260420_061049,40,337876,106680,284214,0.8162299999999467,0.4431049999999892
73,1,w1_20260420_061049,41,124331,158031.75,252497.25,0.5371000000000076,0.3336850000000014
73,1,w1_20260420_061049,42,222703.75,149445.75,154270.5,0.7217149999999769,0.4224149999999752
73,1,w1_20260420_061049,43,140139,105060,210291,0.6350699999999796,0.32383999999999735
73,1,w1_20260420_061049,44,247085.25,159249.75,251355,0.7248899999999775,0.381364999999995
73,1,w1_20260420_061049,45,163341.5,129213.75,304044.75,0.5989949999999976,0.3894199999999757
73,1,w1_20260420_061049,46,141754,94528.5,275527.5,0.707034999999981,0.3429699999999966
73,1,w1_20260420_061049,47,169012.75,122547,296720.25,0.6601649999999806,0.37255500000000213
73,1,w1_20260420_061049,48,205989.5,182211.75,271968.75,0.6791499999999889,0.37763499999999306
73,1,w1_20260420_061049,49,77829,134426.25,260334.75,0.5628049999999566,0.31820499999999763
73,1,w1_20260420_061049,50,22620.25,168717,301302.75,0.31548500000000784,0.3246049999999833
73,1,w1_20260420_061049,51,158053.25,95077.5,306029.25,0.7278899999999289,0.3878400000000009
73,1,w1_20260420_061049,52,159663.5,96323.25,265403.25,0.646009999999992,0.34878999999998284
73,1,w1_20260420_061049,53,128479.25,136201.5,259949.25,0.610344999999994,0.31512999999999985
73,1,w1_20260420_061049,54,171382.5,129969,299908.5,0.5912899999999922,0.4154549999999896
73,1,w1_20260420_061049,55,219833.5,155879.25,242777.25,0.7160900000000018,0.37863499999998623
73,1,w1_20260420_061049,56,33894.25,143919,160896.75,0.4423500000000109,0.31635499999999545
73,1,w1_20260420_061049,57,94813.25,96164.25,155602.5,0.616289999999989,0.2787299999999972
73,1,w1_20260420_061049,58,50712.25,103773.75,141864,0.426799999999993,0.2774549999999846
73,1,w1_20260420_061049,59,131874.75,114252,248573.25,0.5168549999999608,0.4947749999999938
73,1,w1_20260420_061049,60,17350.5,152064,308125.5,0.4120849999999987,0.33263499999998414
73,1,w1_20260420_061049,61,112091.25,83401.5,218447.25,0.697224999999974,0.3414049999999851
73,1,w1_20260420_061049,62,147868.5,103875.75,170955.75,0.6557449999999628,0.27945499999999013
73,1,w1_20260420_061049,63,233077.25,157443.75,253329,0.710665000000001,0.3988899999999926
73,1,w1_20260420_061049,64,216179.25,148281,210309.75,0.7350849999999752,0.3130449999999971
73,1,w1_20260420_061049,65,130721.25,201011.25,268267.5,0.5879100000000006,0.32731499999998664
73,1,w1_20260420_061049,66,95632.5,114458.25,191999.25,0.5999349999999731,0.3080499999999908
73,1,w1_20260420_061049,67,36472.25,199021.5,325376.25,0.3841750000000076,0.3482999999999946
73,1,w1_20260420_061049,68,144330,159112.5,212707.5,0.6583099999999696,0.30198499999998074
73,1,w1_20260420_061049,69,397888.5,69045.75,251325.75,0.8612950000000066,0.5158999999999906
73,1,w1_20260420_061049,70,125480.25,231060.75,262029,0.5452399999999986,0.3358199999999908
73,1,w1_20260420_061049,71,157334.25,187170,277515.75,0.4970950000000018,0.46137999999998847
73,1,w1_20260420_061049,72,329641.25,50416.5,238292.25,0.9104249999999274,0.32206999999999575
73,1,w1_20260420_061049,73,170033,178938,221679,0.6862399999999337,0.20502000000000023
73,1,w1_20260420_061049,74,204248.5,160836,125995.5,0.7252099999999982,0.17383000000000476
73,1,w1_20260420_061049,75,187994,220868.25,244167.75,0.5688199999999766,0.5064549999999866
73,1,w1_20260420_061049,76,257101.25,114789,139299.75,0.7829949999999775,0.30715999999999277
73,1,w1_20260420_061049,77,83129.75,117768.75,111841.5,0.6275550000000247,0.4920349999999909
73,1,w1_20260420_061049,78,29167.25,72984.75,213168,0.5990450000000163,0.5372300000000235
73,1,w1_20260420_061049,79,-10000.000000000002,2196,44812.43899402821,0.8145650000001392,0.4146150000000171
73,1,w1_20260420_061049,80,204168.75,161213.25,78708,0.7238949999999811,0.22489000000001147
73,1,w1_20260420_061049,81,228516,154927.5,242896.5,0.5862400000000072,0.5478899999999839
73,1,w1_20260420_061049,82,251648.25,156255,195156.75,0.7222550000000058,0.3994749999999971
73,1,w1_20260420_061049,83,181501.25,206673,114525.75,0.6275800000000072,0.4412449999999952
73,1,w1_20260420_061049,84,210555.5,158182.5,60252,0.7001649999999883,0.312560000000002
73,1,w1_20260420_061049,85,119175.75,214029.75,68974.5,0.5537599999999747,0.295579999999998
73,1,w1_20260420_061049,86,187641.75,185421.75,104866.5,0.6316949999999578,0.46907499999997854
73,1,w1_20260420_061049,87,321545.5,149876.25,264758.25,0.7175250000000074,0.5246799999999987
73,1,w1_20260420_061049,88,62550,151199.25,75540.75,0.4879500000000115,0.2859899999999863
73,1,w1_20260420_061049,89,33819,189649.5,154651.5,0.4671449999999944,0.16739499999999977
73,1,w1_20260420_061049,90,91806.75,113303.25,162030,0.6698250000000073,0.12413999999998784
73,1,w1_20260420_061049,91,37444.75,177921,278984.25,0.38809000000001737,0.36722499999999336
73,1,w1_20260420_061049,92,222051.25,96690.75,61758,0.7157600000000047,0.4109649999999873
73,1,w1_20260420_061049,93,391260.25,44871.75,143538,0.9181599999999808,0.4794500000000018
73,1,w1_20260420_061049,94,371062,42354.75,126323.25,0.9284599999999836,0.3343449999999861
73,1,w1_20260420_061049,95,26495.25,197404.5,199430.25,0.4125199999999907,0.29594999999997906
73,1,w1_20260420_061049,96,4431.25,202582.5,122516.25,0.4104750000000108,0.16218000000000085
73,1,w1_20260420_061049,97,309258.5,84088.5,199443,0.8518699999999597,0.4514599999999704
73,1,w1_20260420_061049,98,118638.75,225134.25,80847,0.564030000000004,0.37661500000000425
73,1,w1_20260420_061049,99,96484.75,207555.75,57619.5,0.5471549999999881,0.2860549999999912
73,1,w1_20260420_061049,100,124161.25,168534.75,126354,0.5986199999999924,0.4021549999999892
74,0,w0_20260420_061740,1,111794.25,212236.5,104699.25,0.5724649999999954,0.16477999999999765
74,0,w0_20260420_061740,2,202254.25,133635,63810.75,0.7437049999999824,0.17567999999999345
74,0,w0_20260420_061740,3,123432,214613.25,50964.75,0.5777150000000031,0.202084999999996
74,0,w0_20260420_061740,4,-9999.999999999998,45999.74239734375,28141.70123296875,0.3458999999999585,0.13800499999999716
74,0,w0_20260420_061740,5,201123.25,148371,49095.75,0.7224599999999873,0.16579999999999326
74,0,w0_20260420_061740,6,2792.75,159831,46106.25,0.3663250000000119,0.18998999999999133
74,0,w0_20260420_061740,7,79084.25,224958.75,41547,0.5299600000000035,0.22604499999999983
74,0,w0_20260420_061740,8,199321,154879.5,37009.5,0.7059299999999946,0.31151500000001386
74,0,w0_20260420_061740,9,126219.5,208691.25,61679.25,0.5988400000000013,0.18294999999999817
74,0,w0_20260420_061740,10,79029.75,250446,105284.25,0.5070600000000054,0.23732499999999787
74,0,w0_20260420_061740,11,175024.75,291067.5,213297.75,0.4746950000000081,0.5311849999999916
74,0,w0_20260420_061740,12,233640.25,155142.75,251367,0.7201149999999857,0.3652899999999815
74,0,w0_20260420_061740,13,20633.75,291416.25,191070,0.36130500000003346,0.3062449999999933
74,0,w0_20260420_061740,14,198916.25,203823,268110.75,0.623175000000002,0.4146600000000084
74,0,w0_20260420_061740,15,234449.5,155219.25,241601.25,0.7200949999999835,0.3745200000000047
74,0,w0_20260420_061740,16,338301.75,102411,266777.25,0.8136349999999877,0.4704100000000049
74,0,w0_20260420_061740,17,266387.5,150980.25,272852.25,0.7329500000000043,0.405894999999989
74,0,w0_20260420_061740,18,39085.25,317185.5,310619.25,0.3572450000000467,0.3700950000000012
74,0,w0_20260420_061740,19,131451.5,266568,283990.5,0.512555000000011,0.38678499999999255
74,0,w0_20260420_061740,20,78835,279282,283053,0.45198500000000824,0.35732499999999656
74,0,w0_20260420_061740,21,249953.25,163902,273324.75,0.7073949999999974,0.4100849999999884
74,0,w0_20260420_061740,22,235871.25,182044.5,278804.25,0.6796049999999797,0.4016449999999944
74,0,w0_20260420_061740,23,113377.5,282603,308689.5,0.43804000000000815,0.4177300000000038
74,0,w0_20260420_061740,24,125460.75,252477,282002.25,0.5165500000000157,0.35916999999998933
74,0,w0_20260420_061740,25,18294.5,270813.75,259161.75,0.3286699999999917,0.34869499999999837
74,0,w0_20260420_061740,26,194830.5,228024,290095.5,0.589734999999997,0.43225000000001235
74,0,w0_20260420_061740,27,145133.75,274283.25,285903,0.5122849999999962,0.4174999999999902
74,0,w0_20260420_061740,28,109446,287967,292047,0.4709050000000022,0.3934099999999944
74,0,w0_20260420_061740,29,345660.5,53319,261880.5,0.9026699999999676,0.37373500000000304
74,0,w0_20260420_061740,30,270100,95545.5,205384.5,0.8322150000000145,0.24672999999999537
74,0,w0_20260420_061740,31,194887.25,221121,254481.75,0.6050049999999801,0.41800000000000254
74,0,w0_20260420_061740,32,189446.25,219052.5,251591.25,0.6166799999999836,0.3779099999999988
74,0,w0_20260420_061740,33,284234,125598,263298,0.779689999999973,0.3809599999999877
74,0,w0_20260420_061740,34,187992,211209.75,220298.25,0.6325049999999935,0.35303000000000623
74,0,w0_20260420_061740,35,75076.5,306660.75,288402.75,0.4129200000000177,0.3808650000000001
74,0,w0_20260420_061740,36,165595.25,239758.5,248636.25,0.5768249999999886,0.37711999999999346
74,0,w0_20260420_061740,37,183896.75,201855,233438.25,0.6424299999999837,0.3259899999999931
74,0,w0_20260420_061740,38,40349.25,208387.5,259643.25,0.3028550000000027,0.3909299999999922
74,0,w0_20260420_061740,39,180439.75,134900.25,229080,0.6343899999999882,0.38393499999999897
74,0,w0_20260420_061740,40,342907.5,61862.25,266060.25,0.8927399999998806,0.37091499999999566
74,0,w0_20260420_061740,41,205487.5,175869.75,197112.75,0.6874599999999942,0.3370199999999893
74,0,w0_20260420_061740,42,29138.75,116121,154880.25,0.28009000000000617,0.43888499999998976
74,0,w0_20260420_061740,43,190399,197127.75,234893.25,0.5991750000000277,0.49644499999998026
74,0,w0_20260420_061740,44,84901.5,152952,272536.5,0.33615000000004214,0.4802599999999713
74,0,w0_20260420_061740,45,195302.75,169137,258590.25,0.6508249999999837,0.4180349999999789
74,0,w0_20260420_061740,46,95641.75,244544.25,305724,0.4326199999999898,0.3796999999999945
74,0,w0_20260420_061740,47,112491.5,228228.75,249969.75,0.5386299999999976,0.3353950000000115
74,0,w0_20260420_061740,48,356122.5,82248,265969.5,0.8558150000000032,0.43809999999999
74,0,w0_20260420_061740,49,123265.25,266700,294294.75,0.4784649999999877,0.39870000000000344
74,0,w0_20260420_061740,50,100928,137419.5,287692.5,0.45740999999998777,0.4421199999999841
74,0,w0_20260420_061740,51,268958.75,178169.25,274302,0.6553049999999901,0.5012349999999848
74,0,w0_20260420_061740,52,244500.25,162127.5,268952.25,0.7152300000000067,0.3810400000000065
74,0,w0_20260420_061740,53,171191,186986.25,301872.75,0.6214650000000113,0.371359999999997
74,0,w0_20260420_061740,54,194340.25,178926.75,279063,0.664714999999984,0.3769000000000048
74,0,w0_20260420_061740,55,94477.75,221727,265175.25,0.490175000000005,0.3927850000000107
74,0,w0_20260420_061740,56,42698.5,247068.75,315732.75,0.3174850000000088,0.39235499999998946
74,0,w0_20260420_061740,57,109611.75,158814.75,279763.5,0.5605149999999954,0.3864849999999902
74,0,w0_20260420_061740,58,124564.25,157242.75,295113,0.5973800000000083,0.35117999999999927
74,0,w0_20260420_061740,59,332578,73824,247698,0.8710799999999743,0.4019949999999983
74,0,w0_20260420_061740,60,26663.75,109380,171596.25,0.2887000000000031,0.4636799999999726
74,0,w0_20260420_061740,61,72803.75,134404.5,287061.75,0.43709999999999344,0.39149500000000065
74,0,w0_20260420_061740,62,126980.25,171435.75,297294,0.5895449999999987,0.35569000000001827
74,0,w0_20260420_061740,63,52312.25,185883,240084.75,0.47340000000001325,0.3379700000000043
74,0,w0_20260420_061740,64,107547.75,127434.75,287887.5,0.4713000000000251,0.4825300000000079
74,0,w0_20260420_061740,65,161489,124917.75,292433.25,0.6885799999999802,0.4241650000000027
74,0,w0_20260420_061740,66,282078.75,117333.75,296977.5,0.752594999999958,0.41793000000000174
74,0,w0_20260420_061740,67,214937.25,121231.5,235331.25,0.7160449999999818,0.3736599999999939
74,0,w0_20260420_061740,68,12985.25,27495.75,288759,0.11838999999999666,0.3556600000000056
74,0,w0_20260420_061740,69,5751,17892,310437,0.0674049999999992,0.3436900000000063
74,0,w0_20260420_061740,70,145700.5,202575.75,278703.75,0.5299000000000087,0.4100549999999902
74,0,w0_20260420_061740,71,124082,111053.25,282984.75,0.5701000000000096,0.4002299999999993
74,0,w0_20260420_061740,72,141756,222660.75,161483.25,0.5103400000000081,0.4412300000000233
74,0,w0_20260420_061740,73,103532,151695,184023,0.450800000000015,0.3757049999999909
74,0,w0_20260420_061740,74,43714.5,140490.75,273984.75,0.3060450000000064,0.3801400000000085
74,0,w0_20260420_061740,75,-9999.999999999996,7218.75,180784.7240790743,0.3982199999999536,0.2613500000000086
74,0,w0_20260420_061740,76,3713.5,7047.75,39918.75,0.3361299999999793,0.35143500000001593
74,0,w0_20260420_061740,77,54343.75,181428.75,349807.5,0.5768899999999713,0.2231850000000023
74,0,w0_20260420_061740,78,125162.5,105158.25,86999.25,0.4525050000000276,0.503044999999969
74,0,w0_20260420_061740,79,-962.75,13339.5,10163.25,0.4630499999999734,0.2293399999999967
74,0,w0_20260420_061740,80,1778.5,61079.25,23102.25,0.4766400000000129,0.3218649999999907
74,0,w0_20260420_061740,81,-7550.75,63272.25,52828.5,0.2929299999999985,0.4669699999999749
74,0,w0_20260420_061740,82,51268,130820.25,189651.75,0.3897250000000044,0.5062900000000066
74,0,w0_20260420_061740,83,133383.5,64370.25,124286.25,0.7551499999999879,0.281460000000004
74,0,w0_20260420_061740,84,108001,103469.25,259509.75,0.5306999999999721,0.3378199999999983
74,0,w0_20260420_061740,85,273909,42480,262761,0.919704999999932,0.1325299999999941
74,0,w0_20260420_061740,86,100307.75,137490,231482.25,0.4335649999999899,0.46402999999998645
74,0,w0_20260420_061740,87,322850,46471.5,280708.5,0.9084300000000458,0.3283299999999963
74,0,w0_20260420_061740,88,328848.25,126684.75,195417,0.7816850000000484,0.47891500000002113
74,0,w0_20260420_061740,89,-9999.999999999998,110730.84880754416,107979.36724780036,0.3900899999999992,0.28641000000002254
74,0,w0_20260420_061740,90,150471,97554.75,238454.25,0.631879999999967,0.4529800000000117
74,0,w0_20260420_061740,91,86787.75,125961.75,184870.5,0.44318499999999106,0.3799599999999942
74,0,w0_20260420_061740,92,64912.25,72157.5,167120.25,0.5886200000000206,0.30553000000001973
74,0,w0_20260420_061740,93,310924.75,78279.75,156295.5,0.861865000000016,0.3570250000000115
74,0,w0_20260420_061740,94,119545.75,109756.5,71157.75,0.6407700000000638,0.3829000000000075
74,0,w0_20260420_061740,95,102531.25,169000.5,220208.25,0.483720000000011,0.40544500000000505
74,0,w0_20260420_061740,96,220244.25,136278.75,104517,0.7550299999999468,0.2673200000000105
74,0,w0_20260420_061740,97,71368,85866,84396,0.5606350000000161,0.3491899999999953
74,0,w0_20260420_061740,98,109603.25,107764.5,69782.25,0.6742999999999777,0.329794999999994
74,0,w0_20260420_061740,99,273493.75,113059.5,109206.75,0.8000750000000099,0.3604650000000093
74,0,w0_20260420_061740,100,195136.5,166688.25,93485.25,0.669665000000023,0.3163400000000115
74,1,w1_20260420_062429,1,99347.75,207118.5,102933.75,0.5503750000000095,0.23360500000000303
74,1,w1_20260420_062429,2,216306.25,122834.25,126739.5,0.7702699999999844,0.22417499999999
74,1,w1_20260420_062429,3,144620.75,196023.75,69325.5,0.6181500000000019,0.23033499999999812
74,1,w1_20260420_062429,4,113687.5,217613.25,56579.25,0.5685350000000221,0.1990349999999893
74,1,w1_20260420_062429,5,1784.75,132498.75,55546.5,0.3639799999999946,0.14697999999998984
74,1,w1_20260420_062429,6,-10000,72461.29783436251,22191.1125,0.3057000000000223,0.18121000000000473
74,1,w1_20260420_062429,7,213315,145035.75,60509.25,0.736089999999985,0.2221899999999791
74,1,w1_20260420_062429,8,166151.75,190305,48983.25,0.6532299999999783,0.16111499999999152
74,1,w1_20260420_062429,9,56627,265147.5,45955.5,0.45337999999999784,0.27546000000001425
74,1,w1_20260420_062429,10,166575,193503,66792,0.6492899999999889,0.26061500000000454
74,1,w1_20260420_062429,11,233977.75,124824,51578.25,0.7751549999999763,0.21845499999999907
74,1,w1_20260420_062429,12,-10000,159033.525,36189.825,0.4563350000000016,0.3426850000000059
74,1,w1_20260420_062429,13,1073.5,290456.25,227840.25,0.34661000000002107,0.31520499999999163
74,1,w1_20260420_062429,14,14702.25,303800.25,156757.5,0.3193950000000011,0.36440000000000666
74,1,w1_20260420_062429,15,106276.5,242351.25,55982.25,0.543094999999986,0.2178749999999887
74,1,w1_20260420_062429,16,132050,230215.5,49834.5,0.5847999999999971,0.22711499999999168
74,1,w1_20260420_062429,17,183702.25,185760,48117.75,0.6662099999999825,0.3231100000000109
74,1,w1_20260420_062429,18,56046.75,196200.75,170722.5,0.5100750000000125,0.22322499999998857
74,1,w1_20260420_062429,19,188298.5,173303.25,72308.25,0.6904050000000052,0.23973499999999176
74,1,w1_20260420_062429,20,141878.5,229829.25,45332.25,0.5831999999999655,0.39472499999999094
74,1,w1_20260420_062429,21,245436.5,106806,115057.5,0.8117599999999882,0.16828999999998404
74,1,w1_20260420_062429,22,187285,178828.5,71686.5,0.6850949999999988,0.2354799999999905
74,1,w1_20260420_062429,23,147622.5,224191.5,43776,0.6024499999999922,0.2832000000000077
74,1,w1_20260420_062429,24,49612.75,182928.75,140878.5,0.4545150000000161,0.2864699999999908
74,1,w1_20260420_062429,25,20271.25,175809.75,66759,0.3758400000000024,0.2872100000000057
74,1,w1_20260420_062429,26,18548.5,174802.5,79719,0.39357999999998583,0.29214500000000687
74,1,w1_20260420_062429,27,152337.75,212423.25,90279,0.6034649999999884,0.3329300000000048
74,1,w1_20260420_062429,28,58770.5,116735.25,110924.25,0.5411600000000215,0.26227499999999615
74,1,w1_20260420_062429,29,102681.75,216091.5,102606.75,0.5679750000000002,0.2066549999999901
74,1,w1_20260420_062429,30,150696.5,204261.75,35931.75,0.6159600000000198,0.139679999999992
74,1,w1_20260420_062429,31,91052.5,184776.75,137340.75,0.5205350000000222,0.28871999999997944
74,1,w1_20260420_062429,32,-10000,111662.42075301004,107976.09479767006,0.27684999999996807,0.4204099999999953
74,1,w1_20260420_062429,33,162264.75,159495,74900.25,0.6599500000000161,0.2057849999999941
74,1,w1_20260420_062429,34,179164,154078.5,88597.5,0.6614999999999989,0.2502100000000057
74,1,w1_20260420_062429,35,64671.25,142304.25,59434.5,0.4974299999999884,0.2449399999999907
74,1,w1_20260420_062429,36,217981,138453,37236,0.743684999999975,0.24906999999999552
74,1,w1_20260420_062429,37,-3634.25,161632.5,118791.75,0.3157149999999879,0.2561849999999998
74,1,w1_20260420_062429,38,-10000,56509.5,81397.5,0.461235000000083,0.3863299999999577
74,1,w1_20260420_062429,39,34236.75,140616,107297.25,0.4705250000000022,0.23537500000000156
74,1,w1_20260420_062429,40,111493.75,195569.25,25407,0.5731499999999964,0.2564200000000035
74,1,w1_20260420_062429,41,14422.25,122103.75,39114,0.48551000000003,0.4252150000000181
74,1,w1_20260420_062429,42,24282.75,102411.75,83845.5,0.3851949999999808,0.3058250000000112
74,1,w1_20260420_062429,43,-9563.5,73060.5,54873,0.28411999999997767,0.23325999999998925
74,1,w1_20260420_062429,44,13034.25,31980.75,58665,0.40516999999998704,0.22405999999999895
74,1,w1_20260420_062429,45,147585.5,147462.75,42441.75,0.6550749999999921,0.3090849999999953
74,1,w1_20260420_062429,46,29617.5,115692,68050.5,0.4754500000000091,0.19446499999999176
74,1,w1_20260420_062429,47,60692.25,122728.5,48239.25,0.5287150000000131,0.2725250000000042
74,1,w1_20260420_062429,48,-10000,56962.275,39562.575,0.22624999999994524,0.2732499999999975
74,1,w1_20260420_062429,49,117606.75,140448,73085.25,0.6315400000000128,0.2156449999999863
74,1,w1_20260420_062429,50,67154.25,267834,198321.75,0.4192200000000221,0.4685899999999775
74,1,w1_20260420_062429,51,62814,192292.5,53803.5,0.475969999999998,0.2789050000000042
74,1,w1_20260420_062429,52,64678.5,182214,44587.5,0.4887350000000133,0.2515550000000164
74,1,w1_20260420_062429,53,64336.25,117296.25,70717.5,0.5694250000000141,0.4069700000000159
74,1,w1_20260420_062429,54,116821.25,164477.25,52561.5,0.5930350000000227,0.26967999999998676
74,1,w1_20260420_062429,55,100145,149909.25,47925.75,0.5649400000000097,0.4090300000000239
74,1,w1_20260420_062429,56,169786.75,179448.75,133564.5,0.6464849999999974,0.3791199999999856
74,1,w1_20260420_062429,57,87580.5,174099.75,166779.75,0.4770200000000053,0.39438500000000726
74,1,w1_20260420_062429,58,184411.5,66005.25,159983.25,0.7909500000000175,0.37726499999998914
74,1,w1_20260420_062429,59,169104,301798.5,178147.5,0.385385000000056,0.6293249999999837
74,1,w1_20260420_062429,60,21420,218106.75,211253.25,0.3867500000000049,0.313749999999995
74,1,w1_20260420_062429,61,-89,15553.5,10585.5,0.3977950000000107,0.23791499999999027
74,1,w1_20260420_062429,62,64800,146189.25,142650.75,0.48402500000001675,0.2634450000000037
74,1,w1_20260420_062429,63,56516.75,160888.5,161034.75,0.46635500000001273,0.3332849999999918
74,1,w1_20260420_062429,64,173774.75,227355.75,239329.5,0.5354350000000382,0.5122049999999981
74,1,w1_20260420_062429,65,359547.25,109022.25,224920.5,0.7560700000000183,0.5610299999999947
74,1,w1_20260420_062429,66,198801.25,197558.25,254200.5,0.6019250000000271,0.455249999999989
74,1,w1_20260420_062429,67,238329,202057.5,197623.5,0.5617050000000244,0.5792200000000179
74,1,w1_20260420_062429,68,185072.75,156602.25,217125,0.6841500000000011,0.30804499999998924
74,1,w1_20260420_062429,69,185592.75,179334.75,222682.5,0.6259299999999776,0.38931000000002025
74,1,w1_20260420_062429,70,307526.25,106125,276678.75,0.8050099999999619,0.38039000000000817
74,1,w1_20260420_062429,71,295676.25,127809.75,229824,0.7765700000000012,0.4050250000000015
74,1,w1_20260420_062429,72,203260.75,170901.75,197557.5,0.6843749999999975,0.3150249999999939
74,1,w1_20260420_062429,73,212794.25,196843.5,229532.25,0.6295050000000063,0.42050500000000846
74,1,w1_20260420_062429,74,122086,176333.25,243090.75,0.33475999999997985,0.4851449999999971
74,1,w1_20260420_062429,75,173826.5,167315.25,211748.25,0.36020499999999817,0.5927299999999759
74,1,w1_20260420_062429,76,104553.25,205827.75,259089,0.4398550000000068,0.4208750000000111
74,1,w1_20260420_062429,77,204969.25,173750.25,237490.5,0.6270099999999847,0.42630499999999855
74,1,w1_20260420_062429,78,360812.25,71322,237285.75,0.8790199999999683,0.4411799999999922
74,1,w1_20260420_062429,79,255268.75,208187.25,244404,0.6020500000000067,0.5372800000000335
74,1,w1_20260420_062429,80,84441.25,148692.75,259926,0.3004399999999904,0.46677499999997846
74,1,w1_20260420_062429,81,224863,192199.5,268327.5,0.6420750000000073,0.4396400000000091
74,1,w1_20260420_062429,82,190442.5,192295.5,267942,0.6241450000000223,0.4309999999999893
74,1,w1_20260420_062429,83,369270.75,70716.75,244132.5,0.879789999999994,0.4425100000000019
74,1,w1_20260420_062429,84,90439.25,125637,222483.75,0.4576150000000217,0.4459549999999913
74,1,w1_20260420_062429,85,330519,104198.25,226542.75,0.8198449999999737,0.43343999999999017
74,1,w1_20260420_062429,86,327104.25,119768.25,230827.5,0.7619799999999647,0.5426099999999842
74,1,w1_20260420_062429,87,175971.75,192978.75,285799.5,0.6416599999999691,0.34292499999999065
74,1,w1_20260420_062429,88,15585.25,44518.5,209246.25,0.10868499999998604,0.4011949999999812
74,1,w1_20260420_062429,89,40690.25,65295.75,202344,0.16174499999998945,0.45224499999999235
74,1,w1_20260420_062429,90,295123.75,94218,249038.25,0.8166699999999755,0.39341500000000096
74,1,w1_20260420_062429,91,79210,123230.25,226509.75,0.4387799999999843,0.4109450000000017
74,1,w1_20260420_062429,92,45539.75,56060.25,326220,0.19680999999996687,0.4071399999999801
74,1,w1_20260420_062429,93,-10000,50749.95,85059.15,0.2184599999999856,0.44256500000010573
74,1,w1_20260420_062429,94,348624.25,27022.5,181553.25,0.9304899999999574,0.3596500000000001
74,1,w1_20260420_062429,95,34026.25,57996,141807.75,0.3821999999999877,0.4278800000000065
74,1,w1_20260420_062429,96,165630.5,204155.25,242564.25,0.5922200000000273,0.35300500000000157
74,1,w1_20260420_062429,97,258571.5,125058.75,216909.75,0.7727899999999547,0.3403599999999972
74,1,w1_20260420_062429,98,291855.5,141104.25,229610.25,0.753799999999978,0.48790500000001913
74,1,w1_20260420_062429,99,277085,128058,189777,0.7817599999999789,0.3606300000000161
74,1,w1_20260420_062429,100,410239.75,25041.75,201628.5,0.9578649999999556,0.42526000000000974
75,0,w0_20260420_063123,1,203022.25,113818.5,100649.25,0.7693649999999806,0.15890999999998712
75,0,w0_20260420_063123,2,264236,83469,56355,0.8448249999999756,0.16970999999998684
75,0,w0_20260420_063123,3,84057.25,267000,48732.75,0.5044299999999963,0.18934999999999744
75,0,w0_20260420_063123,4,86812.5,257839.5,54408,0.5131749999999909,0.13370999999999686
75,0,w0_20260420_063123,5,251783.75,102373.5,46662.75,0.8123149999999669,0.14782499999999338
75,0,w0_20260420_063123,6,1450.25,333148.5,64961.25,0.35425500000000076,0.21758999999999185
75,0,w0_20260420_063123,7,152872.25,204528,43479.75,0.6266149999999788,0.16713499999998593
75,0,w0_20260420_063123,8,46943,300298.5,50668.5,0.3920999999999942,0.44391999999999615
75,0,w0_20260420_063123,9,134068.5,232698,39763.5,0.578399999999989,0.29619000000000617
75,0,w0_20260420_063123,10,208190,153282.75,51287.25,0.7224049999999663,0.2214699999999939
75,0,w0_20260420_063123,11,90221.25,275245.5,129533.25,0.4956599999999973,0.2839999999999949
75,0,w0_20260420_063123,12,319990.5,110860.5,236889,0.7994199999999688,0.4663399999999856
75,0,w0_20260420_063123,13,188709.75,178953.75,51496.5,0.6780349999999913,0.20708499999999705
75,0,w0_20260420_063123,14,153625.5,203980.5,51204,0.6302999999999809,0.21471999999998828
75,0,w0_20260420_063123,15,129842,260749.5,257548.5,0.5273399999999999,0.3741349999999866
75,0,w0_20260420_063123,16,254173,117994.5,160822.5,0.7893099999999715,0.3872000000000027
75,0,w0_20260420_063123,17,26209.25,217437.75,189843,0.3674799999999932,0.29147999999998875
75,0,w0_20260420_063123,18,143348.25,219801.75,232410,0.5892749999999948,0.3061600000000049
75,0,w0_20260420_063123,19,45100.75,213855,175574.25,0.35426500000001887,0.29474000000000117
75,0,w0_20260420_063123,20,245215.75,162199.5,266814.75,0.711489999999952,0.3846349999999978
75,0,w0_20260420_063123,21,145551.25,246606,269532.75,0.5467999999999832,0.3859800000000099
75,0,w0_20260420_063123,22,138722.75,254100,271187.25,0.5476650000000108,0.35909500000000105
75,0,w0_20260420_063123,23,246146,166479,287835,0.7062799999999665,0.400165000000005
75,0,w0_20260420_063123,24,301897.5,117972,295660.5,0.7921249999999465,0.4091800000000002
75,0,w0_20260420_063123,25,278100.25,147824.25,284665.5,0.7401149999999627,0.4169699999999839
75,0,w0_20260420_063123,26,283430.5,103969.5,258060,0.8179649999999685,0.3250249999999982
75,0,w0_20260420_063123,27,37015,219092.25,171042.75,0.39962500000001855,0.29197999999999613
75,0,w0_20260420_063123,28,105542.5,253248.75,225348.75,0.5060399999999888,0.32998499999999775
75,0,w0_20260420_063123,29,139601.5,244719,272329.5,0.5350899999999874,0.3954049999999849
75,0,w0_20260420_063123,30,262586.75,137166.75,247906.5,0.7594199999999518,0.3595249999999859
75,0,w0_20260420_063123,31,124866.5,274139.25,278264.25,0.5059500000000018,0.38274500000000705
75,0,w0_20260420_063123,32,98631.25,263801.25,212917.5,0.4122850000000064,0.5093550000000131
75,0,w0_20260420_063123,33,62039.75,221962.5,251637.75,0.3804000000000023,0.4283350000000123
75,0,w0_20260420_063123,34,30487.5,271817.25,270725.25,0.38384000000000423,0.3324700000000101
75,0,w0_20260420_063123,35,330801,99474.75,272744.25,0.822009999999978,0.4287000000000096
75,0,w0_20260420_063123,36,99092.75,265468.5,271668.75,0.47912499999999864,0.3763699999999922
75,0,w0_20260420_063123,37,155889,234951,215370,0.5929149999999932,0.3247499999999921
75,0,w0_20260420_063123,38,325570,105865.5,285874.5,0.8170349999999957,0.4197000000000122
75,0,w0_20260420_063123,39,238780.5,138559.5,247500,0.7606849999999725,0.2797349999999949
75,0,w0_20260420_063123,40,296572.25,30872.25,338335.5,0.946735000000018,0.18724000000000088
75,0,w0_20260420_063123,41,7577.5,132299.25,154793.25,0.3789699999999948,0.31806499999998816
75,0,w0_20260420_063123,42,266780.75,146646,279083.25,0.7415099999999873,0.3787050000000127
75,0,w0_20260420_063123,43,359840.75,79506,250433.25,0.8636249999999945,0.44167999999999974
75,0,w0_20260420_063123,44,9658,225196.5,277015.5,0.30637499999998574,0.335894999999994
75,0,w0_20260420_063123,45,70256.5,191830.5,255033,0.4254199999999992,0.38168499999999833
75,0,w0_20260420_063123,46,99943.75,221631.75,250564.5,0.4877349999999932,0.4046750000000006
75,0,w0_20260420_063123,47,188249.25,210308.25,267292.5,0.6094400000000021,0.3962750000000049
75,0,w0_20260420_063123,48,270190.75,131960.25,247479,0.7690149999999916,0.34725500000000614
75,0,w0_20260420_063123,49,171834.5,203028.75,202626.75,0.6514049999999901,0.2767600000000028
75,0,w0_20260420_063123,50,315515.5,48207,237967.5,0.9147449999999931,0.25906499999999594
75,0,w0_20260420_063123,51,233443,176273.25,281163.75,0.6770149999999668,0.4054149999999952
75,0,w0_20260420_063123,52,2792,204826.5,202771.5,0.252524999999973,0.35062999999999844
75,0,w0_20260420_063123,53,20598.5,81565.5,202806,0.3374149999999716,0.4159249999999899
75,0,w0_20260420_063123,54,330789.25,98119.5,296621.25,0.8141049999999598,0.4263299999999992
75,0,w0_20260420_063123,55,34474.5,162923.25,134072.25,0.49348000000000714,0.3102400000000184
75,0,w0_20260420_063123,56,121952.5,196050,226177.5,0.49801999999996033,0.31888500000000963
75,0,w0_20260420_063123,57,54819.25,125073.75,185907,0.4211900000000009,0.3122100000000069
75,0,w0_20260420_063123,58,95039.75,101697,129653.25,0.6034150000000267,0.26546000000000625
75,0,w0_20260420_063123,59,74166.5,204339,250714.5,0.5217849999999884,0.3568849999999984
75,0,w0_20260420_063123,60,199712,129587.25,234450.75,0.6978399999999654,0.3828249999999935
75,0,w0_20260420_063123,61,41699,213738.75,250112.25,0.31959499999998064,0.4320200000000095
75,0,w0_20260420_063123,62,-9999.999999999998,37597.65464257988,116429.17419830522,0.4546400000000255,0.20580999999999425
75,0,w0_20260420_063123,63,106386,137115.75,262988.25,0.49866000000000593,0.46105499999998184
75,0,w0_20260420_063123,64,88582.25,148851,268986.75,0.5867450000000098,0.34743499999999616
75,0,w0_20260420_063123,65,47819.5,132840.75,253419.75,0.4211749999999995,0.33975499999999154
75,0,w0_20260420_063123,66,36096.5,71187,300766.5,0.308899999999988,0.39835500000000185
75,0,w0_20260420_063123,67,373222.75,17500.5,313866.75,0.9454799999999992,0.3519550000000065
75,0,w0_20260420_063123,68,310539,66905.25,134865.75,0.8856399999999676,0.2776750000000037
75,0,w0_20260420_063123,69,332566.5,101569.5,236334,0.7858049999999543,0.5336349999999865
75,0,w0_20260420_063123,70,324294.5,93474.75,298530.75,0.841484999999975,0.3722849999999992
75,0,w0_20260420_063123,71,25874.75,126363,234032.25,0.2782099999999798,0.3912799999999904
75,0,w0_20260420_063123,72,252893.25,150531,267405.75,0.7387499999999527,0.34887999999999236
75,0,w0_20260420_063123,73,22057.75,63204,120428.25,0.3980599999999855,0.5277700000000088
75,0,w0_20260420_063123,74,359181.75,30282,211046.25,0.9487249999999962,0.35509500000001315
75,0,w0_20260420_063123,75,13604.25,126324.75,229461,0.40041499999997654,0.25506500000000093
75,0,w0_20260420_063123,76,5638.75,54510,157931.25,0.3688699999999693,0.3303100000000151
75,0,w0_20260420_063123,77,76880.75,243938.25,232431,0.449199999999997,0.36124000000000367
75,0,w0_20260420_063123,78,84340,237879,227751,0.45983499999999966,0.3603950000000004
75,0,w0_20260420_063123,79,142315,229983.75,266621.25,0.5582749999999975,0.39943000000000983
75,0,w0_20260420_063123,80,22150.25,66457.5,156152.25,0.24276499999996323,0.3968400000000057
75,0,w0_20260420_063123,81,122203.75,280224.75,274621.5,0.48594499999999896,0.411800000000008
75,0,w0_20260420_063123,82,17513.25,78018.75,160428,0.4468250000000142,0.300630000000008
75,0,w0_20260420_063123,83,90306,294957.75,286196.25,0.42090000000001643,0.4073350000000111
75,0,w0_20260420_063123,84,-10000,131739,61288.5,0.16958999999996918,0.6523800000000142
75,0,w0_20260420_063123,85,313258.75,62644.5,209316.75,0.8912649999999076,0.29043999999998193
75,0,w0_20260420_063123,86,25662,187633.5,131734.5,0.4094250000000273,0.2551649999999893
75,0,w0_20260420_063123,87,368477.75,58671,240791.25,0.8975499999999221,0.3910099999999885
75,0,w0_20260420_063123,88,194137.25,211936.5,206546.25,0.636720000000025,0.3807550000000092
75,0,w0_20260420_063123,89,71332.5,206480.25,139067.25,0.48883000000002275,0.39864999999999007
75,0,w0_20260420_063123,90,39828.75,105973.5,103077.75,0.48638999999998866,0.3149749999999933
75,0,w0_20260420_063123,91,170421.5,208968.75,151239.75,0.6483649999999823,0.23088499999998255
75,0,w0_20260420_063123,92,9427.25,140919,55233.75,0.38475500000001656,0.20897000000001767
75,0,w0_20260420_063123,93,104557,137473.5,118129.5,0.5615299999999833,0.3630149999999802
75,0,w0_20260420_063123,94,142248.5,224761.5,82110,0.6029349999999989,0.2763149999999946
75,0,w0_20260420_063123,95,319889.25,84033,135117.75,0.8587549999999826,0.30867499999998715
75,0,w0_20260420_063123,96,26613,134101.5,170425.5,0.5125299999999929,0.347994999999992
75,0,w0_20260420_063123,97,270164.5,126819.75,193005.75,0.7739249999999821,0.37887500000000857
75,0,w0_20260420_063123,98,172400,223332.75,170987.25,0.6174499999999569,0.3375949999999975
75,0,w0_20260420_063123,99,302961.5,87694.5,217884,0.8529650000000167,0.3511799999999985
75,0,w0_20260420_063123,100,37713.25,165533.25,108223.5,0.424980000000023,0.5170550000000078
75,1,w1_20260420_063812,1,200402.5,135463.5,112014,0.7427149999999814,0.1959499999999925
75,1,w1_20260420_063812,2,251248,102942,50430,0.809599999999964,0.22288499999999248
75,1,w1_20260420_063812,3,58742.75,291283.5,59343.75,0.4604400000000015,0.21630000000000665
75,1,w1_20260420_063812,4,92116,264164.25,46719.75,0.5098700000000108,0.2945050000000191
75,1,w1_20260420_063812,5,-9999.999999999998,182423.43340540864,23815.549116241353,0.4504550000000008,0.28943999999999603
75,1,w1_20260420_063812,6,-10000,131181,31077,0.3271500000000023,0.329914999999989
75,1,w1_20260420_063812,7,178127.25,182358,49794.75,0.6678399999999814,0.236990000000006
75,1,w1_20260420_063812,8,721.25,156070.5,196778.25,0.3023449999999958,0.3535550000000223
75,1,w1_20260420_063812,9,269170.25,109664.25,123355.5,0.7972099999999724,0.46773500000001234
75,1,w1_20260420_063812,10,-4513,104931.75,239351.25,0.3881499999999885,0.30338499999999874
75,1,w1_20260420_063812,11,310885.75,79356.75,223717.5,0.853949999999982,0.3871949999999923
75,1,w1_20260420_063812,12,105462.25,250353,229104.75,0.5014150000000003,0.3850750000000125
75,1,w1_20260420_063812,13,244756,139233,154251,0.750719999999959,0.3262699999999969
75,1,w1_20260420_063812,14,89461,269651.25,163287.75,0.4567149999999835,0.38136500000000206
75,1,w1_20260420_063812,15,232555.5,151944.75,233319.75,0.7178449999999597,0.3753599999999993
75,1,w1_20260420_063812,16,-230.5,94143,186277.5,0.3044199999999833,0.31408999999999976
75,1,w1_20260420_063812,17,16270,27467.25,220632.75,0.553324999999963,0.3315549999999905
75,1,w1_20260420_063812,18,150493.5,184417.5,195999,0.5471649999999868,0.38953499999999247
75,1,w1_20260420_063812,19,229769.5,173146.5,220314,0.6861049999999846,0.39960000000001206
75,1,w1_20260420_063812,20,216346.75,162175.5,174777.75,0.6375449999999868,0.5487499999999991
75,1,w1_20260420_063812,21,140151.5,175369.5,176709,0.6027199999999655,0.3255449999999903
75,1,w1_20260420_063812,22,197009.5,149080.5,175020,0.7150699999999789,0.2701700000000079
75,1,w1_20260420_063812,23,20401.25,180312,135576.75,0.3682550000000011,0.29189000000000404
75,1,w1_20260420_063812,24,119274.5,223195.5,166020,0.5374450000000079,0.330354999999998
75,1,w1_20260420_063812,25,54423.5,274484.25,256712.25,0.3952950000000074,0.3883399999999925
75,1,w1_20260420_063812,26,119409,189525.75,189995.25,0.5393800000000049,0.412355000000002
75,1,w1_20260420_063812,27,108089.25,210764.25,175456.5,0.5511449999999861,0.3584750000000096
75,1,w1_20260420_063812,28,80980.75,237810,258809.25,0.39171999999998314,0.40768500000000335
75,1,w1_20260420_063812,29,153968.75,224818.5,212772.75,0.5549049999999988,0.39275000000000454
75,1,w1_20260420_063812,30,96471.75,236502,234176.25,0.4151899999999914,0.41726000000000046
75,1,w1_20260420_063812,31,122759.25,245737.5,268703.25,0.5077650000000045,0.3967099999999976
75,1,w1_20260420_063812,32,194321.25,184293.75,282705,0.6680049999999816,0.3349049999999911
75,1,w1_20260420_063812,33,252564.75,158318.25,267957,0.7049799999999835,0.4201149999999866
75,1,w1_20260420_063812,34,152057.25,257294.25,261688.5,0.5203299999999782,0.42121499999999495
75,1,w1_20260420_063812,35,153753.5,244873.5,255513,0.46962999999998456,0.4709899999999971
75,1,w1_20260420_063812,36,119893.5,212742.75,238293.75,0.5240049999999898,0.3472300000000164
75,1,w1_20260420_063812,37,238152.25,154662.75,236655,0.719669999999951,0.361839999999996
75,1,w1_20260420_063812,38,273133.75,146477.25,295539,0.7445449999999594,0.38735999999999365
75,1,w1_20260420_063812,39,123651.75,215508.75,286879.5,0.3654700000000159,0.47177500000002537
75,1,w1_20260420_063812,40,151527.25,203625,269157.75,0.5165599999999898,0.40966999999998815
75,1,w1_20260420_063812,41,96339.25,184868.25,265462.5,0.45220499999998537,0.393430000000006
75,1,w1_20260420_063812,42,224154.25,185237.25,280318.5,0.6641349999999984,0.3898799999999972
75,1,w1_20260420_063812,43,132252.25,236409.75,280158,0.4840899999999926,0.417405000000005
75,1,w1_20260420_063812,44,113950.25,178212.75,288477,0.4561049999999895,0.434835000000012
75,1,w1_20260420_063812,45,383043.75,45498.75,295477.5,0.9162399999999892,0.4095599999999814
75,1,w1_20260420_063812,46,132210,212289,295041,0.4602150000000161,0.46027999999999675
75,1,w1_20260420_063812,47,283005,149307,290358,0.7311699999999786,0.439949999999969
75,1,w1_20260420_063812,48,142908,231431.25,293730.75,0.5182749999999763,0.4105399999999951
75,1,w1_20260420_063812,49,186476.75,223808.25,304965,0.612980000000002,0.36344499999999275
75,1,w1_20260420_063812,50,5315.5,54195,84229.5,0.26670499999998554,0.251209999999985
75,1,w1_20260420_063812,51,200898.5,171420.75,242070.75,0.5245200000000032,0.5670050000000011
75,1,w1_20260420_063812,52,294130.5,127902.75,291276.75,0.7794999999999684,0.40282499999999283
75,1,w1_20260420_063812,53,323167.25,110810.25,292522.5,0.8101399999999805,0.4208499999999878
75,1,w1_20260420_063812,54,56650,274188,326472,0.32560500000000026,0.4143049999999907
75,1,w1_20260420_063812,55,13147,49650.75,246602.25,0.3315300000000184,0.41652999999997503
75,1,w1_20260420_063812,56,-1824.75,51107.25,164467.5,0.2379700000000061,0.39780500000001057
75,1,w1_20260420_063812,57,51414.5,122610,322315.5,0.3056200000000038,0.4044450000000224
75,1,w1_20260420_063812,58,297499.25,98298,241902.75,0.8040399999999246,0.37792999999999494
75,1,w1_20260420_063812,59,186650.25,110811,338358.75,0.6828699999999674,0.37392000000000447
75,1,w1_20260420_063812,60,306878.75,117978,295853.25,0.7906999999999659,0.4130300000000073
75,1,w1_20260420_063812,61,121202.75,281820.75,312706.5,0.5079700000000166,0.35634000000000227
75,1,w1_20260420_063812,62,158491,227337,321822,0.5417099999999727,0.4087450000000073
75,1,w1_20260420_063812,63,43067,161318.25,300324.75,0.357654999999995,0.34341500000000025
75,1,w1_20260420_063812,64,78874.25,174948,299727.75,0.4409899999999997,0.3468199999999939
75,1,w1_20260420_063812,65,363687.5,43768.5,306354,0.9161049999999552,0.3681400000000115
75,1,w1_20260420_063812,66,378401.75,33119.25,295689,0.9382949999999642,0.38539000000000834
75,1,w1_20260420_063812,67,391267,28815,314028,0.951119999999992,0.3790500000000172
75,1,w1_20260420_063812,68,89157.75,155170.5,319401.75,0.4408000000000066,0.37964000000000225
75,1,w1_20260420_063812,69,137589.25,130551.75,303309,0.577889999999994,0.40724000000001614
75,1,w1_20260420_063812,70,332166,95958,268746,0.7949149999999591,0.4832049999999838
75,1,w1_20260420_063812,71,223866.75,203391.75,281581.5,0.569614999999991,0.499209999999982
75,1,w1_20260420_063812,72,369638.75,38298,307133.25,0.9162549999999866,0.3789150000000091
75,1,w1_20260420_063812,73,408380.75,18131.25,254658,0.9694299999999882,0.4004099999999984
75,1,w1_20260420_063812,74,389396.75,18012,245741.25,0.9694649999999416,0.340354999999994
75,1,w1_20260420_063812,75,223245.25,220684.5,289160.25,0.6048449999999884,0.4647799999999895
75,1,w1_20260420_063812,76,95354.5,127013.25,305282.25,0.44538499999999337,0.4171600000000016
75,1,w1_20260420_063812,77,157444.5,212837.25,251978.25,0.5747849999999968,0.3708600000000185
75,1,w1_20260420_063812,78,135618.75,201222,300389.25,0.4785850000000016,0.4236200000000039
75,1,w1_20260420_063812,79,296751.5,66031.5,295287,0.844704999999982,0.3875600000000088
75,1,w1_20260420_063812,80,55206.75,47773.5,313149.75,0.22965499999999248,0.4235049999999931
75,1,w1_20260420_063812,81,79492,94922.25,299115.75,0.4467000000000052,0.3708149999999983
75,1,w1_20260420_063812,82,24065,39431.25,296103.75,0.2403949999999923,0.3857699999999968
75,1,w1_20260420_063812,83,-10000,41634.75,158067.75,0.2258599999999991,0.4136400000000318
75,1,w1_20260420_063812,84,260033.25,75566.25,286420.5,0.8384649999999556,0.3839700000000181
75,1,w1_20260420_063812,85,75670.75,217165.5,153633.75,0.47428499999997265,0.29825999999999797
75,1,w1_20260420_063812,86,123930,136718.25,309471.75,0.4409500000000032,0.42059999999998954
75,1,w1_20260420_063812,87,54673.25,142755.75,207201,0.4350899999999922,0.34663000000000954
75,1,w1_20260420_063812,88,129548,124588.5,290803.5,0.47027999999998926,0.4363650000000068
75,1,w1_20260420_063812,89,54962.25,140770.5,213737.25,0.36678499999999553,0.42527500000000334
75,1,w1_20260420_063812,90,132666.75,254879.25,303534,0.5363049999999724,0.3800649999999949
75,1,w1_20260420_063812,91,273354.25,119344.5,232691.25,0.788244999999959,0.32792000000000743
75,1,w1_20260420_063812,92,108435.5,259175.25,251099.25,0.4476200000000156,0.4311149999999824
75,1,w1_20260420_063812,93,197731.75,185111.25,255507,0.62945499999994,0.3781649999999964
75,1,w1_20260420_063812,94,178145,114232.5,261532.5,0.5232399999999592,0.4708749999999816
75,1,w1_20260420_063812,95,11724.5,78191.25,203144.25,0.21373999999997553,0.39487500000000286
75,1,w1_20260420_063812,96,337037.75,53967.75,288964.5,0.885439999999971,0.41237499999999955
75,1,w1_20260420_063812,97,57478.207034,197487.256686,210096.94116,0.47959999999998054,0.4487900000000137
75,1,w1_20260420_063812,98,149782.5,109308.75,277098.75,0.5523149999999888,0.4562049999999915
75,1,w1_20260420_063812,99,83896,98550,253314,0.4722899999999866,0.4082499999999949
75,1,w1_20260420_063812,100,127180.5,167441.25,270488.25,0.5850899999999846,0.3792750000000043
76,0,w0_20260420_064502,1,259304,71214,133092,0.8616499999999816,0.16278999999999866
76,0,w0_20260420_064502,2,178781.5,169336.5,63252,0.6874099999999943,0.1789299999999896
76,0,w0_20260420_064502,3,130145.5,221551.5,52803,0.5920900000000058,0.15083999999999925
76,0,w0_20260420_064502,4,96292.25,257069.25,53638.5,0.5294549999999931,0.17288999999999982
76,0,w0_20260420_064502,5,223663.5,127689,50977.5,0.7659400000000003,0.12094999999999743
76,0,w0_20260420_064502,6,164330.5,192765.75,39783.75,0.6440499999999972,0.21709999999999335
76,0,w0_20260420_064502,7,199450.75,156553.5,46605.75,0.7147699999999915,0.1842549999999941
76,0,w0_20260420_064502,8,128750.75,226653.75,52315.5,0.5887400000000083,0.1471999999999904
76,0,w0_20260420_064502,9,103125,253269,47346,0.5408499999999993,0.12576499999999863
76,0,w0_20260420_064502,10,173473,187975.5,43741.5,0.6603699999999635,0.2020900000000048
76,0,w0_20260420_064502,11,129799.5,236850.75,44679.75,0.5725600000000026,0.23451499999999
76,0,w0_20260420_064502,12,256799.75,106282.5,50427.75,0.8081049999999754,0.19902499999999437
76,0,w0_20260420_064502,13,245861.75,127779.75,42808.5,0.770719999999999,0.3740400000000256
76,0,w0_20260420_064502,14,166037.5,196673.25,44189.25,0.6464849999999899,0.1592549999999917
76,0,w0_20260420_064502,15,191433.75,176519.25,39327,0.6858299999999959,0.22177499999999056
76,0,w0_20260420_064502,16,266952,101970.75,86507.25,0.8188299999999561,0.23155999999999727
76,0,w0_20260420_064502,17,234801.5,133675.5,83793,0.7619149999999779,0.2953699999999954
76,0,w0_20260420_064502,18,180100.5,214744.5,166785,0.61380499999998706,0.42344500000000096
76,0,w0_20260420_064502,19,155725.25,234718.5,269126.25,0.5792749999999852,0.35092500000003
76,0,w0_20260420_064502,20,79451.75,299115,98393.25,0.4597600000000133,0.3978449999999999
76,0,w0_20260420_064502,21,261200,79292.25,153087.75,0.8605549999999632,0.1541149999999913
76,0,w0_20260420_064502,22,140286,234526.5,169477.5,0.5817699999999831,0.37599499999998687
76,0,w0_20260420_064502,23,197463.25,178216.5,150230.25,0.681695000000021,0.42020500000000527
76,0,w0_20260420_064502,24,-10000,75250.8375,9645.4875,0.5070550000000174,0.17411500000000588
76,0,w0_20260420_064502,25,173326.75,170835,210518.25,0.6272799999999878,0.41046500000000113
76,0,w0_20260420_064502,26,164738,251208,269754,0.5098500000000109,0.45827499999998583
76,0,w0_20260420_064502,27,211322.25,151778.25,232219.5,0.7299400000000026,0.27592000000001193
76,0,w0_20260420_064502,28,125572,220631.25,199026.75,0.5477899999999702,0.32595500000000555
76,0,w0_20260420_064502,29,245203,122718,199479,0.776740000000012,0.3135400000000153
76,0,w0_20260420_064502,30,363929.75,91351.5,232908.75,0.8358549999999766,0.498229999999976
76,0,w0_20260420_064502,31,208415,171286.5,284488.5,0.6837299999999779,0.3591349999999926
76,0,w0_20260420_064502,32,297746.75,106949.25,299244,0.8092549999999917,0.3824900000000057
76,0,w0_20260420_064502,33,173498.25,228684,284817.75,0.5849799999999948,0.38379000000000346
76,0,w0_20260420_064502,34,134586.25,243222,268131.75,0.5253050000000001,0.36328000000000393
76,0,w0_20260420_064502,35,137312.75,222096.75,214480.5,0.5733199999999918,0.3594100000000011
76,0,w0_20260420_064502,36,101217,248071.5,199441.5,0.5063700000000148,0.32428500000000554
76,0,w0_20260420_064502,37,72886,282870.75,220193.25,0.45740500000002665,0.3205900000000049
76,0,w0_20260420_064502,38,60462.25,240932.25,216265.5,0.37809000000000226,0.4276350000000044
76,0,w0_20260420_064502,39,205550.5,202506.75,246912.75,0.6205849999999851,0.4335350000000064
76,0,w0_20260420_064502,40,152059.25,229302.75,279798,0.5533900000000082,0.408479999999999
76,0,w0_20260420_064502,41,296288.25,103209,149112.75,0.8221099999999373,0.3694100000000043
76,0,w0_20260420_064502,42,44356,171203.25,178530.75,0.4163150000000133,0.3574250000000159
76,0,w0_20260420_064502,43,48214,154990.5,149365.5,0.4265450000000057,0.3115950000000066
76,0,w0_20260420_064502,44,188857,173701.5,203311.5,0.6883049999999961,0.28873500000001273
76,0,w0_20260420_064502,45,214253.75,160233,133553.25,0.7238099999999795,0.2961700000000203
76,0,w0_20260420_064502,46,142386.25,236217.75,103656,0.592824999999977,0.25455000000001893
76,0,w0_20260420_064502,47,130419.5,222312,105928.5,0.5854750000000064,0.28227000000001884
76,0,w0_20260420_064502,48,90249.5,208586.25,109094.25,0.4980200000000059,0.23481000000002664
76,0,w0_20260420_064502,49,200930.75,170339.25,112140,0.6992400000000099,0.22228000000000256
76,0,w0_20260420_064502,50,126126.25,209126.25,109417.5,0.5528500000000157,0.25840500000002004
76,0,w0_20260420_064502,51,117982.75,184482.75,104974.5,0.5372249999999924,0.3829800000000088
76,0,w0_20260420_064502,52,105348.5,210855.75,93225.75,0.5439949999999901,0.28109500000001697
76,0,w0_20260420_064502,53,331678,28617,137025,0.949260000000059,0.2486950000000235
76,0,w0_20260420_064502,54,122568.25,163287,70824.75,0.5352949999999997,0.2448300000000033
76,0,w0_20260420_064502,55,136213.25,153307.5,44069.25,0.6834649999999964,0.2857950000000233
76,0,w0_20260420_064502,56,133698.25,154289.25,46252.5,0.5943149999999952,0.29919000000001506
76,0,w0_20260420_064502,57,79973.5,147212.25,70604.25,0.510004999999973,0.23667000000002059
76,0,w0_20260420_064502,58,373351,125069.25,195339.75,0.7779200000000008,0.5861150000000028
76,0,w0_20260420_064502,59,99481,133479,42840,0.5108749999999934,0.09977999999999287
76,0,w0_20260420_064502,60,224091.25,143139,72069.75,0.7390049999999541,0.3833950000000203
76,0,w0_20260420_064502,61,154183,220987.5,250099.5,0.5063000000000147,0.44713000000001674
76,0,w0_20260420_064502,62,295736.25,110071.5,179012.25,0.7810099999999952,0.4422849999999858
76,0,w0_20260420_064502,63,65942.25,105777.75,77820,0.4852499999999637,0.17501499999998468
76,0,w0_20260420_064502,64,107090,84184.5,35515.5,0.6963100000000215,0.08743499999999914
76,0,w0_20260420_064502,65,86654,117718.5,43087.5,0.5852949999999837,0.2740450000000163
76,0,w0_20260420_064502,66,58495.25,210084,185730.75,0.45236000000001825,0.325384999999992
76,0,w0_20260420_064502,67,-9999.999999999998,50239.744020204234,24423.83553166897,0.13372499999996423,0.17948499999998996
76,0,w0_20260420_064502,68,129968.25,106463.25,87958.5,0.6501300000000009,0.3297850000000159
76,0,w0_20260420_064502,69,4119.75,177459,64001.25,0.4334300000000401,0.3709750000000345
76,0,w0_20260420_064502,70,-7914.25,120162.75,52621.5,0.3580950000000124,0.31294000000001193
76,0,w0_20260420_064502,71,186850.5,167276.25,157523.25,0.6683549999999983,0.2765200000000114
76,0,w0_20260420_064502,72,234333.75,136399.5,188316.75,0.7628399999999336,0.24907499999999363
76,0,w0_20260420_064502,73,105766.5,178395,266788.5,0.6296850000000073,0.20377499999999096
76,0,w0_20260420_064502,74,245502.75,143478,123209.25,0.7488099999999789,0.3705000000000099
76,0,w0_20260420_064502,75,153096.5,212153.25,152270.25,0.6367349999999926,0.15730999999999215
76,0,w0_20260420_064502,76,50125.25,213686.25,97048.5,0.4718800000000083,0.22560000000000463
76,0,w0_20260420_064502,77,292322.75,89729.25,113508,0.8432949999999589,0.2802850000000068
76,0,w0_20260420_064502,78,43649.75,174525.75,64804.5,0.442010000000004,0.3011400000000426
76,0,w0_20260420_064502,79,73202,212064,61914,0.5006450000000072,0.2673300000000166
76,0,w0_20260420_064502,80,31448,211662.75,60689.25,0.4276600000000146,0.3667300000000266
76,0,w0_20260420_064502,81,24319,164295.75,43175.25,0.3630650000000322,0.3844700000000283
76,0,w0_20260420_064502,82,171544.5,213227.25,126908.25,0.63133999999999,0.41595000000001126
76,0,w0_20260420_064502,83,91871.5,229404.75,176973.75,0.5072699999999929,0.27498500000001574
76,0,w0_20260420_064502,84,59880,188096.25,183423.75,0.3816700000000075,0.30906500000001413
76,0,w0_20260420_064502,85,260015.75,125949,102755.25,0.7743099999999313,0.26671500000000253
76,0,w0_20260420_064502,86,54191.75,141108,145670.25,0.390045000000004,0.3228150000000057
76,0,w0_20260420_064502,87,203365.5,145162.5,232332,0.7432349999999938,0.19108999999999932
76,0,w0_20260420_064502,88,273200,123123,232587,0.7928949999999503,0.35871500000000167
76,0,w0_20260420_064502,89,280006.75,187671,279392.25,0.6823450000000015,0.4737699999999866
76,0,w0_20260420_064502,90,196183.5,197139.75,124596.75,0.6448199999999762,0.2994350000000089
76,0,w0_20260420_064502,91,26026.25,174951,212352.75,0.4441599999999991,0.2731850000000185
76,0,w0_20260420_064502,92,114374,207264.75,135431.25,0.3546349999999617,0.6160649999999823
76,0,w0_20260420_064502,93,341756.25,83813.25,275950.5,0.8458499999999516,0.4407250000000102
76,0,w0_20260420_064502,94,168562,135845.25,257262.75,0.5949999999999738,0.4213700000000059
76,0,w0_20260420_064502,95,200287.75,152427,261425.25,0.6046899999999913,0.4332500000000214
76,0,w0_20260420_064502,96,81864.5,111401.25,236144.25,0.5255000000000205,0.3795800000000038
76,0,w0_20260420_064502,97,124335.25,109665.75,161769,0.6245050000000075,0.3696200000000161
76,0,w0_20260420_064502,98,24709,173181.75,222209.25,0.38957499999999784,0.3267999999999964
76,0,w0_20260420_064502,99,-7262,181214.25,113487.75,0.134324999999969,0.5252399999999565
76,0,w0_20260420_064502,100,130868.75,93463.5,215637.75,0.7268750000000191,0.27260500000000937
76,1,w1_20260420_065156,1,262073,71749.5,113497.5,0.8586999999999689,0.2171500000000035
76,1,w1_20260420_065156,2,160255.75,187627.5,62286.75,0.6528750000000003,0.1663649999999871
76,1,w1_20260420_065156,3,92325.25,258501,55203.75,0.522845000000017,0.1749649999999904
76,1,w1_20260420_065156,4,201722.5,153804,58213.5,0.7158899999999807,0.2271799999999941
76,1,w1_20260420_065156,5,55039.75,294566.25,53724,0.4507900000000024,0.19185999999999345
76,1,w1_20260420_065156,6,241817.25,108045,58467.75,0.7995199999999983,0.17572999999999614
76,1,w1_20260420_065156,7,237275.75,118369.5,58884.75,0.7837650000000048,0.2111249999999955
76,1,w1_20260420_065156,8,169429,188487,59454,0.6581750000000226,0.2079199999999942
76,1,w1_20260420_065156,9,30767.25,303127.5,82295.25,0.4124000000000303,0.2215199999999906
76,1,w1_20260420_065156,10,15650.75,211543.5,50835.75,0.3692500000000224,0.1766549999999917
76,1,w1_20260420_065156,11,258739.75,123276,107714.25,0.769730000000039,0.388690000000012
76,1,w1_20260420_065156,12,119006.75,251715.75,62947.5,0.5447750000000168,0.3387950000000221
76,1,w1_20260420_065156,13,3048.5,130851.75,49389.75,0.3081000000000057,0.3466200000000197
76,1,w1_20260420_065156,14,258501.75,108904.5,80733.75,0.8007199999999937,0.33369500000001495
76,1,w1_20260420_065156,15,292522.75,82341,149696.25,0.8510050000000063,0.3532899999999992
76,1,w1_20260420_065156,16,225298,167479.5,161542.5,0.7016100000000023,0.3761300000000205
76,1,w1_20260420_065156,17,240468.25,157730.25,163351.5,0.714105000000018,0.40595000000000575
76,1,w1_20260420_065156,18,230196.25,170852.25,212341.5,0.6938450000000306,0.4046500000000023
76,1,w1_20260420_065156,19,168892.75,212373,131864.25,0.6238650000000121,0.34428999999997273
76,1,w1_20260420_065156,20,111393.75,265590,138506.25,0.5273550000000155,0.3295550000000038
76,1,w1_20260420_065156,21,181198.75,216958.5,228432.75,0.6184100000000347,0.37472500000000064
76,1,w1_20260420_065156,22,385995,123375,195660,0.7786750000000223,0.6048399999999964
76,1,w1_20260420_065156,23,189964.25,197089.5,227696.25,0.6509350000000186,0.3357600000000017
76,1,w1_20260420_065156,24,299861.25,180840.75,268968,0.6826649999999972,0.5137650000000012
76,1,w1_20260420_065156,25,303695.75,79664.25,204960,0.8601950000000467,0.30661000000000066
76,1,w1_20260420_065156,26,287548.5,82785,104506.5,0.8558099999999811,0.22064999999999804
76,1,w1_20260420_065156,27,242488,141134.25,109587.75,0.754284999999999,0.30734499999999665
76,1,w1_20260420_065156,28,87157.25,306807.75,301575,0.46172999999999864,0.3577049999999997
76,1,w1_20260420_065156,29,112645,290970.75,305534.25,0.48535000000000766,0.3788650000000145
76,1,w1_20260420_065156,30,272849.25,105335.25,124765.5,0.8160449999999373,0.24509499999999937
76,1,w1_20260420_065156,31,123746.75,255844.5,163398.75,0.5415149999999775,0.3007049999999846
76,1,w1_20260420_065156,32,209217,189198,208965,0.6692599999999939,0.36778500000001135
76,1,w1_20260420_065156,33,184287,246664.5,292168.5,0.5638500000000088,0.4338500000000146
76,1,w1_20260420_065156,34,167516,240459,245235,0.5806099999999873,0.3933000000000255
76,1,w1_20260420_065156,35,177905.25,213792,179232.75,0.6262649999999961,0.3503349999999964
76,1,w1_20260420_065156,36,261449,123388.5,155602.5,0.7847849999999694,0.3125300000000033
76,1,w1_20260420_065156,37,191295,223262.25,269712.75,0.5988499999999851,0.42138500000000606
76,1,w1_20260420_065156,38,243162.25,152642.25,229255.5,0.7332399999999522,0.3317350000000157
76,1,w1_20260420_065156,39,95124.5,319740,310885.5,0.4223499999999756,0.4113100000000179
76,1,w1_20260420_065156,40,131610.5,265844.25,280325.25,0.5360650000000061,0.3429099999999976
76,1,w1_20260420_065156,41,228573,168853.5,159583.5,0.7083699999999995,0.3262599999999943
76,1,w1_20260420_065156,42,341480,76258.5,307321.5,0.8691600000000317,0.3889850000000095
76,1,w1_20260420_065156,43,262008.5,147447,298024.5,0.7473599999999897,0.3547100000000039
76,1,w1_20260420_065156,44,84534.75,294131.25,231174,0.4765749999999911,0.2964349999999918
76,1,w1_20260420_065156,45,14914.5,270520.5,168345,0.4139800000000057,0.28465999999999964
76,1,w1_20260420_065156,46,8822.5,215008.5,219129,0.2816249999999815,0.41224500000002945
76,1,w1_20260420_065156,47,51008,190159.5,179452.5,0.4405100000000008,0.3613250000000091
76,1,w1_20260420_065156,48,15209.75,189202.5,188817.75,0.32672999999998903,0.38770999999999933
76,1,w1_20260420_065156,49,290116,110100,260214,0.8023449999999904,0.34316499999998457
76,1,w1_20260420_065156,50,120304.25,253047.75,225168,0.5321100000000187,0.31349999999999034
76,1,w1_20260420_065156,51,21987,221921.25,136191.75,0.36664499999998373,0.33663999999999566
76,1,w1_20260420_065156,52,377100,47868.75,259091.25,0.9020649999999998,0.4201899999999859
76,1,w1_20260420_065156,53,356891.25,54147.75,209601,0.9079499999999796,0.3614849999999804
76,1,w1_20260420_065156,54,361103.75,44222.25,193434,0.9245349999999292,0.36653499999999994
76,1,w1_20260420_065156,55,-10000,122956.32187607363,96592.81683349729,0.2932600000000183,0.4616800000000309
76,1,w1_20260420_065156,56,347384.5,67702.5,239253,0.8739349999999114,0.37024999999998087
76,1,w1_20260420_065156,57,375769.25,45590.25,255520.5,0.9226199999999942,0.38316499999998904
76,1,w1_20260420_065156,58,196175.25,224850.75,314154,0.6131899999999847,0.39087999999999706
76,1,w1_20260420_065156,59,73274.75,256245.75,255919.5,0.406514999999975,0.41446000000000166
76,1,w1_20260420_065156,60,100761.75,258748.5,290049.75,0.4753300000000084,0.384315000000011
76,1,w1_20260420_065156,61,33520.75,185498.25,185061,0.21021999999999508,0.503424999999971
76,1,w1_20260420_065156,62,167186,233979.75,283934.25,0.5769599999999856,0.3712449999999943
76,1,w1_20260420_065156,63,149529,217326.75,242864.25,0.5769300000000203,0.35893000000000813
76,1,w1_20260420_065156,64,220405.5,194344.5,280050,0.6521799999999991,0.415030000000013
76,1,w1_20260420_065156,65,224808.25,185289.75,267822,0.6567449999999991,0.43010999999999006
76,1,w1_20260420_065156,66,308639,120107.25,245793.75,0.7885050000000242,0.43448500000002016
76,1,w1_20260420_065156,67,161662.5,246462,287095.5,0.5556400000000035,0.4050200000000013
76,1,w1_20260420_065156,68,287449.75,85168.5,237801.75,0.8525199999999504,0.34101499999999557
76,1,w1_20260420_065156,69,168967,223644.75,224228.25,0.6058349999999836,0.40926000000001206
76,1,w1_20260420_065156,70,-10000,54588.75,92174.25,0.26609499999999087,0.48118499999998937
76,1,w1_20260420_065156,71,312024,147623.25,277992.75,0.747769999999926,0.46183499999998967
76,1,w1_20260420_065156,72,163336.5,229323.75,196209.75,0.5889449999999735,0.3815599999999814
76,1,w1_20260420_065156,73,186650,190227.75,182972.25,0.6559449999999836,0.34413999999999
76,1,w1_20260420_065156,74,331114.25,72531,283554.75,0.8756649999999834,0.3510650000000024
76,1,w1_20260420_065156,75,164547.75,216162.75,277009.5,0.590039999999993,0.3758999999999969
76,1,w1_20260420_065156,76,279841.75,117593.25,259755,0.8004099999999554,0.3368649999999982
76,1,w1_20260420_065156,77,169424.75,236570.25,256545,0.5880450000000201,0.37057499999999977
76,1,w1_20260420_065156,78,31252.5,245190.75,201276.75,0.35226999999999487,0.322769999999998
76,1,w1_20260420_065156,79,120119.75,199535.25,185415,0.5331549999999963,0.43621499999998176
76,1,w1_20260420_065156,80,80354.25,227695.5,149930.25,0.4306849999999894,0.4163150000000069
76,1,w1_20260420_065156,81,-2037.25,61010.25,157587,0.5263599999999494,0.24508999999999848
76,1,w1_20260420_065156,82,222232.5,180655.5,226752,0.6933549999999561,0.3257250000000027
76,1,w1_20260420_065156,83,19295.25,228511.5,111233.25,0.2674549999999821,0.3837750000000087
76,1,w1_20260420_065156,84,200841.75,44672.25,219336,0.8293049999999328,0.3823349999999981
76,1,w1_20260420_065156,85,73754.5,238186.5,145419,0.3984349999999746,0.41409500000000254
76,1,w1_20260420_065156,86,205668.25,155583,269568.75,0.6611499999999615,0.41063499999998665
76,1,w1_20260420_065156,87,173775.5,204903.75,296220.75,0.6186999999999998,0.38067500000000537
76,1,w1_20260420_065156,88,360218,41804.25,273417.75,0.9260149999999064,0.3761249999999989
76,1,w1_20260420_065156,89,238186.5,143019.75,288723.75,0.7583999999999749,0.330345000000002
76,1,w1_20260420_065156,90,63146,58082.25,174321.75,0.47585000000000965,0.4870500000000193
76,1,w1_20260420_065156,91,53077.75,85404.75,312307.5,0.24573000000007988,0.42152999999999646
76,1,w1_20260420_065156,92,24113,58027.5,309379.5,0.2370400000000334,0.37895999999996866
76,1,w1_20260420_065156,93,299800,88020,274950,0.8412649999999825,0.32728000000001095
76,1,w1_20260420_065156,94,51427,250096.5,184666.5,0.4157849999999914,0.3162700000000088
76,1,w1_20260420_065156,95,25161.25,153726.75,232602,0.3206650000000054,0.36448000000000985
76,1,w1_20260420_065156,96,56097.5,174012,151030.5,0.5283600000000003,0.26121500000001646
76,1,w1_20260420_065156,97,163503.25,241857,270309.75,0.4512100000000306,0.48619499999999216
76,1,w1_20260420_065156,98,15439.25,124444.5,175436.25,0.28042000000000217,0.418789999999972
76,1,w1_20260420_065156,99,366170,51335.25,295824.75,0.8937349999999491,0.41626000000001634
76,1,w1_20260420_065156,100,228100.25,23729.25,380560.5,0.9569950000000116,0.07766999999999843
