timestep,agent_name,agent_type,world_mode,observation_depth,investor_wealth,investment,investment_multiplied,repayment,repayment_pct,investor_reward,agent_reward,investor_cumulative,agent_cumulative,rnn_hidden_state,observation_window
0,fair_1,fair,1,4,10010.0,20.0,60.0,30.0,0.5,10.0,30.0,10.0,30.0,"[6.443252641474828e-05, -0.05019737035036087, -0.02238168939948082, -0.02090093493461609, 0.030467994511127472, 0.0024684849195182323, 0.10523901879787445, 0.13734027743339539, -0.09368984401226044, -0.05196124315261841, 0.037029728293418884, 0.048854634165763855, 0.075722835958004, 0.049038536846637726, 0.04020755738019943, -0.02358274906873703, 0.0631176307797432, 0.022949159145355225, 0.04599890112876892, -0.03433649241924286, 0.020786546170711517, 0.03184390068054199, 0.055278316140174866, -0.051953382790088654, -0.025105226784944534, -0.01984410732984543, 0.13045917451381683, -0.29141777753829956, -0.017889272421598434, 0.00046768697211518884, -0.01134653389453888, 0.058852024376392365, 0.09139825403690338, 0.01937951147556305, -0.026344727724790573, -0.11222504079341888, 0.01716088503599167, -0.02569214627146721, -0.0557236522436142, 0.033867012709379196, -0.014989050105214119, 0.03258437663316727, 0.00472687603905797, 0.08689633011817932, -0.060093969106674194, 0.06789006292819977, -0.01161266304552555, 0.005635532550513744, -0.04564914107322693, -0.08635756373405457, -0.03376489132642746, -0.11313633620738983, -0.08495204895734787, 0.01087158638983965, 0.0326508954167366, -0.06173183023929596, 0.0874190479516983, -0.0069962190464138985, -0.07296092063188553, -0.006639703176915646, -0.03188902139663696, -0.035903215408325195, 0.0237283818423748, 0.016728553920984268]","{""own"": [0.0, 0.0, 0.0, 0.0, 0.0, 0.0, 0.0, 0.0], ""others"": [0.0, 0.0, 0.0, 0.0]}"
0,max_1,max,1,4,10012.5,5.0,15.0,7.5,0.5,2.5,7.5,12.5,7.5,"[6.443252641474828e-05, -0.05019737035036087, -0.02238168939948082, -0.02090093493461609, 0.030467994511127472, 0.0024684849195182323, 0.10523901879787445, 0.13734027743339539, -0.09368984401226044, -0.05196124315261841, 0.037029728293418884, 0.048854634165763855, 0.075722835958004, 0.049038536846637726, 0.04020755738019943, -0.02358274906873703, 0.0631176307797432, 0.022949159145355225, 0.04599890112876892, -0.03433649241924286, 0.020786546170711517, 0.03184390068054199, 0.055278316140174866, -0.051953382790088654, -0.025105226784944534, -0.01984410732984543, 0.13045917451381683, -0.29141777753829956, -0.017889272421598434, 0.00046768697211518884, -0.01134653389453888, 0.058852024376392365, 0.09139825403690338, 0.01937951147556305, -0.026344727724790573, -0.11222504079341888, 0.01716088503599167, -0.02569214627146721, -0.0557236522436142, 0.033867012709379196, -0.014989050105214119, 0.03258437663316727, 0.00472687603905797, 0.08689633011817932, -0.060093969106674194, 0.06789006292819977, -0.01161266304552555, 0.005635532550513744, -0.04564914107322693, -0.08635756373405457, -0.03376489132642746, -0.11313633620738983, -0.08495204895734787, 0.01087158638983965, 0.0326508954167366, -0.06173183023929596, 0.0874190479516983, -0.0069962190464138985, -0.07296092063188553, -0.006639703176915646, -0.03188902139663696, -0.035903215408325195, 0.0237283818423748, 0.016728553920984268]","{""own"": [0.0, 0.0, 0.0, 0.0, 0.0, 0.0, 0.0, 0.0], ""others"": [20.0, 30.0, 0.0, 0.0]}"
0,rnd_1,random,1,4,9992.5,20.0,60.0,0.0,0.0,-20.0,60.0,-7.5,60.0,"[6.443252641474828e-05, -0.05019737035036087, -0.02238168939948082, -0.02090093493461609, 0.030467994511127472, 0.0024684849195182323, 0.10523901879787445, 0.13734027743339539, -0.09368984401226044, -0.05196124315261841, 0.037029728293418884, 0.048854634165763855, 0.075722835958004, 0.049038536846637726, 0.04020755738019943, -0.02358274906873703, 0.0631176307797432, 0.022949159145355225, 0.04599890112876892, -0.03433649241924286, 0.020786546170711517, 0.03184390068054199, 0.055278316140174866, -0.051953382790088654, -0.025105226784944534, -0.01984410732984543, 0.13045917451381683, -0.29141777753829956, -0.017889272421598434, 0.00046768697211518884, -0.01134653389453888, 0.058852024376392365, 0.09139825403690338, 0.01937951147556305, -0.026344727724790573, -0.11222504079341888, 0.01716088503599167, -0.02569214627146721, -0.0557236522436142, 0.033867012709379196, -0.014989050105214119, 0.03258437663316727, 0.00472687603905797, 0.08689633011817932, -0.060093969106674194, 0.06789006292819977, -0.01161266304552555, 0.005635532550513744, -0.04564914107322693, -0.08635756373405457, -0.03376489132642746, -0.11313633620738983, -0.08495204895734787, 0.01087158638983965, 0.0326508954167366, -0.06173183023929596, 0.0874190479516983, -0.0069962190464138985, -0.07296092063188553, -0.006639703176915646, -0.03188902139663696, -0.035903215408325195, 0.0237283818423748, 0.016728553920984268]","{""own"": [0.0, 0.0, 0.0, 0.0, 0.0, 0.0, 0.0, 0.0], ""others"": [20.0, 30.0, 5.0, 7.5]}"
1,fair_1,fair,1,4,9982.0,15.0,45.0,4.5,0.1,-10.5,40.5,-18.0,70.5,,
1,max_1,max,1,4,9987.0,10.0,30.0,15.0,0.5,5.0,15.0,-13.0,22.5,,
1,rnd_1,random,1,4,9977.0,10.0,30.0,0.0,0.0,-10.0,30.0,-23.0,90.0,,
2,fair_1,fair,1,4,9970.0,10.0,30.0,3.0,0.1,-7.0,27.0,-30.0,97.5,,
2,max_1,max,1,4,9975.0,10.0,30.0,15.0,0.5,5.0,15.0,-25.0,37.5,,
2,rnd_1,random,1,4,9980.0,10.0,30.0,15.0,0.5,5.0,15.0,-20.0,105.0,,
3,fair_1,fair,1,4,9998.75,15.0,45.0,33.75,0.75,18.75,11.25,-1.25,108.75,,
3,max_1,max,1,4,9991.75,10.0,30.0,3.0,0.1,-7.0,27.0,-8.25,64.5,,
3,rnd_1,random,1,4,9986.75,20.0,60.0,15.0,0.25,-5.0,45.0,-13.25,150.0,,
4,fair_1,fair,1,4,10011.75,20.0,60.0,45.0,0.75,25.0,15.0,11.75,123.75,,
4,max_1,max,1,4,10012.25,1.0,3.0,1.5,0.5,0.5,1.5,12.25,66.0,,
4,rnd_1,random,1,4,10007.25,20.0,60.0,15.0,0.25,-5.0,45.0,7.25,195.0,,
5,fair_1,fair,1,4,10032.25,20.0,60.0,45.0,0.75,25.0,15.0,32.25,138.75,,
5,max_1,max,1,4,10032.75,1.0,3.0,1.5,0.5,0.5,1.5,32.75,67.5,,
5,rnd_1,random,1,4,10027.75,20.0,60.0,15.0,0.25,-5.0,45.0,27.75,240.0,,
6,fair_1,fair,1,4,10052.75,20.0,60.0,45.0,0.75,25.0,15.0,52.75,153.75,,
6,max_1,max,1,4,10053.25,1.0,3.0,1.5,0.5,0.5,1.5,53.25,69.0,,
6,rnd_1,random,1,4,10033.25,20.0,60.0,0.0,0.0,-20.0,60.0,33.25,300.0,,
7,fair_1,fair,1,4,10058.25,20.0,60.0,45.0,0.75,25.0,15.0,58.25,168.75,,
7,max_1,max,1,4,10068.25,20.0,60.0,30.0,0.5,10.0,30.0,68.25,99.0,,
7,rnd_1,random,1,4,10108.25,20.0,60.0,60.0,1.0,40.0,0.0,108.25,300.0,,
8,fair_1,fair,1,4,10148.25,20.0,60.0,60.0,1.0,40.0,0.0,148.25,168.75,,
8,max_1,max,1,4,10155.75,15.0,45.0,22.5,0.5,7.5,22.5,155.75,121.5,,
8,rnd_1,random,1,4,10140.75,15.0,45.0,0.0,0.0,-15.0,45.0,140.75,345.0,,
9,fair_1,fair,1,4,10135.75,20.0,60.0,15.0,0.25,-5.0,45.0,135.75,213.75,,
9,max_1,max,1,4,10127.75,20.0,60.0,12.0,0.2,-8.0,48.0,127.75,169.5,,
9,rnd_1,random,1,4,10167.75,20.0,60.0,60.0,1.0,40.0,0.0,167.75,345.0,,
10,fair_1,fair,1,4,10207.75,20.0,60.0,60.0,1.0,40.0,0.0,207.75,213.75,,
10,max_1,max,1,4,10207.35,1.0,3.0,0.6,0.2,-0.4,2.4,207.35,171.9,,
10,rnd_1,random,1,4,10232.35,20.0,60.0,45.0,0.75,25.0,15.0,232.35,360.0,,
11,fair_1,fair,1,4,10257.35,20.0,60.0,45.0,0.75,25.0,15.0,257.35,228.75,,
11,max_1,max,1,4,10257.4,1.0,3.0,1.05,0.35,0.05,1.95,257.4,173.85,,
11,rnd_1,random,1,4,10237.4,20.0,60.0,0.0,0.0,-20.0,60.0,237.4,420.0,,
12,fair_1,fair,1,4,10277.4,20.0,60.0,60.0,1.0,40.0,0.0,277.4,228.75,,
12,max_1,max,1,4,10284.9,15.0,45.0,22.5,0.5,7.5,22.5,284.9,196.35,,
12,rnd_1,random,1,4,10264.9,20.0,60.0,0.0,0.0,-20.0,60.0,264.9,480.0,,
13,fair_1,fair,1,4,10259.9,20.0,60.0,15.0,0.25,-5.0,45.0,259.9,273.75,,
13,max_1,max,1,4,10269.9,20.0,60.0,30.0,0.5,10.0,30.0,269.9,226.35,,
13,rnd_1,random,1,4,10249.9,20.0,60.0,0.0,0.0,-20.0,60.0,249.9,540.0,,
14,fair_1,fair,1,4,10235.9,20.0,60.0,6.0,0.1,-14.0,54.0,235.9,327.75,,
14,max_1,max,1,4,10227.9,20.0,60.0,12.0,0.2,-8.0,48.0,227.9,274.35,,
14,rnd_1,random,1,4,10222.9,20.0,60.0,15.0,0.25,-5.0,45.0,222.9,585.0,,
15,fair_1,fair,1,4,10208.9,20.0,60.0,6.0,0.1,-14.0,54.0,208.9,381.75,,
15,max_1,max,1,4,10200.9,20.0,60.0,12.0,0.2,-8.0,48.0,200.9,322.35,,
15,rnd_1,random,1,4,10195.9,20.0,60.0,15.0,0.25,-5.0,45.0,195.9,630.0,,
16,fair_1,fair,1,4,10181.9,20.0,60.0,6.0,0.1,-14.0,54.0,181.9,435.75,,
16,max_1,max,1,4,10181.95,1.0,3.0,1.05,0.35,0.05,1.95,181.95,324.3,,
16,rnd_1,random,1,4,10221.95,20.0,60.0,60.0,1.0,40.0,0.0,221.95,630.0,,
17,fair_1,fair,1,4,10216.95,20.0,60.0,15.0,0.25,-5.0,45.0,216.95,480.75,,
17,max_1,max,1,4,10216.55,1.0,3.0,0.6,0.2,-0.4,2.4,216.55,326.7,,
17,rnd_1,random,1,4,10256.55,20.0,60.0,60.0,1.0,40.0,0.0,256.55,630.0,,
18,fair_1,fair,1,4,10242.55,20.0,60.0,6.0,0.1,-14.0,54.0,242.55,534.75,,
18,max_1,max,1,4,10243.05,1.0,3.0,1.5,0.5,0.5,1.5,243.05,328.2,,
18,rnd_1,random,1,4,10223.05,20.0,60.0,0.0,0.0,-20.0,60.0,223.05,690.0,,
19,fair_1,fair,1,4,10209.05,20.0,60.0,6.0,0.1,-14.0,54.0,209.05,588.75,,
19,max_1,max,1,4,10216.55,15.0,45.0,22.5,0.5,7.5,22.5,216.55,350.7,,
19,rnd_1,random,1,4,10256.55,20.0,60.0,60.0,1.0,40.0,0.0,256.55,690.0,,
20,fair_1,fair,1,4,10242.55,20.0,60.0,6.0,0.1,-14.0,54.0,242.55,642.75,,
20,max_1,max,1,4,10243.05,1.0,3.0,1.5,0.5,0.5,1.5,243.05,352.2,,
20,rnd_1,random,1,4,10238.05,20.0,60.0,15.0,0.25,-5.0,45.0,238.05,735.0,,
21,fair_1,fair,1,4,10224.05,20.0,60.0,6.0,0.1,-14.0,54.0,224.05,696.75,,
21,max_1,max,1,4,10223.65,1.0,3.0,0.6,0.2,-0.4,2.4,223.65,354.6,,
21,rnd_1,random,1,4,10263.65,20.0,60.0,60.0,1.0,40.0,0.0,263.65,735.0,,
22,fair_1,fair,1,4,10258.65,20.0,60.0,15.0,0.25,-5.0,45.0,258.65,741.75,,
22,max_1,max,1,4,10259.15,1.0,3.0,1.5,0.5,0.5,1.5,259.15,356.1,,
22,rnd_1,random,1,4,10284.15,20.0,60.0,45.0,0.75,25.0,15.0,284.15,750.0,,
23,fair_1,fair,1,4,10270.15,20.0,60.0,6.0,0.1,-14.0,54.0,270.15,795.75,,
23,max_1,max,1,4,10270.65,1.0,3.0,1.5,0.5,0.5,1.5,270.65,357.6,,
23,rnd_1,random,1,4,10265.65,20.0,60.0,15.0,0.25,-5.0,45.0,265.65,795.0,,
24,fair_1,fair,1,4,10251.65,20.0,60.0,6.0,0.1,-14.0,54.0,251.65,849.75,,
24,max_1,max,1,4,10248.15,5.0,15.0,1.5,0.1,-3.5,13.5,248.15,371.1,,
24,rnd_1,random,1,4,10273.15,20.0,60.0,45.0,0.75,25.0,15.0,273.15,810.0,,
25,fair_1,fair,1,4,10272.45,1.0,3.0,0.3,0.1,-0.7,2.7,272.45,852.45,,
25,max_1,max,1,4,10272.95,1.0,3.0,1.5,0.5,0.5,1.5,272.95,372.6,,
25,rnd_1,random,1,4,10312.95,20.0,60.0,60.0,1.0,40.0,0.0,312.95,810.0,,
26,fair_1,fair,1,4,10352.95,20.0,60.0,60.0,1.0,40.0,0.0,352.95,852.45,,
26,max_1,max,1,4,10355.45,5.0,15.0,7.5,0.5,2.5,7.5,355.45,380.1,,
26,rnd_1,random,1,4,10365.45,20.0,60.0,30.0,0.5,10.0,30.0,365.45,840.0,,
27,fair_1,fair,1,4,10351.45,20.0,60.0,6.0,0.1,-14.0,54.0,351.45,906.45,,
27,max_1,max,1,4,10351.95,1.0,3.0,1.5,0.5,0.5,1.5,351.95,381.6,,
27,rnd_1,random,1,4,10331.95,20.0,60.0,0.0,0.0,-20.0,60.0,331.95,900.0,,
28,fair_1,fair,1,4,10317.95,20.0,60.0,6.0,0.1,-14.0,54.0,317.95,960.45,,
28,max_1,max,1,4,10325.45,15.0,45.0,22.5,0.5,7.5,22.5,325.45,404.1,,
28,rnd_1,random,1,4,10320.45,20.0,60.0,15.0,0.25,-5.0,45.0,320.45,945.0,,
29,fair_1,fair,1,4,10306.45,20.0,60.0,6.0,0.1,-14.0,54.0,306.45,1014.45,,
29,max_1,max,1,4,10308.95,5.0,15.0,7.5,0.5,2.5,7.5,308.95,411.6,,
29,rnd_1,random,1,4,10333.95,20.0,60.0,45.0,0.75,25.0,15.0,333.95,960.0,,
30,fair_1,fair,1,4,10328.95,20.0,60.0,15.0,0.25,-5.0,45.0,328.95,1059.45,,
30,max_1,max,1,4,10331.45,5.0,15.0,7.5,0.5,2.5,7.5,331.45,419.1,,
30,rnd_1,random,1,4,10341.45,20.0,60.0,30.0,0.5,10.0,30.0,341.45,990.0,,
31,fair_1,fair,1,4,10381.45,20.0,60.0,60.0,1.0,40.0,0.0,381.45,1059.45,,
31,max_1,max,1,4,10383.95,5.0,15.0,7.5,0.5,2.5,7.5,383.95,426.6,,
31,rnd_1,random,1,4,10393.95,20.0,60.0,30.0,0.5,10.0,30.0,393.95,1020.0,,
32,fair_1,fair,1,4,10379.95,20.0,60.0,6.0,0.1,-14.0,54.0,379.95,1113.45,,
32,max_1,max,1,4,10380.45,1.0,3.0,1.5,0.5,0.5,1.5,380.45,428.1,,
32,rnd_1,random,1,4,10375.45,20.0,60.0,15.0,0.25,-5.0,45.0,375.45,1065.0,,
33,fair_1,fair,1,4,10400.45,20.0,60.0,45.0,0.75,25.0,15.0,400.45,1128.45,,
33,max_1,max,1,4,10398.45,5.0,15.0,3.0,0.2,-2.0,12.0,398.45,440.1,,
33,rnd_1,random,1,4,10393.45,20.0,60.0,15.0,0.25,-5.0,45.0,393.45,1110.0,,
34,fair_1,fair,1,4,10379.45,20.0,60.0,6.0,0.1,-14.0,54.0,379.45,1182.45,,
34,max_1,max,1,4,10379.95,1.0,3.0,1.5,0.5,0.5,1.5,379.95,441.6,,
34,rnd_1,random,1,4,10389.95,20.0,60.0,30.0,0.5,10.0,30.0,389.95,1140.0,,
35,fair_1,fair,1,4,10414.95,20.0,60.0,45.0,0.75,25.0,15.0,414.95,1197.45,,
35,max_1,max,1,4,10417.45,5.0,15.0,7.5,0.5,2.5,7.5,417.45,449.1,,
35,rnd_1,random,1,4,10397.45,20.0,60.0,0.0,0.0,-20.0,60.0,397.45,1200.0,,
36,fair_1,fair,1,4,10383.45,20.0,60.0,6.0,0.1,-14.0,54.0,383.45,1251.45,,
36,max_1,max,1,4,10385.95,5.0,15.0,7.5,0.5,2.5,7.5,385.95,456.6,,
36,rnd_1,random,1,4,10365.95,20.0,60.0,0.0,0.0,-20.0,60.0,365.95,1260.0,,
37,fair_1,fair,1,4,10405.95,20.0,60.0,60.0,1.0,40.0,0.0,405.95,1251.45,,
37,max_1,max,1,4,10408.45,5.0,15.0,7.5,0.5,2.5,7.5,408.45,464.1,,
37,rnd_1,random,1,4,10433.45,20.0,60.0,45.0,0.75,25.0,15.0,433.45,1275.0,,
38,fair_1,fair,1,4,10419.45,20.0,60.0,6.0,0.1,-14.0,54.0,419.45,1305.45,,
38,max_1,max,1,4,10419.95,1.0,3.0,1.5,0.5,0.5,1.5,419.95,465.6,,
38,rnd_1,random,1,4,10399.95,20.0,60.0,0.0,0.0,-20.0,60.0,399.95,1335.0,,
39,fair_1,fair,1,4,10424.95,20.0,60.0,45.0,0.75,25.0,15.0,424.95,1320.45,,
39,max_1,max,1,4,10422.95,5.0,15.0,3.0,0.2,-2.0,12.0,422.95,477.6,,
39,rnd_1,random,1,4,10432.95,20.0,60.0,30.0,0.5,10.0,30.0,432.95,1365.0,,
40,fair_1,fair,1,4,10418.95,20.0,60.0,6.0,0.1,-14.0,54.0,418.95,1374.45,,
40,max_1,max,1,4,10419.45,1.0,3.0,1.5,0.5,0.5,1.5,419.45,479.1,,
40,rnd_1,random,1,4,10429.45,20.0,60.0,30.0,0.5,10.0,30.0,429.45,1395.0,,
41,fair_1,fair,1,4,10469.45,20.0,60.0,60.0,1.0,40.0,0.0,469.45,1374.45,,
41,max_1,max,1,4,10471.95,5.0,15.0,7.5,0.5,2.5,7.5,471.95,486.6,,
41,rnd_1,random,1,4,10511.95,20.0,60.0,60.0,1.0,40.0,0.0,511.95,1395.0,,
42,fair_1,fair,1,4,10497.95,20.0,60.0,6.0,0.1,-14.0,54.0,497.95,1428.45,,
42,max_1,max,1,4,10498.45,1.0,3.0,1.5,0.5,0.5,1.5,498.45,488.1,,
42,rnd_1,random,1,4,10508.45,20.0,60.0,30.0,0.5,10.0,30.0,508.45,1425.0,,
43,fair_1,fair,1,4,10533.45,20.0,60.0,45.0,0.75,25.0,15.0,533.45,1443.45,,
43,max_1,max,1,4,10531.45,5.0,15.0,3.0,0.2,-2.0,12.0,531.45,500.1,,
43,rnd_1,random,1,4,10511.45,20.0,60.0,0.0,0.0,-20.0,60.0,511.45,1485.0,,
44,fair_1,fair,1,4,10497.45,20.0,60.0,6.0,0.1,-14.0,54.0,497.45,1497.45,,
44,max_1,max,1,4,10483.45,20.0,60.0,6.0,0.1,-14.0,54.0,483.45,554.1,,
44,rnd_1,random,1,4,10508.45,20.0,60.0,45.0,0.75,25.0,15.0,508.45,1500.0,,
45,fair_1,fair,1,4,10494.45,20.0,60.0,6.0,0.1,-14.0,54.0,494.45,1551.45,,
45,max_1,max,1,4,10504.45,20.0,60.0,30.0,0.5,10.0,30.0,504.45,584.1,,
45,rnd_1,random,1,4,10544.45,20.0,60.0,60.0,1.0,40.0,0.0,544.45,1500.0,,
46,fair_1,fair,1,4,10530.45,20.0,60.0,6.0,0.1,-14.0,54.0,530.45,1605.45,,
46,max_1,max,1,4,10526.45,10.0,30.0,6.0,0.2,-4.0,24.0,526.45,608.1,,
46,rnd_1,random,1,4,10506.45,20.0,60.0,0.0,0.0,-20.0,60.0,506.45,1560.0,,
47,fair_1,fair,1,4,10492.45,20.0,60.0,6.0,0.1,-14.0,54.0,492.45,1659.45,,
47,max_1,max,1,4,10492.05,1.0,3.0,0.6,0.2,-0.4,2.4,492.05,610.5,,
47,rnd_1,random,1,4,10517.05,20.0,60.0,45.0,0.75,25.0,15.0,517.05,1575.0,,
48,fair_1,fair,1,4,10512.05,20.0,60.0,15.0,0.25,-5.0,45.0,512.05,1704.45,,
48,max_1,max,1,4,10510.05,5.0,15.0,3.0,0.2,-2.0,12.0,510.05,622.5,,
48,rnd_1,random,1,4,10490.05,20.0,60.0,0.0,0.0,-20.0,60.0,490.05,1635.0,,
49,fair_1,fair,1,4,10476.05,20.0,60.0,6.0,0.1,-14.0,54.0,476.05,1758.45,,
49,max_1,max,1,4,10476.55,1.0,3.0,1.5,0.5,0.5,1.5,476.55,624.0,,
49,rnd_1,random,1,4,10516.55,20.0,60.0,60.0,1.0,40.0,0.0,516.55,1635.0,,
50,fair_1,fair,1,4,10511.55,20.0,60.0,15.0,0.25,-5.0,45.0,511.55,1803.45,,
50,max_1,max,1,4,10514.05,5.0,15.0,7.5,0.5,2.5,7.5,514.05,631.5,,
50,rnd_1,random,1,4,10524.05,20.0,60.0,30.0,0.5,10.0,30.0,524.05,1665.0,,
51,fair_1,fair,1,4,10510.05,20.0,60.0,6.0,0.1,-14.0,54.0,510.05,1857.45,,
51,max_1,max,1,4,10515.05,10.0,30.0,15.0,0.5,5.0,15.0,515.05,646.5,,
51,rnd_1,random,1,4,10555.05,20.0,60.0,60.0,1.0,40.0,0.0,555.05,1665.0,,
52,fair_1,fair,1,4,10550.05,20.0,60.0,15.0,0.25,-5.0,45.0,550.05,1902.45,,
52,max_1,max,1,4,10555.05,10.0,30.0,15.0,0.5,5.0,15.0,555.05,661.5,,
52,rnd_1,random,1,4,10565.05,20.0,60.0,30.0,0.5,10.0,30.0,565.05,1695.0,,
53,fair_1,fair,1,4,10551.05,20.0,60.0,6.0,0.1,-14.0,54.0,551.05,1956.45,,
53,max_1,max,1,4,10547.05,10.0,30.0,6.0,0.2,-4.0,24.0,547.05,685.5,,
53,rnd_1,random,1,4,10587.05,20.0,60.0,60.0,1.0,40.0,0.0,587.05,1695.0,,
54,fair_1,fair,1,4,10582.05,20.0,60.0,15.0,0.25,-5.0,45.0,582.05,2001.45,,
54,max_1,max,1,4,10587.05,10.0,30.0,15.0,0.5,5.0,15.0,587.05,700.5,,
54,rnd_1,random,1,4,10582.05,20.0,60.0,15.0,0.25,-5.0,45.0,582.05,1740.0,,
55,fair_1,fair,1,4,10568.05,20.0,60.0,6.0,0.1,-14.0,54.0,568.05,2055.45,,
55,max_1,max,1,4,10564.05,10.0,30.0,6.0,0.2,-4.0,24.0,564.05,724.5,,
55,rnd_1,random,1,4,10544.05,20.0,60.0,0.0,0.0,-20.0,60.0,544.05,1800.0,,
56,fair_1,fair,1,4,10530.05,20.0,60.0,6.0,0.1,-14.0,54.0,530.05,2109.45,,
56,max_1,max,1,4,10526.05,10.0,30.0,6.0,0.2,-4.0,24.0,526.05,748.5,,
56,rnd_1,random,1,4,10506.05,20.0,60.0,0.0,0.0,-20.0,60.0,506.05,1860.0,,
57,fair_1,fair,1,4,10492.05,20.0,60.0,6.0,0.1,-14.0,54.0,492.05,2163.45,,
57,max_1,max,1,4,10492.55,1.0,3.0,1.5,0.5,0.5,1.5,492.55,750.0,,
57,rnd_1,random,1,4,10487.55,20.0,60.0,15.0,0.25,-5.0,45.0,487.55,1905.0,,
58,fair_1,fair,1,4,10473.55,20.0,60.0,6.0,0.1,-14.0,54.0,473.55,2217.45,,
58,max_1,max,1,4,10478.55,10.0,30.0,15.0,0.5,5.0,15.0,478.55,765.0,,
58,rnd_1,random,1,4,10488.55,20.0,60.0,30.0,0.5,10.0,30.0,488.55,1935.0,,
59,fair_1,fair,1,4,10474.55,20.0,60.0,6.0,0.1,-14.0,54.0,474.55,2271.45,,
59,max_1,max,1,4,10479.55,10.0,30.0,15.0,0.5,5.0,15.0,479.55,780.0,,
59,rnd_1,random,1,4,10459.55,20.0,60.0,0.0,0.0,-20.0,60.0,459.55,1995.0,,
60,fair_1,fair,1,4,10445.55,20.0,60.0,6.0,0.1,-14.0,54.0,445.55,2325.45,,
60,max_1,max,1,4,10441.55,10.0,30.0,6.0,0.2,-4.0,24.0,441.55,804.0,,
60,rnd_1,random,1,4,10436.55,20.0,60.0,15.0,0.25,-5.0,45.0,436.55,2040.0,,
61,fair_1,fair,1,4,10422.55,20.0,60.0,6.0,0.1,-14.0,54.0,422.55,2379.45,,
61,max_1,max,1,4,10418.55,10.0,30.0,6.0,0.2,-4.0,24.0,418.55,828.0,,
61,rnd_1,random,1,4,10398.55,20.0,60.0,0.0,0.0,-20.0,60.0,398.55,2100.0,,
62,fair_1,fair,1,4,10384.55,20.0,60.0,6.0,0.1,-14.0,54.0,384.55,2433.45,,
62,max_1,max,1,4,10389.55,10.0,30.0,15.0,0.5,5.0,15.0,389.55,843.0,,
62,rnd_1,random,1,4,10414.55,20.0,60.0,45.0,0.75,25.0,15.0,414.55,2115.0,,
63,fair_1,fair,1,4,10400.55,20.0,60.0,6.0,0.1,-14.0,54.0,400.55,2487.45,,
63,max_1,max,1,4,10396.55,10.0,30.0,6.0,0.2,-4.0,24.0,396.55,867.0,,
63,rnd_1,random,1,4,10406.55,20.0,60.0,30.0,0.5,10.0,30.0,406.55,2145.0,,
64,fair_1,fair,1,4,10392.55,20.0,60.0,6.0,0.1,-14.0,54.0,392.55,2541.45,,
64,max_1,max,1,4,10388.55,10.0,30.0,6.0,0.2,-4.0,24.0,388.55,891.0,,
64,rnd_1,random,1,4,10413.55,20.0,60.0,45.0,0.75,25.0,15.0,413.55,2160.0,,
65,fair_1,fair,1,4,10399.55,20.0,60.0,6.0,0.1,-14.0,54.0,399.55,2595.45,,
65,max_1,max,1,4,10404.55,10.0,30.0,15.0,0.5,5.0,15.0,404.55,906.0,,
65,rnd_1,random,1,4,10414.55,20.0,60.0,30.0,0.5,10.0,30.0,414.55,2190.0,,
66,fair_1,fair,1,4,10400.55,20.0,60.0,6.0,0.1,-14.0,54.0,400.55,2649.45,,
66,max_1,max,1,4,10396.55,10.0,30.0,6.0,0.2,-4.0,24.0,396.55,930.0,,
66,rnd_1,random,1,4,10391.55,20.0,60.0,15.0,0.25,-5.0,45.0,391.55,2235.0,,
67,fair_1,fair,1,4,10377.55,20.0,60.0,6.0,0.1,-14.0,54.0,377.55,2703.45,,
67,max_1,max,1,4,10373.55,10.0,30.0,6.0,0.2,-4.0,24.0,373.55,954.0,,
67,rnd_1,random,1,4,10383.55,20.0,60.0,30.0,0.5,10.0,30.0,383.55,2265.0,,
68,fair_1,fair,1,4,10369.55,20.0,60.0,6.0,0.1,-14.0,54.0,369.55,2757.45,,
68,max_1,max,1,4,10365.55,10.0,30.0,6.0,0.2,-4.0,24.0,365.55,978.0,,
68,rnd_1,random,1,4,10375.55,20.0,60.0,30.0,0.5,10.0,30.0,375.55,2295.0,,
69,fair_1,fair,1,4,10361.55,20.0,60.0,6.0,0.1,-14.0,54.0,361.55,2811.45,,
69,max_1,max,1,4,10357.55,10.0,30.0,6.0,0.2,-4.0,24.0,357.55,1002.0,,
69,rnd_1,random,1,4,10352.55,20.0,60.0,15.0,0.25,-5.0,45.0,352.55,2340.0,,
70,fair_1,fair,1,4,10338.55,20.0,60.0,6.0,0.1,-14.0,54.0,338.55,2865.45,,
70,max_1,max,1,4,10328.55,10.0,30.0,0.0,0.0,-10.0,30.0,328.55,1032.0,,
70,rnd_1,random,1,4,10338.55,20.0,60.0,30.0,0.5,10.0,30.0,338.55,2370.0,,
71,fair_1,fair,1,4,10324.55,20.0,60.0,6.0,0.1,-14.0,54.0,324.55,2919.45,,
71,max_1,max,1,4,10314.55,10.0,30.0,0.0,0.0,-10.0,30.0,314.55,1062.0,,
71,rnd_1,random,1,4,10294.55,20.0,60.0,0.0,0.0,-20.0,60.0,294.55,2430.0,,
72,fair_1,fair,1,4,10280.55,20.0,60.0,6.0,0.1,-14.0,54.0,280.55,2973.45,,
72,max_1,max,1,4,10273.55,10.0,30.0,3.0,0.1,-7.0,27.0,273.55,1089.0,,
72,rnd_1,random,1,4,10313.55,20.0,60.0,60.0,1.0,40.0,0.0,313.55,2430.0,,
73,fair_1,fair,1,4,10308.55,20.0,60.0,15.0,0.25,-5.0,45.0,308.55,3018.45,,
73,max_1,max,1,4,10301.55,10.0,30.0,3.0,0.1,-7.0,27.0,301.55,1116.0,,
73,rnd_1,random,1,4,10296.55,20.0,60.0,15.0,0.25,-5.0,45.0,296.55,2475.0,,
74,fair_1,fair,1,4,10282.55,20.0,60.0,6.0,0.1,-14.0,54.0,282.55,3072.45,,
74,max_1,max,1,4,10281.55,1.0,3.0,0.0,0.0,-1.0,3.0,281.55,1119.0,,
74,rnd_1,random,1,4,10321.55,20.0,60.0,60.0,1.0,40.0,0.0,321.55,2475.0,,
75,fair_1,fair,1,4,10316.55,20.0,60.0,15.0,0.25,-5.0,45.0,316.55,3117.45,,
75,max_1,max,1,4,10309.55,10.0,30.0,3.0,0.1,-7.0,27.0,309.55,1146.0,,
75,rnd_1,random,1,4,10304.55,20.0,60.0,15.0,0.25,-5.0,45.0,304.55,2520.0,,
76,fair_1,fair,1,4,10290.55,20.0,60.0,6.0,0.1,-14.0,54.0,290.55,3171.45,,
76,max_1,max,1,4,10291.05,1.0,3.0,1.5,0.5,0.5,1.5,291.05,1147.5,,
76,rnd_1,random,1,4,10286.05,20.0,60.0,15.0,0.25,-5.0,45.0,286.05,2565.0,,
77,fair_1,fair,1,4,10272.05,20.0,60.0,6.0,0.1,-14.0,54.0,272.05,3225.45,,
77,max_1,max,1,4,10282.05,20.0,60.0,30.0,0.5,10.0,30.0,282.05,1177.5,,
77,rnd_1,random,1,4,10307.05,20.0,60.0,45.0,0.75,25.0,15.0,307.05,2580.0,,
78,fair_1,fair,1,4,10293.05,20.0,60.0,6.0,0.1,-14.0,54.0,293.05,3279.45,,
78,max_1,max,1,4,10285.05,20.0,60.0,12.0,0.2,-8.0,48.0,285.05,1225.5,,
78,rnd_1,random,1,4,10310.05,20.0,60.0,45.0,0.75,25.0,15.0,310.05,2595.0,,
79,fair_1,fair,1,4,10296.05,20.0,60.0,6.0,0.1,-14.0,54.0,296.05,3333.45,,
79,max_1,max,1,4,10295.05,1.0,3.0,0.0,0.0,-1.0,3.0,295.05,1228.5,,
79,rnd_1,random,1,4,10305.05,20.0,60.0,30.0,0.5,10.0,30.0,305.05,2625.0,,
80,fair_1,fair,1,4,10291.05,20.0,60.0,6.0,0.1,-14.0,54.0,291.05,3387.45,,
80,max_1,max,1,4,10290.65,1.0,3.0,0.6,0.2,-0.4,2.4,290.65,1230.9,,
80,rnd_1,random,1,4,10330.65,20.0,60.0,60.0,1.0,40.0,0.0,330.65,2625.0,,
81,fair_1,fair,1,4,10325.65,20.0,60.0,15.0,0.25,-5.0,45.0,325.65,3432.45,,
81,max_1,max,1,4,10326.15,1.0,3.0,1.5,0.5,0.5,1.5,326.15,1232.4,,
81,rnd_1,random,1,4,10321.15,20.0,60.0,15.0,0.25,-5.0,45.0,321.15,2670.0,,
82,fair_1,fair,1,4,10307.15,20.0,60.0,6.0,0.1,-14.0,54.0,307.15,3486.45,,
82,max_1,max,1,4,10307.65,1.0,3.0,1.5,0.5,0.5,1.5,307.65,1233.9,,
82,rnd_1,random,1,4,10317.65,20.0,60.0,30.0,0.5,10.0,30.0,317.65,2700.0,,
83,fair_1,fair,1,4,10303.65,20.0,60.0,6.0,0.1,-14.0,54.0,303.65,3540.45,,
83,max_1,max,1,4,10304.15,1.0,3.0,1.5,0.5,0.5,1.5,304.15,1235.4,,
83,rnd_1,random,1,4,10284.15,20.0,60.0,0.0,0.0,-20.0,60.0,284.15,2760.0,,
84,fair_1,fair,1,4,10270.15,20.0,60.0,6.0,0.1,-14.0,54.0,270.15,3594.45,,
84,max_1,max,1,4,10256.15,20.0,60.0,6.0,0.1,-14.0,54.0,256.15,1289.4,,
84,rnd_1,random,1,4,10251.15,20.0,60.0,15.0,0.25,-5.0,45.0,251.15,2805.0,,
85,fair_1,fair,1,4,10237.15,20.0,60.0,6.0,0.1,-14.0,54.0,237.15,3648.45,,
85,max_1,max,1,4,10237.65,1.0,3.0,1.5,0.5,0.5,1.5,237.65,1290.9,,
85,rnd_1,random,1,4,10217.65,20.0,60.0,0.0,0.0,-20.0,60.0,217.65,2865.0,,
86,fair_1,fair,1,4,10203.65,20.0,60.0,6.0,0.1,-14.0,54.0,203.65,3702.45,,
86,max_1,max,1,4,10195.65,20.0,60.0,12.0,0.2,-8.0,48.0,195.65,1338.9,,
86,rnd_1,random,1,4,10205.65,20.0,60.0,30.0,0.5,10.0,30.0,205.65,2895.0,,
87,fair_1,fair,1,4,10191.65,20.0,60.0,6.0,0.1,-14.0,54.0,191.65,3756.45,,
87,max_1,max,1,4,10183.65,20.0,60.0,12.0,0.2,-8.0,48.0,183.65,1386.9,,
87,rnd_1,random,1,4,10208.65,20.0,60.0,45.0,0.75,25.0,15.0,208.65,2910.0,,
88,fair_1,fair,1,4,10194.65,20.0,60.0,6.0,0.1,-14.0,54.0,194.65,3810.45,,
88,max_1,max,1,4,10186.65,20.0,60.0,12.0,0.2,-8.0,48.0,186.65,1434.9,,
88,rnd_1,random,1,4,10196.65,20.0,60.0,30.0,0.5,10.0,30.0,196.65,2940.0,,
89,fair_1,fair,1,4,10182.65,20.0,60.0,6.0,0.1,-14.0,54.0,182.65,3864.45,,
89,max_1,max,1,4,10162.65,20.0,60.0,0.0,0.0,-20.0,60.0,162.65,1494.9,,
89,rnd_1,random,1,4,10142.65,20.0,60.0,0.0,0.0,-20.0,60.0,142.65,3000.0,,
90,fair_1,fair,1,4,10128.65,20.0,60.0,6.0,0.1,-14.0,54.0,128.65,3918.45,,
90,max_1,max,1,4,10127.65,1.0,3.0,0.0,0.0,-1.0,3.0,127.65,1497.9,,
90,rnd_1,random,1,4,10122.65,20.0,60.0,15.0,0.25,-5.0,45.0,122.65,3045.0,,
91,fair_1,fair,1,4,10108.65,20.0,60.0,6.0,0.1,-14.0,54.0,108.65,3972.45,,
91,max_1,max,1,4,10100.65,20.0,60.0,12.0,0.2,-8.0,48.0,100.65,1545.9,,
91,rnd_1,random,1,4,10140.65,20.0,60.0,60.0,1.0,40.0,0.0,140.65,3045.0,,
92,fair_1,fair,1,4,10180.65,20.0,60.0,60.0,1.0,40.0,0.0,180.65,3972.45,,
92,max_1,max,1,4,10166.65,20.0,60.0,6.0,0.1,-14.0,54.0,166.65,1599.9,,
92,rnd_1,random,1,4,10176.65,20.0,60.0,30.0,0.5,10.0,30.0,176.65,3075.0,,
93,fair_1,fair,1,4,10162.65,20.0,60.0,6.0,0.1,-14.0,54.0,162.65,4026.45,,
93,max_1,max,1,4,10161.65,1.0,3.0,0.0,0.0,-1.0,3.0,161.65,1602.9,,
93,rnd_1,random,1,4,10156.65,20.0,60.0,15.0,0.25,-5.0,45.0,156.65,3120.0,,
94,fair_1,fair,1,4,10142.65,20.0,60.0,6.0,0.1,-14.0,54.0,142.65,4080.45,,
94,max_1,max,1,4,10134.65,20.0,60.0,12.0,0.2,-8.0,48.0,134.65,1650.9,,
94,rnd_1,random,1,4,10159.65,20.0,60.0,45.0,0.75,25.0,15.0,159.65,3135.0,,
95,fair_1,fair,1,4,10145.65,20.0,60.0,6.0,0.1,-14.0,54.0,145.65,4134.45,,
95,max_1,max,1,4,10145.25,1.0,3.0,0.6,0.2,-0.4,2.4,145.25,1653.3,,
95,rnd_1,random,1,4,10170.25,20.0,60.0,45.0,0.75,25.0,15.0,170.25,3150.0,,
96,fair_1,fair,1,4,10165.25,20.0,60.0,15.0,0.25,-5.0,45.0,165.25,4179.45,,
96,max_1,max,1,4,10151.25,20.0,60.0,6.0,0.1,-14.0,54.0,151.25,1707.3,,
96,rnd_1,random,1,4,10176.25,20.0,60.0,45.0,0.75,25.0,15.0,176.25,3165.0,,
97,fair_1,fair,1,4,10162.25,20.0,60.0,6.0,0.1,-14.0,54.0,162.25,4233.45,,
97,max_1,max,1,4,10161.85,1.0,3.0,0.6,0.2,-0.4,2.4,161.85,1709.7,,
97,rnd_1,random,1,4,10156.85,20.0,60.0,15.0,0.25,-5.0,45.0,156.85,3210.0,,
98,fair_1,fair,1,4,10142.85,20.0,60.0,6.0,0.1,-14.0,54.0,142.85,4287.45,,
98,max_1,max,1,4,10128.85,20.0,60.0,6.0,0.1,-14.0,54.0,128.85,1763.7,,
98,rnd_1,random,1,4,10138.85,20.0,60.0,30.0,0.5,10.0,30.0,138.85,3240.0,,
99,fair_1,fair,1,4,10124.85,20.0,60.0,6.0,0.1,-14.0,54.0,124.85,4341.45,,
99,max_1,max,1,4,10124.45,1.0,3.0,0.6,0.2,-0.4,2.4,124.45,1766.1,,
99,rnd_1,random,1,4,10119.45,20.0,60.0,15.0,0.25,-5.0,45.0,119.45,3285.0,,
100,fair_1,fair,1,4,10105.45,20.0,60.0,6.0,0.1,-14.0,54.0,105.45,4395.45,"[-0.19321195781230927, 0.39088135957717896, -0.44591328501701355, 0.1571512371301651, -0.11125253885984421, -0.21920517086982727, -0.5209028720855713, -0.019091397523880005, 0.2351629137992859, 0.0788135752081871, -0.7273607850074768, -0.2322227507829666, 0.43192359805107117, -0.24872028827667236, 0.6778272986412048, 0.6669726967811584, -0.12171202898025513, 0.9186463952064514, -0.5251639485359192, 0.22713634371757507, -0.24775120615959167, 0.4184314012527466, -0.3878088593482971, -0.7212017178535461, 0.2724067270755768, 0.22749370336532593, -0.146760031580925, -0.4115222692489624, -0.01921103522181511, -0.9913531541824341, -0.11719068884849548, 8.121971040964127e-05, -0.7815802693367004, -0.4370554983615875, -0.1441681683063507, 0.22207054495811462, -0.5412524342536926, 0.9972675442695618, 0.19041211903095245, 0.9869155883789062, -0.2199271023273468, -0.1056133583188057, -0.258044958114624, 0.03650544583797455, -0.12799175083637238, -0.12352287024259567, -0.3743821680545807, 0.9290543794631958, 0.264546275138855, -0.45069068670272827, 0.1725490540266037, -0.131920725107193, -0.4183204472064972, -0.16652911901474, 0.47230255603790283, 0.027832139283418655, -0.2795732021331787, -0.7404026985168457, 0.12133774161338806, -0.09870308637619019, 0.41896381974220276, -0.38085007667541504, 0.984700620174408, 0.27964264154434204]","{""own"": [20.0, 15.0, 20.0, 6.0, 20.0, 6.0, 20.0, 6.0], ""others"": [1.0, 0.6000000238418579, 20.0, 15.0]}"
100,max_1,max,1,4,10091.45,20.0,60.0,6.0,0.1,-14.0,54.0,91.45,1820.1,"[-0.09774698317050934, 0.010783836245536804, -0.3572661876678467, 0.1828261762857437, -0.05223351716995239, 0.011596418917179108, -0.29541099071502686, 0.0185994952917099, 0.19376689195632935, 0.035211384296417236, -0.368587851524353, -0.3699261546134949, 0.36684077978134155, 0.13176360726356506, 0.5039133429527283, 0.42341768741607666, -0.02274063229560852, 0.9678671956062317, -0.2039797306060791, 0.13376298546791077, -0.16799615323543549, -0.6450369954109192, -0.11126773059368134, -0.051158107817173004, 0.2690528631210327, 0.03649328649044037, -0.631616473197937, 0.09755471348762512, -0.004346415400505066, -0.9949758052825928, -0.7289120554924011, 0.02377741038799286, -0.6780855059623718, -0.8697523474693298, -0.043653301894664764, 0.3229720890522003, -0.3631603419780731, 0.981093168258667, -0.07115344703197479, 0.9048796892166138, 0.5217670202255249, 0.14668220281600952, -0.01087401807308197, 0.1175452321767807, 0.21953892707824707, 0.08891482651233673, -0.03680546581745148, 0.5539551377296448, 0.08349976688623428, -0.36852771043777466, 0.10992711037397385, -0.0007876120507717133, -0.5087997913360596, -0.2741689085960388, 0.07330015301704407, -0.4478195309638977, 0.018397152423858643, 0.3763641119003296, 0.016915202140808105, 0.09860117733478546, 0.1824381947517395, -0.17125923931598663, 0.9147308468818665, 0.012262195348739624]","{""own"": [20.0, 6.0, 1.0, 0.6000000238418579, 20.0, 6.0, 1.0, 0.6000000238418579], ""others"": [20.0, 6.0, 20.0, 15.0]}"
100,rnd_1,random,1,4,10086.45,20.0,60.0,15.0,0.25,-5.0,45.0,86.45,3330.0,"[-0.2673799693584442, 0.3092116415500641, -0.2598058879375458, 0.04450720548629761, -0.10799139738082886, -0.09741568565368652, -0.47054213285446167, 0.1539858728647232, 0.23404383659362793, 0.11250921338796616, -0.7514302730560303, -0.24490390717983246, 0.30976998805999756, -0.3220047950744629, 0.42288199067115784, 0.7434508800506592, -0.1283716857433319, 0.7901940941810608, -0.6055408120155334, 0.27461257576942444, -0.301826536655426, 0.1863361895084381, -0.3764481246471405, -0.710861086845398, 0.11548251658678055, 0.183617502450943, -0.10782670229673386, -0.44548335671424866, 0.15154972672462463, -0.9131895303726196, 0.30136173963546753, -0.06814268976449966, -0.4617200195789337, -0.18308362364768982, -0.3525806963443756, 0.23939907550811768, -0.5920212864875793, 0.9890398979187012, 0.22679957747459412, 0.991002082824707, -0.5915753245353699, -0.08359801769256592, -0.32240843772888184, 0.06445728242397308, -0.11263131350278854, -0.05813734233379364, -0.15644405782222748, 0.9320420026779175, 0.1851043701171875, -0.3417779207229614, -0.015362732112407684, -0.23510438203811646, -0.352335125207901, -0.24280154705047607, 0.21843314170837402, 0.09219817072153091, -0.27125686407089233, -0.6988866329193115, 0.13812142610549927, -0.007371570914983749, 0.3641875088214874, -0.4518720209598541, 0.9743112921714783, 0.17800341546535492]","{""own"": [20.0, 45.0, 20.0, 15.0, 20.0, 30.0, 20.0, 15.0], ""others"": [20.0, 6.0, 20.0, 6.0]}"
101,fair_1,fair,1,4,10072.45,20.0,60.0,6.0,0.1,-14.0,54.0,72.45,4449.45,,
101,max_1,max,1,4,10064.45,20.0,60.0,12.0,0.2,-8.0,48.0,64.45,1868.1,,
101,rnd_1,random,1,4,10104.45,20.0,60.0,60.0,1.0,40.0,0.0,104.45,3330.0,,
102,fair_1,fair,1,4,10144.45,20.0,60.0,60.0,1.0,40.0,0.0,144.45,4449.45,,
102,max_1,max,1,4,10130.45,20.0,60.0,6.0,0.1,-14.0,54.0,130.45,1922.1,,
102,rnd_1,random,1,4,10170.45,20.0,60.0,60.0,1.0,40.0,0.0,170.45,3330.0,,
103,fair_1,fair,1,4,10156.45,20.0,60.0,6.0,0.1,-14.0,54.0,156.45,4503.45,,
103,max_1,max,1,4,10136.45,20.0,60.0,0.0,0.0,-20.0,60.0,136.45,1982.1,,
103,rnd_1,random,1,4,10146.45,20.0,60.0,30.0,0.5,10.0,30.0,146.45,3360.0,,
104,fair_1,fair,1,4,10132.45,20.0,60.0,6.0,0.1,-14.0,54.0,132.45,4557.45,,
104,max_1,max,1,4,10131.75,1.0,3.0,0.3,0.1,-0.7,2.7,131.75,1984.8,,
104,rnd_1,random,1,4,10171.75,20.0,60.0,60.0,1.0,40.0,0.0,171.75,3360.0,,
105,fair_1,fair,1,4,10157.75,20.0,60.0,6.0,0.1,-14.0,54.0,157.75,4611.45,,
105,max_1,max,1,4,10143.75,20.0,60.0,6.0,0.1,-14.0,54.0,143.75,2038.8,,
105,rnd_1,random,1,4,10168.75,20.0,60.0,45.0,0.75,25.0,15.0,168.75,3375.0,,
106,fair_1,fair,1,4,10163.75,20.0,60.0,15.0,0.25,-5.0,45.0,163.75,4656.45,,
106,max_1,max,1,4,10149.75,20.0,60.0,6.0,0.1,-14.0,54.0,149.75,2092.8,,
106,rnd_1,random,1,4,10189.75,20.0,60.0,60.0,1.0,40.0,0.0,189.75,3375.0,,
107,fair_1,fair,1,4,10229.75,20.0,60.0,60.0,1.0,40.0,0.0,229.75,4656.45,,
107,max_1,max,1,4,10215.75,20.0,60.0,6.0,0.1,-14.0,54.0,215.75,2146.8,,
107,rnd_1,random,1,4,10240.75,20.0,60.0,45.0,0.75,25.0,15.0,240.75,3390.0,,
108,fair_1,fair,1,4,10226.75,20.0,60.0,6.0,0.1,-14.0,54.0,226.75,4710.45,,
108,max_1,max,1,4,10206.75,20.0,60.0,0.0,0.0,-20.0,60.0,206.75,2206.8,,
108,rnd_1,random,1,4,10216.75,20.0,60.0,30.0,0.5,10.0,30.0,216.75,3420.0,,
109,fair_1,fair,1,4,10202.75,20.0,60.0,6.0,0.1,-14.0,54.0,202.75,4764.45,,
109,max_1,max,1,4,10201.75,1.0,3.0,0.0,0.0,-1.0,3.0,201.75,2209.8,,
109,rnd_1,random,1,4,10196.75,20.0,60.0,15.0,0.25,-5.0,45.0,196.75,3465.0,,
110,fair_1,fair,1,4,10182.75,20.0,60.0,6.0,0.1,-14.0,54.0,182.75,4818.45,,
110,max_1,max,1,4,10168.75,20.0,60.0,6.0,0.1,-14.0,54.0,168.75,2263.8,,
110,rnd_1,random,1,4,10163.75,20.0,60.0,15.0,0.25,-5.0,45.0,163.75,3510.0,,
111,fair_1,fair,1,4,10149.75,20.0,60.0,6.0,0.1,-14.0,54.0,149.75,4872.45,,
111,max_1,max,1,4,10141.75,20.0,60.0,12.0,0.2,-8.0,48.0,141.75,2311.8,,
111,rnd_1,random,1,4,10181.75,20.0,60.0,60.0,1.0,40.0,0.0,181.75,3510.0,,
112,fair_1,fair,1,4,10221.75,20.0,60.0,60.0,1.0,40.0,0.0,221.75,4872.45,,
112,max_1,max,1,4,10207.75,20.0,60.0,6.0,0.1,-14.0,54.0,207.75,2365.8,,
112,rnd_1,random,1,4,10232.75,20.0,60.0,45.0,0.75,25.0,15.0,232.75,3525.0,,
113,fair_1,fair,1,4,10218.75,20.0,60.0,6.0,0.1,-14.0,54.0,218.75,4926.45,,
113,max_1,max,1,4,10198.75,20.0,60.0,0.0,0.0,-20.0,60.0,198.75,2425.8,,
113,rnd_1,random,1,4,10178.75,20.0,60.0,0.0,0.0,-20.0,60.0,178.75,3585.0,,
114,fair_1,fair,1,4,10164.75,20.0,60.0,6.0,0.1,-14.0,54.0,164.75,4980.45,,
114,max_1,max,1,4,10150.75,20.0,60.0,6.0,0.1,-14.0,54.0,150.75,2479.8,,
114,rnd_1,random,1,4,10130.75,20.0,60.0,0.0,0.0,-20.0,60.0,130.75,3645.0,,
115,fair_1,fair,1,4,10116.75,20.0,60.0,6.0,0.1,-14.0,54.0,116.75,5034.45,,
115,max_1,max,1,4,10102.75,20.0,60.0,6.0,0.1,-14.0,54.0,102.75,2533.8,,
115,rnd_1,random,1,4,10082.75,20.0,60.0,0.0,0.0,-20.0,60.0,82.75,3705.0,,
116,fair_1,fair,1,4,10068.75,20.0,60.0,6.0,0.1,-14.0,54.0,68.75,5088.45,,
116,max_1,max,1,4,10048.75,20.0,60.0,0.0,0.0,-20.0,60.0,48.75,2593.8,,
116,rnd_1,random,1,4,10043.75,20.0,60.0,15.0,0.25,-5.0,45.0,43.75,3750.0,,
117,fair_1,fair,1,4,10029.75,20.0,60.0,6.0,0.1,-14.0,54.0,29.75,5142.45,,
117,max_1,max,1,4,10009.75,20.0,60.0,0.0,0.0,-20.0,60.0,9.75,2653.8,,
117,rnd_1,random,1,4,10004.75,20.0,60.0,15.0,0.25,-5.0,45.0,4.75,3795.0,,
118,fair_1,fair,1,4,9990.75,20.0,60.0,6.0,0.1,-14.0,54.0,-9.25,5196.45,,
118,max_1,max,1,4,9976.75,20.0,60.0,6.0,0.1,-14.0,54.0,-23.25,2707.8,,
118,rnd_1,random,1,4,10001.75,20.0,60.0,45.0,0.75,25.0,15.0,1.75,3810.0,,
119,fair_1,fair,1,4,9987.75,20.0,60.0,6.0,0.1,-14.0,54.0,-12.25,5250.45,,
119,max_1,max,1,4,9973.75,20.0,60.0,6.0,0.1,-14.0,54.0,-26.25,2761.8,,
119,rnd_1,random,1,4,10013.75,20.0,60.0,60.0,1.0,40.0,0.0,13.75,3810.0,,
120,fair_1,fair,1,4,10053.75,20.0,60.0,60.0,1.0,40.0,0.0,53.75,5250.45,,
120,max_1,max,1,4,10039.75,20.0,60.0,6.0,0.1,-14.0,54.0,39.75,2815.8,,
120,rnd_1,random,1,4,10019.75,20.0,60.0,0.0,0.0,-20.0,60.0,19.75,3870.0,,
121,fair_1,fair,1,4,10005.75,20.0,60.0,6.0,0.1,-14.0,54.0,5.75,5304.45,,
121,max_1,max,1,4,9985.75,20.0,60.0,0.0,0.0,-20.0,60.0,-14.25,2875.8,,
121,rnd_1,random,1,4,10010.75,20.0,60.0,45.0,0.75,25.0,15.0,10.75,3885.0,,
122,fair_1,fair,1,4,9996.75,20.0,60.0,6.0,0.1,-14.0,54.0,-3.25,5358.45,,
122,max_1,max,1,4,9976.75,20.0,60.0,0.0,0.0,-20.0,60.0,-23.25,2935.8,,
122,rnd_1,random,1,4,10001.75,20.0,60.0,45.0,0.75,25.0,15.0,1.75,3900.0,,
123,fair_1,fair,1,4,9987.75,20.0,60.0,6.0,0.1,-14.0,54.0,-12.25,5412.45,,
123,max_1,max,1,4,9973.75,20.0,60.0,6.0,0.1,-14.0,54.0,-26.25,2989.8,,
123,rnd_1,random,1,4,10013.75,20.0,60.0,60.0,1.0,40.0,0.0,13.75,3900.0,,
124,fair_1,fair,1,4,10008.75,20.0,60.0,15.0,0.25,-5.0,45.0,8.75,5457.45,,
124,max_1,max,1,4,9994.75,20.0,60.0,6.0,0.1,-14.0,54.0,-5.25,3043.8,,
124,rnd_1,random,1,4,10019.75,20.0,60.0,45.0,0.75,25.0,15.0,19.75,3915.0,,
125,fair_1,fair,1,4,10005.75,20.0,60.0,6.0,0.1,-14.0,54.0,5.75,5511.45,,
125,max_1,max,1,4,9985.75,20.0,60.0,0.0,0.0,-20.0,60.0,-14.25,3103.8,,
125,rnd_1,random,1,4,10025.75,20.0,60.0,60.0,1.0,40.0,0.0,25.75,3915.0,,
126,fair_1,fair,1,4,10011.75,20.0,60.0,6.0,0.1,-14.0,54.0,11.75,5565.45,,
126,max_1,max,1,4,9997.75,20.0,60.0,6.0,0.1,-14.0,54.0,-2.25,3157.8,,
126,rnd_1,random,1,4,10007.75,20.0,60.0,30.0,0.5,10.0,30.0,7.75,3945.0,,
127,fair_1,fair,1,4,9993.75,20.0,60.0,6.0,0.1,-14.0,54.0,-6.25,5619.45,,
127,max_1,max,1,4,9979.75,20.0,60.0,6.0,0.1,-14.0,54.0,-20.25,3211.8,,
127,rnd_1,random,1,4,10019.75,20.0,60.0,60.0,1.0,40.0,0.0,19.75,3945.0,,
128,fair_1,fair,1,4,10059.75,20.0,60.0,60.0,1.0,40.0,0.0,59.75,5619.45,,
128,max_1,max,1,4,10045.75,20.0,60.0,6.0,0.1,-14.0,54.0,45.75,3265.8,,
128,rnd_1,random,1,4,10025.75,20.0,60.0,0.0,0.0,-20.0,60.0,25.75,4005.0,,
129,fair_1,fair,1,4,10011.75,20.0,60.0,6.0,0.1,-14.0,54.0,11.75,5673.45,,
129,max_1,max,1,4,9991.75,20.0,60.0,0.0,0.0,-20.0,60.0,-8.25,3325.8,,
129,rnd_1,random,1,4,9971.75,20.0,60.0,0.0,0.0,-20.0,60.0,-28.25,4065.0,,
130,fair_1,fair,1,4,9957.75,20.0,60.0,6.0,0.1,-14.0,54.0,-42.25,5727.45,,
130,max_1,max,1,4,9937.75,20.0,60.0,0.0,0.0,-20.0,60.0,-62.25,3385.8,,
130,rnd_1,random,1,4,9977.75,20.0,60.0,60.0,1.0,40.0,0.0,-22.25,4065.0,,
131,fair_1,fair,1,4,9963.75,20.0,60.0,6.0,0.1,-14.0,54.0,-36.25,5781.45,,
131,max_1,max,1,4,9949.75,20.0,60.0,6.0,0.1,-14.0,54.0,-50.25,3439.8,,
131,rnd_1,random,1,4,9959.75,20.0,60.0,30.0,0.5,10.0,30.0,-40.25,4095.0,,
132,fair_1,fair,1,4,9954.75,20.0,60.0,15.0,0.25,-5.0,45.0,-45.25,5826.45,,
132,max_1,max,1,4,9940.75,20.0,60.0,6.0,0.1,-14.0,54.0,-59.25,3493.8,,
132,rnd_1,random,1,4,9950.75,20.0,60.0,30.0,0.5,10.0,30.0,-49.25,4125.0,,
133,fair_1,fair,1,4,9936.75,20.0,60.0,6.0,0.1,-14.0,54.0,-63.25,5880.45,,
133,max_1,max,1,4,9916.75,20.0,60.0,0.0,0.0,-20.0,60.0,-83.25,3553.8,,
133,rnd_1,random,1,4,9896.75,20.0,60.0,0.0,0.0,-20.0,60.0,-103.25,4185.0,,
134,fair_1,fair,1,4,9882.75,20.0,60.0,6.0,0.1,-14.0,54.0,-117.25,5934.45,,
134,max_1,max,1,4,9862.75,20.0,60.0,0.0,0.0,-20.0,60.0,-137.25,3613.8,,
134,rnd_1,random,1,4,9872.75,20.0,60.0,30.0,0.5,10.0,30.0,-127.25,4215.0,,
135,fair_1,fair,1,4,9858.75,20.0,60.0,6.0,0.1,-14.0,54.0,-141.25,5988.45,,
135,max_1,max,1,4,9844.75,20.0,60.0,6.0,0.1,-14.0,54.0,-155.25,3667.8,,
135,rnd_1,random,1,4,9869.75,20.0,60.0,45.0,0.75,25.0,15.0,-130.25,4230.0,,
136,fair_1,fair,1,4,9855.75,20.0,60.0,6.0,0.1,-14.0,54.0,-144.25,6042.45,,
136,max_1,max,1,4,9841.75,20.0,60.0,6.0,0.1,-14.0,54.0,-158.25,3721.8,,
136,rnd_1,random,1,4,9836.75,20.0,60.0,15.0,0.25,-5.0,45.0,-163.25,4275.0,,
137,fair_1,fair,1,4,9822.75,20.0,60.0,6.0,0.1,-14.0,54.0,-177.25,6096.45,,
137,max_1,max,1,4,9802.75,20.0,60.0,0.0,0.0,-20.0,60.0,-197.25,3781.8,,
137,rnd_1,random,1,4,9827.75,20.0,60.0,45.0,0.75,25.0,15.0,-172.25,4290.0,,
138,fair_1,fair,1,4,9813.75,20.0,60.0,6.0,0.1,-14.0,54.0,-186.25,6150.45,,
138,max_1,max,1,4,9799.75,20.0,60.0,6.0,0.1,-14.0,54.0,-200.25,3835.8,,
138,rnd_1,random,1,4,9779.75,20.0,60.0,0.0,0.0,-20.0,60.0,-220.25,4350.0,,
139,fair_1,fair,1,4,9765.75,20.0,60.0,6.0,0.1,-14.0,54.0,-234.25,6204.45,,
139,max_1,max,1,4,9751.75,20.0,60.0,6.0,0.1,-14.0,54.0,-248.25,3889.8,,
139,rnd_1,random,1,4,9761.75,20.0,60.0,30.0,0.5,10.0,30.0,-238.25,4380.0,,
140,fair_1,fair,1,4,9747.75,20.0,60.0,6.0,0.1,-14.0,54.0,-252.25,6258.45,,
140,max_1,max,1,4,9727.75,20.0,60.0,0.0,0.0,-20.0,60.0,-272.25,3949.8,,
140,rnd_1,random,1,4,9767.75,20.0,60.0,60.0,1.0,40.0,0.0,-232.25,4380.0,,
141,fair_1,fair,1,4,9807.75,20.0,60.0,60.0,1.0,40.0,0.0,-192.25,6258.45,,
141,max_1,max,1,4,9793.75,20.0,60.0,6.0,0.1,-14.0,54.0,-206.25,4003.8,,
141,rnd_1,random,1,4,9788.75,20.0,60.0,15.0,0.25,-5.0,45.0,-211.25,4425.0,,
142,fair_1,fair,1,4,9774.75,20.0,60.0,6.0,0.1,-14.0,54.0,-225.25,6312.45,,
142,max_1,max,1,4,9760.75,20.0,60.0,6.0,0.1,-14.0,54.0,-239.25,4057.8,,
142,rnd_1,random,1,4,9800.75,20.0,60.0,60.0,1.0,40.0,0.0,-199.25,4425.0,,
143,fair_1,fair,1,4,9786.75,20.0,60.0,6.0,0.1,-14.0,54.0,-213.25,6366.45,,
143,max_1,max,1,4,9766.75,20.0,60.0,0.0,0.0,-20.0,60.0,-233.25,4117.8,,
143,rnd_1,random,1,4,9746.75,20.0,60.0,0.0,0.0,-20.0,60.0,-253.25,4485.0,,
144,fair_1,fair,1,4,9732.75,20.0,60.0,6.0,0.1,-14.0,54.0,-267.25,6420.45,,
144,max_1,max,1,4,9712.75,20.0,60.0,0.0,0.0,-20.0,60.0,-287.25,4177.8,,
144,rnd_1,random,1,4,9722.75,20.0,60.0,30.0,0.5,10.0,30.0,-277.25,4515.0,,
145,fair_1,fair,1,4,9717.75,20.0,60.0,15.0,0.25,-5.0,45.0,-282.25,6465.45,,
145,max_1,max,1,4,9703.75,20.0,60.0,6.0,0.1,-14.0,54.0,-296.25,4231.8,,
145,rnd_1,random,1,4,9743.75,20.0,60.0,60.0,1.0,40.0,0.0,-256.25,4515.0,,
146,fair_1,fair,1,4,9783.75,20.0,60.0,60.0,1.0,40.0,0.0,-216.25,6465.45,,
146,max_1,max,1,4,9769.75,20.0,60.0,6.0,0.1,-14.0,54.0,-230.25,4285.8,,
146,rnd_1,random,1,4,9809.75,20.0,60.0,60.0,1.0,40.0,0.0,-190.25,4515.0,,
147,fair_1,fair,1,4,9795.75,20.0,60.0,6.0,0.1,-14.0,54.0,-204.25,6519.45,,
147,max_1,max,1,4,9775.75,20.0,60.0,0.0,0.0,-20.0,60.0,-224.25,4345.8,,
147,rnd_1,random,1,4,9770.75,20.0,60.0,15.0,0.25,-5.0,45.0,-229.25,4560.0,,
148,fair_1,fair,1,4,9756.75,20.0,60.0,6.0,0.1,-14.0,54.0,-243.25,6573.45,,
148,max_1,max,1,4,9736.75,20.0,60.0,0.0,0.0,-20.0,60.0,-263.25,4405.8,,
148,rnd_1,random,1,4,9731.75,20.0,60.0,15.0,0.25,-5.0,45.0,-268.25,4605.0,,
149,fair_1,fair,1,4,9717.75,20.0,60.0,6.0,0.1,-14.0,54.0,-282.25,6627.45,,
149,max_1,max,1,4,9703.75,20.0,60.0,6.0,0.1,-14.0,54.0,-296.25,4459.8,,
149,rnd_1,random,1,4,9713.75,20.0,60.0,30.0,0.5,10.0,30.0,-286.25,4635.0,,
150,fair_1,fair,1,4,9708.75,20.0,60.0,15.0,0.25,-5.0,45.0,-291.25,6672.45,,
150,max_1,max,1,4,9694.75,20.0,60.0,6.0,0.1,-14.0,54.0,-305.25,4513.8,,
150,rnd_1,random,1,4,9689.75,20.0,60.0,15.0,0.25,-5.0,45.0,-310.25,4680.0,,
151,fair_1,fair,1,4,9675.75,20.0,60.0,6.0,0.1,-14.0,54.0,-324.25,6726.45,,
151,max_1,max,1,4,9655.75,20.0,60.0,0.0,0.0,-20.0,60.0,-344.25,4573.8,,
151,rnd_1,random,1,4,9695.75,20.0,60.0,60.0,1.0,40.0,0.0,-304.25,4680.0,,
152,fair_1,fair,1,4,9681.75,20.0,60.0,6.0,0.1,-14.0,54.0,-318.25,6780.45,,
152,max_1,max,1,4,9667.75,20.0,60.0,6.0,0.1,-14.0,54.0,-332.25,4627.8,,
152,rnd_1,random,1,4,9707.75,20.0,60.0,60.0,1.0,40.0,0.0,-292.25,4680.0,,
153,fair_1,fair,1,4,9747.75,20.0,60.0,60.0,1.0,40.0,0.0,-252.25,6780.45,,
153,max_1,max,1,4,9733.75,20.0,60.0,6.0,0.1,-14.0,54.0,-266.25,4681.8,,
153,rnd_1,random,1,4,9713.75,20.0,60.0,0.0,0.0,-20.0,60.0,-286.25,4740.0,,
154,fair_1,fair,1,4,9699.75,20.0,60.0,6.0,0.1,-14.0,54.0,-300.25,6834.45,,
154,max_1,max,1,4,9679.75,20.0,60.0,0.0,0.0,-20.0,60.0,-320.25,4741.8,,
154,rnd_1,random,1,4,9719.75,20.0,60.0,60.0,1.0,40.0,0.0,-280.25,4740.0,,
155,fair_1,fair,1,4,9705.75,20.0,60.0,6.0,0.1,-14.0,54.0,-294.25,6888.45,,
155,max_1,max,1,4,9691.75,20.0,60.0,6.0,0.1,-14.0,54.0,-308.25,4795.8,,
155,rnd_1,random,1,4,9701.75,20.0,60.0,30.0,0.5,10.0,30.0,-298.25,4770.0,,
156,fair_1,fair,1,4,9687.75,20.0,60.0,6.0,0.1,-14.0,54.0,-312.25,6942.45,,
156,max_1,max,1,4,9673.75,20.0,60.0,6.0,0.1,-14.0,54.0,-326.25,4849.8,,
156,rnd_1,random,1,4,9698.75,20.0,60.0,45.0,0.75,25.0,15.0,-301.25,4785.0,,
157,fair_1,fair,1,4,9693.75,20.0,60.0,15.0,0.25,-5.0,45.0,-306.25,6987.45,,
157,max_1,max,1,4,9679.75,20.0,60.0,6.0,0.1,-14.0,54.0,-320.25,4903.8,,
157,rnd_1,random,1,4,9659.75,20.0,60.0,0.0,0.0,-20.0,60.0,-340.25,4845.0,,
158,fair_1,fair,1,4,9645.75,20.0,60.0,6.0,0.1,-14.0,54.0,-354.25,7041.45,,
158,max_1,max,1,4,9625.75,20.0,60.0,0.0,0.0,-20.0,60.0,-374.25,4963.8,,
158,rnd_1,random,1,4,9605.75,20.0,60.0,0.0,0.0,-20.0,60.0,-394.25,4905.0,,
159,fair_1,fair,1,4,9591.75,20.0,60.0,6.0,0.1,-14.0,54.0,-408.25,7095.45,,
159,max_1,max,1,4,9571.75,20.0,60.0,0.0,0.0,-20.0,60.0,-428.25,5023.8,,
159,rnd_1,random,1,4,9581.75,20.0,60.0,30.0,0.5,10.0,30.0,-418.25,4935.0,,
160,fair_1,fair,1,4,9567.75,20.0,60.0,6.0,0.1,-14.0,54.0,-432.25,7149.45,,
160,max_1,max,1,4,9553.75,20.0,60.0,6.0,0.1,-14.0,54.0,-446.25,5077.8,,
160,rnd_1,random,1,4,9563.75,20.0,60.0,30.0,0.5,10.0,30.0,-436.25,4965.0,,
161,fair_1,fair,1,4,9549.75,20.0,60.0,6.0,0.1,-14.0,54.0,-450.25,7203.45,,
161,max_1,max,1,4,9535.75,20.0,60.0,6.0,0.1,-14.0,54.0,-464.25,5131.8,,
161,rnd_1,random,1,4,9530.75,20.0,60.0,15.0,0.25,-5.0,45.0,-469.25,5010.0,,
162,fair_1,fair,1,4,9516.75,20.0,60.0,6.0,0.1,-14.0,54.0,-483.25,7257.45,,
162,max_1,max,1,4,9496.75,20.0,60.0,0.0,0.0,-20.0,60.0,-503.25,5191.8,,
162,rnd_1,random,1,4,9476.75,20.0,60.0,0.0,0.0,-20.0,60.0,-523.25,5070.0,,
163,fair_1,fair,1,4,9462.75,20.0,60.0,6.0,0.1,-14.0,54.0,-537.25,7311.45,,
163,max_1,max,1,4,9442.75,20.0,60.0,0.0,0.0,-20.0,60.0,-557.25,5251.8,,
163,rnd_1,random,1,4,9437.75,20.0,60.0,15.0,0.25,-5.0,45.0,-562.25,5115.0,,
164,fair_1,fair,1,4,9423.75,20.0,60.0,6.0,0.1,-14.0,54.0,-576.25,7365.45,,
164,max_1,max,1,4,9409.75,20.0,60.0,6.0,0.1,-14.0,54.0,-590.25,5305.8,,
164,rnd_1,random,1,4,9449.75,20.0,60.0,60.0,1.0,40.0,0.0,-550.25,5115.0,,
165,fair_1,fair,1,4,9489.75,20.0,60.0,60.0,1.0,40.0,0.0,-510.25,7365.45,,
165,max_1,max,1,4,9475.75,20.0,60.0,6.0,0.1,-14.0,54.0,-524.25,5359.8,,
165,rnd_1,random,1,4,9455.75,20.0,60.0,0.0,0.0,-20.0,60.0,-544.25,5175.0,,
166,fair_1,fair,1,4,9441.75,20.0,60.0,6.0,0.1,-14.0,54.0,-558.25,7419.45,,
166,max_1,max,1,4,9421.75,20.0,60.0,0.0,0.0,-20.0,60.0,-578.25,5419.8,,
166,rnd_1,random,1,4,9401.75,20.0,60.0,0.0,0.0,-20.0,60.0,-598.25,5235.0,,
167,fair_1,fair,1,4,9387.75,20.0,60.0,6.0,0.1,-14.0,54.0,-612.25,7473.45,,
167,max_1,max,1,4,9367.75,20.0,60.0,0.0,0.0,-20.0,60.0,-632.25,5479.8,,
167,rnd_1,random,1,4,9392.75,20.0,60.0,45.0,0.75,25.0,15.0,-607.25,5250.0,,
168,fair_1,fair,1,4,9378.75,20.0,60.0,6.0,0.1,-14.0,54.0,-621.25,7527.45,,
168,max_1,max,1,4,9364.75,20.0,60.0,6.0,0.1,-14.0,54.0,-635.25,5533.8,,
168,rnd_1,random,1,4,9344.75,20.0,60.0,0.0,0.0,-20.0,60.0,-655.25,5310.0,,
169,fair_1,fair,1,4,9330.75,20.0,60.0,6.0,0.1,-14.0,54.0,-669.25,7581.45,,
169,max_1,max,1,4,9316.75,20.0,60.0,6.0,0.1,-14.0,54.0,-683.25,5587.8,,
169,rnd_1,random,1,4,9356.75,20.0,60.0,60.0,1.0,40.0,0.0,-643.25,5310.0,,
170,fair_1,fair,1,4,9396.75,20.0,60.0,60.0,1.0,40.0,0.0,-603.25,7581.45,,
170,max_1,max,1,4,9382.75,20.0,60.0,6.0,0.1,-14.0,54.0,-617.25,5641.8,,
170,rnd_1,random,1,4,9377.75,20.0,60.0,15.0,0.25,-5.0,45.0,-622.25,5355.0,,
171,fair_1,fair,1,4,9363.75,20.0,60.0,6.0,0.1,-14.0,54.0,-636.25,7635.45,,
171,max_1,max,1,4,9343.75,20.0,60.0,0.0,0.0,-20.0,60.0,-656.25,5701.8,,
171,rnd_1,random,1,4,9338.75,20.0,60.0,15.0,0.25,-5.0,45.0,-661.25,5400.0,,
172,fair_1,fair,1,4,9324.75,20.0,60.0,6.0,0.1,-14.0,54.0,-675.25,7689.45,,
172,max_1,max,1,4,9304.75,20.0,60.0,0.0,0.0,-20.0,60.0,-695.25,5761.8,,
172,rnd_1,random,1,4,9329.75,20.0,60.0,45.0,0.75,25.0,15.0,-670.25,5415.0,,
173,fair_1,fair,1,4,9315.75,20.0,60.0,6.0,0.1,-14.0,54.0,-684.25,7743.45,,
173,max_1,max,1,4,9301.75,20.0,60.0,6.0,0.1,-14.0,54.0,-698.25,5815.8,,
173,rnd_1,random,1,4,9341.75,20.0,60.0,60.0,1.0,40.0,0.0,-658.25,5415.0,,
174,fair_1,fair,1,4,9336.75,20.0,60.0,15.0,0.25,-5.0,45.0,-663.25,7788.45,,
174,max_1,max,1,4,9322.75,20.0,60.0,6.0,0.1,-14.0,54.0,-677.25,5869.8,,
174,rnd_1,random,1,4,9317.75,20.0,60.0,15.0,0.25,-5.0,45.0,-682.25,5460.0,,
175,fair_1,fair,1,4,9303.75,20.0,60.0,6.0,0.1,-14.0,54.0,-696.25,7842.45,,
175,max_1,max,1,4,9283.75,20.0,60.0,0.0,0.0,-20.0,60.0,-716.25,5929.8,,
175,rnd_1,random,1,4,9293.75,20.0,60.0,30.0,0.5,10.0,30.0,-706.25,5490.0,,
176,fair_1,fair,1,4,9279.75,20.0,60.0,6.0,0.1,-14.0,54.0,-720.25,7896.45,,
176,max_1,max,1,4,9259.75,20.0,60.0,0.0,0.0,-20.0,60.0,-740.25,5989.8,,
176,rnd_1,random,1,4,9299.75,20.0,60.0,60.0,1.0,40.0,0.0,-700.25,5490.0,,
177,fair_1,fair,1,4,9339.75,20.0,60.0,60.0,1.0,40.0,0.0,-660.25,7896.45,,
177,max_1,max,1,4,9325.75,20.0,60.0,6.0,0.1,-14.0,54.0,-674.25,6043.8,,
177,rnd_1,random,1,4,9365.75,20.0,60.0,60.0,1.0,40.0,0.0,-634.25,5490.0,,
178,fair_1,fair,1,4,9351.75,20.0,60.0,6.0,0.1,-14.0,54.0,-648.25,7950.45,,
178,max_1,max,1,4,9337.75,20.0,60.0,6.0,0.1,-14.0,54.0,-662.25,6097.8,,
178,rnd_1,random,1,4,9362.75,20.0,60.0,45.0,0.75,25.0,15.0,-637.25,5505.0,,
179,fair_1,fair,1,4,9348.75,20.0,60.0,6.0,0.1,-14.0,54.0,-651.25,8004.45,,
179,max_1,max,1,4,9328.75,20.0,60.0,0.0,0.0,-20.0,60.0,-671.25,6157.8,,
179,rnd_1,random,1,4,9323.75,20.0,60.0,15.0,0.25,-5.0,45.0,-676.25,5550.0,,
180,fair_1,fair,1,4,9309.75,20.0,60.0,6.0,0.1,-14.0,54.0,-690.25,8058.45,,
180,max_1,max,1,4,9289.75,20.0,60.0,0.0,0.0,-20.0,60.0,-710.25,6217.8,,
180,rnd_1,random,1,4,9329.75,20.0,60.0,60.0,1.0,40.0,0.0,-670.25,5550.0,,
181,fair_1,fair,1,4,9324.75,20.0,60.0,15.0,0.25,-5.0,45.0,-675.25,8103.45,,
181,max_1,max,1,4,9310.75,20.0,60.0,6.0,0.1,-14.0,54.0,-689.25,6271.8,,
181,rnd_1,random,1,4,9305.75,20.0,60.0,15.0,0.25,-5.0,45.0,-694.25,5595.0,,
182,fair_1,fair,1,4,9291.75,20.0,60.0,6.0,0.1,-14.0,54.0,-708.25,8157.45,,
182,max_1,max,1,4,9277.75,20.0,60.0,6.0,0.1,-14.0,54.0,-722.25,6325.8,,
182,rnd_1,random,1,4,9287.75,20.0,60.0,30.0,0.5,10.0,30.0,-712.25,5625.0,,
183,fair_1,fair,1,4,9273.75,20.0,60.0,6.0,0.1,-14.0,54.0,-726.25,8211.45,,
183,max_1,max,1,4,9253.75,20.0,60.0,0.0,0.0,-20.0,60.0,-746.25,6385.8,,
183,rnd_1,random,1,4,9278.75,20.0,60.0,45.0,0.75,25.0,15.0,-721.25,5640.0,,
184,fair_1,fair,1,4,9264.75,20.0,60.0,6.0,0.1,-14.0,54.0,-735.25,8265.45,,
184,max_1,max,1,4,9250.75,20.0,60.0,6.0,0.1,-14.0,54.0,-749.25,6439.8,,
184,rnd_1,random,1,4,9260.75,20.0,60.0,30.0,0.5,10.0,30.0,-739.25,5670.0,,
185,fair_1,fair,1,4,9246.75,20.0,60.0,6.0,0.1,-14.0,54.0,-753.25,8319.45,,
185,max_1,max,1,4,9232.75,20.0,60.0,6.0,0.1,-14.0,54.0,-767.25,6493.8,,
185,rnd_1,random,1,4,9257.75,20.0,60.0,45.0,0.75,25.0,15.0,-742.25,5685.0,,
186,fair_1,fair,1,4,9243.75,20.0,60.0,6.0,0.1,-14.0,54.0,-756.25,8373.45,,
186,max_1,max,1,4,9223.75,20.0,60.0,0.0,0.0,-20.0,60.0,-776.25,6553.8,,
186,rnd_1,random,1,4,9263.75,20.0,60.0,60.0,1.0,40.0,0.0,-736.25,5685.0,,
187,fair_1,fair,1,4,9303.75,20.0,60.0,60.0,1.0,40.0,0.0,-696.25,8373.45,,
187,max_1,max,1,4,9289.75,20.0,60.0,6.0,0.1,-14.0,54.0,-710.25,6607.8,,
187,rnd_1,random,1,4,9314.75,20.0,60.0,45.0,0.75,25.0,15.0,-685.25,5700.0,,
188,fair_1,fair,1,4,9300.75,20.0,60.0,6.0,0.1,-14.0,54.0,-699.25,8427.45,,
188,max_1,max,1,4,9286.75,20.0,60.0,6.0,0.1,-14.0,54.0,-713.25,6661.8,,
188,rnd_1,random,1,4,9266.75,20.0,60.0,0.0,0.0,-20.0,60.0,-733.25,5760.0,,
189,fair_1,fair,1,4,9252.75,20.0,60.0,6.0,0.1,-14.0,54.0,-747.25,8481.45,,
189,max_1,max,1,4,9232.75,20.0,60.0,0.0,0.0,-20.0,60.0,-767.25,6721.8,,
189,rnd_1,random,1,4,9227.75,20.0,60.0,15.0,0.25,-5.0,45.0,-772.25,5805.0,,
190,fair_1,fair,1,4,9213.75,20.0,60.0,6.0,0.1,-14.0,54.0,-786.25,8535.45,,
190,max_1,max,1,4,9193.75,20.0,60.0,0.0,0.0,-20.0,60.0,-806.25,6781.8,,
190,rnd_1,random,1,4,9188.75,20.0,60.0,15.0,0.25,-5.0,45.0,-811.25,5850.0,,
191,fair_1,fair,1,4,9174.75,20.0,60.0,6.0,0.1,-14.0,54.0,-825.25,8589.45,,
191,max_1,max,1,4,9160.75,20.0,60.0,6.0,0.1,-14.0,54.0,-839.25,6835.8,,
191,rnd_1,random,1,4,9140.75,20.0,60.0,0.0,0.0,-20.0,60.0,-859.25,5910.0,,
192,fair_1,fair,1,4,9126.75,20.0,60.0,6.0,0.1,-14.0,54.0,-873.25,8643.45,,
192,max_1,max,1,4,9112.75,20.0,60.0,6.0,0.1,-14.0,54.0,-887.25,6889.8,,
192,rnd_1,random,1,4,9122.75,20.0,60.0,30.0,0.5,10.0,30.0,-877.25,5940.0,,
193,fair_1,fair,1,4,9108.75,20.0,60.0,6.0,0.1,-14.0,54.0,-891.25,8697.45,,
193,max_1,max,1,4,9088.75,20.0,60.0,0.0,0.0,-20.0,60.0,-911.25,6949.8,,
193,rnd_1,random,1,4,9068.75,20.0,60.0,0.0,0.0,-20.0,60.0,-931.25,6000.0,,
194,fair_1,fair,1,4,9054.75,20.0,60.0,6.0,0.1,-14.0,54.0,-945.25,8751.45,,
194,max_1,max,1,4,9034.75,20.0,60.0,0.0,0.0,-20.0,60.0,-965.25,7009.8,,
194,rnd_1,random,1,4,9074.75,20.0,60.0,60.0,1.0,40.0,0.0,-925.25,6000.0,,
195,fair_1,fair,1,4,9114.75,20.0,60.0,60.0,1.0,40.0,0.0,-885.25,8751.45,,
195,max_1,max,1,4,9100.75,20.0,60.0,6.0,0.1,-14.0,54.0,-899.25,7063.8,,
195,rnd_1,random,1,4,9140.75,20.0,60.0,60.0,1.0,40.0,0.0,-859.25,6000.0,,
196,fair_1,fair,1,4,9126.75,20.0,60.0,6.0,0.1,-14.0,54.0,-873.25,8805.45,,
196,max_1,max,1,4,9112.75,20.0,60.0,6.0,0.1,-14.0,54.0,-887.25,7117.8,,
196,rnd_1,random,1,4,9107.75,20.0,60.0,15.0,0.25,-5.0,45.0,-892.25,6045.0,,
197,fair_1,fair,1,4,9093.75,20.0,60.0,6.0,0.1,-14.0,54.0,-906.25,8859.45,,
197,max_1,max,1,4,9073.75,20.0,60.0,0.0,0.0,-20.0,60.0,-926.25,7177.8,,
197,rnd_1,random,1,4,9113.75,20.0,60.0,60.0,1.0,40.0,0.0,-886.25,6045.0,,
198,fair_1,fair,1,4,9099.75,20.0,60.0,6.0,0.1,-14.0,54.0,-900.25,8913.45,,
198,max_1,max,1,4,9085.75,20.0,60.0,6.0,0.1,-14.0,54.0,-914.25,7231.8,,
198,rnd_1,random,1,4,9080.75,20.0,60.0,15.0,0.25,-5.0,45.0,-919.25,6090.0,,
199,fair_1,fair,1,4,9066.75,20.0,60.0,6.0,0.1,-14.0,54.0,-933.25,8967.45,,
199,max_1,max,1,4,9052.75,20.0,60.0,6.0,0.1,-14.0,54.0,-947.25,7285.8,,
199,rnd_1,random,1,4,9032.75,20.0,60.0,0.0,0.0,-20.0,60.0,-967.25,6150.0,,
200,fair_1,fair,1,4,9018.75,20.0,60.0,6.0,0.1,-14.0,54.0,-981.25,9021.45,"[-0.19640131294727325, 0.38746377825737, -0.4361041188240051, 0.16380450129508972, -0.08490172028541565, -0.20397913455963135, -0.5018280148506165, 0.01306091994047165, 0.22236792743206024, 0.0741828978061676, -0.6957862377166748, -0.24001950025558472, 0.48230940103530884, -0.26188546419143677, 0.6537280082702637, 0.6773052215576172, -0.12405239045619965, 0.8896040320396423, -0.5375577807426453, 0.20940358936786652, -0.24175655841827393, 0.38191235065460205, -0.3800655007362366, -0.7522259950637817, 0.26798561215400696, 0.23122195899486542, -0.15002767741680145, -0.4136853814125061, 0.003657788038253784, -0.9883438944816589, -0.09043850749731064, -0.010825090110301971, -0.7794974446296692, -0.41165053844451904, -0.14516492187976837, 0.22567588090896606, -0.5592800378799438, 0.9968162775039673, 0.1990775614976883, 0.9855056405067444, -0.24792970716953278, -0.09781471639871597, -0.26267194747924805, 0.008588059805333614, -0.15857529640197754, -0.1183544248342514, -0.368983656167984, 0.9207561612129211, 0.24112379550933838, -0.44656944274902344, 0.11954937130212784, -0.1318497210741043, -0.4239363968372345, -0.19774889945983887, 0.4548250734806061, 0.029392361640930176, -0.27996066212654114, -0.7431880235671997, 0.12453766167163849, -0.09192240238189697, 0.414345383644104, -0.3958668112754822, 0.9824357628822327, 0.2780469059944153]","{""own"": [20.0, 6.0, 20.0, 6.0, 20.0, 6.0, 20.0, 6.0], ""others"": [20.0, 6.0, 20.0, 0.0]}"
200,max_1,max,1,4,8998.75,20.0,60.0,0.0,0.0,-20.0,60.0,-1001.25,7345.8,"[-0.13287456333637238, 0.3938792943954468, -0.4652375280857086, 0.3003945052623749, -0.13604305684566498, -0.23964747786521912, -0.5732872486114502, -0.10012036561965942, 0.25477007031440735, 0.0816195160150528, -0.7678959369659424, -0.22626520693302155, 0.5377867221832275, -0.2152079939842224, 0.6837592720985413, 0.6600064039230347, -0.11684386432170868, 0.9460086226463318, -0.5181612968444824, 0.24605488777160645, -0.23939526081085205, 0.45949408411979675, -0.4122970700263977, -0.7567422986030579, 0.2932421565055847, 0.2428821623325348, -0.1439422219991684, -0.40621164441108704, -0.053308840841054916, -0.9956960082054138, -0.20135413110256195, 0.014778785407543182, -0.7999469041824341, -0.5315274596214294, -0.14228512346744537, 0.2043885588645935, -0.5351071357727051, 0.9980674982070923, 0.17053629457950592, 0.9845952987670898, -0.15068502724170685, -0.09923470765352249, -0.24497108161449432, 0.029874583706259727, -0.0716923251748085, -0.12368161231279373, -0.3866046667098999, 0.9238156080245972, 0.31296831369400024, -0.48241040110588074, 0.28508609533309937, -0.12565311789512634, -0.492686927318573, -0.2206886112689972, 0.4698273539543152, -0.006257267668843269, -0.28253093361854553, -0.6509526968002319, 0.1242918148636818, -0.10138742625713348, 0.42897841334342957, -0.3731575012207031, 0.9847270250320435, 0.3405306935310364]","{""own"": [20.0, 6.0, 20.0, 0.0, 20.0, 6.0, 20.0, 6.0], ""others"": [20.0, 6.0, 20.0, 0.0]}"
200,rnd_1,random,1,4,8978.75,20.0,60.0,0.0,0.0,-20.0,60.0,-1021.25,6210.0,"[-0.2721143960952759, 0.3882456123828888, -0.3007124662399292, -0.005982935428619385, -0.043890684843063354, -0.044923312962055206, -0.49136316776275635, 0.04973699152469635, 0.19681231677532196, 0.08329635858535767, -0.6960694193840027, -0.2689778506755829, 0.33746999502182007, -0.23876340687274933, 0.5673862099647522, 0.7550971508026123, -0.1258200705051422, 0.7882499694824219, -0.6536370515823364, 0.2500748038291931, -0.2747188210487366, 0.15822207927703857, -0.36276960372924805, -0.7441892027854919, 0.20878078043460846, 0.19158747792243958, -0.15961316227912903, -0.43727758526802063, 0.09934113174676895, -0.9748743176460266, 0.0919073075056076, -0.06765249371528625, -0.8241776823997498, -0.23347881436347961, -0.24706774950027466, 0.20877501368522644, -0.6128851771354675, 0.9947580099105835, 0.21639829874038696, 0.992350161075592, -0.6961827278137207, -0.12679943442344666, -0.33896881341934204, 0.023857079446315765, -0.1890498846769333, -0.14369741082191467, -0.18793267011642456, 0.9474017024040222, 0.16427810490131378, -0.3660696744918823, -0.052020154893398285, -0.09169288724660873, -0.36111241579055786, -0.2244727462530136, 0.392826646566391, 0.04617290198802948, -0.27908000349998474, -0.7048114538192749, 0.16596302390098572, -0.027187518775463104, 0.37298470735549927, -0.44662046432495117, 0.9846183061599731, 0.16760584712028503]","{""own"": [20.0, 15.0, 20.0, 60.0, 20.0, 15.0, 20.0, 0.0], ""others"": [20.0, 6.0, 20.0, 0.0]}"
201,fair_1,fair,1,4,8964.75,20.0,60.0,6.0,0.1,-14.0,54.0,-1035.25,9075.45,,
201,max_1,max,1,4,8944.75,20.0,60.0,0.0,0.0,-20.0,60.0,-1055.25,7405.8,,
201,rnd_1,random,1,4,8924.75,20.0,60.0,0.0,0.0,-20.0,60.0,-1075.25,6270.0,,
202,fair_1,fair,1,4,8910.75,20.0,60.0,6.0,0.1,-14.0,54.0,-1089.25,9129.45,,
202,max_1,max,1,4,8896.75,20.0,60.0,6.0,0.1,-14.0,54.0,-1103.25,7459.8,,
202,rnd_1,random,1,4,8891.75,20.0,60.0,15.0,0.25,-5.0,45.0,-1108.25,6315.0,,
203,fair_1,fair,1,4,8877.75,20.0,60.0,6.0,0.1,-14.0,54.0,-1122.25,9183.45,,
203,max_1,max,1,4,8863.75,20.0,60.0,6.0,0.1,-14.0,54.0,-1136.25,7513.8,,
203,rnd_1,random,1,4,8843.75,20.0,60.0,0.0,0.0,-20.0,60.0,-1156.25,6375.0,,
204,fair_1,fair,1,4,8829.75,20.0,60.0,6.0,0.1,-14.0,54.0,-1170.25,9237.45,,
204,max_1,max,1,4,8809.75,20.0,60.0,0.0,0.0,-20.0,60.0,-1190.25,7573.8,,
204,rnd_1,random,1,4,8789.75,20.0,60.0,0.0,0.0,-20.0,60.0,-1210.25,6435.0,,
205,fair_1,fair,1,4,8775.75,20.0,60.0,6.0,0.1,-14.0,54.0,-1224.25,9291.45,,
205,max_1,max,1,4,8755.75,20.0,60.0,0.0,0.0,-20.0,60.0,-1244.25,7633.8,,
205,rnd_1,random,1,4,8765.75,20.0,60.0,30.0,0.5,10.0,30.0,-1234.25,6465.0,,
206,fair_1,fair,1,4,8751.75,20.0,60.0,6.0,0.1,-14.0,54.0,-1248.25,9345.45,,
206,max_1,max,1,4,8737.75,20.0,60.0,6.0,0.1,-14.0,54.0,-1262.25,7687.8,,
206,rnd_1,random,1,4,8717.75,20.0,60.0,0.0,0.0,-20.0,60.0,-1282.25,6525.0,,
207,fair_1,fair,1,4,8703.75,20.0,60.0,6.0,0.1,-14.0,54.0,-1296.25,9399.45,,
207,max_1,max,1,4,8689.75,20.0,60.0,6.0,0.1,-14.0,54.0,-1310.25,7741.8,,
207,rnd_1,random,1,4,8729.75,20.0,60.0,60.0,1.0,40.0,0.0,-1270.25,6525.0,,
208,fair_1,fair,1,4,8769.75,20.0,60.0,60.0,1.0,40.0,0.0,-1230.25,9399.45,,
208,max_1,max,1,4,8755.75,20.0,60.0,6.0,0.1,-14.0,54.0,-1244.25,7795.8,,
208,rnd_1,random,1,4,8750.75,20.0,60.0,15.0,0.25,-5.0,45.0,-1249.25,6570.0,,
209,fair_1,fair,1,4,8736.75,20.0,60.0,6.0,0.1,-14.0,54.0,-1263.25,9453.45,,
209,max_1,max,1,4,8716.75,20.0,60.0,0.0,0.0,-20.0,60.0,-1283.25,7855.8,,
209,rnd_1,random,1,4,8726.75,20.0,60.0,30.0,0.5,10.0,30.0,-1273.25,6600.0,,
210,fair_1,fair,1,4,8712.75,20.0,60.0,6.0,0.1,-14.0,54.0,-1287.25,9507.45,,
210,max_1,max,1,4,8692.75,20.0,60.0,0.0,0.0,-20.0,60.0,-1307.25,7915.8,,
210,rnd_1,random,1,4,8717.75,20.0,60.0,45.0,0.75,25.0,15.0,-1282.25,6615.0,,
211,fair_1,fair,1,4,8703.75,20.0,60.0,6.0,0.1,-14.0,54.0,-1296.25,9561.45,,
211,max_1,max,1,4,8689.75,20.0,60.0,6.0,0.1,-14.0,54.0,-1310.25,7969.8,,
211,rnd_1,random,1,4,8684.75,20.0,60.0,15.0,0.25,-5.0,45.0,-1315.25,6660.0,,
212,fair_1,fair,1,4,8670.75,20.0,60.0,6.0,0.1,-14.0,54.0,-1329.25,9615.45,,
212,max_1,max,1,4,8656.75,20.0,60.0,6.0,0.1,-14.0,54.0,-1343.25,8023.8,,
212,rnd_1,random,1,4,8696.75,20.0,60.0,60.0,1.0,40.0,0.0,-1303.25,6660.0,,
213,fair_1,fair,1,4,8736.75,20.0,60.0,60.0,1.0,40.0,0.0,-1263.25,9615.45,,
213,max_1,max,1,4,8722.75,20.0,60.0,6.0,0.1,-14.0,54.0,-1277.25,8077.8,,
213,rnd_1,random,1,4,8717.75,20.0,60.0,15.0,0.25,-5.0,45.0,-1282.25,6705.0,,
214,fair_1,fair,1,4,8703.75,20.0,60.0,6.0,0.1,-14.0,54.0,-1296.25,9669.45,,
214,max_1,max,1,4,8683.75,20.0,60.0,0.0,0.0,-20.0,60.0,-1316.25,8137.8,,
214,rnd_1,random,1,4,8723.75,20.0,60.0,60.0,1.0,40.0,0.0,-1276.25,6705.0,,
215,fair_1,fair,1,4,8709.75,20.0,60.0,6.0,0.1,-14.0,54.0,-1290.25,9723.45,,
215,max_1,max,1,4,8695.75,20.0,60.0,6.0,0.1,-14.0,54.0,-1304.25,8191.8,,
215,rnd_1,random,1,4,8735.75,20.0,60.0,60.0,1.0,40.0,0.0,-1264.25,6705.0,,
216,fair_1,fair,1,4,8721.75,20.0,60.0,6.0,0.1,-14.0,54.0,-1278.25,9777.45,,
216,max_1,max,1,4,8707.75,20.0,60.0,6.0,0.1,-14.0,54.0,-1292.25,8245.8,,
216,rnd_1,random,1,4,8732.75,20.0,60.0,45.0,0.75,25.0,15.0,-1267.25,6720.0,,
217,fair_1,fair,1,4,8727.75,20.0,60.0,15.0,0.25,-5.0,45.0,-1272.25,9822.45,,
217,max_1,max,1,4,8713.75,20.0,60.0,6.0,0.1,-14.0,54.0,-1286.25,8299.8,,
217,rnd_1,random,1,4,8708.75,20.0,60.0,15.0,0.25,-5.0,45.0,-1291.25,6765.0,,
218,fair_1,fair,1,4,8694.75,20.0,60.0,6.0,0.1,-14.0,54.0,-1305.25,9876.45,,
218,max_1,max,1,4,8674.75,20.0,60.0,0.0,0.0,-20.0,60.0,-1325.25,8359.8,,
218,rnd_1,random,1,4,8699.75,20.0,60.0,45.0,0.75,25.0,15.0,-1300.25,6780.0,,
219,fair_1,fair,1,4,8685.75,20.0,60.0,6.0,0.1,-14.0,54.0,-1314.25,9930.45,,
219,max_1,max,1,4,8665.75,20.0,60.0,0.0,0.0,-20.0,60.0,-1334.25,8419.8,,
219,rnd_1,random,1,4,8690.75,20.0,60.0,45.0,0.75,25.0,15.0,-1309.25,6795.0,,
220,fair_1,fair,1,4,8676.75,20.0,60.0,6.0,0.1,-14.0,54.0,-1323.25,9984.45,,
220,max_1,max,1,4,8662.75,20.0,60.0,6.0,0.1,-14.0,54.0,-1337.25,8473.8,,
220,rnd_1,random,1,4,8657.75,20.0,60.0,15.0,0.25,-5.0,45.0,-1342.25,6840.0,,
221,fair_1,fair,1,4,8643.75,20.0,60.0,6.0,0.1,-14.0,54.0,-1356.25,10038.45,,
221,max_1,max,1,4,8629.75,20.0,60.0,6.0,0.1,-14.0,54.0,-1370.25,8527.8,,
221,rnd_1,random,1,4,8609.75,20.0,60.0,0.0,0.0,-20.0,60.0,-1390.25,6900.0,,
222,fair_1,fair,1,4,8595.75,20.0,60.0,6.0,0.1,-14.0,54.0,-1404.25,10092.45,,
222,max_1,max,1,4,8575.75,20.0,60.0,0.0,0.0,-20.0,60.0,-1424.25,8587.8,,
222,rnd_1,random,1,4,8555.75,20.0,60.0,0.0,0.0,-20.0,60.0,-1444.25,6960.0,,
223,fair_1,fair,1,4,8541.75,20.0,60.0,6.0,0.1,-14.0,54.0,-1458.25,10146.45,,
223,max_1,max,1,4,8521.75,20.0,60.0,0.0,0.0,-20.0,60.0,-1478.25,8647.8,,
223,rnd_1,random,1,4,8546.75,20.0,60.0,45.0,0.75,25.0,15.0,-1453.25,6975.0,,
224,fair_1,fair,1,4,8532.75,20.0,60.0,6.0,0.1,-14.0,54.0,-1467.25,10200.45,,
224,max_1,max,1,4,8518.75,20.0,60.0,6.0,0.1,-14.0,54.0,-1481.25,8701.8,,
224,rnd_1,random,1,4,8528.75,20.0,60.0,30.0,0.5,10.0,30.0,-1471.25,7005.0,,
225,fair_1,fair,1,4,8514.75,20.0,60.0,6.0,0.1,-14.0,54.0,-1485.25,10254.45,,
225,max_1,max,1,4,8500.75,20.0,60.0,6.0,0.1,-14.0,54.0,-1499.25,8755.8,,
225,rnd_1,random,1,4,8525.75,20.0,60.0,45.0,0.75,25.0,15.0,-1474.25,7020.0,,
226,fair_1,fair,1,4,8511.75,20.0,60.0,6.0,0.1,-14.0,54.0,-1488.25,10308.45,,
226,max_1,max,1,4,8491.75,20.0,60.0,0.0,0.0,-20.0,60.0,-1508.25,8815.8,,
226,rnd_1,random,1,4,8516.75,20.0,60.0,45.0,0.75,25.0,15.0,-1483.25,7035.0,,
227,fair_1,fair,1,4,8502.75,20.0,60.0,6.0,0.1,-14.0,54.0,-1497.25,10362.45,,
227,max_1,max,1,4,8488.75,20.0,60.0,6.0,0.1,-14.0,54.0,-1511.25,8869.8,,
227,rnd_1,random,1,4,8513.75,20.0,60.0,45.0,0.75,25.0,15.0,-1486.25,7050.0,,
228,fair_1,fair,1,4,8499.75,20.0,60.0,6.0,0.1,-14.0,54.0,-1500.25,10416.45,,
228,max_1,max,1,4,8485.75,20.0,60.0,6.0,0.1,-14.0,54.0,-1514.25,8923.8,,
228,rnd_1,random,1,4,8465.75,20.0,60.0,0.0,0.0,-20.0,60.0,-1534.25,7110.0,,
229,fair_1,fair,1,4,8451.75,20.0,60.0,6.0,0.1,-14.0,54.0,-1548.25,10470.45,,
229,max_1,max,1,4,8431.75,20.0,60.0,0.0,0.0,-20.0,60.0,-1568.25,8983.8,,
229,rnd_1,random,1,4,8411.75,20.0,60.0,0.0,0.0,-20.0,60.0,-1588.25,7170.0,,
230,fair_1,fair,1,4,8397.75,20.0,60.0,6.0,0.1,-14.0,54.0,-1602.25,10524.45,,
230,max_1,max,1,4,8377.75,20.0,60.0,0.0,0.0,-20.0,60.0,-1622.25,9043.8,,
230,rnd_1,random,1,4,8357.75,20.0,60.0,0.0,0.0,-20.0,60.0,-1642.25,7230.0,,
231,fair_1,fair,1,4,8343.75,20.0,60.0,6.0,0.1,-14.0,54.0,-1656.25,10578.45,,
231,max_1,max,1,4,8329.75,20.0,60.0,6.0,0.1,-14.0,54.0,-1670.25,9097.8,,
231,rnd_1,random,1,4,8354.75,20.0,60.0,45.0,0.75,25.0,15.0,-1645.25,7245.0,,
232,fair_1,fair,1,4,8340.75,20.0,60.0,6.0,0.1,-14.0,54.0,-1659.25,10632.45,,
232,max_1,max,1,4,8326.75,20.0,60.0,6.0,0.1,-14.0,54.0,-1673.25,9151.8,,
232,rnd_1,random,1,4,8336.75,20.0,60.0,30.0,0.5,10.0,30.0,-1663.25,7275.0,,
233,fair_1,fair,1,4,8322.75,20.0,60.0,6.0,0.1,-14.0,54.0,-1677.25,10686.45,,
233,max_1,max,1,4,8302.75,20.0,60.0,0.0,0.0,-20.0,60.0,-1697.25,9211.8,,
233,rnd_1,random,1,4,8282.75,20.0,60.0,0.0,0.0,-20.0,60.0,-1717.25,7335.0,,
234,fair_1,fair,1,4,8268.75,20.0,60.0,6.0,0.1,-14.0,54.0,-1731.25,10740.45,,
234,max_1,max,1,4,8248.75,20.0,60.0,0.0,0.0,-20.0,60.0,-1751.25,9271.8,,
234,rnd_1,random,1,4,8243.75,20.0,60.0,15.0,0.25,-5.0,45.0,-1756.25,7380.0,,
235,fair_1,fair,1,4,8229.75,20.0,60.0,6.0,0.1,-14.0,54.0,-1770.25,10794.45,,
235,max_1,max,1,4,8215.75,20.0,60.0,6.0,0.1,-14.0,54.0,-1784.25,9325.8,,
235,rnd_1,random,1,4,8210.75,20.0,60.0,15.0,0.25,-5.0,45.0,-1789.25,7425.0,,
236,fair_1,fair,1,4,8196.75,20.0,60.0,6.0,0.1,-14.0,54.0,-1803.25,10848.45,,
236,max_1,max,1,4,8182.75,20.0,60.0,6.0,0.1,-14.0,54.0,-1817.25,9379.8,,
236,rnd_1,random,1,4,8177.75,20.0,60.0,15.0,0.25,-5.0,45.0,-1822.25,7470.0,,
237,fair_1,fair,1,4,8163.75,20.0,60.0,6.0,0.1,-14.0,54.0,-1836.25,10902.45,,
237,max_1,max,1,4,8143.75,20.0,60.0,0.0,0.0,-20.0,60.0,-1856.25,9439.8,,
237,rnd_1,random,1,4,8183.75,20.0,60.0,60.0,1.0,40.0,0.0,-1816.25,7470.0,,
238,fair_1,fair,1,4,8223.75,20.0,60.0,60.0,1.0,40.0,0.0,-1776.25,10902.45,,
238,max_1,max,1,4,8209.75,20.0,60.0,6.0,0.1,-14.0,54.0,-1790.25,9493.8,,
238,rnd_1,random,1,4,8234.75,20.0,60.0,45.0,0.75,25.0,15.0,-1765.25,7485.0,,
239,fair_1,fair,1,4,8220.75,20.0,60.0,6.0,0.1,-14.0,54.0,-1779.25,10956.45,,
239,max_1,max,1,4,8206.75,20.0,60.0,6.0,0.1,-14.0,54.0,-1793.25,9547.8,,
239,rnd_1,random,1,4,8201.75,20.0,60.0,15.0,0.25,-5.0,45.0,-1798.25,7530.0,,
240,fair_1,fair,1,4,8187.75,20.0,60.0,6.0,0.1,-14.0,54.0,-1812.25,11010.45,,
240,max_1,max,1,4,8167.75,20.0,60.0,0.0,0.0,-20.0,60.0,-1832.25,9607.8,,
240,rnd_1,random,1,4,8192.75,20.0,60.0,45.0,0.75,25.0,15.0,-1807.25,7545.0,,
241,fair_1,fair,1,4,8178.75,20.0,60.0,6.0,0.1,-14.0,54.0,-1821.25,11064.45,,
241,max_1,max,1,4,8164.75,20.0,60.0,6.0,0.1,-14.0,54.0,-1835.25,9661.8,,
241,rnd_1,random,1,4,8159.75,20.0,60.0,15.0,0.25,-5.0,45.0,-1840.25,7590.0,,
242,fair_1,fair,1,4,8145.75,20.0,60.0,6.0,0.1,-14.0,54.0,-1854.25,11118.45,,
242,max_1,max,1,4,8131.75,20.0,60.0,6.0,0.1,-14.0,54.0,-1868.25,9715.8,,
242,rnd_1,random,1,4,8141.75,20.0,60.0,30.0,0.5,10.0,30.0,-1858.25,7620.0,,
243,fair_1,fair,1,4,8127.75,20.0,60.0,6.0,0.1,-14.0,54.0,-1872.25,11172.45,,
243,max_1,max,1,4,8107.75,20.0,60.0,0.0,0.0,-20.0,60.0,-1892.25,9775.8,,
243,rnd_1,random,1,4,8132.75,20.0,60.0,45.0,0.75,25.0,15.0,-1867.25,7635.0,,
244,fair_1,fair,1,4,8118.75,20.0,60.0,6.0,0.1,-14.0,54.0,-1881.25,11226.45,,
244,max_1,max,1,4,8104.75,20.0,60.0,6.0,0.1,-14.0,54.0,-1895.25,9829.8,,
244,rnd_1,random,1,4,8099.75,20.0,60.0,15.0,0.25,-5.0,45.0,-1900.25,7680.0,,
245,fair_1,fair,1,4,8085.75,20.0,60.0,6.0,0.1,-14.0,54.0,-1914.25,11280.45,,
245,max_1,max,1,4,8071.75,20.0,60.0,6.0,0.1,-14.0,54.0,-1928.25,9883.8,,
245,rnd_1,random,1,4,8051.75,20.0,60.0,0.0,0.0,-20.0,60.0,-1948.25,7740.0,,
246,fair_1,fair,1,4,8037.75,20.0,60.0,6.0,0.1,-14.0,54.0,-1962.25,11334.45,,
246,max_1,max,1,4,8017.75,20.0,60.0,0.0,0.0,-20.0,60.0,-1982.25,9943.8,,
246,rnd_1,random,1,4,8042.75,20.0,60.0,45.0,0.75,25.0,15.0,-1957.25,7755.0,,
247,fair_1,fair,1,4,8028.75,20.0,60.0,6.0,0.1,-14.0,54.0,-1971.25,11388.45,,
247,max_1,max,1,4,8014.75,20.0,60.0,6.0,0.1,-14.0,54.0,-1985.25,9997.8,,
247,rnd_1,random,1,4,8054.75,20.0,60.0,60.0,1.0,40.0,0.0,-1945.25,7755.0,,
248,fair_1,fair,1,4,8094.75,20.0,60.0,60.0,1.0,40.0,0.0,-1905.25,11388.45,,
248,max_1,max,1,4,8080.75,20.0,60.0,6.0,0.1,-14.0,54.0,-1919.25,10051.8,,
248,rnd_1,random,1,4,8060.75,20.0,60.0,0.0,0.0,-20.0,60.0,-1939.25,7815.0,,
249,fair_1,fair,1,4,8046.75,20.0,60.0,6.0,0.1,-14.0,54.0,-1953.25,11442.45,,
249,max_1,max,1,4,8026.75,20.0,60.0,0.0,0.0,-20.0,60.0,-1973.25,10111.8,,
249,rnd_1,random,1,4,8006.75,20.0,60.0,0.0,0.0,-20.0,60.0,-1993.25,7875.0,,
250,fair_1,fair,1,4,7992.75,20.0,60.0,6.0,0.1,-14.0,54.0,-2007.25,11496.45,,
250,max_1,max,1,4,7972.75,20.0,60.0,0.0,0.0,-20.0,60.0,-2027.25,10171.8,,
250,rnd_1,random,1,4,8012.75,20.0,60.0,60.0,1.0,40.0,0.0,-1987.25,7875.0,,
251,fair_1,fair,1,4,7998.75,20.0,60.0,6.0,0.1,-14.0,54.0,-2001.25,11550.45,,
251,max_1,max,1,4,7984.75,20.0,60.0,6.0,0.1,-14.0,54.0,-2015.25,10225.8,,
251,rnd_1,random,1,4,7964.75,20.0,60.0,0.0,0.0,-20.0,60.0,-2035.25,7935.0,,
252,fair_1,fair,1,4,7950.75,20.0,60.0,6.0,0.1,-14.0,54.0,-2049.25,11604.45,,
252,max_1,max,1,4,7936.75,20.0,60.0,6.0,0.1,-14.0,54.0,-2063.25,10279.8,,
252,rnd_1,random,1,4,7916.75,20.0,60.0,0.0,0.0,-20.0,60.0,-2083.25,7995.0,,
253,fair_1,fair,1,4,7902.75,20.0,60.0,6.0,0.1,-14.0,54.0,-2097.25,11658.45,,
253,max_1,max,1,4,7882.75,20.0,60.0,0.0,0.0,-20.0,60.0,-2117.25,10339.8,,
253,rnd_1,random,1,4,7877.75,20.0,60.0,15.0,0.25,-5.0,45.0,-2122.25,8040.0,,
254,fair_1,fair,1,4,7863.75,20.0,60.0,6.0,0.1,-14.0,54.0,-2136.25,11712.45,,
254,max_1,max,1,4,7843.75,20.0,60.0,0.0,0.0,-20.0,60.0,-2156.25,10399.8,,
254,rnd_1,random,1,4,7838.75,20.0,60.0,15.0,0.25,-5.0,45.0,-2161.25,8085.0,,
255,fair_1,fair,1,4,7824.75,20.0,60.0,6.0,0.1,-14.0,54.0,-2175.25,11766.45,,
255,max_1,max,1,4,7810.75,20.0,60.0,6.0,0.1,-14.0,54.0,-2189.25,10453.8,,
255,rnd_1,random,1,4,7835.75,20.0,60.0,45.0,0.75,25.0,15.0,-2164.25,8100.0,,
256,fair_1,fair,1,4,7821.75,20.0,60.0,6.0,0.1,-14.0,54.0,-2178.25,11820.45,,
256,max_1,max,1,4,7807.75,20.0,60.0,6.0,0.1,-14.0,54.0,-2192.25,10507.8,,
256,rnd_1,random,1,4,7832.75,20.0,60.0,45.0,0.75,25.0,15.0,-2167.25,8115.0,,
257,fair_1,fair,1,4,7818.75,20.0,60.0,6.0,0.1,-14.0,54.0,-2181.25,11874.45,,
257,max_1,max,1,4,7798.75,20.0,60.0,0.0,0.0,-20.0,60.0,-2201.25,10567.8,,
257,rnd_1,random,1,4,7823.75,20.0,60.0,45.0,0.75,25.0,15.0,-2176.25,8130.0,,
258,fair_1,fair,1,4,7809.75,20.0,60.0,6.0,0.1,-14.0,54.0,-2190.25,11928.45,,
258,max_1,max,1,4,7795.75,20.0,60.0,6.0,0.1,-14.0,54.0,-2204.25,10621.8,,
258,rnd_1,random,1,4,7790.75,20.0,60.0,15.0,0.25,-5.0,45.0,-2209.25,8175.0,,
259,fair_1,fair,1,4,7776.75,20.0,60.0,6.0,0.1,-14.0,54.0,-2223.25,11982.45,,
259,max_1,max,1,4,7762.75,20.0,60.0,6.0,0.1,-14.0,54.0,-2237.25,10675.8,,
259,rnd_1,random,1,4,7787.75,20.0,60.0,45.0,0.75,25.0,15.0,-2212.25,8190.0,,
260,fair_1,fair,1,4,7773.75,20.0,60.0,6.0,0.1,-14.0,54.0,-2226.25,12036.45,,
260,max_1,max,1,4,7753.75,20.0,60.0,0.0,0.0,-20.0,60.0,-2246.25,10735.8,,
260,rnd_1,random,1,4,7733.75,20.0,60.0,0.0,0.0,-20.0,60.0,-2266.25,8250.0,,
261,fair_1,fair,1,4,7719.75,20.0,60.0,6.0,0.1,-14.0,54.0,-2280.25,12090.45,,
261,max_1,max,1,4,7699.75,20.0,60.0,0.0,0.0,-20.0,60.0,-2300.25,10795.8,,
261,rnd_1,random,1,4,7694.75,20.0,60.0,15.0,0.25,-5.0,45.0,-2305.25,8295.0,,
262,fair_1,fair,1,4,7680.75,20.0,60.0,6.0,0.1,-14.0,54.0,-2319.25,12144.45,,
262,max_1,max,1,4,7666.75,20.0,60.0,6.0,0.1,-14.0,54.0,-2333.25,10849.8,,
262,rnd_1,random,1,4,7691.75,20.0,60.0,45.0,0.75,25.0,15.0,-2308.25,8310.0,,
263,fair_1,fair,1,4,7677.75,20.0,60.0,6.0,0.1,-14.0,54.0,-2322.25,12198.45,,
263,max_1,max,1,4,7663.75,20.0,60.0,6.0,0.1,-14.0,54.0,-2336.25,10903.8,,
263,rnd_1,random,1,4,7643.75,20.0,60.0,0.0,0.0,-20.0,60.0,-2356.25,8370.0,,
264,fair_1,fair,1,4,7629.75,20.0,60.0,6.0,0.1,-14.0,54.0,-2370.25,12252.45,,
264,max_1,max,1,4,7609.75,20.0,60.0,0.0,0.0,-20.0,60.0,-2390.25,10963.8,,
264,rnd_1,random,1,4,7634.75,20.0,60.0,45.0,0.75,25.0,15.0,-2365.25,8385.0,,
265,fair_1,fair,1,4,7620.75,20.0,60.0,6.0,0.1,-14.0,54.0,-2379.25,12306.45,,
265,max_1,max,1,4,7606.75,20.0,60.0,6.0,0.1,-14.0,54.0,-2393.25,11017.8,,
265,rnd_1,random,1,4,7616.75,20.0,60.0,30.0,0.5,10.0,30.0,-2383.25,8415.0,,
266,fair_1,fair,1,4,7602.75,20.0,60.0,6.0,0.1,-14.0,54.0,-2397.25,12360.45,,
266,max_1,max,1,4,7588.75,20.0,60.0,6.0,0.1,-14.0,54.0,-2411.25,11071.8,,
266,rnd_1,random,1,4,7613.75,20.0,60.0,45.0,0.75,25.0,15.0,-2386.25,8430.0,,
267,fair_1,fair,1,4,7599.75,20.0,60.0,6.0,0.1,-14.0,54.0,-2400.25,12414.45,,
267,max_1,max,1,4,7579.75,20.0,60.0,0.0,0.0,-20.0,60.0,-2420.25,11131.8,,
267,rnd_1,random,1,4,7589.75,20.0,60.0,30.0,0.5,10.0,30.0,-2410.25,8460.0,,
268,fair_1,fair,1,4,7575.75,20.0,60.0,6.0,0.1,-14.0,54.0,-2424.25,12468.45,,
268,max_1,max,1,4,7555.75,20.0,60.0,0.0,0.0,-20.0,60.0,-2444.25,11191.8,,
268,rnd_1,random,1,4,7580.75,20.0,60.0,45.0,0.75,25.0,15.0,-2419.25,8475.0,,
269,fair_1,fair,1,4,7566.75,20.0,60.0,6.0,0.1,-14.0,54.0,-2433.25,12522.45,,
269,max_1,max,1,4,7552.75,20.0,60.0,6.0,0.1,-14.0,54.0,-2447.25,11245.8,,
269,rnd_1,random,1,4,7592.75,20.0,60.0,60.0,1.0,40.0,0.0,-2407.25,8475.0,,
270,fair_1,fair,1,4,7632.75,20.0,60.0,60.0,1.0,40.0,0.0,-2367.25,12522.45,,
270,max_1,max,1,4,7618.75,20.0,60.0,6.0,0.1,-14.0,54.0,-2381.25,11299.8,,
270,rnd_1,random,1,4,7643.75,20.0,60.0,45.0,0.75,25.0,15.0,-2356.25,8490.0,,
271,fair_1,fair,1,4,7629.75,20.0,60.0,6.0,0.1,-14.0,54.0,-2370.25,12576.45,,
271,max_1,max,1,4,7609.75,20.0,60.0,0.0,0.0,-20.0,60.0,-2390.25,11359.8,,
271,rnd_1,random,1,4,7604.75,20.0,60.0,15.0,0.25,-5.0,45.0,-2395.25,8535.0,,
272,fair_1,fair,1,4,7590.75,20.0,60.0,6.0,0.1,-14.0,54.0,-2409.25,12630.45,,
272,max_1,max,1,4,7570.75,20.0,60.0,0.0,0.0,-20.0,60.0,-2429.25,11419.8,,
272,rnd_1,random,1,4,7565.75,20.0,60.0,15.0,0.25,-5.0,45.0,-2434.25,8580.0,,
273,fair_1,fair,1,4,7551.75,20.0,60.0,6.0,0.1,-14.0,54.0,-2448.25,12684.45,,
273,max_1,max,1,4,7537.75,20.0,60.0,6.0,0.1,-14.0,54.0,-2462.25,11473.8,,
273,rnd_1,random,1,4,7547.75,20.0,60.0,30.0,0.5,10.0,30.0,-2452.25,8610.0,,
274,fair_1,fair,1,4,7542.75,20.0,60.0,15.0,0.25,-5.0,45.0,-2457.25,12729.45,,
274,max_1,max,1,4,7528.75,20.0,60.0,6.0,0.1,-14.0,54.0,-2471.25,11527.8,,
274,rnd_1,random,1,4,7523.75,20.0,60.0,15.0,0.25,-5.0,45.0,-2476.25,8655.0,,
275,fair_1,fair,1,4,7509.75,20.0,60.0,6.0,0.1,-14.0,54.0,-2490.25,12783.45,,
275,max_1,max,1,4,7489.75,20.0,60.0,0.0,0.0,-20.0,60.0,-2510.25,11587.8,,
275,rnd_1,random,1,4,7469.75,20.0,60.0,0.0,0.0,-20.0,60.0,-2530.25,8715.0,,
276,fair_1,fair,1,4,7455.75,20.0,60.0,6.0,0.1,-14.0,54.0,-2544.25,12837.45,,
276,max_1,max,1,4,7435.75,20.0,60.0,0.0,0.0,-20.0,60.0,-2564.25,11647.8,,
276,rnd_1,random,1,4,7475.75,20.0,60.0,60.0,1.0,40.0,0.0,-2524.25,8715.0,,
277,fair_1,fair,1,4,7515.75,20.0,60.0,60.0,1.0,40.0,0.0,-2484.25,12837.45,,
277,max_1,max,1,4,7501.75,20.0,60.0,6.0,0.1,-14.0,54.0,-2498.25,11701.8,,
277,rnd_1,random,1,4,7541.75,20.0,60.0,60.0,1.0,40.0,0.0,-2458.25,8715.0,,
278,fair_1,fair,1,4,7527.75,20.0,60.0,6.0,0.1,-14.0,54.0,-2472.25,12891.45,,
278,max_1,max,1,4,7513.75,20.0,60.0,6.0,0.1,-14.0,54.0,-2486.25,11755.8,,
278,rnd_1,random,1,4,7493.75,20.0,60.0,0.0,0.0,-20.0,60.0,-2506.25,8775.0,,
279,fair_1,fair,1,4,7479.75,20.0,60.0,6.0,0.1,-14.0,54.0,-2520.25,12945.45,,
279,max_1,max,1,4,7459.75,20.0,60.0,0.0,0.0,-20.0,60.0,-2540.25,11815.8,,
279,rnd_1,random,1,4,7469.75,20.0,60.0,30.0,0.5,10.0,30.0,-2530.25,8805.0,,
280,fair_1,fair,1,4,7455.75,20.0,60.0,6.0,0.1,-14.0,54.0,-2544.25,12999.45,,
280,max_1,max,1,4,7435.75,20.0,60.0,0.0,0.0,-20.0,60.0,-2564.25,11875.8,,
280,rnd_1,random,1,4,7415.75,20.0,60.0,0.0,0.0,-20.0,60.0,-2584.25,8865.0,,
281,fair_1,fair,1,4,7401.75,20.0,60.0,6.0,0.1,-14.0,54.0,-2598.25,13053.45,,
281,max_1,max,1,4,7387.75,20.0,60.0,6.0,0.1,-14.0,54.0,-2612.25,11929.8,,
281,rnd_1,random,1,4,7367.75,20.0,60.0,0.0,0.0,-20.0,60.0,-2632.25,8925.0,,
282,fair_1,fair,1,4,7353.75,20.0,60.0,6.0,0.1,-14.0,54.0,-2646.25,13107.45,,
282,max_1,max,1,4,7339.75,20.0,60.0,6.0,0.1,-14.0,54.0,-2660.25,11983.8,,
282,rnd_1,random,1,4,7379.75,20.0,60.0,60.0,1.0,40.0,0.0,-2620.25,8925.0,,
283,fair_1,fair,1,4,7419.75,20.0,60.0,60.0,1.0,40.0,0.0,-2580.25,13107.45,,
283,max_1,max,1,4,7405.75,20.0,60.0,6.0,0.1,-14.0,54.0,-2594.25,12037.8,,
283,rnd_1,random,1,4,7430.75,20.0,60.0,45.0,0.75,25.0,15.0,-2569.25,8940.0,,
284,fair_1,fair,1,4,7416.75,20.0,60.0,6.0,0.1,-14.0,54.0,-2583.25,13161.45,,
284,max_1,max,1,4,7396.75,20.0,60.0,0.0,0.0,-20.0,60.0,-2603.25,12097.8,,
284,rnd_1,random,1,4,7436.75,20.0,60.0,60.0,1.0,40.0,0.0,-2563.25,8940.0,,
285,fair_1,fair,1,4,7422.75,20.0,60.0,6.0,0.1,-14.0,54.0,-2577.25,13215.45,,
285,max_1,max,1,4,7408.75,20.0,60.0,6.0,0.1,-14.0,54.0,-2591.25,12151.8,,
285,rnd_1,random,1,4,7448.75,20.0,60.0,60.0,1.0,40.0,0.0,-2551.25,8940.0,,
286,fair_1,fair,1,4,7434.75,20.0,60.0,6.0,0.1,-14.0,54.0,-2565.25,13269.45,,
286,max_1,max,1,4,7420.75,20.0,60.0,6.0,0.1,-14.0,54.0,-2579.25,12205.8,,
286,rnd_1,random,1,4,7415.75,20.0,60.0,15.0,0.25,-5.0,45.0,-2584.25,8985.0,,
287,fair_1,fair,1,4,7401.75,20.0,60.0,6.0,0.1,-14.0,54.0,-2598.25,13323.45,,
287,max_1,max,1,4,7381.75,20.0,60.0,0.0,0.0,-20.0,60.0,-2618.25,12265.8,,
287,rnd_1,random,1,4,7361.75,20.0,60.0,0.0,0.0,-20.0,60.0,-2638.25,9045.0,,
288,fair_1,fair,1,4,7347.75,20.0,60.0,6.0,0.1,-14.0,54.0,-2652.25,13377.45,,
288,max_1,max,1,4,7327.75,20.0,60.0,0.0,0.0,-20.0,60.0,-2672.25,12325.8,,
288,rnd_1,random,1,4,7367.75,20.0,60.0,60.0,1.0,40.0,0.0,-2632.25,9045.0,,
289,fair_1,fair,1,4,7407.75,20.0,60.0,60.0,1.0,40.0,0.0,-2592.25,13377.45,,
289,max_1,max,1,4,7393.75,20.0,60.0,6.0,0.1,-14.0,54.0,-2606.25,12379.8,,
289,rnd_1,random,1,4,7373.75,20.0,60.0,0.0,0.0,-20.0,60.0,-2626.25,9105.0,,
290,fair_1,fair,1,4,7359.75,20.0,60.0,6.0,0.1,-14.0,54.0,-2640.25,13431.45,,
290,max_1,max,1,4,7345.75,20.0,60.0,6.0,0.1,-14.0,54.0,-2654.25,12433.8,,
290,rnd_1,random,1,4,7340.75,20.0,60.0,15.0,0.25,-5.0,45.0,-2659.25,9150.0,,
291,fair_1,fair,1,4,7326.75,20.0,60.0,6.0,0.1,-14.0,54.0,-2673.25,13485.45,,
291,max_1,max,1,4,7306.75,20.0,60.0,0.0,0.0,-20.0,60.0,-2693.25,12493.8,,
291,rnd_1,random,1,4,7286.75,20.0,60.0,0.0,0.0,-20.0,60.0,-2713.25,9210.0,,
292,fair_1,fair,1,4,7272.75,20.0,60.0,6.0,0.1,-14.0,54.0,-2727.25,13539.45,,
292,max_1,max,1,4,7252.75,20.0,60.0,0.0,0.0,-20.0,60.0,-2747.25,12553.8,,
292,rnd_1,random,1,4,7292.75,20.0,60.0,60.0,1.0,40.0,0.0,-2707.25,9210.0,,
293,fair_1,fair,1,4,7287.75,20.0,60.0,15.0,0.25,-5.0,45.0,-2712.25,13584.45,,
293,max_1,max,1,4,7273.75,20.0,60.0,6.0,0.1,-14.0,54.0,-2726.25,12607.8,,
293,rnd_1,random,1,4,7253.75,20.0,60.0,0.0,0.0,-20.0,60.0,-2746.25,9270.0,,
294,fair_1,fair,1,4,7239.75,20.0,60.0,6.0,0.1,-14.0,54.0,-2760.25,13638.45,,
294,max_1,max,1,4,7225.75,20.0,60.0,6.0,0.1,-14.0,54.0,-2774.25,12661.8,,
294,rnd_1,random,1,4,7220.75,20.0,60.0,15.0,0.25,-5.0,45.0,-2779.25,9315.0,,
295,fair_1,fair,1,4,7206.75,20.0,60.0,6.0,0.1,-14.0,54.0,-2793.25,13692.45,,
295,max_1,max,1,4,7186.75,20.0,60.0,0.0,0.0,-20.0,60.0,-2813.25,12721.8,,
295,rnd_1,random,1,4,7211.75,20.0,60.0,45.0,0.75,25.0,15.0,-2788.25,9330.0,,
296,fair_1,fair,1,4,7197.75,20.0,60.0,6.0,0.1,-14.0,54.0,-2802.25,13746.45,,
296,max_1,max,1,4,7183.75,20.0,60.0,6.0,0.1,-14.0,54.0,-2816.25,12775.8,,
296,rnd_1,random,1,4,7163.75,20.0,60.0,0.0,0.0,-20.0,60.0,-2836.25,9390.0,,
297,fair_1,fair,1,4,7149.75,20.0,60.0,6.0,0.1,-14.0,54.0,-2850.25,13800.45,,
297,max_1,max,1,4,7135.75,20.0,60.0,6.0,0.1,-14.0,54.0,-2864.25,12829.8,,
297,rnd_1,random,1,4,7175.75,20.0,60.0,60.0,1.0,40.0,0.0,-2824.25,9390.0,,
298,fair_1,fair,1,4,7215.75,20.0,60.0,60.0,1.0,40.0,0.0,-2784.25,13800.45,,
298,max_1,max,1,4,7201.75,20.0,60.0,6.0,0.1,-14.0,54.0,-2798.25,12883.8,,
298,rnd_1,random,1,4,7196.75,20.0,60.0,15.0,0.25,-5.0,45.0,-2803.25,9435.0,,
299,fair_1,fair,1,4,7182.75,20.0,60.0,6.0,0.1,-14.0,54.0,-2817.25,13854.45,,
299,max_1,max,1,4,7162.75,20.0,60.0,0.0,0.0,-20.0,60.0,-2837.25,12943.8,,
299,rnd_1,random,1,4,7202.75,20.0,60.0,60.0,1.0,40.0,0.0,-2797.25,9435.0,,
300,fair_1,fair,1,4,7188.75,20.0,60.0,6.0,0.1,-14.0,54.0,-2811.25,13908.45,"[-0.19818368554115295, 0.3039007782936096, -0.38487374782562256, 0.17797136306762695, -0.09784144163131714, -0.10155859589576721, -0.5027818083763123, 0.13031277060508728, 0.2204873263835907, 0.08222310990095139, -0.6756214499473572, -0.25596126914024353, 0.4995950758457184, -0.30824485421180725, 0.3873545229434967, 0.7298244833946228, -0.10768666863441467, 0.7882521152496338, -0.5136207938194275, 0.22488126158714294, -0.25276702642440796, 0.17835518717765808, -0.3828479051589966, -0.75377357006073, 0.17112183570861816, 0.23332494497299194, -0.13490596413612366, -0.44334080815315247, 0.052455730736255646, -0.9416492581367493, 0.29282987117767334, -0.020183170214295387, -0.1610824018716812, -0.32428550720214844, -0.40097591280937195, 0.24087980389595032, -0.5801132917404175, 0.9752346277236938, 0.20977020263671875, 0.9815479516983032, -0.6462349891662598, -0.11280012130737305, -0.26217150688171387, -0.002146495506167412, -0.15187495946884155, -0.06020377576351166, -0.23621663451194763, 0.9148764610290527, 0.241212397813797, -0.43452808260917664, 0.09852924942970276, -0.15724200010299683, -0.46139705181121826, -0.1931183636188507, 0.27993839979171753, 0.07312946021556854, -0.27929386496543884, -0.5641586780548096, 0.1056235283613205, -0.054487794637680054, 0.4085959196090698, -0.3928681015968323, 0.951274573802948, 0.28081679344177246]","{""own"": [20.0, 6.0, 20.0, 6.0, 20.0, 60.0, 20.0, 6.0], ""others"": [20.0, 0.0, 20.0, 60.0]}"
300,max_1,max,1,4,7174.75,20.0,60.0,6.0,0.1,-14.0,54.0,-2825.25,12997.8,"[-0.14139387011528015, 0.4266405999660492, -0.4768224358558655, 0.3170240819454193, -0.1310788244009018, -0.23124414682388306, -0.5621883869171143, -0.10326384752988815, 0.25143691897392273, 0.07967910170555115, -0.7718988060951233, -0.23815837502479553, 0.5411618947982788, -0.2053557187318802, 0.7270530462265015, 0.6841810345649719, -0.12076456844806671, 0.9461075663566589, -0.5268718600273132, 0.2387217879295349, -0.23588921129703522, 0.44875264167785645, -0.4089161455631256, -0.7588119506835938, 0.31998780369758606, 0.2552395462989807, -0.15832869708538055, -0.4128681719303131, -0.06023140996694565, -0.9956890344619751, -0.24632996320724487, 0.015760120004415512, -0.8150085210800171, -0.5140211582183838, -0.061225056648254395, 0.19907715916633606, -0.541472852230072, 0.9981331825256348, 0.17524702847003937, 0.9871780872344971, -0.26128455996513367, -0.10863708704710007, -0.24707543849945068, 0.011423193849623203, -0.08768023550510406, -0.16232195496559143, -0.4242980480194092, 0.9360084533691406, 0.33614057302474976, -0.48470160365104675, 0.2759844660758972, -0.08167710155248642, -0.49241822957992554, -0.22518208622932434, 0.532568633556366, -0.0058808643370866776, -0.2844480574131012, -0.7020991444587708, 0.129818394780159, -0.11245662719011307, 0.43079492449760437, -0.3826136589050293, 0.9878652095794678, 0.3416118919849396]","{""own"": [20.0, 6.0, 20.0, 6.0, 20.0, 6.0, 20.0, 0.0], ""others"": [20.0, 6.0, 20.0, 60.0]}"
300,rnd_1,random,1,4,7214.75,20.0,60.0,60.0,1.0,40.0,0.0,-2785.25,9435.0,"[-0.28608569502830505, 0.04665917903184891, -0.3079722225666046, 0.0059204623103141785, -0.17651717364788055, -0.05258907377719879, -0.4223797619342804, 0.27808210253715515, 0.23846496641635895, 0.09294818341732025, -0.8296118378639221, -0.24909169971942902, 0.38141489028930664, -0.38555076718330383, -0.06825961172580719, 0.705707311630249, -0.0770641565322876, 0.5610141754150391, -0.6371309757232666, 0.4455661177635193, -0.26731207966804504, 0.11105667799711227, -0.3537471294403076, -0.7467070817947388, -0.042780227959156036, 0.20337973535060883, -0.11026520282030106, -0.41317588090896606, 0.13076387345790863, -0.9706403613090515, 0.5280190110206604, -0.04929278790950775, -0.8698900938034058, -0.2318388819694519, -0.6048396825790405, 0.19318228960037231, -0.6136643886566162, 0.9962759613990784, 0.24464987218379974, 0.9821399450302124, -0.22973014414310455, -0.021481690928339958, -0.2931908965110779, -0.0012001767754554749, -0.08513929694890976, 0.171963632106781, -0.1098976582288742, 0.8749545216560364, 0.17234152555465698, -0.37803858518600464, -0.05112285912036896, -0.507245659828186, -0.3810337781906128, -0.2060817927122116, -0.2271171510219574, 0.1961202770471573, -0.27783870697021484, -0.6687314510345459, 0.09422712028026581, 0.004200436174869537, 0.37660494446754456, -0.4392029643058777, 0.9753613471984863, 0.17950129508972168]","{""own"": [20.0, 0.0, 20.0, 60.0, 20.0, 15.0, 20.0, 60.0], ""others"": [20.0, 6.0, 20.0, 6.0]}"
301,fair_1,fair,1,4,7200.75,20.0,60.0,6.0,0.1,-14.0,54.0,-2799.25,13962.45,,
301,max_1,max,1,4,7186.75,20.0,60.0,6.0,0.1,-14.0,54.0,-2813.25,13051.8,,
301,rnd_1,random,1,4,7166.75,20.0,60.0,0.0,0.0,-20.0,60.0,-2833.25,9495.0,,
302,fair_1,fair,1,4,7152.75,20.0,60.0,6.0,0.1,-14.0,54.0,-2847.25,14016.45,,
302,max_1,max,1,4,7132.75,20.0,60.0,0.0,0.0,-20.0,60.0,-2867.25,13111.8,,
302,rnd_1,random,1,4,7172.75,20.0,60.0,60.0,1.0,40.0,0.0,-2827.25,9495.0,,
303,fair_1,fair,1,4,7212.75,20.0,60.0,60.0,1.0,40.0,0.0,-2787.25,14016.45,,
303,max_1,max,1,4,7198.75,20.0,60.0,6.0,0.1,-14.0,54.0,-2801.25,13165.8,,
303,rnd_1,random,1,4,7178.75,20.0,60.0,0.0,0.0,-20.0,60.0,-2821.25,9555.0,,
304,fair_1,fair,1,4,7164.75,20.0,60.0,6.0,0.1,-14.0,54.0,-2835.25,14070.45,,
304,max_1,max,1,4,7150.75,20.0,60.0,6.0,0.1,-14.0,54.0,-2849.25,13219.8,,
304,rnd_1,random,1,4,7175.75,20.0,60.0,45.0,0.75,25.0,15.0,-2824.25,9570.0,,
305,fair_1,fair,1,4,7161.75,20.0,60.0,6.0,0.1,-14.0,54.0,-2838.25,14124.45,,
305,max_1,max,1,4,7141.75,20.0,60.0,0.0,0.0,-20.0,60.0,-2858.25,13279.8,,
305,rnd_1,random,1,4,7181.75,20.0,60.0,60.0,1.0,40.0,0.0,-2818.25,9570.0,,
306,fair_1,fair,1,4,7167.75,20.0,60.0,6.0,0.1,-14.0,54.0,-2832.25,14178.45,,
306,max_1,max,1,4,7153.75,20.0,60.0,6.0,0.1,-14.0,54.0,-2846.25,13333.8,,
306,rnd_1,random,1,4,7193.75,20.0,60.0,60.0,1.0,40.0,0.0,-2806.25,9570.0,,
307,fair_1,fair,1,4,7188.75,20.0,60.0,15.0,0.25,-5.0,45.0,-2811.25,14223.45,,
307,max_1,max,1,4,7174.75,20.0,60.0,6.0,0.1,-14.0,54.0,-2825.25,13387.8,,
307,rnd_1,random,1,4,7214.75,20.0,60.0,60.0,1.0,40.0,0.0,-2785.25,9570.0,,
308,fair_1,fair,1,4,7254.75,20.0,60.0,60.0,1.0,40.0,0.0,-2745.25,14223.45,,
308,max_1,max,1,4,7240.75,20.0,60.0,6.0,0.1,-14.0,54.0,-2759.25,13441.8,,
308,rnd_1,random,1,4,7250.75,20.0,60.0,30.0,0.5,10.0,30.0,-2749.25,9600.0,,
309,fair_1,fair,1,4,7236.75,20.0,60.0,6.0,0.1,-14.0,54.0,-2763.25,14277.45,,
309,max_1,max,1,4,7216.75,20.0,60.0,0.0,0.0,-20.0,60.0,-2783.25,13501.8,,
309,rnd_1,random,1,4,7226.75,20.0,60.0,30.0,0.5,10.0,30.0,-2773.25,9630.0,,
310,fair_1,fair,1,4,7212.75,20.0,60.0,6.0,0.1,-14.0,54.0,-2787.25,14331.45,,
310,max_1,max,1,4,7192.75,20.0,60.0,0.0,0.0,-20.0,60.0,-2807.25,13561.8,,
310,rnd_1,random,1,4,7187.75,20.0,60.0,15.0,0.25,-5.0,45.0,-2812.25,9675.0,,
311,fair_1,fair,1,4,7173.75,20.0,60.0,6.0,0.1,-14.0,54.0,-2826.25,14385.45,,
311,max_1,max,1,4,7159.75,20.0,60.0,6.0,0.1,-14.0,54.0,-2840.25,13615.8,,
311,rnd_1,random,1,4,7169.75,20.0,60.0,30.0,0.5,10.0,30.0,-2830.25,9705.0,,
312,fair_1,fair,1,4,7164.75,20.0,60.0,15.0,0.25,-5.0,45.0,-2835.25,14430.45,,
312,max_1,max,1,4,7150.75,20.0,60.0,6.0,0.1,-14.0,54.0,-2849.25,13669.8,,
312,rnd_1,random,1,4,7145.75,20.0,60.0,15.0,0.25,-5.0,45.0,-2854.25,9750.0,,
313,fair_1,fair,1,4,7131.75,20.0,60.0,6.0,0.1,-14.0,54.0,-2868.25,14484.45,,
313,max_1,max,1,4,7111.75,20.0,60.0,0.0,0.0,-20.0,60.0,-2888.25,13729.8,,
313,rnd_1,random,1,4,7121.75,20.0,60.0,30.0,0.5,10.0,30.0,-2878.25,9780.0,,
314,fair_1,fair,1,4,7107.75,20.0,60.0,6.0,0.1,-14.0,54.0,-2892.25,14538.45,,
314,max_1,max,1,4,7087.75,20.0,60.0,0.0,0.0,-20.0,60.0,-2912.25,13789.8,,
314,rnd_1,random,1,4,7112.75,20.0,60.0,45.0,0.75,25.0,15.0,-2887.25,9795.0,,
315,fair_1,fair,1,4,7098.75,20.0,60.0,6.0,0.1,-14.0,54.0,-2901.25,14592.45,,
315,max_1,max,1,4,7084.75,20.0,60.0,6.0,0.1,-14.0,54.0,-2915.25,13843.8,,
315,rnd_1,random,1,4,7079.75,20.0,60.0,15.0,0.25,-5.0,45.0,-2920.25,9840.0,,
316,fair_1,fair,1,4,7065.75,20.0,60.0,6.0,0.1,-14.0,54.0,-2934.25,14646.45,,
316,max_1,max,1,4,7051.75,20.0,60.0,6.0,0.1,-14.0,54.0,-2948.25,13897.8,,
316,rnd_1,random,1,4,7061.75,20.0,60.0,30.0,0.5,10.0,30.0,-2938.25,9870.0,,
317,fair_1,fair,1,4,7047.75,20.0,60.0,6.0,0.1,-14.0,54.0,-2952.25,14700.45,,
317,max_1,max,1,4,7027.75,20.0,60.0,0.0,0.0,-20.0,60.0,-2972.25,13957.8,,
317,rnd_1,random,1,4,7052.75,20.0,60.0,45.0,0.75,25.0,15.0,-2947.25,9885.0,,
318,fair_1,fair,1,4,7038.75,20.0,60.0,6.0,0.1,-14.0,54.0,-2961.25,14754.45,,
318,max_1,max,1,4,7024.75,20.0,60.0,6.0,0.1,-14.0,54.0,-2975.25,14011.8,,
318,rnd_1,random,1,4,7034.75,20.0,60.0,30.0,0.5,10.0,30.0,-2965.25,9915.0,,
319,fair_1,fair,1,4,7020.75,20.0,60.0,6.0,0.1,-14.0,54.0,-2979.25,14808.45,,
319,max_1,max,1,4,7006.75,20.0,60.0,6.0,0.1,-14.0,54.0,-2993.25,14065.8,,
319,rnd_1,random,1,4,6986.75,20.0,60.0,0.0,0.0,-20.0,60.0,-3013.25,9975.0,,
320,fair_1,fair,1,4,6972.75,20.0,60.0,6.0,0.1,-14.0,54.0,-3027.25,14862.45,,
320,max_1,max,1,4,6952.75,20.0,60.0,0.0,0.0,-20.0,60.0,-3047.25,14125.8,,
320,rnd_1,random,1,4,6932.75,20.0,60.0,0.0,0.0,-20.0,60.0,-3067.25,10035.0,,
321,fair_1,fair,1,4,6918.75,20.0,60.0,6.0,0.1,-14.0,54.0,-3081.25,14916.45,,
321,max_1,max,1,4,6898.75,20.0,60.0,0.0,0.0,-20.0,60.0,-3101.25,14185.8,,
321,rnd_1,random,1,4,6923.75,20.0,60.0,45.0,0.75,25.0,15.0,-3076.25,10050.0,,
322,fair_1,fair,1,4,6909.75,20.0,60.0,6.0,0.1,-14.0,54.0,-3090.25,14970.45,,
322,max_1,max,1,4,6895.75,20.0,60.0,6.0,0.1,-14.0,54.0,-3104.25,14239.8,,
322,rnd_1,random,1,4,6935.75,20.0,60.0,60.0,1.0,40.0,0.0,-3064.25,10050.0,,
323,fair_1,fair,1,4,6975.75,20.0,60.0,60.0,1.0,40.0,0.0,-3024.25,14970.45,,
323,max_1,max,1,4,6961.75,20.0,60.0,6.0,0.1,-14.0,54.0,-3038.25,14293.8,,
323,rnd_1,random,1,4,7001.75,20.0,60.0,60.0,1.0,40.0,0.0,-2998.25,10050.0,,
324,fair_1,fair,1,4,6987.75,20.0,60.0,6.0,0.1,-14.0,54.0,-3012.25,15024.45,,
324,max_1,max,1,4,6967.75,20.0,60.0,0.0,0.0,-20.0,60.0,-3032.25,14353.8,,
324,rnd_1,random,1,4,6947.75,20.0,60.0,0.0,0.0,-20.0,60.0,-3052.25,10110.0,,
325,fair_1,fair,1,4,6933.75,20.0,60.0,6.0,0.1,-14.0,54.0,-3066.25,15078.45,,
325,max_1,max,1,4,6913.75,20.0,60.0,0.0,0.0,-20.0,60.0,-3086.25,14413.8,,
325,rnd_1,random,1,4,6893.75,20.0,60.0,0.0,0.0,-20.0,60.0,-3106.25,10170.0,,
326,fair_1,fair,1,4,6879.75,20.0,60.0,6.0,0.1,-14.0,54.0,-3120.25,15132.45,,
326,max_1,max,1,4,6865.75,20.0,60.0,6.0,0.1,-14.0,54.0,-3134.25,14467.8,,
326,rnd_1,random,1,4,6905.75,20.0,60.0,60.0,1.0,40.0,0.0,-3094.25,10170.0,,
327,fair_1,fair,1,4,6900.75,20.0,60.0,15.0,0.25,-5.0,45.0,-3099.25,15177.45,,
327,max_1,max,1,4,6886.75,20.0,60.0,6.0,0.1,-14.0,54.0,-3113.25,14521.8,,
327,rnd_1,random,1,4,6881.75,20.0,60.0,15.0,0.25,-5.0,45.0,-3118.25,10215.0,,
328,fair_1,fair,1,4,6867.75,20.0,60.0,6.0,0.1,-14.0,54.0,-3132.25,15231.45,,
328,max_1,max,1,4,6847.75,20.0,60.0,0.0,0.0,-20.0,60.0,-3152.25,14581.8,,
328,rnd_1,random,1,4,6887.75,20.0,60.0,60.0,1.0,40.0,0.0,-3112.25,10215.0,,
329,fair_1,fair,1,4,6873.75,20.0,60.0,6.0,0.1,-14.0,54.0,-3126.25,15285.45,,
329,max_1,max,1,4,6859.75,20.0,60.0,6.0,0.1,-14.0,54.0,-3140.25,14635.8,,
329,rnd_1,random,1,4,6869.75,20.0,60.0,30.0,0.5,10.0,30.0,-3130.25,10245.0,,
330,fair_1,fair,1,4,6855.75,20.0,60.0,6.0,0.1,-14.0,54.0,-3144.25,15339.45,,
330,max_1,max,1,4,6841.75,20.0,60.0,6.0,0.1,-14.0,54.0,-3158.25,14689.8,,
330,rnd_1,random,1,4,6836.75,20.0,60.0,15.0,0.25,-5.0,45.0,-3163.25,10290.0,,
331,fair_1,fair,1,4,6822.75,20.0,60.0,6.0,0.1,-14.0,54.0,-3177.25,15393.45,,
331,max_1,max,1,4,6802.75,20.0,60.0,0.0,0.0,-20.0,60.0,-3197.25,14749.8,,
331,rnd_1,random,1,4,6812.75,20.0,60.0,30.0,0.5,10.0,30.0,-3187.25,10320.0,,
332,fair_1,fair,1,4,6798.75,20.0,60.0,6.0,0.1,-14.0,54.0,-3201.25,15447.45,,
332,max_1,max,1,4,6778.75,20.0,60.0,0.0,0.0,-20.0,60.0,-3221.25,14809.8,,
332,rnd_1,random,1,4,6758.75,20.0,60.0,0.0,0.0,-20.0,60.0,-3241.25,10380.0,,
333,fair_1,fair,1,4,6744.75,20.0,60.0,6.0,0.1,-14.0,54.0,-3255.25,15501.45,,
333,max_1,max,1,4,6730.75,20.0,60.0,6.0,0.1,-14.0,54.0,-3269.25,14863.8,,
333,rnd_1,random,1,4,6725.75,20.0,60.0,15.0,0.25,-5.0,45.0,-3274.25,10425.0,,
334,fair_1,fair,1,4,6711.75,20.0,60.0,6.0,0.1,-14.0,54.0,-3288.25,15555.45,,
334,max_1,max,1,4,6697.75,20.0,60.0,6.0,0.1,-14.0,54.0,-3302.25,14917.8,,
334,rnd_1,random,1,4,6707.75,20.0,60.0,30.0,0.5,10.0,30.0,-3292.25,10455.0,,
335,fair_1,fair,1,4,6693.75,20.0,60.0,6.0,0.1,-14.0,54.0,-3306.25,15609.45,,
335,max_1,max,1,4,6673.75,20.0,60.0,0.0,0.0,-20.0,60.0,-3326.25,14977.8,,
335,rnd_1,random,1,4,6683.75,20.0,60.0,30.0,0.5,10.0,30.0,-3316.25,10485.0,,
336,fair_1,fair,1,4,6669.75,20.0,60.0,6.0,0.1,-14.0,54.0,-3330.25,15663.45,,
336,max_1,max,1,4,6649.75,20.0,60.0,0.0,0.0,-20.0,60.0,-3350.25,15037.8,,
336,rnd_1,random,1,4,6644.75,20.0,60.0,15.0,0.25,-5.0,45.0,-3355.25,10530.0,,
337,fair_1,fair,1,4,6630.75,20.0,60.0,6.0,0.1,-14.0,54.0,-3369.25,15717.45,,
337,max_1,max,1,4,6616.75,20.0,60.0,6.0,0.1,-14.0,54.0,-3383.25,15091.8,,
337,rnd_1,random,1,4,6641.75,20.0,60.0,45.0,0.75,25.0,15.0,-3358.25,10545.0,,
338,fair_1,fair,1,4,6627.75,20.0,60.0,6.0,0.1,-14.0,54.0,-3372.25,15771.45,,
338,max_1,max,1,4,6613.75,20.0,60.0,6.0,0.1,-14.0,54.0,-3386.25,15145.8,,
338,rnd_1,random,1,4,6653.75,20.0,60.0,60.0,1.0,40.0,0.0,-3346.25,10545.0,,
339,fair_1,fair,1,4,6693.75,20.0,60.0,60.0,1.0,40.0,0.0,-3306.25,15771.45,,
339,max_1,max,1,4,6679.75,20.0,60.0,6.0,0.1,-14.0,54.0,-3320.25,15199.8,,
339,rnd_1,random,1,4,6689.75,20.0,60.0,30.0,0.5,10.0,30.0,-3310.25,10575.0,,
340,fair_1,fair,1,4,6675.75,20.0,60.0,6.0,0.1,-14.0,54.0,-3324.25,15825.45,,
340,max_1,max,1,4,6655.75,20.0,60.0,0.0,0.0,-20.0,60.0,-3344.25,15259.8,,
340,rnd_1,random,1,4,6695.75,20.0,60.0,60.0,1.0,40.0,0.0,-3304.25,10575.0,,
341,fair_1,fair,1,4,6681.75,20.0,60.0,6.0,0.1,-14.0,54.0,-3318.25,15879.45,,
341,max_1,max,1,4,6667.75,20.0,60.0,6.0,0.1,-14.0,54.0,-3332.25,15313.8,,
341,rnd_1,random,1,4,6707.75,20.0,60.0,60.0,1.0,40.0,0.0,-3292.25,10575.0,,
342,fair_1,fair,1,4,6693.75,20.0,60.0,6.0,0.1,-14.0,54.0,-3306.25,15933.45,,
342,max_1,max,1,4,6679.75,20.0,60.0,6.0,0.1,-14.0,54.0,-3320.25,15367.8,,
342,rnd_1,random,1,4,6659.75,20.0,60.0,0.0,0.0,-20.0,60.0,-3340.25,10635.0,,
343,fair_1,fair,1,4,6645.75,20.0,60.0,6.0,0.1,-14.0,54.0,-3354.25,15987.45,,
343,max_1,max,1,4,6625.75,20.0,60.0,0.0,0.0,-20.0,60.0,-3374.25,15427.8,,
343,rnd_1,random,1,4,6665.75,20.0,60.0,60.0,1.0,40.0,0.0,-3334.25,10635.0,,
344,fair_1,fair,1,4,6705.75,20.0,60.0,60.0,1.0,40.0,0.0,-3294.25,15987.45,,
344,max_1,max,1,4,6691.75,20.0,60.0,6.0,0.1,-14.0,54.0,-3308.25,15481.8,,
344,rnd_1,random,1,4,6701.75,20.0,60.0,30.0,0.5,10.0,30.0,-3298.25,10665.0,,
345,fair_1,fair,1,4,6687.75,20.0,60.0,6.0,0.1,-14.0,54.0,-3312.25,16041.45,,
345,max_1,max,1,4,6673.75,20.0,60.0,6.0,0.1,-14.0,54.0,-3326.25,15535.8,,
345,rnd_1,random,1,4,6653.75,20.0,60.0,0.0,0.0,-20.0,60.0,-3346.25,10725.0,,
346,fair_1,fair,1,4,6639.75,20.0,60.0,6.0,0.1,-14.0,54.0,-3360.25,16095.45,,
346,max_1,max,1,4,6619.75,20.0,60.0,0.0,0.0,-20.0,60.0,-3380.25,15595.8,,
346,rnd_1,random,1,4,6614.75,20.0,60.0,15.0,0.25,-5.0,45.0,-3385.25,10770.0,,
347,fair_1,fair,1,4,6600.75,20.0,60.0,6.0,0.1,-14.0,54.0,-3399.25,16149.45,,
347,max_1,max,1,4,6580.75,20.0,60.0,0.0,0.0,-20.0,60.0,-3419.25,15655.8,,
347,rnd_1,random,1,4,6590.75,20.0,60.0,30.0,0.5,10.0,30.0,-3409.25,10800.0,,
348,fair_1,fair,1,4,6585.75,20.0,60.0,15.0,0.25,-5.0,45.0,-3414.25,16194.45,,
348,max_1,max,1,4,6571.75,20.0,60.0,6.0,0.1,-14.0,54.0,-3428.25,15709.8,,
348,rnd_1,random,1,4,6551.75,20.0,60.0,0.0,0.0,-20.0,60.0,-3448.25,10860.0,,
349,fair_1,fair,1,4,6537.75,20.0,60.0,6.0,0.1,-14.0,54.0,-3462.25,16248.45,,
349,max_1,max,1,4,6523.75,20.0,60.0,6.0,0.1,-14.0,54.0,-3476.25,15763.8,,
349,rnd_1,random,1,4,6503.75,20.0,60.0,0.0,0.0,-20.0,60.0,-3496.25,10920.0,,
350,fair_1,fair,1,4,6489.75,20.0,60.0,6.0,0.1,-14.0,54.0,-3510.25,16302.45,,
350,max_1,max,1,4,6469.75,20.0,60.0,0.0,0.0,-20.0,60.0,-3530.25,15823.8,,
350,rnd_1,random,1,4,6509.75,20.0,60.0,60.0,1.0,40.0,0.0,-3490.25,10920.0,,
351,fair_1,fair,1,4,6549.75,20.0,60.0,60.0,1.0,40.0,0.0,-3450.25,16302.45,,
351,max_1,max,1,4,6535.75,20.0,60.0,6.0,0.1,-14.0,54.0,-3464.25,15877.8,,
351,rnd_1,random,1,4,6530.75,20.0,60.0,15.0,0.25,-5.0,45.0,-3469.25,10965.0,,
352,fair_1,fair,1,4,6516.75,20.0,60.0,6.0,0.1,-14.0,54.0,-3483.25,16356.45,,
352,max_1,max,1,4,6502.75,20.0,60.0,6.0,0.1,-14.0,54.0,-3497.25,15931.8,,
352,rnd_1,random,1,4,6512.75,20.0,60.0,30.0,0.5,10.0,30.0,-3487.25,10995.0,,
353,fair_1,fair,1,4,6498.75,20.0,60.0,6.0,0.1,-14.0,54.0,-3501.25,16410.45,,
353,max_1,max,1,4,6478.75,20.0,60.0,0.0,0.0,-20.0,60.0,-3521.25,15991.8,,
353,rnd_1,random,1,4,6488.75,20.0,60.0,30.0,0.5,10.0,30.0,-3511.25,11025.0,,
354,fair_1,fair,1,4,6474.75,20.0,60.0,6.0,0.1,-14.0,54.0,-3525.25,16464.45,,
354,max_1,max,1,4,6454.75,20.0,60.0,0.0,0.0,-20.0,60.0,-3545.25,16051.8,,
354,rnd_1,random,1,4,6494.75,20.0,60.0,60.0,1.0,40.0,0.0,-3505.25,11025.0,,
355,fair_1,fair,1,4,6489.75,20.0,60.0,15.0,0.25,-5.0,45.0,-3510.25,16509.45,,
355,max_1,max,1,4,6475.75,20.0,60.0,6.0,0.1,-14.0,54.0,-3524.25,16105.8,,
355,rnd_1,random,1,4,6470.75,20.0,60.0,15.0,0.25,-5.0,45.0,-3529.25,11070.0,,
356,fair_1,fair,1,4,6456.75,20.0,60.0,6.0,0.1,-14.0,54.0,-3543.25,16563.45,,
356,max_1,max,1,4,6442.75,20.0,60.0,6.0,0.1,-14.0,54.0,-3557.25,16159.8,,
356,rnd_1,random,1,4,6452.75,20.0,60.0,30.0,0.5,10.0,30.0,-3547.25,11100.0,,
357,fair_1,fair,1,4,6438.75,20.0,60.0,6.0,0.1,-14.0,54.0,-3561.25,16617.45,,
357,max_1,max,1,4,6418.75,20.0,60.0,0.0,0.0,-20.0,60.0,-3581.25,16219.8,,
357,rnd_1,random,1,4,6413.75,20.0,60.0,15.0,0.25,-5.0,45.0,-3586.25,11145.0,,
358,fair_1,fair,1,4,6399.75,20.0,60.0,6.0,0.1,-14.0,54.0,-3600.25,16671.45,,
358,max_1,max,1,4,6379.75,20.0,60.0,0.0,0.0,-20.0,60.0,-3620.25,16279.8,,
358,rnd_1,random,1,4,6389.75,20.0,60.0,30.0,0.5,10.0,30.0,-3610.25,11175.0,,
359,fair_1,fair,1,4,6375.75,20.0,60.0,6.0,0.1,-14.0,54.0,-3624.25,16725.45,,
359,max_1,max,1,4,6361.75,20.0,60.0,6.0,0.1,-14.0,54.0,-3638.25,16333.8,,
359,rnd_1,random,1,4,6401.75,20.0,60.0,60.0,1.0,40.0,0.0,-3598.25,11175.0,,
360,fair_1,fair,1,4,6441.75,20.0,60.0,60.0,1.0,40.0,0.0,-3558.25,16725.45,,
360,max_1,max,1,4,6427.75,20.0,60.0,6.0,0.1,-14.0,54.0,-3572.25,16387.8,,
360,rnd_1,random,1,4,6452.75,20.0,60.0,45.0,0.75,25.0,15.0,-3547.25,11190.0,,
361,fair_1,fair,1,4,6438.75,20.0,60.0,6.0,0.1,-14.0,54.0,-3561.25,16779.45,,
361,max_1,max,1,4,6418.75,20.0,60.0,0.0,0.0,-20.0,60.0,-3581.25,16447.8,,
361,rnd_1,random,1,4,6428.75,20.0,60.0,30.0,0.5,10.0,30.0,-3571.25,11220.0,,
362,fair_1,fair,1,4,6414.75,20.0,60.0,6.0,0.1,-14.0,54.0,-3585.25,16833.45,,
362,max_1,max,1,4,6394.75,20.0,60.0,0.0,0.0,-20.0,60.0,-3605.25,16507.8,,
362,rnd_1,random,1,4,6374.75,20.0,60.0,0.0,0.0,-20.0,60.0,-3625.25,11280.0,,
363,fair_1,fair,1,4,6360.75,20.0,60.0,6.0,0.1,-14.0,54.0,-3639.25,16887.45,,
363,max_1,max,1,4,6346.75,20.0,60.0,6.0,0.1,-14.0,54.0,-3653.25,16561.8,,
363,rnd_1,random,1,4,6326.75,20.0,60.0,0.0,0.0,-20.0,60.0,-3673.25,11340.0,,
364,fair_1,fair,1,4,6312.75,20.0,60.0,6.0,0.1,-14.0,54.0,-3687.25,16941.45,,
364,max_1,max,1,4,6298.75,20.0,60.0,6.0,0.1,-14.0,54.0,-3701.25,16615.8,,
364,rnd_1,random,1,4,6323.75,20.0,60.0,45.0,0.75,25.0,15.0,-3676.25,11355.0,,
365,fair_1,fair,1,4,6309.75,20.0,60.0,6.0,0.1,-14.0,54.0,-3690.25,16995.45,,
365,max_1,max,1,4,6289.75,20.0,60.0,0.0,0.0,-20.0,60.0,-3710.25,16675.8,,
365,rnd_1,random,1,4,6299.75,20.0,60.0,30.0,0.5,10.0,30.0,-3700.25,11385.0,,
366,fair_1,fair,1,4,6285.75,20.0,60.0,6.0,0.1,-14.0,54.0,-3714.25,17049.45,,
366,max_1,max,1,4,6265.75,20.0,60.0,0.0,0.0,-20.0,60.0,-3734.25,16735.8,,
366,rnd_1,random,1,4,6245.75,20.0,60.0,0.0,0.0,-20.0,60.0,-3754.25,11445.0,,
367,fair_1,fair,1,4,6231.75,20.0,60.0,6.0,0.1,-14.0,54.0,-3768.25,17103.45,,
367,max_1,max,1,4,6217.75,20.0,60.0,6.0,0.1,-14.0,54.0,-3782.25,16789.8,,
367,rnd_1,random,1,4,6197.75,20.0,60.0,0.0,0.0,-20.0,60.0,-3802.25,11505.0,,
368,fair_1,fair,1,4,6183.75,20.0,60.0,6.0,0.1,-14.0,54.0,-3816.25,17157.45,,
368,max_1,max,1,4,6169.75,20.0,60.0,6.0,0.1,-14.0,54.0,-3830.25,16843.8,,
368,rnd_1,random,1,4,6179.75,20.0,60.0,30.0,0.5,10.0,30.0,-3820.25,11535.0,,
369,fair_1,fair,1,4,6165.75,20.0,60.0,6.0,0.1,-14.0,54.0,-3834.25,17211.45,,
369,max_1,max,1,4,6145.75,20.0,60.0,0.0,0.0,-20.0,60.0,-3854.25,16903.8,,
369,rnd_1,random,1,4,6140.75,20.0,60.0,15.0,0.25,-5.0,45.0,-3859.25,11580.0,,
370,fair_1,fair,1,4,6126.75,20.0,60.0,6.0,0.1,-14.0,54.0,-3873.25,17265.45,,
370,max_1,max,1,4,6106.75,20.0,60.0,0.0,0.0,-20.0,60.0,-3893.25,16963.8,,
370,rnd_1,random,1,4,6116.75,20.0,60.0,30.0,0.5,10.0,30.0,-3883.25,11610.0,,
371,fair_1,fair,1,4,6102.75,20.0,60.0,6.0,0.1,-14.0,54.0,-3897.25,17319.45,,
371,max_1,max,1,4,6088.75,20.0,60.0,6.0,0.1,-14.0,54.0,-3911.25,17017.8,,
371,rnd_1,random,1,4,6083.75,20.0,60.0,15.0,0.25,-5.0,45.0,-3916.25,11655.0,,
372,fair_1,fair,1,4,6069.75,20.0,60.0,6.0,0.1,-14.0,54.0,-3930.25,17373.45,,
372,max_1,max,1,4,6055.75,20.0,60.0,6.0,0.1,-14.0,54.0,-3944.25,17071.8,,
372,rnd_1,random,1,4,6080.75,20.0,60.0,45.0,0.75,25.0,15.0,-3919.25,11670.0,,
373,fair_1,fair,1,4,6066.75,20.0,60.0,6.0,0.1,-14.0,54.0,-3933.25,17427.45,,
373,max_1,max,1,4,6046.75,20.0,60.0,0.0,0.0,-20.0,60.0,-3953.25,17131.8,,
373,rnd_1,random,1,4,6086.75,20.0,60.0,60.0,1.0,40.0,0.0,-3913.25,11670.0,,
374,fair_1,fair,1,4,6126.75,20.0,60.0,60.0,1.0,40.0,0.0,-3873.25,17427.45,,
374,max_1,max,1,4,6112.75,20.0,60.0,6.0,0.1,-14.0,54.0,-3887.25,17185.8,,
374,rnd_1,random,1,4,6137.75,20.0,60.0,45.0,0.75,25.0,15.0,-3862.25,11685.0,,
375,fair_1,fair,1,4,6123.75,20.0,60.0,6.0,0.1,-14.0,54.0,-3876.25,17481.45,,
375,max_1,max,1,4,6109.75,20.0,60.0,6.0,0.1,-14.0,54.0,-3890.25,17239.8,,
375,rnd_1,random,1,4,6149.75,20.0,60.0,60.0,1.0,40.0,0.0,-3850.25,11685.0,,
376,fair_1,fair,1,4,6135.75,20.0,60.0,6.0,0.1,-14.0,54.0,-3864.25,17535.45,,
376,max_1,max,1,4,6115.75,20.0,60.0,0.0,0.0,-20.0,60.0,-3884.25,17299.8,,
376,rnd_1,random,1,4,6095.75,20.0,60.0,0.0,0.0,-20.0,60.0,-3904.25,11745.0,,
377,fair_1,fair,1,4,6081.75,20.0,60.0,6.0,0.1,-14.0,54.0,-3918.25,17589.45,,
377,max_1,max,1,4,6061.75,20.0,60.0,0.0,0.0,-20.0,60.0,-3938.25,17359.8,,
377,rnd_1,random,1,4,6041.75,20.0,60.0,0.0,0.0,-20.0,60.0,-3958.25,11805.0,,
378,fair_1,fair,1,4,6027.75,20.0,60.0,6.0,0.1,-14.0,54.0,-3972.25,17643.45,,
378,max_1,max,1,4,6013.75,20.0,60.0,6.0,0.1,-14.0,54.0,-3986.25,17413.8,,
378,rnd_1,random,1,4,5993.75,20.0,60.0,0.0,0.0,-20.0,60.0,-4006.25,11865.0,,
379,fair_1,fair,1,4,5979.75,20.0,60.0,6.0,0.1,-14.0,54.0,-4020.25,17697.45,,
379,max_1,max,1,4,5965.75,20.0,60.0,6.0,0.1,-14.0,54.0,-4034.25,17467.8,,
379,rnd_1,random,1,4,5960.75,20.0,60.0,15.0,0.25,-5.0,45.0,-4039.25,11910.0,,
380,fair_1,fair,1,4,5946.75,20.0,60.0,6.0,0.1,-14.0,54.0,-4053.25,17751.45,,
380,max_1,max,1,4,5926.75,20.0,60.0,0.0,0.0,-20.0,60.0,-4073.25,17527.8,,
380,rnd_1,random,1,4,5966.75,20.0,60.0,60.0,1.0,40.0,0.0,-4033.25,11910.0,,
381,fair_1,fair,1,4,6006.75,20.0,60.0,60.0,1.0,40.0,0.0,-3993.25,17751.45,,
381,max_1,max,1,4,5992.75,20.0,60.0,6.0,0.1,-14.0,54.0,-4007.25,17581.8,,
381,rnd_1,random,1,4,5972.75,20.0,60.0,0.0,0.0,-20.0,60.0,-4027.25,11970.0,,
382,fair_1,fair,1,4,5958.75,20.0,60.0,6.0,0.1,-14.0,54.0,-4041.25,17805.45,,
382,max_1,max,1,4,5944.75,20.0,60.0,6.0,0.1,-14.0,54.0,-4055.25,17635.8,,
382,rnd_1,random,1,4,5954.75,20.0,60.0,30.0,0.5,10.0,30.0,-4045.25,12000.0,,
383,fair_1,fair,1,4,5940.75,20.0,60.0,6.0,0.1,-14.0,54.0,-4059.25,17859.45,,
383,max_1,max,1,4,5920.75,20.0,60.0,0.0,0.0,-20.0,60.0,-4079.25,17695.8,,
383,rnd_1,random,1,4,5960.75,20.0,60.0,60.0,1.0,40.0,0.0,-4039.25,12000.0,,
384,fair_1,fair,1,4,5946.75,20.0,60.0,6.0,0.1,-14.0,54.0,-4053.25,17913.45,,
384,max_1,max,1,4,5932.75,20.0,60.0,6.0,0.1,-14.0,54.0,-4067.25,17749.8,,
384,rnd_1,random,1,4,5972.75,20.0,60.0,60.0,1.0,40.0,0.0,-4027.25,12000.0,,
385,fair_1,fair,1,4,5967.75,20.0,60.0,15.0,0.25,-5.0,45.0,-4032.25,17958.45,,
385,max_1,max,1,4,5953.75,20.0,60.0,6.0,0.1,-14.0,54.0,-4046.25,17803.8,,
385,rnd_1,random,1,4,5948.75,20.0,60.0,15.0,0.25,-5.0,45.0,-4051.25,12045.0,,
386,fair_1,fair,1,4,5934.75,20.0,60.0,6.0,0.1,-14.0,54.0,-4065.25,18012.45,,
386,max_1,max,1,4,5914.75,20.0,60.0,0.0,0.0,-20.0,60.0,-4085.25,17863.8,,
386,rnd_1,random,1,4,5939.75,20.0,60.0,45.0,0.75,25.0,15.0,-4060.25,12060.0,,
387,fair_1,fair,1,4,5925.75,20.0,60.0,6.0,0.1,-14.0,54.0,-4074.25,18066.45,,
387,max_1,max,1,4,5905.75,20.0,60.0,0.0,0.0,-20.0,60.0,-4094.25,17923.8,,
387,rnd_1,random,1,4,5900.75,20.0,60.0,15.0,0.25,-5.0,45.0,-4099.25,12105.0,,
388,fair_1,fair,1,4,5886.75,20.0,60.0,6.0,0.1,-14.0,54.0,-4113.25,18120.45,,
388,max_1,max,1,4,5872.75,20.0,60.0,6.0,0.1,-14.0,54.0,-4127.25,17977.8,,
388,rnd_1,random,1,4,5852.75,20.0,60.0,0.0,0.0,-20.0,60.0,-4147.25,12165.0,,
389,fair_1,fair,1,4,5838.75,20.0,60.0,6.0,0.1,-14.0,54.0,-4161.25,18174.45,,
389,max_1,max,1,4,5824.75,20.0,60.0,6.0,0.1,-14.0,54.0,-4175.25,18031.8,,
389,rnd_1,random,1,4,5834.75,20.0,60.0,30.0,0.5,10.0,30.0,-4165.25,12195.0,,
390,fair_1,fair,1,4,5820.75,20.0,60.0,6.0,0.1,-14.0,54.0,-4179.25,18228.45,,
390,max_1,max,1,4,5800.75,20.0,60.0,0.0,0.0,-20.0,60.0,-4199.25,18091.8,,
390,rnd_1,random,1,4,5810.75,20.0,60.0,30.0,0.5,10.0,30.0,-4189.25,12225.0,,
391,fair_1,fair,1,4,5796.75,20.0,60.0,6.0,0.1,-14.0,54.0,-4203.25,18282.45,,
391,max_1,max,1,4,5776.75,20.0,60.0,0.0,0.0,-20.0,60.0,-4223.25,18151.8,,
391,rnd_1,random,1,4,5756.75,20.0,60.0,0.0,0.0,-20.0,60.0,-4243.25,12285.0,,
392,fair_1,fair,1,4,5742.75,20.0,60.0,6.0,0.1,-14.0,54.0,-4257.25,18336.45,,
392,max_1,max,1,4,5728.75,20.0,60.0,6.0,0.1,-14.0,54.0,-4271.25,18205.8,,
392,rnd_1,random,1,4,5738.75,20.0,60.0,30.0,0.5,10.0,30.0,-4261.25,12315.0,,
393,fair_1,fair,1,4,5724.75,20.0,60.0,6.0,0.1,-14.0,54.0,-4275.25,18390.45,,
393,max_1,max,1,4,5710.75,20.0,60.0,6.0,0.1,-14.0,54.0,-4289.25,18259.8,,
393,rnd_1,random,1,4,5705.75,20.0,60.0,15.0,0.25,-5.0,45.0,-4294.25,12360.0,,
394,fair_1,fair,1,4,5691.75,20.0,60.0,6.0,0.1,-14.0,54.0,-4308.25,18444.45,,
394,max_1,max,1,4,5671.75,20.0,60.0,0.0,0.0,-20.0,60.0,-4328.25,18319.8,,
394,rnd_1,random,1,4,5666.75,20.0,60.0,15.0,0.25,-5.0,45.0,-4333.25,12405.0,,
395,fair_1,fair,1,4,5652.75,20.0,60.0,6.0,0.1,-14.0,54.0,-4347.25,18498.45,,
395,max_1,max,1,4,5632.75,20.0,60.0,0.0,0.0,-20.0,60.0,-4367.25,18379.8,,
395,rnd_1,random,1,4,5612.75,20.0,60.0,0.0,0.0,-20.0,60.0,-4387.25,12465.0,,
396,fair_1,fair,1,4,5598.75,20.0,60.0,6.0,0.1,-14.0,54.0,-4401.25,18552.45,,
396,max_1,max,1,4,5584.75,20.0,60.0,6.0,0.1,-14.0,54.0,-4415.25,18433.8,,
396,rnd_1,random,1,4,5594.75,20.0,60.0,30.0,0.5,10.0,30.0,-4405.25,12495.0,,
397,fair_1,fair,1,4,5580.75,20.0,60.0,6.0,0.1,-14.0,54.0,-4419.25,18606.45,,
397,max_1,max,1,4,5566.75,20.0,60.0,6.0,0.1,-14.0,54.0,-4433.25,18487.8,,
397,rnd_1,random,1,4,5606.75,20.0,60.0,60.0,1.0,40.0,0.0,-4393.25,12495.0,,
398,fair_1,fair,1,4,5646.75,20.0,60.0,60.0,1.0,40.0,0.0,-4353.25,18606.45,,
398,max_1,max,1,4,5632.75,20.0,60.0,6.0,0.1,-14.0,54.0,-4367.25,18541.8,,
398,rnd_1,random,1,4,5657.75,20.0,60.0,45.0,0.75,25.0,15.0,-4342.25,12510.0,,
399,fair_1,fair,1,4,5643.75,20.0,60.0,6.0,0.1,-14.0,54.0,-4356.25,18660.45,,
399,max_1,max,1,4,5623.75,20.0,60.0,0.0,0.0,-20.0,60.0,-4376.25,18601.8,,
399,rnd_1,random,1,4,5663.75,20.0,60.0,60.0,1.0,40.0,0.0,-4336.25,12510.0,,
400,fair_1,fair,1,4,5649.75,20.0,60.0,6.0,0.1,-14.0,54.0,-4350.25,18714.45,"[-0.1940833330154419, 0.3061135411262512, -0.3886496424674988, 0.18483401834964752, -0.10346339643001556, -0.099648118019104, -0.5043461918830872, 0.11872215569019318, 0.2247430384159088, 0.08291249722242355, -0.6866291165351868, -0.2560979723930359, 0.5032561421394348, -0.30632081627845764, 0.39580094814300537, 0.7298734784126282, -0.10738541185855865, 0.8023577332496643, -0.5167937874794006, 0.2294153869152069, -0.2530663013458252, 0.17444738745689392, -0.38379204273223877, -0.755176842212677, 0.17529864609241486, 0.236112579703331, -0.13409537076950073, -0.44146227836608887, 0.049049071967601776, -0.9490926861763, 0.2940426170825958, -0.01142567303031683, -0.17754250764846802, -0.3272744417190552, -0.40041351318359375, 0.23729164898395538, -0.5751180052757263, 0.9776211977005005, 0.21046824753284454, 0.9823697805404663, -0.6515863537788391, -0.11226635426282883, -0.2598762810230255, -0.006509523838758469, -0.1458616405725479, -0.06494130939245224, -0.23681512475013733, 0.9177228808403015, 0.25157609581947327, -0.44695428013801575, 0.13340000808238983, -0.15492114424705505, -0.4697323441505432, -0.197050541639328, 0.280574232339859, 0.06913837790489197, -0.2800401747226715, -0.549189567565918, 0.10905323177576065, -0.0520198792219162, 0.4144737124443054, -0.38991910219192505, 0.9558680653572083, 0.28901705145835876]","{""own"": [20.0, 6.0, 20.0, 6.0, 20.0, 60.0, 20.0, 6.0], ""others"": [20.0, 0.0, 20.0, 60.0]}"
400,max_1,max,1,4,5635.75,20.0,60.0,6.0,0.1,-14.0,54.0,-4364.25,18655.8,"[-0.14373844861984253, 0.4267555773258209, -0.4780255854129791, 0.32388681173324585, -0.13041460514068604, -0.23013490438461304, -0.5652440190315247, -0.10599774122238159, 0.2513936460018158, 0.07968182116746902, -0.7735689282417297, -0.23817424476146698, 0.5423853993415833, -0.2046334594488144, 0.7269870042800903, 0.6847078800201416, -0.12075044959783554, 0.9468535780906677, -0.5271695852279663, 0.23893694579601288, -0.23483619093894958, 0.4478505253791809, -0.40946292877197266, -0.758924663066864, 0.3209117352962494, 0.25680112838745117, -0.15840989351272583, -0.41284510493278503, -0.059929538518190384, -0.9957985877990723, -0.2475605309009552, 0.016531972214579582, -0.8161158561706543, -0.5154674053192139, -0.06119231507182121, 0.19675226509571075, -0.5415262579917908, 0.998164713382721, 0.17466974258422852, 0.9870894551277161, -0.261165589094162, -0.1091197058558464, -0.2469705492258072, 0.005016878247261047, -0.085237517952919, -0.16242969036102295, -0.4250408709049225, 0.935810387134552, 0.3392030894756317, -0.48657628893852234, 0.277393639087677, -0.08127247542142868, -0.49447712302207947, -0.22538045048713684, 0.5313656330108643, -0.007046429440379143, -0.28472307324409485, -0.6973139047622681, 0.13128486275672913, -0.1127152144908905, 0.4316639006137848, -0.3840005397796631, 0.9879944920539856, 0.3429957330226898]","{""own"": [20.0, 6.0, 20.0, 6.0, 20.0, 6.0, 20.0, 0.0], ""others"": [20.0, 6.0, 20.0, 60.0]}"
400,rnd_1,random,1,4,5630.75,20.0,60.0,15.0,0.25,-5.0,45.0,-4369.25,12555.0,"[-0.3434760868549347, 0.039055027067661285, -0.2861191928386688, 0.01871320605278015, -0.17519839107990265, -0.09934734553098679, -0.4190139174461365, 0.32302412390708923, 0.24118061363697052, 0.10505534708499908, -0.81989586353302, -0.21946561336517334, 0.3894173800945282, -0.4093787968158722, -0.24664388597011566, 0.7038525342941284, -0.07492312788963318, 0.596518337726593, -0.6793034672737122, 0.4774060547351837, -0.28195255994796753, 0.09850114583969116, -0.3567526042461395, -0.7495974898338318, -0.08338421583175659, 0.1934301108121872, -0.08654158562421799, -0.4425269663333893, 0.12574657797813416, -0.9188352823257446, 0.5910651683807373, -0.06504867970943451, -0.6082393527030945, -0.22194886207580566, -0.630456268787384, 0.23846319317817688, -0.5753875970840454, 0.9888238906860352, 0.2539674639701843, 0.9838827252388, -0.4930823743343353, -0.03315500169992447, -0.32446393370628357, -0.0183657705783844, -0.03308183327317238, 0.18763546645641327, -0.036960795521736145, 0.8890544176101685, 0.15063755214214325, -0.36312684416770935, -0.0804799273610115, -0.5164316892623901, -0.3948209285736084, -0.23864272236824036, -0.2989009916782379, 0.22680939733982086, -0.2738279104232788, -0.6131798624992371, 0.10380236059427261, 0.04540623724460602, 0.37150558829307556, -0.43481940031051636, 0.9663209915161133, 0.1698479801416397]","{""own"": [20.0, 30.0, 20.0, 60.0, 20.0, 45.0, 20.0, 60.0], ""others"": [20.0, 6.0, 20.0, 6.0]}"
401,fair_1,fair,1,4,5616.75,20.0,60.0,6.0,0.1,-14.0,54.0,-4383.25,18768.45,,
401,max_1,max,1,4,5602.75,20.0,60.0,6.0,0.1,-14.0,54.0,-4397.25,18709.8,,
401,rnd_1,random,1,4,5597.75,20.0,60.0,15.0,0.25,-5.0,45.0,-4402.25,12600.0,,
402,fair_1,fair,1,4,5583.75,20.0,60.0,6.0,0.1,-14.0,54.0,-4416.25,18822.45,,
402,max_1,max,1,4,5563.75,20.0,60.0,0.0,0.0,-20.0,60.0,-4436.25,18769.8,,
402,rnd_1,random,1,4,5558.75,20.0,60.0,15.0,0.25,-5.0,45.0,-4441.25,12645.0,,
403,fair_1,fair,1,4,5544.75,20.0,60.0,6.0,0.1,-14.0,54.0,-4455.25,18876.45,,
403,max_1,max,1,4,5524.75,20.0,60.0,0.0,0.0,-20.0,60.0,-4475.25,18829.8,,
403,rnd_1,random,1,4,5519.75,20.0,60.0,15.0,0.25,-5.0,45.0,-4480.25,12690.0,,
404,fair_1,fair,1,4,5505.75,20.0,60.0,6.0,0.1,-14.0,54.0,-4494.25,18930.45,,
404,max_1,max,1,4,5491.75,20.0,60.0,6.0,0.1,-14.0,54.0,-4508.25,18883.8,,
404,rnd_1,random,1,4,5516.75,20.0,60.0,45.0,0.75,25.0,15.0,-4483.25,12705.0,,
405,fair_1,fair,1,4,5502.75,20.0,60.0,6.0,0.1,-14.0,54.0,-4497.25,18984.45,,
405,max_1,max,1,4,5488.75,20.0,60.0,6.0,0.1,-14.0,54.0,-4511.25,18937.8,,
405,rnd_1,random,1,4,5468.75,20.0,60.0,0.0,0.0,-20.0,60.0,-4531.25,12765.0,,
406,fair_1,fair,1,4,5454.75,20.0,60.0,6.0,0.1,-14.0,54.0,-4545.25,19038.45,,
406,max_1,max,1,4,5434.75,20.0,60.0,0.0,0.0,-20.0,60.0,-4565.25,18997.8,,
406,rnd_1,random,1,4,5429.75,20.0,60.0,15.0,0.25,-5.0,45.0,-4570.25,12810.0,,
407,fair_1,fair,1,4,5415.75,20.0,60.0,6.0,0.1,-14.0,54.0,-4584.25,19092.45,,
407,max_1,max,1,4,5395.75,20.0,60.0,0.0,0.0,-20.0,60.0,-4604.25,19057.8,,
407,rnd_1,random,1,4,5405.75,20.0,60.0,30.0,0.5,10.0,30.0,-4594.25,12840.0,,
408,fair_1,fair,1,4,5391.75,20.0,60.0,6.0,0.1,-14.0,54.0,-4608.25,19146.45,,
408,max_1,max,1,4,5377.75,20.0,60.0,6.0,0.1,-14.0,54.0,-4622.25,19111.8,,
408,rnd_1,random,1,4,5402.75,20.0,60.0,45.0,0.75,25.0,15.0,-4597.25,12855.0,,
409,fair_1,fair,1,4,5388.75,20.0,60.0,6.0,0.1,-14.0,54.0,-4611.25,19200.45,,
409,max_1,max,1,4,5374.75,20.0,60.0,6.0,0.1,-14.0,54.0,-4625.25,19165.8,,
409,rnd_1,random,1,4,5369.75,20.0,60.0,15.0,0.25,-5.0,45.0,-4630.25,12900.0,,
410,fair_1,fair,1,4,5355.75,20.0,60.0,6.0,0.1,-14.0,54.0,-4644.25,19254.45,,
410,max_1,max,1,4,5335.75,20.0,60.0,0.0,0.0,-20.0,60.0,-4664.25,19225.8,,
410,rnd_1,random,1,4,5345.75,20.0,60.0,30.0,0.5,10.0,30.0,-4654.25,12930.0,,
411,fair_1,fair,1,4,5331.75,20.0,60.0,6.0,0.1,-14.0,54.0,-4668.25,19308.45,,
411,max_1,max,1,4,5311.75,20.0,60.0,0.0,0.0,-20.0,60.0,-4688.25,19285.8,,
411,rnd_1,random,1,4,5306.75,20.0,60.0,15.0,0.25,-5.0,45.0,-4693.25,12975.0,,
412,fair_1,fair,1,4,5292.75,20.0,60.0,6.0,0.1,-14.0,54.0,-4707.25,19362.45,,
412,max_1,max,1,4,5278.75,20.0,60.0,6.0,0.1,-14.0,54.0,-4721.25,19339.8,,
412,rnd_1,random,1,4,5258.75,20.0,60.0,0.0,0.0,-20.0,60.0,-4741.25,13035.0,,
413,fair_1,fair,1,4,5244.75,20.0,60.0,6.0,0.1,-14.0,54.0,-4755.25,19416.45,,
413,max_1,max,1,4,5230.75,20.0,60.0,6.0,0.1,-14.0,54.0,-4769.25,19393.8,,
413,rnd_1,random,1,4,5255.75,20.0,60.0,45.0,0.75,25.0,15.0,-4744.25,13050.0,,
414,fair_1,fair,1,4,5241.75,20.0,60.0,6.0,0.1,-14.0,54.0,-4758.25,19470.45,,
414,max_1,max,1,4,5221.75,20.0,60.0,0.0,0.0,-20.0,60.0,-4778.25,19453.8,,
414,rnd_1,random,1,4,5201.75,20.0,60.0,0.0,0.0,-20.0,60.0,-4798.25,13110.0,,
415,fair_1,fair,1,4,5187.75,20.0,60.0,6.0,0.1,-14.0,54.0,-4812.25,19524.45,,
415,max_1,max,1,4,5167.75,20.0,60.0,0.0,0.0,-20.0,60.0,-4832.25,19513.8,,
415,rnd_1,random,1,4,5192.75,20.0,60.0,45.0,0.75,25.0,15.0,-4807.25,13125.0,,
416,fair_1,fair,1,4,5178.75,20.0,60.0,6.0,0.1,-14.0,54.0,-4821.25,19578.45,,
416,max_1,max,1,4,5164.75,20.0,60.0,6.0,0.1,-14.0,54.0,-4835.25,19567.8,,
416,rnd_1,random,1,4,5159.75,20.0,60.0,15.0,0.25,-5.0,45.0,-4840.25,13170.0,,
417,fair_1,fair,1,4,5145.75,20.0,60.0,6.0,0.1,-14.0,54.0,-4854.25,19632.45,,
417,max_1,max,1,4,5131.75,20.0,60.0,6.0,0.1,-14.0,54.0,-4868.25,19621.8,,
417,rnd_1,random,1,4,5126.75,20.0,60.0,15.0,0.25,-5.0,45.0,-4873.25,13215.0,,
418,fair_1,fair,1,4,5112.75,20.0,60.0,6.0,0.1,-14.0,54.0,-4887.25,19686.45,,
418,max_1,max,1,4,5092.75,20.0,60.0,0.0,0.0,-20.0,60.0,-4907.25,19681.8,,
418,rnd_1,random,1,4,5117.75,20.0,60.0,45.0,0.75,25.0,15.0,-4882.25,13230.0,,
419,fair_1,fair,1,4,5103.75,20.0,60.0,6.0,0.1,-14.0,54.0,-4896.25,19740.45,,
419,max_1,max,1,4,5089.75,20.0,60.0,6.0,0.1,-14.0,54.0,-4910.25,19735.8,,
419,rnd_1,random,1,4,5099.75,20.0,60.0,30.0,0.5,10.0,30.0,-4900.25,13260.0,,
420,fair_1,fair,1,4,5085.75,20.0,60.0,6.0,0.1,-14.0,54.0,-4914.25,19794.45,,
420,max_1,max,1,4,5071.75,20.0,60.0,6.0,0.1,-14.0,54.0,-4928.25,19789.8,,
420,rnd_1,random,1,4,5081.75,20.0,60.0,30.0,0.5,10.0,30.0,-4918.25,13290.0,,
421,fair_1,fair,1,4,5067.75,20.0,60.0,6.0,0.1,-14.0,54.0,-4932.25,19848.45,,
421,max_1,max,1,4,5047.75,20.0,60.0,0.0,0.0,-20.0,60.0,-4952.25,19849.8,,
421,rnd_1,random,1,4,5042.75,20.0,60.0,15.0,0.25,-5.0,45.0,-4957.25,13335.0,,
422,fair_1,fair,1,4,5028.75,20.0,60.0,6.0,0.1,-14.0,54.0,-4971.25,19902.45,,
422,max_1,max,1,4,5008.75,20.0,60.0,0.0,0.0,-20.0,60.0,-4991.25,19909.8,,
422,rnd_1,random,1,4,5003.75,20.0,60.0,15.0,0.25,-5.0,45.0,-4996.25,13380.0,,
423,fair_1,fair,1,4,4989.75,20.0,60.0,6.0,0.1,-14.0,54.0,-5010.25,19956.45,,
423,max_1,max,1,4,4975.75,20.0,60.0,6.0,0.1,-14.0,54.0,-5024.25,19963.8,,
423,rnd_1,random,1,4,4955.75,20.0,60.0,0.0,0.0,-20.0,60.0,-5044.25,13440.0,,
424,fair_1,fair,1,4,4941.75,20.0,60.0,6.0,0.1,-14.0,54.0,-5058.25,20010.45,,
424,max_1,max,1,4,4927.75,20.0,60.0,6.0,0.1,-14.0,54.0,-5072.25,20017.8,,
424,rnd_1,random,1,4,4922.75,20.0,60.0,15.0,0.25,-5.0,45.0,-5077.25,13485.0,,
425,fair_1,fair,1,4,4908.75,20.0,60.0,6.0,0.1,-14.0,54.0,-5091.25,20064.45,,
425,max_1,max,1,4,4888.75,20.0,60.0,0.0,0.0,-20.0,60.0,-5111.25,20077.8,,
425,rnd_1,random,1,4,4913.75,20.0,60.0,45.0,0.75,25.0,15.0,-5086.25,13500.0,,
426,fair_1,fair,1,4,4899.75,20.0,60.0,6.0,0.1,-14.0,54.0,-5100.25,20118.45,,
426,max_1,max,1,4,4885.75,20.0,60.0,6.0,0.1,-14.0,54.0,-5114.25,20131.8,,
426,rnd_1,random,1,4,4895.75,20.0,60.0,30.0,0.5,10.0,30.0,-5104.25,13530.0,,
427,fair_1,fair,1,4,4881.75,20.0,60.0,6.0,0.1,-14.0,54.0,-5118.25,20172.45,,
427,max_1,max,1,4,4867.75,20.0,60.0,6.0,0.1,-14.0,54.0,-5132.25,20185.8,,
427,rnd_1,random,1,4,4877.75,20.0,60.0,30.0,0.5,10.0,30.0,-5122.25,13560.0,,
428,fair_1,fair,1,4,4863.75,20.0,60.0,6.0,0.1,-14.0,54.0,-5136.25,20226.45,,
428,max_1,max,1,4,4843.75,20.0,60.0,0.0,0.0,-20.0,60.0,-5156.25,20245.8,,
428,rnd_1,random,1,4,4823.75,20.0,60.0,0.0,0.0,-20.0,60.0,-5176.25,13620.0,,
429,fair_1,fair,1,4,4809.75,20.0,60.0,6.0,0.1,-14.0,54.0,-5190.25,20280.45,,
429,max_1,max,1,4,4789.75,20.0,60.0,0.0,0.0,-20.0,60.0,-5210.25,20305.8,,
429,rnd_1,random,1,4,4799.75,20.0,60.0,30.0,0.5,10.0,30.0,-5200.25,13650.0,,
430,fair_1,fair,1,4,4785.75,20.0,60.0,6.0,0.1,-14.0,54.0,-5214.25,20334.45,,
430,max_1,max,1,4,4771.75,20.0,60.0,6.0,0.1,-14.0,54.0,-5228.25,20359.8,,
430,rnd_1,random,1,4,4781.75,20.0,60.0,30.0,0.5,10.0,30.0,-5218.25,13680.0,,
431,fair_1,fair,1,4,4767.75,20.0,60.0,6.0,0.1,-14.0,54.0,-5232.25,20388.45,,
431,max_1,max,1,4,4753.75,20.0,60.0,6.0,0.1,-14.0,54.0,-5246.25,20413.8,,
431,rnd_1,random,1,4,4793.75,20.0,60.0,60.0,1.0,40.0,0.0,-5206.25,13680.0,,
432,fair_1,fair,1,4,4833.75,20.0,60.0,60.0,1.0,40.0,0.0,-5166.25,20388.45,,
432,max_1,max,1,4,4819.75,20.0,60.0,6.0,0.1,-14.0,54.0,-5180.25,20467.8,,
432,rnd_1,random,1,4,4844.75,20.0,60.0,45.0,0.75,25.0,15.0,-5155.25,13695.0,,
433,fair_1,fair,1,4,4830.75,20.0,60.0,6.0,0.1,-14.0,54.0,-5169.25,20442.45,,
433,max_1,max,1,4,4810.75,20.0,60.0,0.0,0.0,-20.0,60.0,-5189.25,20527.8,,
433,rnd_1,random,1,4,4850.75,20.0,60.0,60.0,1.0,40.0,0.0,-5149.25,13695.0,,
434,fair_1,fair,1,4,4836.75,20.0,60.0,6.0,0.1,-14.0,54.0,-5163.25,20496.45,,
434,max_1,max,1,4,4822.75,20.0,60.0,6.0,0.1,-14.0,54.0,-5177.25,20581.8,,
434,rnd_1,random,1,4,4832.75,20.0,60.0,30.0,0.5,10.0,30.0,-5167.25,13725.0,,
435,fair_1,fair,1,4,4818.75,20.0,60.0,6.0,0.1,-14.0,54.0,-5181.25,20550.45,,
435,max_1,max,1,4,4804.75,20.0,60.0,6.0,0.1,-14.0,54.0,-5195.25,20635.8,,
435,rnd_1,random,1,4,4784.75,20.0,60.0,0.0,0.0,-20.0,60.0,-5215.25,13785.0,,
436,fair_1,fair,1,4,4770.75,20.0,60.0,6.0,0.1,-14.0,54.0,-5229.25,20604.45,,
436,max_1,max,1,4,4750.75,20.0,60.0,0.0,0.0,-20.0,60.0,-5249.25,20695.8,,
436,rnd_1,random,1,4,4730.75,20.0,60.0,0.0,0.0,-20.0,60.0,-5269.25,13845.0,,
437,fair_1,fair,1,4,4716.75,20.0,60.0,6.0,0.1,-14.0,54.0,-5283.25,20658.45,,
437,max_1,max,1,4,4696.75,20.0,60.0,0.0,0.0,-20.0,60.0,-5303.25,20755.8,,
437,rnd_1,random,1,4,4706.75,20.0,60.0,30.0,0.5,10.0,30.0,-5293.25,13875.0,,
438,fair_1,fair,1,4,4692.75,20.0,60.0,6.0,0.1,-14.0,54.0,-5307.25,20712.45,,
438,max_1,max,1,4,4678.75,20.0,60.0,6.0,0.1,-14.0,54.0,-5321.25,20809.8,,
438,rnd_1,random,1,4,4673.75,20.0,60.0,15.0,0.25,-5.0,45.0,-5326.25,13920.0,,
439,fair_1,fair,1,4,4659.75,20.0,60.0,6.0,0.1,-14.0,54.0,-5340.25,20766.45,,
439,max_1,max,1,4,4645.75,20.0,60.0,6.0,0.1,-14.0,54.0,-5354.25,20863.8,,
439,rnd_1,random,1,4,4685.75,20.0,60.0,60.0,1.0,40.0,0.0,-5314.25,13920.0,,
440,fair_1,fair,1,4,4725.75,20.0,60.0,60.0,1.0,40.0,0.0,-5274.25,20766.45,,
440,max_1,max,1,4,4711.75,20.0,60.0,6.0,0.1,-14.0,54.0,-5288.25,20917.8,,
440,rnd_1,random,1,4,4721.75,20.0,60.0,30.0,0.5,10.0,30.0,-5278.25,13950.0,,
441,fair_1,fair,1,4,4707.75,20.0,60.0,6.0,0.1,-14.0,54.0,-5292.25,20820.45,,
441,max_1,max,1,4,4687.75,20.0,60.0,0.0,0.0,-20.0,60.0,-5312.25,20977.8,,
441,rnd_1,random,1,4,4667.75,20.0,60.0,0.0,0.0,-20.0,60.0,-5332.25,14010.0,,
442,fair_1,fair,1,4,4653.75,20.0,60.0,6.0,0.1,-14.0,54.0,-5346.25,20874.45,,
442,max_1,max,1,4,4633.75,20.0,60.0,0.0,0.0,-20.0,60.0,-5366.25,21037.8,,
442,rnd_1,random,1,4,4613.75,20.0,60.0,0.0,0.0,-20.0,60.0,-5386.25,14070.0,,
443,fair_1,fair,1,4,4599.75,20.0,60.0,6.0,0.1,-14.0,54.0,-5400.25,20928.45,,
443,max_1,max,1,4,4585.75,20.0,60.0,6.0,0.1,-14.0,54.0,-5414.25,21091.8,,
443,rnd_1,random,1,4,4625.75,20.0,60.0,60.0,1.0,40.0,0.0,-5374.25,14070.0,,
444,fair_1,fair,1,4,4620.75,20.0,60.0,15.0,0.25,-5.0,45.0,-5379.25,20973.45,,
444,max_1,max,1,4,4606.75,20.0,60.0,6.0,0.1,-14.0,54.0,-5393.25,21145.8,,
444,rnd_1,random,1,4,4631.75,20.0,60.0,45.0,0.75,25.0,15.0,-5368.25,14085.0,,
445,fair_1,fair,1,4,4617.75,20.0,60.0,6.0,0.1,-14.0,54.0,-5382.25,21027.45,,
445,max_1,max,1,4,4597.75,20.0,60.0,0.0,0.0,-20.0,60.0,-5402.25,21205.8,,
445,rnd_1,random,1,4,4607.75,20.0,60.0,30.0,0.5,10.0,30.0,-5392.25,14115.0,,
446,fair_1,fair,1,4,4593.75,20.0,60.0,6.0,0.1,-14.0,54.0,-5406.25,21081.45,,
446,max_1,max,1,4,4573.75,20.0,60.0,0.0,0.0,-20.0,60.0,-5426.25,21265.8,,
446,rnd_1,random,1,4,4583.75,20.0,60.0,30.0,0.5,10.0,30.0,-5416.25,14145.0,,
447,fair_1,fair,1,4,4569.75,20.0,60.0,6.0,0.1,-14.0,54.0,-5430.25,21135.45,,
447,max_1,max,1,4,4555.75,20.0,60.0,6.0,0.1,-14.0,54.0,-5444.25,21319.8,,
447,rnd_1,random,1,4,4580.75,20.0,60.0,45.0,0.75,25.0,15.0,-5419.25,14160.0,,
448,fair_1,fair,1,4,4566.75,20.0,60.0,6.0,0.1,-14.0,54.0,-5433.25,21189.45,,
448,max_1,max,1,4,4552.75,20.0,60.0,6.0,0.1,-14.0,54.0,-5447.25,21373.8,,
448,rnd_1,random,1,4,4592.75,20.0,60.0,60.0,1.0,40.0,0.0,-5407.25,14160.0,,
449,fair_1,fair,1,4,4632.75,20.0,60.0,60.0,1.0,40.0,0.0,-5367.25,21189.45,,
449,max_1,max,1,4,4618.75,20.0,60.0,6.0,0.1,-14.0,54.0,-5381.25,21427.8,,
449,rnd_1,random,1,4,4658.75,20.0,60.0,60.0,1.0,40.0,0.0,-5341.25,14160.0,,
450,fair_1,fair,1,4,4644.75,20.0,60.0,6.0,0.1,-14.0,54.0,-5355.25,21243.45,,
450,max_1,max,1,4,4624.75,20.0,60.0,0.0,0.0,-20.0,60.0,-5375.25,21487.8,,
450,rnd_1,random,1,4,4604.75,20.0,60.0,0.0,0.0,-20.0,60.0,-5395.25,14220.0,,
451,fair_1,fair,1,4,4590.75,20.0,60.0,6.0,0.1,-14.0,54.0,-5409.25,21297.45,,
451,max_1,max,1,4,4570.75,20.0,60.0,0.0,0.0,-20.0,60.0,-5429.25,21547.8,,
451,rnd_1,random,1,4,4595.75,20.0,60.0,45.0,0.75,25.0,15.0,-5404.25,14235.0,,
452,fair_1,fair,1,4,4581.75,20.0,60.0,6.0,0.1,-14.0,54.0,-5418.25,21351.45,,
452,max_1,max,1,4,4567.75,20.0,60.0,6.0,0.1,-14.0,54.0,-5432.25,21601.8,,
452,rnd_1,random,1,4,4607.75,20.0,60.0,60.0,1.0,40.0,0.0,-5392.25,14235.0,,
453,fair_1,fair,1,4,4602.75,20.0,60.0,15.0,0.25,-5.0,45.0,-5397.25,21396.45,,
453,max_1,max,1,4,4588.75,20.0,60.0,6.0,0.1,-14.0,54.0,-5411.25,21655.8,,
453,rnd_1,random,1,4,4583.75,20.0,60.0,15.0,0.25,-5.0,45.0,-5416.25,14280.0,,
454,fair_1,fair,1,4,4569.75,20.0,60.0,6.0,0.1,-14.0,54.0,-5430.25,21450.45,,
454,max_1,max,1,4,4549.75,20.0,60.0,0.0,0.0,-20.0,60.0,-5450.25,21715.8,,
454,rnd_1,random,1,4,4559.75,20.0,60.0,30.0,0.5,10.0,30.0,-5440.25,14310.0,,
455,fair_1,fair,1,4,4545.75,20.0,60.0,6.0,0.1,-14.0,54.0,-5454.25,21504.45,,
455,max_1,max,1,4,4525.75,20.0,60.0,0.0,0.0,-20.0,60.0,-5474.25,21775.8,,
455,rnd_1,random,1,4,4505.75,20.0,60.0,0.0,0.0,-20.0,60.0,-5494.25,14370.0,,
456,fair_1,fair,1,4,4491.75,20.0,60.0,6.0,0.1,-14.0,54.0,-5508.25,21558.45,,
456,max_1,max,1,4,4477.75,20.0,60.0,6.0,0.1,-14.0,54.0,-5522.25,21829.8,,
456,rnd_1,random,1,4,4502.75,20.0,60.0,45.0,0.75,25.0,15.0,-5497.25,14385.0,,
457,fair_1,fair,1,4,4488.75,20.0,60.0,6.0,0.1,-14.0,54.0,-5511.25,21612.45,,
457,max_1,max,1,4,4474.75,20.0,60.0,6.0,0.1,-14.0,54.0,-5525.25,21883.8,,
457,rnd_1,random,1,4,4454.75,20.0,60.0,0.0,0.0,-20.0,60.0,-5545.25,14445.0,,
458,fair_1,fair,1,4,4440.75,20.0,60.0,6.0,0.1,-14.0,54.0,-5559.25,21666.45,,
458,max_1,max,1,4,4420.75,20.0,60.0,0.0,0.0,-20.0,60.0,-5579.25,21943.8,,
458,rnd_1,random,1,4,4460.75,20.0,60.0,60.0,1.0,40.0,0.0,-5539.25,14445.0,,
459,fair_1,fair,1,4,4500.75,20.0,60.0,60.0,1.0,40.0,0.0,-5499.25,21666.45,,
459,max_1,max,1,4,4486.75,20.0,60.0,6.0,0.1,-14.0,54.0,-5513.25,21997.8,,
459,rnd_1,random,1,4,4526.75,20.0,60.0,60.0,1.0,40.0,0.0,-5473.25,14445.0,,
460,fair_1,fair,1,4,4512.75,20.0,60.0,6.0,0.1,-14.0,54.0,-5487.25,21720.45,,
460,max_1,max,1,4,4498.75,20.0,60.0,6.0,0.1,-14.0,54.0,-5501.25,22051.8,,
460,rnd_1,random,1,4,4493.75,20.0,60.0,15.0,0.25,-5.0,45.0,-5506.25,14490.0,,
461,fair_1,fair,1,4,4479.75,20.0,60.0,6.0,0.1,-14.0,54.0,-5520.25,21774.45,,
461,max_1,max,1,4,4459.75,20.0,60.0,0.0,0.0,-20.0,60.0,-5540.25,22111.8,,
461,rnd_1,random,1,4,4469.75,20.0,60.0,30.0,0.5,10.0,30.0,-5530.25,14520.0,,
462,fair_1,fair,1,4,4455.75,20.0,60.0,6.0,0.1,-14.0,54.0,-5544.25,21828.45,,
462,max_1,max,1,4,4435.75,20.0,60.0,0.0,0.0,-20.0,60.0,-5564.25,22171.8,,
462,rnd_1,random,1,4,4460.75,20.0,60.0,45.0,0.75,25.0,15.0,-5539.25,14535.0,,
463,fair_1,fair,1,4,4455.75,20.0,60.0,15.0,0.25,-5.0,45.0,-5544.25,21873.45,,
463,max_1,max,1,4,4441.75,20.0,60.0,6.0,0.1,-14.0,54.0,-5558.25,22225.8,,
463,rnd_1,random,1,4,4421.75,20.0,60.0,0.0,0.0,-20.0,60.0,-5578.25,14595.0,,
464,fair_1,fair,1,4,4407.75,20.0,60.0,6.0,0.1,-14.0,54.0,-5592.25,21927.45,,
464,max_1,max,1,4,4393.75,20.0,60.0,6.0,0.1,-14.0,54.0,-5606.25,22279.8,,
464,rnd_1,random,1,4,4403.75,20.0,60.0,30.0,0.5,10.0,30.0,-5596.25,14625.0,,
465,fair_1,fair,1,4,4389.75,20.0,60.0,6.0,0.1,-14.0,54.0,-5610.25,21981.45,,
465,max_1,max,1,4,4369.75,20.0,60.0,0.0,0.0,-20.0,60.0,-5630.25,22339.8,,
465,rnd_1,random,1,4,4409.75,20.0,60.0,60.0,1.0,40.0,0.0,-5590.25,14625.0,,
466,fair_1,fair,1,4,4449.75,20.0,60.0,60.0,1.0,40.0,0.0,-5550.25,21981.45,,
466,max_1,max,1,4,4435.75,20.0,60.0,6.0,0.1,-14.0,54.0,-5564.25,22393.8,,
466,rnd_1,random,1,4,4445.75,20.0,60.0,30.0,0.5,10.0,30.0,-5554.25,14655.0,,
467,fair_1,fair,1,4,4431.75,20.0,60.0,6.0,0.1,-14.0,54.0,-5568.25,22035.45,,
467,max_1,max,1,4,4417.75,20.0,60.0,6.0,0.1,-14.0,54.0,-5582.25,22447.8,,
467,rnd_1,random,1,4,4397.75,20.0,60.0,0.0,0.0,-20.0,60.0,-5602.25,14715.0,,
468,fair_1,fair,1,4,4383.75,20.0,60.0,6.0,0.1,-14.0,54.0,-5616.25,22089.45,,
468,max_1,max,1,4,4363.75,20.0,60.0,0.0,0.0,-20.0,60.0,-5636.25,22507.8,,
468,rnd_1,random,1,4,4373.75,20.0,60.0,30.0,0.5,10.0,30.0,-5626.25,14745.0,,
469,fair_1,fair,1,4,4359.75,20.0,60.0,6.0,0.1,-14.0,54.0,-5640.25,22143.45,,
469,max_1,max,1,4,4339.75,20.0,60.0,0.0,0.0,-20.0,60.0,-5660.25,22567.8,,
469,rnd_1,random,1,4,4379.75,20.0,60.0,60.0,1.0,40.0,0.0,-5620.25,14745.0,,
470,fair_1,fair,1,4,4374.75,20.0,60.0,15.0,0.25,-5.0,45.0,-5625.25,22188.45,,
470,max_1,max,1,4,4360.75,20.0,60.0,6.0,0.1,-14.0,54.0,-5639.25,22621.8,,
470,rnd_1,random,1,4,4370.75,20.0,60.0,30.0,0.5,10.0,30.0,-5629.25,14775.0,,
471,fair_1,fair,1,4,4356.75,20.0,60.0,6.0,0.1,-14.0,54.0,-5643.25,22242.45,,
471,max_1,max,1,4,4342.75,20.0,60.0,6.0,0.1,-14.0,54.0,-5657.25,22675.8,,
471,rnd_1,random,1,4,4367.75,20.0,60.0,45.0,0.75,25.0,15.0,-5632.25,14790.0,,
472,fair_1,fair,1,4,4353.75,20.0,60.0,6.0,0.1,-14.0,54.0,-5646.25,22296.45,,
472,max_1,max,1,4,4333.75,20.0,60.0,0.0,0.0,-20.0,60.0,-5666.25,22735.8,,
472,rnd_1,random,1,4,4343.75,20.0,60.0,30.0,0.5,10.0,30.0,-5656.25,14820.0,,
473,fair_1,fair,1,4,4329.75,20.0,60.0,6.0,0.1,-14.0,54.0,-5670.25,22350.45,,
473,max_1,max,1,4,4309.75,20.0,60.0,0.0,0.0,-20.0,60.0,-5690.25,22795.8,,
473,rnd_1,random,1,4,4334.75,20.0,60.0,45.0,0.75,25.0,15.0,-5665.25,14835.0,,
474,fair_1,fair,1,4,4320.75,20.0,60.0,6.0,0.1,-14.0,54.0,-5679.25,22404.45,,
474,max_1,max,1,4,4306.75,20.0,60.0,6.0,0.1,-14.0,54.0,-5693.25,22849.8,,
474,rnd_1,random,1,4,4316.75,20.0,60.0,30.0,0.5,10.0,30.0,-5683.25,14865.0,,
475,fair_1,fair,1,4,4302.75,20.0,60.0,6.0,0.1,-14.0,54.0,-5697.25,22458.45,,
475,max_1,max,1,4,4288.75,20.0,60.0,6.0,0.1,-14.0,54.0,-5711.25,22903.8,,
475,rnd_1,random,1,4,4328.75,20.0,60.0,60.0,1.0,40.0,0.0,-5671.25,14865.0,,
476,fair_1,fair,1,4,4368.75,20.0,60.0,60.0,1.0,40.0,0.0,-5631.25,22458.45,,
476,max_1,max,1,4,4354.75,20.0,60.0,6.0,0.1,-14.0,54.0,-5645.25,22957.8,,
476,rnd_1,random,1,4,4349.75,20.0,60.0,15.0,0.25,-5.0,45.0,-5650.25,14910.0,,
477,fair_1,fair,1,4,4335.75,20.0,60.0,6.0,0.1,-14.0,54.0,-5664.25,22512.45,,
477,max_1,max,1,4,4315.75,20.0,60.0,0.0,0.0,-20.0,60.0,-5684.25,23017.8,,
477,rnd_1,random,1,4,4310.75,20.0,60.0,15.0,0.25,-5.0,45.0,-5689.25,14955.0,,
478,fair_1,fair,1,4,4296.75,20.0,60.0,6.0,0.1,-14.0,54.0,-5703.25,22566.45,,
478,max_1,max,1,4,4276.75,20.0,60.0,0.0,0.0,-20.0,60.0,-5723.25,23077.8,,
478,rnd_1,random,1,4,4301.75,20.0,60.0,45.0,0.75,25.0,15.0,-5698.25,14970.0,,
479,fair_1,fair,1,4,4287.75,20.0,60.0,6.0,0.1,-14.0,54.0,-5712.25,22620.45,,
479,max_1,max,1,4,4273.75,20.0,60.0,6.0,0.1,-14.0,54.0,-5726.25,23131.8,,
479,rnd_1,random,1,4,4298.75,20.0,60.0,45.0,0.75,25.0,15.0,-5701.25,14985.0,,
480,fair_1,fair,1,4,4293.75,20.0,60.0,15.0,0.25,-5.0,45.0,-5706.25,22665.45,,
480,max_1,max,1,4,4279.75,20.0,60.0,6.0,0.1,-14.0,54.0,-5720.25,23185.8,,
480,rnd_1,random,1,4,4274.75,20.0,60.0,15.0,0.25,-5.0,45.0,-5725.25,15030.0,,
481,fair_1,fair,1,4,4260.75,20.0,60.0,6.0,0.1,-14.0,54.0,-5739.25,22719.45,,
481,max_1,max,1,4,4240.75,20.0,60.0,0.0,0.0,-20.0,60.0,-5759.25,23245.8,,
481,rnd_1,random,1,4,4280.75,20.0,60.0,60.0,1.0,40.0,0.0,-5719.25,15030.0,,
482,fair_1,fair,1,4,4266.75,20.0,60.0,6.0,0.1,-14.0,54.0,-5733.25,22773.45,,
482,max_1,max,1,4,4252.75,20.0,60.0,6.0,0.1,-14.0,54.0,-5747.25,23299.8,,
482,rnd_1,random,1,4,4292.75,20.0,60.0,60.0,1.0,40.0,0.0,-5707.25,15030.0,,
483,fair_1,fair,1,4,4332.75,20.0,60.0,60.0,1.0,40.0,0.0,-5667.25,22773.45,,
483,max_1,max,1,4,4318.75,20.0,60.0,6.0,0.1,-14.0,54.0,-5681.25,23353.8,,
483,rnd_1,random,1,4,4328.75,20.0,60.0,30.0,0.5,10.0,30.0,-5671.25,15060.0,,
484,fair_1,fair,1,4,4314.75,20.0,60.0,6.0,0.1,-14.0,54.0,-5685.25,22827.45,,
484,max_1,max,1,4,4294.75,20.0,60.0,0.0,0.0,-20.0,60.0,-5705.25,23413.8,,
484,rnd_1,random,1,4,4319.75,20.0,60.0,45.0,0.75,25.0,15.0,-5680.25,15075.0,,
485,fair_1,fair,1,4,4305.75,20.0,60.0,6.0,0.1,-14.0,54.0,-5694.25,22881.45,,
485,max_1,max,1,4,4285.75,20.0,60.0,0.0,0.0,-20.0,60.0,-5714.25,23473.8,,
485,rnd_1,random,1,4,4325.75,20.0,60.0,60.0,1.0,40.0,0.0,-5674.25,15075.0,,
486,fair_1,fair,1,4,4311.75,20.0,60.0,6.0,0.1,-14.0,54.0,-5688.25,22935.45,,
486,max_1,max,1,4,4297.75,20.0,60.0,6.0,0.1,-14.0,54.0,-5702.25,23527.8,,
486,rnd_1,random,1,4,4277.75,20.0,60.0,0.0,0.0,-20.0,60.0,-5722.25,15135.0,,
487,fair_1,fair,1,4,4263.75,20.0,60.0,6.0,0.1,-14.0,54.0,-5736.25,22989.45,,
487,max_1,max,1,4,4249.75,20.0,60.0,6.0,0.1,-14.0,54.0,-5750.25,23581.8,,
487,rnd_1,random,1,4,4259.75,20.0,60.0,30.0,0.5,10.0,30.0,-5740.25,15165.0,,
488,fair_1,fair,1,4,4245.75,20.0,60.0,6.0,0.1,-14.0,54.0,-5754.25,23043.45,,
488,max_1,max,1,4,4225.75,20.0,60.0,0.0,0.0,-20.0,60.0,-5774.25,23641.8,,
488,rnd_1,random,1,4,4235.75,20.0,60.0,30.0,0.5,10.0,30.0,-5764.25,15195.0,,
489,fair_1,fair,1,4,4221.75,20.0,60.0,6.0,0.1,-14.0,54.0,-5778.25,23097.45,,
489,max_1,max,1,4,4201.75,20.0,60.0,0.0,0.0,-20.0,60.0,-5798.25,23701.8,,
489,rnd_1,random,1,4,4196.75,20.0,60.0,15.0,0.25,-5.0,45.0,-5803.25,15240.0,,
490,fair_1,fair,1,4,4182.75,20.0,60.0,6.0,0.1,-14.0,54.0,-5817.25,23151.45,,
490,max_1,max,1,4,4168.75,20.0,60.0,6.0,0.1,-14.0,54.0,-5831.25,23755.8,,
490,rnd_1,random,1,4,4193.75,20.0,60.0,45.0,0.75,25.0,15.0,-5806.25,15255.0,,
491,fair_1,fair,1,4,4179.75,20.0,60.0,6.0,0.1,-14.0,54.0,-5820.25,23205.45,,
491,max_1,max,1,4,4165.75,20.0,60.0,6.0,0.1,-14.0,54.0,-5834.25,23809.8,,
491,rnd_1,random,1,4,4205.75,20.0,60.0,60.0,1.0,40.0,0.0,-5794.25,15255.0,,
492,fair_1,fair,1,4,4245.75,20.0,60.0,60.0,1.0,40.0,0.0,-5754.25,23205.45,,
492,max_1,max,1,4,4231.75,20.0,60.0,6.0,0.1,-14.0,54.0,-5768.25,23863.8,,
492,rnd_1,random,1,4,4271.75,20.0,60.0,60.0,1.0,40.0,0.0,-5728.25,15255.0,,
493,fair_1,fair,1,4,4257.75,20.0,60.0,6.0,0.1,-14.0,54.0,-5742.25,23259.45,,
493,max_1,max,1,4,4237.75,20.0,60.0,0.0,0.0,-20.0,60.0,-5762.25,23923.8,,
493,rnd_1,random,1,4,4247.75,20.0,60.0,30.0,0.5,10.0,30.0,-5752.25,15285.0,,
494,fair_1,fair,1,4,4233.75,20.0,60.0,6.0,0.1,-14.0,54.0,-5766.25,23313.45,,
494,max_1,max,1,4,4213.75,20.0,60.0,0.0,0.0,-20.0,60.0,-5786.25,23983.8,,
494,rnd_1,random,1,4,4238.75,20.0,60.0,45.0,0.75,25.0,15.0,-5761.25,15300.0,,
495,fair_1,fair,1,4,4224.75,20.0,60.0,6.0,0.1,-14.0,54.0,-5775.25,23367.45,,
495,max_1,max,1,4,4210.75,20.0,60.0,6.0,0.1,-14.0,54.0,-5789.25,24037.8,,
495,rnd_1,random,1,4,4235.75,20.0,60.0,45.0,0.75,25.0,15.0,-5764.25,15315.0,,
496,fair_1,fair,1,4,4230.75,20.0,60.0,15.0,0.25,-5.0,45.0,-5769.25,23412.45,,
496,max_1,max,1,4,4216.75,20.0,60.0,6.0,0.1,-14.0,54.0,-5783.25,24091.8,,
496,rnd_1,random,1,4,4241.75,20.0,60.0,45.0,0.75,25.0,15.0,-5758.25,15330.0,,
497,fair_1,fair,1,4,4227.75,20.0,60.0,6.0,0.1,-14.0,54.0,-5772.25,23466.45,,
497,max_1,max,1,4,4207.75,20.0,60.0,0.0,0.0,-20.0,60.0,-5792.25,24151.8,,
497,rnd_1,random,1,4,4202.75,20.0,60.0,15.0,0.25,-5.0,45.0,-5797.25,15375.0,,
498,fair_1,fair,1,4,4188.75,20.0,60.0,6.0,0.1,-14.0,54.0,-5811.25,23520.45,,
498,max_1,max,1,4,4168.75,20.0,60.0,0.0,0.0,-20.0,60.0,-5831.25,24211.8,,
498,rnd_1,random,1,4,4208.75,20.0,60.0,60.0,1.0,40.0,0.0,-5791.25,15375.0,,
499,fair_1,fair,1,4,4248.75,20.0,60.0,60.0,1.0,40.0,0.0,-5751.25,23520.45,,
499,max_1,max,1,4,4234.75,20.0,60.0,6.0,0.1,-14.0,54.0,-5765.25,24265.8,,
499,rnd_1,random,1,4,4259.75,20.0,60.0,45.0,0.75,25.0,15.0,-5740.25,15390.0,,
500,fair_1,fair,1,4,4245.75,20.0,60.0,6.0,0.1,-14.0,54.0,-5754.25,23574.45,"[-0.20702417194843292, 0.04381684958934784, -0.36858922243118286, 0.17685489356517792, -0.15556049346923828, -0.22912715375423431, -0.4416600465774536, 0.1600446254014969, 0.24485674500465393, 0.09155377745628357, -0.7969133853912354, -0.21024367213249207, 0.4982980489730835, -0.3655987083911896, 0.1771000474691391, 0.6239156126976013, -0.07430793344974518, 0.8132849335670471, -0.4917354881763458, 0.3588223159313202, -0.25547611713409424, 0.22510926425457, -0.377302348613739, -0.7536283135414124, 0.006491988897323608, 0.23727679252624512, -0.10536515712738037, -0.39228567481040955, 0.04461294412612915, -0.9846662282943726, 0.37738901376724243, -0.023556828498840332, -0.8315098881721497, -0.4157424569129944, -0.6264397501945496, 0.24772030115127563, -0.547414243221283, 0.9978762865066528, 0.20861275494098663, 0.9708505868911743, 0.25492990016937256, 0.005496736615896225, -0.23797762393951416, -0.0090598464012146, -0.07237616181373596, 0.2036839723587036, -0.09125693887472153, 0.8430631756782532, 0.24610735476016998, -0.4274038076400757, 0.1066499873995781, -0.4900593161582947, -0.4787794351577759, -0.20495852828025818, -0.08161252737045288, 0.12838129699230194, -0.2790268063545227, -0.5560267567634583, 0.07868660986423492, -0.02138446271419525, 0.40601545572280884, -0.39346230030059814, 0.9646309614181519, 0.2744218707084656]","{""own"": [20.0, 15.0, 20.0, 6.0, 20.0, 6.0, 20.0, 60.0], ""others"": [20.0, 6.0, 20.0, 45.0]}"
500,max_1,max,1,4,4231.75,20.0,60.0,6.0,0.1,-14.0,54.0,-5768.25,24319.8,"[-0.1443486213684082, 0.40067389607429504, -0.48158586025238037, 0.3269652724266052, -0.13088244199752808, -0.2563993036746979, -0.5879894495010376, -0.11020791530609131, 0.2520428001880646, 0.08064331859350204, -0.7743057012557983, -0.21826648712158203, 0.5433439612388611, -0.2035258710384369, 0.7108064889907837, 0.643037736415863, -0.11341806501150131, 0.9551881551742554, -0.5246161818504333, 0.24155482649803162, -0.23366288840770721, 0.5042465925216675, -0.4109664261341095, -0.7589026093482971, 0.3077814280986786, 0.2571202218532562, -0.14571844041347504, -0.40484750270843506, -0.08088690042495728, -0.9968586564064026, -0.28081753849983215, 0.016839968040585518, -0.8450695276260376, -0.5828918218612671, -0.135671004652977, 0.1956246942281723, -0.5324109196662903, 0.9986007213592529, 0.17229893803596497, 0.98557448387146, -0.08213627338409424, -0.09391241520643234, -0.24607892334461212, 0.002701206598430872, -0.07746322453022003, -0.12597526609897614, -0.39862972497940063, 0.9274610877037048, 0.3400779068470001, -0.4873250126838684, 0.28120777010917664, -0.11386294662952423, -0.49418190121650696, -0.22550328075885773, 0.5007391571998596, -0.007051493972539902, -0.2849058210849762, -0.646795928478241, 0.1293237805366516, -0.10951800644397736, 0.4325900375843048, -0.38060277700424194, 0.9878365993499756, 0.34421879053115845]","{""own"": [20.0, 6.0, 20.0, 0.0, 20.0, 0.0, 20.0, 6.0], ""others"": [20.0, 6.0, 20.0, 45.0]}"
500,rnd_1,random,1,4,4226.75,20.0,60.0,15.0,0.25,-5.0,45.0,-5773.25,15435.0,"[-0.33714616298675537, 0.10513526201248169, -0.16964808106422424, -0.031640611588954926, -0.2272213101387024, -0.04076286405324936, -0.439372718334198, 0.4148862063884735, 0.258137047290802, 0.14050757884979248, -0.7959620952606201, -0.23256048560142517, 0.3851790428161621, -0.40772655606269836, -0.13532453775405884, 0.7435506582260132, -0.090251125395298, 0.5484009981155396, -0.626560389995575, 0.3805387318134308, -0.33575621247291565, 0.13450922071933746, -0.38327914476394653, -0.7499426007270813, -0.10777368396520615, 0.1820719987154007, -0.07678306102752686, -0.5214633941650391, 0.22218425571918488, -0.6374121308326721, 0.5279574990272522, -0.11782532930374146, -0.08391271531581879, -0.14691859483718872, -0.6094452142715454, 0.2728678584098816, -0.6116004586219788, 0.9710729122161865, 0.2463088184595108, 0.9866049885749817, -0.5928179621696472, -0.03177656605839729, -0.36844077706336975, -0.03235900402069092, -0.029400965198874474, 0.14208869636058807, -0.023308519273996353, 0.9019696116447449, 0.1692349910736084, -0.28381645679473877, -0.07046585530042648, -0.4688207507133484, -0.38457372784614563, -0.2352495789527893, -0.22401538491249084, 0.21853624284267426, -0.2714511752128601, -0.6394254565238953, 0.12825286388397217, 0.058340348303318024, 0.3458220958709717, -0.4339614510536194, 0.9231215119361877, 0.1452643871307373]","{""own"": [20.0, 45.0, 20.0, 15.0, 20.0, 60.0, 20.0, 45.0], ""others"": [20.0, 6.0, 20.0, 6.0]}"
501,fair_1,fair,1,4,4212.75,20.0,60.0,6.0,0.1,-14.0,54.0,-5787.25,23628.45,,
501,max_1,max,1,4,4192.75,20.0,60.0,0.0,0.0,-20.0,60.0,-5807.25,24379.8,,
501,rnd_1,random,1,4,4172.75,20.0,60.0,0.0,0.0,-20.0,60.0,-5827.25,15495.0,,
502,fair_1,fair,1,4,4158.75,20.0,60.0,6.0,0.1,-14.0,54.0,-5841.25,23682.45,,
502,max_1,max,1,4,4138.75,20.0,60.0,0.0,0.0,-20.0,60.0,-5861.25,24439.8,,
502,rnd_1,random,1,4,4148.75,20.0,60.0,30.0,0.5,10.0,30.0,-5851.25,15525.0,,
503,fair_1,fair,1,4,4143.75,20.0,60.0,15.0,0.25,-5.0,45.0,-5856.25,23727.45,,
503,max_1,max,1,4,4129.75,20.0,60.0,6.0,0.1,-14.0,54.0,-5870.25,24493.8,,
503,rnd_1,random,1,4,4169.75,20.0,60.0,60.0,1.0,40.0,0.0,-5830.25,15525.0,,
504,fair_1,fair,1,4,4209.75,20.0,60.0,60.0,1.0,40.0,0.0,-5790.25,23727.45,,
504,max_1,max,1,4,4195.75,20.0,60.0,6.0,0.1,-14.0,54.0,-5804.25,24547.8,,
504,rnd_1,random,1,4,4235.75,20.0,60.0,60.0,1.0,40.0,0.0,-5764.25,15525.0,,
505,fair_1,fair,1,4,4221.75,20.0,60.0,6.0,0.1,-14.0,54.0,-5778.25,23781.45,,
505,max_1,max,1,4,4201.75,20.0,60.0,0.0,0.0,-20.0,60.0,-5798.25,24607.8,,
505,rnd_1,random,1,4,4211.75,20.0,60.0,30.0,0.5,10.0,30.0,-5788.25,15555.0,,
506,fair_1,fair,1,4,4197.75,20.0,60.0,6.0,0.1,-14.0,54.0,-5802.25,23835.45,,
506,max_1,max,1,4,4177.75,20.0,60.0,0.0,0.0,-20.0,60.0,-5822.25,24667.8,,
506,rnd_1,random,1,4,4157.75,20.0,60.0,0.0,0.0,-20.0,60.0,-5842.25,15615.0,,
507,fair_1,fair,1,4,4143.75,20.0,60.0,6.0,0.1,-14.0,54.0,-5856.25,23889.45,,
507,max_1,max,1,4,4129.75,20.0,60.0,6.0,0.1,-14.0,54.0,-5870.25,24721.8,,
507,rnd_1,random,1,4,4124.75,20.0,60.0,15.0,0.25,-5.0,45.0,-5875.25,15660.0,,
508,fair_1,fair,1,4,4110.75,20.0,60.0,6.0,0.1,-14.0,54.0,-5889.25,23943.45,,
508,max_1,max,1,4,4096.75,20.0,60.0,6.0,0.1,-14.0,54.0,-5903.25,24775.8,,
508,rnd_1,random,1,4,4106.75,20.0,60.0,30.0,0.5,10.0,30.0,-5893.25,15690.0,,
509,fair_1,fair,1,4,4092.75,20.0,60.0,6.0,0.1,-14.0,54.0,-5907.25,23997.45,,
509,max_1,max,1,4,4072.75,20.0,60.0,0.0,0.0,-20.0,60.0,-5927.25,24835.8,,
509,rnd_1,random,1,4,4067.75,20.0,60.0,15.0,0.25,-5.0,45.0,-5932.25,15735.0,,
510,fair_1,fair,1,4,4053.75,20.0,60.0,6.0,0.1,-14.0,54.0,-5946.25,24051.45,,
510,max_1,max,1,4,4033.75,20.0,60.0,0.0,0.0,-20.0,60.0,-5966.25,24895.8,,
510,rnd_1,random,1,4,4028.75,20.0,60.0,15.0,0.25,-5.0,45.0,-5971.25,15780.0,,
511,fair_1,fair,1,4,4014.75,20.0,60.0,6.0,0.1,-14.0,54.0,-5985.25,24105.45,,
511,max_1,max,1,4,4000.75,20.0,60.0,6.0,0.1,-14.0,54.0,-5999.25,24949.8,,
511,rnd_1,random,1,4,3995.75,20.0,60.0,15.0,0.25,-5.0,45.0,-6004.25,15825.0,,
512,fair_1,fair,1,4,3981.75,20.0,60.0,6.0,0.1,-14.0,54.0,-6018.25,24159.45,,
512,max_1,max,1,4,3967.75,20.0,60.0,6.0,0.1,-14.0,54.0,-6032.25,25003.8,,
512,rnd_1,random,1,4,3947.75,20.0,60.0,0.0,0.0,-20.0,60.0,-6052.25,15885.0,,
513,fair_1,fair,1,4,3933.75,20.0,60.0,6.0,0.1,-14.0,54.0,-6066.25,24213.45,,
513,max_1,max,1,4,3913.75,20.0,60.0,0.0,0.0,-20.0,60.0,-6086.25,25063.8,,
513,rnd_1,random,1,4,3893.75,20.0,60.0,0.0,0.0,-20.0,60.0,-6106.25,15945.0,,
514,fair_1,fair,1,4,3879.75,20.0,60.0,6.0,0.1,-14.0,54.0,-6120.25,24267.45,,
514,max_1,max,1,4,3859.75,20.0,60.0,0.0,0.0,-20.0,60.0,-6140.25,25123.8,,
514,rnd_1,random,1,4,3854.75,20.0,60.0,15.0,0.25,-5.0,45.0,-6145.25,15990.0,,
515,fair_1,fair,1,4,3840.75,20.0,60.0,6.0,0.1,-14.0,54.0,-6159.25,24321.45,,
515,max_1,max,1,4,3826.75,20.0,60.0,6.0,0.1,-14.0,54.0,-6173.25,25177.8,,
515,rnd_1,random,1,4,3851.75,20.0,60.0,45.0,0.75,25.0,15.0,-6148.25,16005.0,,
516,fair_1,fair,1,4,3837.75,20.0,60.0,6.0,0.1,-14.0,54.0,-6162.25,24375.45,,
516,max_1,max,1,4,3823.75,20.0,60.0,6.0,0.1,-14.0,54.0,-6176.25,25231.8,,
516,rnd_1,random,1,4,3863.75,20.0,60.0,60.0,1.0,40.0,0.0,-6136.25,16005.0,,
517,fair_1,fair,1,4,3903.75,20.0,60.0,60.0,1.0,40.0,0.0,-6096.25,24375.45,,
517,max_1,max,1,4,3889.75,20.0,60.0,6.0,0.1,-14.0,54.0,-6110.25,25285.8,,
517,rnd_1,random,1,4,3869.75,20.0,60.0,0.0,0.0,-20.0,60.0,-6130.25,16065.0,,
518,fair_1,fair,1,4,3855.75,20.0,60.0,6.0,0.1,-14.0,54.0,-6144.25,24429.45,,
518,max_1,max,1,4,3835.75,20.0,60.0,0.0,0.0,-20.0,60.0,-6164.25,25345.8,,
518,rnd_1,random,1,4,3860.75,20.0,60.0,45.0,0.75,25.0,15.0,-6139.25,16080.0,,
519,fair_1,fair,1,4,3846.75,20.0,60.0,6.0,0.1,-14.0,54.0,-6153.25,24483.45,,
519,max_1,max,1,4,3826.75,20.0,60.0,0.0,0.0,-20.0,60.0,-6173.25,25405.8,,
519,rnd_1,random,1,4,3851.75,20.0,60.0,45.0,0.75,25.0,15.0,-6148.25,16095.0,,
520,fair_1,fair,1,4,3837.75,20.0,60.0,6.0,0.1,-14.0,54.0,-6162.25,24537.45,,
520,max_1,max,1,4,3823.75,20.0,60.0,6.0,0.1,-14.0,54.0,-6176.25,25459.8,,
520,rnd_1,random,1,4,3863.75,20.0,60.0,60.0,1.0,40.0,0.0,-6136.25,16095.0,,
521,fair_1,fair,1,4,3858.75,20.0,60.0,15.0,0.25,-5.0,45.0,-6141.25,24582.45,,
521,max_1,max,1,4,3844.75,20.0,60.0,6.0,0.1,-14.0,54.0,-6155.25,25513.8,,
521,rnd_1,random,1,4,3839.75,20.0,60.0,15.0,0.25,-5.0,45.0,-6160.25,16140.0,,
522,fair_1,fair,1,4,3825.75,20.0,60.0,6.0,0.1,-14.0,54.0,-6174.25,24636.45,,
522,max_1,max,1,4,3805.75,20.0,60.0,0.0,0.0,-20.0,60.0,-6194.25,25573.8,,
522,rnd_1,random,1,4,3830.75,20.0,60.0,45.0,0.75,25.0,15.0,-6169.25,16155.0,,
523,fair_1,fair,1,4,3816.75,20.0,60.0,6.0,0.1,-14.0,54.0,-6183.25,24690.45,,
523,max_1,max,1,4,3796.75,20.0,60.0,0.0,0.0,-20.0,60.0,-6203.25,25633.8,,
523,rnd_1,random,1,4,3821.75,20.0,60.0,45.0,0.75,25.0,15.0,-6178.25,16170.0,,
524,fair_1,fair,1,4,3807.75,20.0,60.0,6.0,0.1,-14.0,54.0,-6192.25,24744.45,,
524,max_1,max,1,4,3793.75,20.0,60.0,6.0,0.1,-14.0,54.0,-6206.25,25687.8,,
524,rnd_1,random,1,4,3818.75,20.0,60.0,45.0,0.75,25.0,15.0,-6181.25,16185.0,,
525,fair_1,fair,1,4,3804.75,20.0,60.0,6.0,0.1,-14.0,54.0,-6195.25,24798.45,,
525,max_1,max,1,4,3790.75,20.0,60.0,6.0,0.1,-14.0,54.0,-6209.25,25741.8,,
525,rnd_1,random,1,4,3785.75,20.0,60.0,15.0,0.25,-5.0,45.0,-6214.25,16230.0,,
526,fair_1,fair,1,4,3771.75,20.0,60.0,6.0,0.1,-14.0,54.0,-6228.25,24852.45,,
526,max_1,max,1,4,3751.75,20.0,60.0,0.0,0.0,-20.0,60.0,-6248.25,25801.8,,
526,rnd_1,random,1,4,3746.75,20.0,60.0,15.0,0.25,-5.0,45.0,-6253.25,16275.0,,
527,fair_1,fair,1,4,3732.75,20.0,60.0,6.0,0.1,-14.0,54.0,-6267.25,24906.45,,
527,max_1,max,1,4,3712.75,20.0,60.0,0.0,0.0,-20.0,60.0,-6287.25,25861.8,,
527,rnd_1,random,1,4,3692.75,20.0,60.0,0.0,0.0,-20.0,60.0,-6307.25,16335.0,,
528,fair_1,fair,1,4,3678.75,20.0,60.0,6.0,0.1,-14.0,54.0,-6321.25,24960.45,,
528,max_1,max,1,4,3664.75,20.0,60.0,6.0,0.1,-14.0,54.0,-6335.25,25915.8,,
528,rnd_1,random,1,4,3644.75,20.0,60.0,0.0,0.0,-20.0,60.0,-6355.25,16395.0,,
529,fair_1,fair,1,4,3630.75,20.0,60.0,6.0,0.1,-14.0,54.0,-6369.25,25014.45,,
529,max_1,max,1,4,3616.75,20.0,60.0,6.0,0.1,-14.0,54.0,-6383.25,25969.8,,
529,rnd_1,random,1,4,3641.75,20.0,60.0,45.0,0.75,25.0,15.0,-6358.25,16410.0,,
530,fair_1,fair,1,4,3627.75,20.0,60.0,6.0,0.1,-14.0,54.0,-6372.25,25068.45,,
530,max_1,max,1,4,3607.75,20.0,60.0,0.0,0.0,-20.0,60.0,-6392.25,26029.8,,
530,rnd_1,random,1,4,3602.75,20.0,60.0,15.0,0.25,-5.0,45.0,-6397.25,16455.0,,
531,fair_1,fair,1,4,3588.75,20.0,60.0,6.0,0.1,-14.0,54.0,-6411.25,25122.45,,
531,max_1,max,1,4,3568.75,20.0,60.0,0.0,0.0,-20.0,60.0,-6431.25,26089.8,,
531,rnd_1,random,1,4,3563.75,20.0,60.0,15.0,0.25,-5.0,45.0,-6436.25,16500.0,,
532,fair_1,fair,1,4,3549.75,20.0,60.0,6.0,0.1,-14.0,54.0,-6450.25,25176.45,,
532,max_1,max,1,4,3535.75,20.0,60.0,6.0,0.1,-14.0,54.0,-6464.25,26143.8,,
532,rnd_1,random,1,4,3575.75,20.0,60.0,60.0,1.0,40.0,0.0,-6424.25,16500.0,,
533,fair_1,fair,1,4,3615.75,20.0,60.0,60.0,1.0,40.0,0.0,-6384.25,25176.45,,
533,max_1,max,1,4,3601.75,20.0,60.0,6.0,0.1,-14.0,54.0,-6398.25,26197.8,,
533,rnd_1,random,1,4,3626.75,20.0,60.0,45.0,0.75,25.0,15.0,-6373.25,16515.0,,
534,fair_1,fair,1,4,3612.75,20.0,60.0,6.0,0.1,-14.0,54.0,-6387.25,25230.45,,
534,max_1,max,1,4,3592.75,20.0,60.0,0.0,0.0,-20.0,60.0,-6407.25,26257.8,,
534,rnd_1,random,1,4,3572.75,20.0,60.0,0.0,0.0,-20.0,60.0,-6427.25,16575.0,,
535,fair_1,fair,1,4,3558.75,20.0,60.0,6.0,0.1,-14.0,54.0,-6441.25,25284.45,,
535,max_1,max,1,4,3538.75,20.0,60.0,0.0,0.0,-20.0,60.0,-6461.25,26317.8,,
535,rnd_1,random,1,4,3578.75,20.0,60.0,60.0,1.0,40.0,0.0,-6421.25,16575.0,,
536,fair_1,fair,1,4,3564.75,20.0,60.0,6.0,0.1,-14.0,54.0,-6435.25,25338.45,,
536,max_1,max,1,4,3550.75,20.0,60.0,6.0,0.1,-14.0,54.0,-6449.25,26371.8,,
536,rnd_1,random,1,4,3545.75,20.0,60.0,15.0,0.25,-5.0,45.0,-6454.25,16620.0,,
537,fair_1,fair,1,4,3531.75,20.0,60.0,6.0,0.1,-14.0,54.0,-6468.25,25392.45,,
537,max_1,max,1,4,3517.75,20.0,60.0,6.0,0.1,-14.0,54.0,-6482.25,26425.8,,
537,rnd_1,random,1,4,3497.75,20.0,60.0,0.0,0.0,-20.0,60.0,-6502.25,16680.0,,
538,fair_1,fair,1,4,3483.75,20.0,60.0,6.0,0.1,-14.0,54.0,-6516.25,25446.45,,
538,max_1,max,1,4,3463.75,20.0,60.0,0.0,0.0,-20.0,60.0,-6536.25,26485.8,,
538,rnd_1,random,1,4,3488.75,20.0,60.0,45.0,0.75,25.0,15.0,-6511.25,16695.0,,
539,fair_1,fair,1,4,3474.75,20.0,60.0,6.0,0.1,-14.0,54.0,-6525.25,25500.45,,
539,max_1,max,1,4,3454.75,20.0,60.0,0.0,0.0,-20.0,60.0,-6545.25,26545.8,,
539,rnd_1,random,1,4,3449.75,20.0,60.0,15.0,0.25,-5.0,45.0,-6550.25,16740.0,,
540,fair_1,fair,1,4,3435.75,20.0,60.0,6.0,0.1,-14.0,54.0,-6564.25,25554.45,,
540,max_1,max,1,4,3421.75,20.0,60.0,6.0,0.1,-14.0,54.0,-6578.25,26599.8,,
540,rnd_1,random,1,4,3446.75,20.0,60.0,45.0,0.75,25.0,15.0,-6553.25,16755.0,,
541,fair_1,fair,1,4,3432.75,20.0,60.0,6.0,0.1,-14.0,54.0,-6567.25,25608.45,,
541,max_1,max,1,4,3418.75,20.0,60.0,6.0,0.1,-14.0,54.0,-6581.25,26653.8,,
541,rnd_1,random,1,4,3458.75,20.0,60.0,60.0,1.0,40.0,0.0,-6541.25,16755.0,,
542,fair_1,fair,1,4,3498.75,20.0,60.0,60.0,1.0,40.0,0.0,-6501.25,25608.45,,
542,max_1,max,1,4,3484.75,20.0,60.0,6.0,0.1,-14.0,54.0,-6515.25,26707.8,,
542,rnd_1,random,1,4,3524.75,20.0,60.0,60.0,1.0,40.0,0.0,-6475.25,16755.0,,
543,fair_1,fair,1,4,3510.75,20.0,60.0,6.0,0.1,-14.0,54.0,-6489.25,25662.45,,
543,max_1,max,1,4,3490.75,20.0,60.0,0.0,0.0,-20.0,60.0,-6509.25,26767.8,,
543,rnd_1,random,1,4,3530.75,20.0,60.0,60.0,1.0,40.0,0.0,-6469.25,16755.0,,
544,fair_1,fair,1,4,3516.75,20.0,60.0,6.0,0.1,-14.0,54.0,-6483.25,25716.45,,
544,max_1,max,1,4,3502.75,20.0,60.0,6.0,0.1,-14.0,54.0,-6497.25,26821.8,,
544,rnd_1,random,1,4,3512.75,20.0,60.0,30.0,0.5,10.0,30.0,-6487.25,16785.0,,
545,fair_1,fair,1,4,3498.75,20.0,60.0,6.0,0.1,-14.0,54.0,-6501.25,25770.45,,
545,max_1,max,1,4,3484.75,20.0,60.0,6.0,0.1,-14.0,54.0,-6515.25,26875.8,,
545,rnd_1,random,1,4,3509.75,20.0,60.0,45.0,0.75,25.0,15.0,-6490.25,16800.0,,
546,fair_1,fair,1,4,3504.75,20.0,60.0,15.0,0.25,-5.0,45.0,-6495.25,25815.45,,
546,max_1,max,1,4,3490.75,20.0,60.0,6.0,0.1,-14.0,54.0,-6509.25,26929.8,,
546,rnd_1,random,1,4,3530.75,20.0,60.0,60.0,1.0,40.0,0.0,-6469.25,16800.0,,
547,fair_1,fair,1,4,3570.75,20.0,60.0,60.0,1.0,40.0,0.0,-6429.25,25815.45,,
547,max_1,max,1,4,3556.75,20.0,60.0,6.0,0.1,-14.0,54.0,-6443.25,26983.8,,
547,rnd_1,random,1,4,3596.75,20.0,60.0,60.0,1.0,40.0,0.0,-6403.25,16800.0,,
548,fair_1,fair,1,4,3582.75,20.0,60.0,6.0,0.1,-14.0,54.0,-6417.25,25869.45,,
548,max_1,max,1,4,3568.75,20.0,60.0,6.0,0.1,-14.0,54.0,-6431.25,27037.8,,
548,rnd_1,random,1,4,3593.75,20.0,60.0,45.0,0.75,25.0,15.0,-6406.25,16815.0,,
549,fair_1,fair,1,4,3579.75,20.0,60.0,6.0,0.1,-14.0,54.0,-6420.25,25923.45,,
549,max_1,max,1,4,3559.75,20.0,60.0,0.0,0.0,-20.0,60.0,-6440.25,27097.8,,
549,rnd_1,random,1,4,3599.75,20.0,60.0,60.0,1.0,40.0,0.0,-6400.25,16815.0,,
550,fair_1,fair,1,4,3585.75,20.0,60.0,6.0,0.1,-14.0,54.0,-6414.25,25977.45,,
550,max_1,max,1,4,3571.75,20.0,60.0,6.0,0.1,-14.0,54.0,-6428.25,27151.8,,
550,rnd_1,random,1,4,3596.75,20.0,60.0,45.0,0.75,25.0,15.0,-6403.25,16830.0,,
551,fair_1,fair,1,4,3591.75,20.0,60.0,15.0,0.25,-5.0,45.0,-6408.25,26022.45,,
551,max_1,max,1,4,3577.75,20.0,60.0,6.0,0.1,-14.0,54.0,-6422.25,27205.8,,
551,rnd_1,random,1,4,3572.75,20.0,60.0,15.0,0.25,-5.0,45.0,-6427.25,16875.0,,
552,fair_1,fair,1,4,3558.75,20.0,60.0,6.0,0.1,-14.0,54.0,-6441.25,26076.45,,
552,max_1,max,1,4,3538.75,20.0,60.0,0.0,0.0,-20.0,60.0,-6461.25,27265.8,,
552,rnd_1,random,1,4,3563.75,20.0,60.0,45.0,0.75,25.0,15.0,-6436.25,16890.0,,
553,fair_1,fair,1,4,3549.75,20.0,60.0,6.0,0.1,-14.0,54.0,-6450.25,26130.45,,
553,max_1,max,1,4,3529.75,20.0,60.0,0.0,0.0,-20.0,60.0,-6470.25,27325.8,,
553,rnd_1,random,1,4,3554.75,20.0,60.0,45.0,0.75,25.0,15.0,-6445.25,16905.0,,
554,fair_1,fair,1,4,3540.75,20.0,60.0,6.0,0.1,-14.0,54.0,-6459.25,26184.45,,
554,max_1,max,1,4,3526.75,20.0,60.0,6.0,0.1,-14.0,54.0,-6473.25,27379.8,,
554,rnd_1,random,1,4,3536.75,20.0,60.0,30.0,0.5,10.0,30.0,-6463.25,16935.0,,
555,fair_1,fair,1,4,3522.75,20.0,60.0,6.0,0.1,-14.0,54.0,-6477.25,26238.45,,
555,max_1,max,1,4,3508.75,20.0,60.0,6.0,0.1,-14.0,54.0,-6491.25,27433.8,,
555,rnd_1,random,1,4,3503.75,20.0,60.0,15.0,0.25,-5.0,45.0,-6496.25,16980.0,,
556,fair_1,fair,1,4,3489.75,20.0,60.0,6.0,0.1,-14.0,54.0,-6510.25,26292.45,,
556,max_1,max,1,4,3469.75,20.0,60.0,0.0,0.0,-20.0,60.0,-6530.25,27493.8,,
556,rnd_1,random,1,4,3479.75,20.0,60.0,30.0,0.5,10.0,30.0,-6520.25,17010.0,,
557,fair_1,fair,1,4,3465.75,20.0,60.0,6.0,0.1,-14.0,54.0,-6534.25,26346.45,,
557,max_1,max,1,4,3445.75,20.0,60.0,0.0,0.0,-20.0,60.0,-6554.25,27553.8,,
557,rnd_1,random,1,4,3485.75,20.0,60.0,60.0,1.0,40.0,0.0,-6514.25,17010.0,,
558,fair_1,fair,1,4,3525.75,20.0,60.0,60.0,1.0,40.0,0.0,-6474.25,26346.45,,
558,max_1,max,1,4,3511.75,20.0,60.0,6.0,0.1,-14.0,54.0,-6488.25,27607.8,,
558,rnd_1,random,1,4,3536.75,20.0,60.0,45.0,0.75,25.0,15.0,-6463.25,17025.0,,
559,fair_1,fair,1,4,3522.75,20.0,60.0,6.0,0.1,-14.0,54.0,-6477.25,26400.45,,
559,max_1,max,1,4,3508.75,20.0,60.0,6.0,0.1,-14.0,54.0,-6491.25,27661.8,,
559,rnd_1,random,1,4,3503.75,20.0,60.0,15.0,0.25,-5.0,45.0,-6496.25,17070.0,,
560,fair_1,fair,1,4,3489.75,20.0,60.0,6.0,0.1,-14.0,54.0,-6510.25,26454.45,,
560,max_1,max,1,4,3469.75,20.0,60.0,0.0,0.0,-20.0,60.0,-6530.25,27721.8,,
560,rnd_1,random,1,4,3479.75,20.0,60.0,30.0,0.5,10.0,30.0,-6520.25,17100.0,,
561,fair_1,fair,1,4,3465.75,20.0,60.0,6.0,0.1,-14.0,54.0,-6534.25,26508.45,,
561,max_1,max,1,4,3445.75,20.0,60.0,0.0,0.0,-20.0,60.0,-6554.25,27781.8,,
561,rnd_1,random,1,4,3470.75,20.0,60.0,45.0,0.75,25.0,15.0,-6529.25,17115.0,,
562,fair_1,fair,1,4,3465.75,20.0,60.0,15.0,0.25,-5.0,45.0,-6534.25,26553.45,,
562,max_1,max,1,4,3451.75,20.0,60.0,6.0,0.1,-14.0,54.0,-6548.25,27835.8,,
562,rnd_1,random,1,4,3431.75,20.0,60.0,0.0,0.0,-20.0,60.0,-6568.25,17175.0,,
563,fair_1,fair,1,4,3417.75,20.0,60.0,6.0,0.1,-14.0,54.0,-6582.25,26607.45,,
563,max_1,max,1,4,3403.75,20.0,60.0,6.0,0.1,-14.0,54.0,-6596.25,27889.8,,
563,rnd_1,random,1,4,3413.75,20.0,60.0,30.0,0.5,10.0,30.0,-6586.25,17205.0,,
564,fair_1,fair,1,4,3399.75,20.0,60.0,6.0,0.1,-14.0,54.0,-6600.25,26661.45,,
564,max_1,max,1,4,3379.75,20.0,60.0,0.0,0.0,-20.0,60.0,-6620.25,27949.8,,
564,rnd_1,random,1,4,3374.75,20.0,60.0,15.0,0.25,-5.0,45.0,-6625.25,17250.0,,
565,fair_1,fair,1,4,3360.75,20.0,60.0,6.0,0.1,-14.0,54.0,-6639.25,26715.45,,
565,max_1,max,1,4,3340.75,20.0,60.0,0.0,0.0,-20.0,60.0,-6659.25,28009.8,,
565,rnd_1,random,1,4,3350.75,20.0,60.0,30.0,0.5,10.0,30.0,-6649.25,17280.0,,
566,fair_1,fair,1,4,3336.75,20.0,60.0,6.0,0.1,-14.0,54.0,-6663.25,26769.45,,
566,max_1,max,1,4,3322.75,20.0,60.0,6.0,0.1,-14.0,54.0,-6677.25,28063.8,,
566,rnd_1,random,1,4,3332.75,20.0,60.0,30.0,0.5,10.0,30.0,-6667.25,17310.0,,
567,fair_1,fair,1,4,3318.75,20.0,60.0,6.0,0.1,-14.0,54.0,-6681.25,26823.45,,
567,max_1,max,1,4,3304.75,20.0,60.0,6.0,0.1,-14.0,54.0,-6695.25,28117.8,,
567,rnd_1,random,1,4,3314.75,20.0,60.0,30.0,0.5,10.0,30.0,-6685.25,17340.0,,
568,fair_1,fair,1,4,3300.75,20.0,60.0,6.0,0.1,-14.0,54.0,-6699.25,26877.45,,
568,max_1,max,1,4,3280.75,20.0,60.0,0.0,0.0,-20.0,60.0,-6719.25,28177.8,,
568,rnd_1,random,1,4,3320.75,20.0,60.0,60.0,1.0,40.0,0.0,-6679.25,17340.0,,
569,fair_1,fair,1,4,3360.75,20.0,60.0,60.0,1.0,40.0,0.0,-6639.25,26877.45,,
569,max_1,max,1,4,3346.75,20.0,60.0,6.0,0.1,-14.0,54.0,-6653.25,28231.8,,
569,rnd_1,random,1,4,3326.75,20.0,60.0,0.0,0.0,-20.0,60.0,-6673.25,17400.0,,
570,fair_1,fair,1,4,3312.75,20.0,60.0,6.0,0.1,-14.0,54.0,-6687.25,26931.45,,
570,max_1,max,1,4,3298.75,20.0,60.0,6.0,0.1,-14.0,54.0,-6701.25,28285.8,,
570,rnd_1,random,1,4,3293.75,20.0,60.0,15.0,0.25,-5.0,45.0,-6706.25,17445.0,,
571,fair_1,fair,1,4,3279.75,20.0,60.0,6.0,0.1,-14.0,54.0,-6720.25,26985.45,,
571,max_1,max,1,4,3259.75,20.0,60.0,0.0,0.0,-20.0,60.0,-6740.25,28345.8,,
571,rnd_1,random,1,4,3254.75,20.0,60.0,15.0,0.25,-5.0,45.0,-6745.25,17490.0,,
572,fair_1,fair,1,4,3240.75,20.0,60.0,6.0,0.1,-14.0,54.0,-6759.25,27039.45,,
572,max_1,max,1,4,3220.75,20.0,60.0,0.0,0.0,-20.0,60.0,-6779.25,28405.8,,
572,rnd_1,random,1,4,3215.75,20.0,60.0,15.0,0.25,-5.0,45.0,-6784.25,17535.0,,
573,fair_1,fair,1,4,3201.75,20.0,60.0,6.0,0.1,-14.0,54.0,-6798.25,27093.45,,
573,max_1,max,1,4,3187.75,20.0,60.0,6.0,0.1,-14.0,54.0,-6812.25,28459.8,,
573,rnd_1,random,1,4,3212.75,20.0,60.0,45.0,0.75,25.0,15.0,-6787.25,17550.0,,
574,fair_1,fair,1,4,3198.75,20.0,60.0,6.0,0.1,-14.0,54.0,-6801.25,27147.45,,
574,max_1,max,1,4,3184.75,20.0,60.0,6.0,0.1,-14.0,54.0,-6815.25,28513.8,,
574,rnd_1,random,1,4,3179.75,20.0,60.0,15.0,0.25,-5.0,45.0,-6820.25,17595.0,,
575,fair_1,fair,1,4,3165.75,20.0,60.0,6.0,0.1,-14.0,54.0,-6834.25,27201.45,,
575,max_1,max,1,4,3145.75,20.0,60.0,0.0,0.0,-20.0,60.0,-6854.25,28573.8,,
575,rnd_1,random,1,4,3140.75,20.0,60.0,15.0,0.25,-5.0,45.0,-6859.25,17640.0,,
576,fair_1,fair,1,4,3126.75,20.0,60.0,6.0,0.1,-14.0,54.0,-6873.25,27255.45,,
576,max_1,max,1,4,3106.75,20.0,60.0,0.0,0.0,-20.0,60.0,-6893.25,28633.8,,
576,rnd_1,random,1,4,3086.75,20.0,60.0,0.0,0.0,-20.0,60.0,-6913.25,17700.0,,
577,fair_1,fair,1,4,3072.75,20.0,60.0,6.0,0.1,-14.0,54.0,-6927.25,27309.45,,
577,max_1,max,1,4,3058.75,20.0,60.0,6.0,0.1,-14.0,54.0,-6941.25,28687.8,,
577,rnd_1,random,1,4,3083.75,20.0,60.0,45.0,0.75,25.0,15.0,-6916.25,17715.0,,
578,fair_1,fair,1,4,3069.75,20.0,60.0,6.0,0.1,-14.0,54.0,-6930.25,27363.45,,
578,max_1,max,1,4,3055.75,20.0,60.0,6.0,0.1,-14.0,54.0,-6944.25,28741.8,,
578,rnd_1,random,1,4,3080.75,20.0,60.0,45.0,0.75,25.0,15.0,-6919.25,17730.0,,
579,fair_1,fair,1,4,3066.75,20.0,60.0,6.0,0.1,-14.0,54.0,-6933.25,27417.45,,
579,max_1,max,1,4,3046.75,20.0,60.0,0.0,0.0,-20.0,60.0,-6953.25,28801.8,,
579,rnd_1,random,1,4,3056.75,20.0,60.0,30.0,0.5,10.0,30.0,-6943.25,17760.0,,
580,fair_1,fair,1,4,3042.75,20.0,60.0,6.0,0.1,-14.0,54.0,-6957.25,27471.45,,
580,max_1,max,1,4,3022.75,20.0,60.0,0.0,0.0,-20.0,60.0,-6977.25,28861.8,,
580,rnd_1,random,1,4,3062.75,20.0,60.0,60.0,1.0,40.0,0.0,-6937.25,17760.0,,
581,fair_1,fair,1,4,3102.75,20.0,60.0,60.0,1.0,40.0,0.0,-6897.25,27471.45,,
581,max_1,max,1,4,3088.75,20.0,60.0,6.0,0.1,-14.0,54.0,-6911.25,28915.8,,
581,rnd_1,random,1,4,3113.75,20.0,60.0,45.0,0.75,25.0,15.0,-6886.25,17775.0,,
582,fair_1,fair,1,4,3099.75,20.0,60.0,6.0,0.1,-14.0,54.0,-6900.25,27525.45,,
582,max_1,max,1,4,3085.75,20.0,60.0,6.0,0.1,-14.0,54.0,-6914.25,28969.8,,
582,rnd_1,random,1,4,3110.75,20.0,60.0,45.0,0.75,25.0,15.0,-6889.25,17790.0,,
583,fair_1,fair,1,4,3096.75,20.0,60.0,6.0,0.1,-14.0,54.0,-6903.25,27579.45,,
583,max_1,max,1,4,3076.75,20.0,60.0,0.0,0.0,-20.0,60.0,-6923.25,29029.8,,
583,rnd_1,random,1,4,3056.75,20.0,60.0,0.0,0.0,-20.0,60.0,-6943.25,17850.0,,
584,fair_1,fair,1,4,3042.75,20.0,60.0,6.0,0.1,-14.0,54.0,-6957.25,27633.45,,
584,max_1,max,1,4,3022.75,20.0,60.0,0.0,0.0,-20.0,60.0,-6977.25,29089.8,,
584,rnd_1,random,1,4,3017.75,20.0,60.0,15.0,0.25,-5.0,45.0,-6982.25,17895.0,,
585,fair_1,fair,1,4,3003.75,20.0,60.0,6.0,0.1,-14.0,54.0,-6996.25,27687.45,,
585,max_1,max,1,4,2989.75,20.0,60.0,6.0,0.1,-14.0,54.0,-7010.25,29143.8,,
585,rnd_1,random,1,4,3014.75,20.0,60.0,45.0,0.75,25.0,15.0,-6985.25,17910.0,,
586,fair_1,fair,1,4,3000.75,20.0,60.0,6.0,0.1,-14.0,54.0,-6999.25,27741.45,,
586,max_1,max,1,4,2986.75,20.0,60.0,6.0,0.1,-14.0,54.0,-7013.25,29197.8,,
586,rnd_1,random,1,4,3011.75,20.0,60.0,45.0,0.75,25.0,15.0,-6988.25,17925.0,,
587,fair_1,fair,1,4,2997.75,20.0,60.0,6.0,0.1,-14.0,54.0,-7002.25,27795.45,,
587,max_1,max,1,4,2977.75,20.0,60.0,0.0,0.0,-20.0,60.0,-7022.25,29257.8,,
587,rnd_1,random,1,4,3017.75,20.0,60.0,60.0,1.0,40.0,0.0,-6982.25,17925.0,,
588,fair_1,fair,1,4,3057.75,20.0,60.0,60.0,1.0,40.0,0.0,-6942.25,27795.45,,
588,max_1,max,1,4,3043.75,20.0,60.0,6.0,0.1,-14.0,54.0,-6956.25,29311.8,,
588,rnd_1,random,1,4,3023.75,20.0,60.0,0.0,0.0,-20.0,60.0,-6976.25,17985.0,,
589,fair_1,fair,1,4,3009.75,20.0,60.0,6.0,0.1,-14.0,54.0,-6990.25,27849.45,,
589,max_1,max,1,4,2995.75,20.0,60.0,6.0,0.1,-14.0,54.0,-7004.25,29365.8,,
589,rnd_1,random,1,4,3035.75,20.0,60.0,60.0,1.0,40.0,0.0,-6964.25,17985.0,,
590,fair_1,fair,1,4,3021.75,20.0,60.0,6.0,0.1,-14.0,54.0,-6978.25,27903.45,,
590,max_1,max,1,4,3001.75,20.0,60.0,0.0,0.0,-20.0,60.0,-6998.25,29425.8,,
590,rnd_1,random,1,4,3026.75,20.0,60.0,45.0,0.75,25.0,15.0,-6973.25,18000.0,,
591,fair_1,fair,1,4,3012.75,20.0,60.0,6.0,0.1,-14.0,54.0,-6987.25,27957.45,,
591,max_1,max,1,4,2992.75,20.0,60.0,0.0,0.0,-20.0,60.0,-7007.25,29485.8,,
591,rnd_1,random,1,4,3017.75,20.0,60.0,45.0,0.75,25.0,15.0,-6982.25,18015.0,,
592,fair_1,fair,1,4,3012.75,20.0,60.0,15.0,0.25,-5.0,45.0,-6987.25,28002.45,,
592,max_1,max,1,4,2998.75,20.0,60.0,6.0,0.1,-14.0,54.0,-7001.25,29539.8,,
592,rnd_1,random,1,4,2978.75,20.0,60.0,0.0,0.0,-20.0,60.0,-7021.25,18075.0,,
593,fair_1,fair,1,4,2964.75,20.0,60.0,6.0,0.1,-14.0,54.0,-7035.25,28056.45,,
593,max_1,max,1,4,2950.75,20.0,60.0,6.0,0.1,-14.0,54.0,-7049.25,29593.8,,
593,rnd_1,random,1,4,2960.75,20.0,60.0,30.0,0.5,10.0,30.0,-7039.25,18105.0,,
594,fair_1,fair,1,4,2946.75,20.0,60.0,6.0,0.1,-14.0,54.0,-7053.25,28110.45,,
594,max_1,max,1,4,2926.75,20.0,60.0,0.0,0.0,-20.0,60.0,-7073.25,29653.8,,
594,rnd_1,random,1,4,2936.75,20.0,60.0,30.0,0.5,10.0,30.0,-7063.25,18135.0,,
595,fair_1,fair,1,4,2922.75,20.0,60.0,6.0,0.1,-14.0,54.0,-7077.25,28164.45,,
595,max_1,max,1,4,2902.75,20.0,60.0,0.0,0.0,-20.0,60.0,-7097.25,29713.8,,
595,rnd_1,random,1,4,2927.75,20.0,60.0,45.0,0.75,25.0,15.0,-7072.25,18150.0,,
596,fair_1,fair,1,4,2913.75,20.0,60.0,6.0,0.1,-14.0,54.0,-7086.25,28218.45,,
596,max_1,max,1,4,2899.75,20.0,60.0,6.0,0.1,-14.0,54.0,-7100.25,29767.8,,
596,rnd_1,random,1,4,2924.75,20.0,60.0,45.0,0.75,25.0,15.0,-7075.25,18165.0,,
597,fair_1,fair,1,4,2910.75,20.0,60.0,6.0,0.1,-14.0,54.0,-7089.25,28272.45,,
597,max_1,max,1,4,2896.75,20.0,60.0,6.0,0.1,-14.0,54.0,-7103.25,29821.8,,
597,rnd_1,random,1,4,2936.75,20.0,60.0,60.0,1.0,40.0,0.0,-7063.25,18165.0,,
598,fair_1,fair,1,4,2976.75,20.0,60.0,60.0,1.0,40.0,0.0,-7023.25,28272.45,,
598,max_1,max,1,4,2962.75,20.0,60.0,6.0,0.1,-14.0,54.0,-7037.25,29875.8,,
598,rnd_1,random,1,4,3002.75,20.0,60.0,60.0,1.0,40.0,0.0,-6997.25,18165.0,,
599,fair_1,fair,1,4,2988.75,20.0,60.0,6.0,0.1,-14.0,54.0,-7011.25,28326.45,,
599,max_1,max,1,4,2968.75,20.0,60.0,0.0,0.0,-20.0,60.0,-7031.25,29935.8,,
599,rnd_1,random,1,4,3008.75,20.0,60.0,60.0,1.0,40.0,0.0,-6991.25,18165.0,,
600,fair_1,fair,1,4,2994.75,20.0,60.0,6.0,0.1,-14.0,54.0,-7005.25,28380.45,"[-0.19715604186058044, 0.3044387400150299, -0.38673150539398193, 0.17744876444339752, -0.09866532683372498, -0.10107995569705963, -0.5038227438926697, 0.12771576642990112, 0.22146038711071014, 0.082451730966568, -0.6787099242210388, -0.25609055161476135, 0.5005558729171753, -0.30773115158081055, 0.38902053236961365, 0.7299787998199463, -0.10754872113466263, 0.7927939295768738, -0.5139974355697632, 0.2263837307691574, -0.2525387704372406, 0.1770516037940979, -0.383169561624527, -0.7539400458335876, 0.17269793152809143, 0.233830988407135, -0.1346467137336731, -0.4427551031112671, 0.050411902368068695, -0.9440585374832153, 0.29373666644096375, -0.016898829489946365, -0.16597488522529602, -0.32615023851394653, -0.40133678913116455, 0.23995836079120636, -0.5782699584960938, 0.9758341908454895, 0.21020229160785675, 0.9816201329231262, -0.6465568542480469, -0.11302884668111801, -0.26148009300231934, -0.009561215527355671, -0.15019482374191284, -0.06136316433548927, -0.23653218150138855, 0.9153934717178345, 0.2439783662557602, -0.4390852153301239, 0.10890743136405945, -0.15645471215248108, -0.46419891715049744, -0.1945454627275467, 0.2796838879585266, 0.07218808680772781, -0.2794783115386963, -0.555957019329071, 0.1069009006023407, -0.05393899232149124, 0.4110051691532135, -0.39344626665115356, 0.9524993300437927, 0.2821164131164551]","{""own"": [20.0, 6.0, 20.0, 6.0, 20.0, 60.0, 20.0, 6.0], ""others"": [20.0, 0.0, 20.0, 60.0]}"
600,max_1,max,1,4,2980.75,20.0,60.0,6.0,0.1,-14.0,54.0,-7019.25,29989.8,"[-0.1444242000579834, 0.42684316635131836, -0.4778995215892792, 0.32827600836753845, -0.13012732565402985, -0.23045574128627777, -0.5651176571846008, -0.1059250682592392, 0.25130191445350647, 0.07971251010894775, -0.7745198011398315, -0.23820893466472626, 0.5427538156509399, -0.20485317707061768, 0.7274924516677856, 0.6849010586738586, -0.1207406297326088, 0.9469276070594788, -0.5279268026351929, 0.23915790021419525, -0.2349192351102829, 0.44760051369667053, -0.4093801975250244, -0.7589260935783386, 0.32097452878952026, 0.2570112943649292, -0.158561110496521, -0.41281071305274963, -0.05961062014102936, -0.9958120584487915, -0.2482113093137741, 0.016263067722320557, -0.8171308040618896, -0.5155113935470581, -0.06118010729551315, 0.196697399020195, -0.5414406657218933, 0.998173177242279, 0.17521582543849945, 0.9871145486831665, -0.2619478702545166, -0.10887804627418518, -0.2469896674156189, 0.0018993094563484192, -0.08554650098085403, -0.16247712075710297, -0.42526671290397644, 0.9359081387519836, 0.3396745026111603, -0.48647022247314453, 0.2773118019104004, -0.0812145471572876, -0.4948956370353699, -0.22560004889965057, 0.5315033197402954, -0.006693348288536072, -0.28478848934173584, -0.6973404884338379, 0.1315070390701294, -0.11296319961547852, 0.4318138659000397, -0.3847203850746155, 0.9880620837211609, 0.3433606028556824]","{""own"": [20.0, 6.0, 20.0, 6.0, 20.0, 6.0, 20.0, 0.0], ""others"": [20.0, 6.0, 20.0, 60.0]}"
600,rnd_1,random,1,4,2975.75,20.0,60.0,15.0,0.25,-5.0,45.0,-7024.25,18210.0,"[-0.3656928539276123, 0.03262275084853172, -0.20930145680904388, -0.039499349892139435, -0.1815485805273056, -0.017542578279972076, -0.4333323538303375, 0.3427145481109619, 0.2346419394016266, 0.10475679486989975, -0.8132602572441101, -0.22993697226047516, 0.38912495970726013, -0.41844746470451355, -0.27364808320999146, 0.7416950464248657, -0.06353913247585297, 0.47078627347946167, -0.6969269514083862, 0.45703229308128357, -0.31948578357696533, 0.09790970385074615, -0.3580259382724762, -0.7475123405456543, -0.10323117673397064, 0.18263590335845947, -0.08146089315414429, -0.5095635652542114, 0.2025468349456787, -0.7921105027198792, 0.5999730825424194, -0.10907530784606934, -0.4271083176136017, -0.15013541281223297, -0.640508234500885, 0.2729799449443817, -0.6097562313079834, 0.9806640148162842, 0.25380003452301025, 0.9871060848236084, -0.619719922542572, -0.033675260841846466, -0.3872336149215698, -0.04061653092503548, -0.03646960109472275, 0.20046712458133698, -0.01416662335395813, 0.9058176279067993, 0.13600625097751617, -0.3056754469871521, -0.13562457263469696, -0.5178866982460022, -0.3450573980808258, -0.23336507380008698, -0.3031198978424072, 0.24460498988628387, -0.2723521888256073, -0.6340600252151489, 0.14499355852603912, 0.08184756338596344, 0.3487023115158081, -0.43084096908569336, 0.9552170038223267, 0.14055082201957703]","{""own"": [20.0, 45.0, 20.0, 60.0, 20.0, 60.0, 20.0, 60.0], ""others"": [20.0, 6.0, 20.0, 6.0]}"
601,fair_1,fair,1,4,2961.75,20.0,60.0,6.0,0.1,-14.0,54.0,-7038.25,28434.45,,
601,max_1,max,1,4,2947.75,20.0,60.0,6.0,0.1,-14.0,54.0,-7052.25,30043.8,,
601,rnd_1,random,1,4,2972.75,20.0,60.0,45.0,0.75,25.0,15.0,-7027.25,18225.0,,
602,fair_1,fair,1,4,2967.75,20.0,60.0,15.0,0.25,-5.0,45.0,-7032.25,28479.45,,
602,max_1,max,1,4,2953.75,20.0,60.0,6.0,0.1,-14.0,54.0,-7046.25,30097.8,,
602,rnd_1,random,1,4,2948.75,20.0,60.0,15.0,0.25,-5.0,45.0,-7051.25,18270.0,,
603,fair_1,fair,1,4,2934.75,20.0,60.0,6.0,0.1,-14.0,54.0,-7065.25,28533.45,,
603,max_1,max,1,4,2914.75,20.0,60.0,0.0,0.0,-20.0,60.0,-7085.25,30157.8,,
603,rnd_1,random,1,4,2924.75,20.0,60.0,30.0,0.5,10.0,30.0,-7075.25,18300.0,,
604,fair_1,fair,1,4,2910.75,20.0,60.0,6.0,0.1,-14.0,54.0,-7089.25,28587.45,,
604,max_1,max,1,4,2890.75,20.0,60.0,0.0,0.0,-20.0,60.0,-7109.25,30217.8,,
604,rnd_1,random,1,4,2915.75,20.0,60.0,45.0,0.75,25.0,15.0,-7084.25,18315.0,,
605,fair_1,fair,1,4,2901.75,20.0,60.0,6.0,0.1,-14.0,54.0,-7098.25,28641.45,,
605,max_1,max,1,4,2887.75,20.0,60.0,6.0,0.1,-14.0,54.0,-7112.25,30271.8,,
605,rnd_1,random,1,4,2912.75,20.0,60.0,45.0,0.75,25.0,15.0,-7087.25,18330.0,,
606,fair_1,fair,1,4,2898.75,20.0,60.0,6.0,0.1,-14.0,54.0,-7101.25,28695.45,,
606,max_1,max,1,4,2884.75,20.0,60.0,6.0,0.1,-14.0,54.0,-7115.25,30325.8,,
606,rnd_1,random,1,4,2864.75,20.0,60.0,0.0,0.0,-20.0,60.0,-7135.25,18390.0,,
607,fair_1,fair,1,4,2850.75,20.0,60.0,6.0,0.1,-14.0,54.0,-7149.25,28749.45,,
607,max_1,max,1,4,2830.75,20.0,60.0,0.0,0.0,-20.0,60.0,-7169.25,30385.8,,
607,rnd_1,random,1,4,2855.75,20.0,60.0,45.0,0.75,25.0,15.0,-7144.25,18405.0,,
608,fair_1,fair,1,4,2841.75,20.0,60.0,6.0,0.1,-14.0,54.0,-7158.25,28803.45,,
608,max_1,max,1,4,2821.75,20.0,60.0,0.0,0.0,-20.0,60.0,-7178.25,30445.8,,
608,rnd_1,random,1,4,2831.75,20.0,60.0,30.0,0.5,10.0,30.0,-7168.25,18435.0,,
609,fair_1,fair,1,4,2817.75,20.0,60.0,6.0,0.1,-14.0,54.0,-7182.25,28857.45,,
609,max_1,max,1,4,2803.75,20.0,60.0,6.0,0.1,-14.0,54.0,-7196.25,30499.8,,
609,rnd_1,random,1,4,2828.75,20.0,60.0,45.0,0.75,25.0,15.0,-7171.25,18450.0,,
610,fair_1,fair,1,4,2814.75,20.0,60.0,6.0,0.1,-14.0,54.0,-7185.25,28911.45,,
610,max_1,max,1,4,2800.75,20.0,60.0,6.0,0.1,-14.0,54.0,-7199.25,30553.8,,
610,rnd_1,random,1,4,2795.75,20.0,60.0,15.0,0.25,-5.0,45.0,-7204.25,18495.0,,
611,fair_1,fair,1,4,2781.75,20.0,60.0,6.0,0.1,-14.0,54.0,-7218.25,28965.45,,
611,max_1,max,1,4,2761.75,20.0,60.0,0.0,0.0,-20.0,60.0,-7238.25,30613.8,,
611,rnd_1,random,1,4,2786.75,20.0,60.0,45.0,0.75,25.0,15.0,-7213.25,18510.0,,
612,fair_1,fair,1,4,2772.75,20.0,60.0,6.0,0.1,-14.0,54.0,-7227.25,29019.45,,
612,max_1,max,1,4,2752.75,20.0,60.0,0.0,0.0,-20.0,60.0,-7247.25,30673.8,,
612,rnd_1,random,1,4,2747.75,20.0,60.0,15.0,0.25,-5.0,45.0,-7252.25,18555.0,,
613,fair_1,fair,1,4,2733.75,20.0,60.0,6.0,0.1,-14.0,54.0,-7266.25,29073.45,,
613,max_1,max,1,4,2719.75,20.0,60.0,6.0,0.1,-14.0,54.0,-7280.25,30727.8,,
613,rnd_1,random,1,4,2759.75,20.0,60.0,60.0,1.0,40.0,0.0,-7240.25,18555.0,,
614,fair_1,fair,1,4,2799.75,20.0,60.0,60.0,1.0,40.0,0.0,-7200.25,29073.45,,
614,max_1,max,1,4,2785.75,20.0,60.0,6.0,0.1,-14.0,54.0,-7214.25,30781.8,,
614,rnd_1,random,1,4,2825.75,20.0,60.0,60.0,1.0,40.0,0.0,-7174.25,18555.0,,
615,fair_1,fair,1,4,2811.75,20.0,60.0,6.0,0.1,-14.0,54.0,-7188.25,29127.45,,
615,max_1,max,1,4,2791.75,20.0,60.0,0.0,0.0,-20.0,60.0,-7208.25,30841.8,,
615,rnd_1,random,1,4,2771.75,20.0,60.0,0.0,0.0,-20.0,60.0,-7228.25,18615.0,,
616,fair_1,fair,1,4,2757.75,20.0,60.0,6.0,0.1,-14.0,54.0,-7242.25,29181.45,,
616,max_1,max,1,4,2737.75,20.0,60.0,0.0,0.0,-20.0,60.0,-7262.25,30901.8,,
616,rnd_1,random,1,4,2762.75,20.0,60.0,45.0,0.75,25.0,15.0,-7237.25,18630.0,,
617,fair_1,fair,1,4,2748.75,20.0,60.0,6.0,0.1,-14.0,54.0,-7251.25,29235.45,,
617,max_1,max,1,4,2734.75,20.0,60.0,6.0,0.1,-14.0,54.0,-7265.25,30955.8,,
617,rnd_1,random,1,4,2774.75,20.0,60.0,60.0,1.0,40.0,0.0,-7225.25,18630.0,,
618,fair_1,fair,1,4,2769.75,20.0,60.0,15.0,0.25,-5.0,45.0,-7230.25,29280.45,,
618,max_1,max,1,4,2755.75,20.0,60.0,6.0,0.1,-14.0,54.0,-7244.25,31009.8,,
618,rnd_1,random,1,4,2795.75,20.0,60.0,60.0,1.0,40.0,0.0,-7204.25,18630.0,,
619,fair_1,fair,1,4,2835.75,20.0,60.0,60.0,1.0,40.0,0.0,-7164.25,29280.45,,
619,max_1,max,1,4,2821.75,20.0,60.0,6.0,0.1,-14.0,54.0,-7178.25,31063.8,,
619,rnd_1,random,1,4,2801.75,20.0,60.0,0.0,0.0,-20.0,60.0,-7198.25,18690.0,,
620,fair_1,fair,1,4,2787.75,20.0,60.0,6.0,0.1,-14.0,54.0,-7212.25,29334.45,,
620,max_1,max,1,4,2767.75,20.0,60.0,0.0,0.0,-20.0,60.0,-7232.25,31123.8,,
620,rnd_1,random,1,4,2747.75,20.0,60.0,0.0,0.0,-20.0,60.0,-7252.25,18750.0,,
621,fair_1,fair,1,4,2733.75,20.0,60.0,6.0,0.1,-14.0,54.0,-7266.25,29388.45,,
621,max_1,max,1,4,2713.75,20.0,60.0,0.0,0.0,-20.0,60.0,-7286.25,31183.8,,
621,rnd_1,random,1,4,2738.75,20.0,60.0,45.0,0.75,25.0,15.0,-7261.25,18765.0,,
622,fair_1,fair,1,4,2724.75,20.0,60.0,6.0,0.1,-14.0,54.0,-7275.25,29442.45,,
622,max_1,max,1,4,2710.75,20.0,60.0,6.0,0.1,-14.0,54.0,-7289.25,31237.8,,
622,rnd_1,random,1,4,2705.75,20.0,60.0,15.0,0.25,-5.0,45.0,-7294.25,18810.0,,
623,fair_1,fair,1,4,2691.75,20.0,60.0,6.0,0.1,-14.0,54.0,-7308.25,29496.45,,
623,max_1,max,1,4,2677.75,20.0,60.0,6.0,0.1,-14.0,54.0,-7322.25,31291.8,,
623,rnd_1,random,1,4,2702.75,20.0,60.0,45.0,0.75,25.0,15.0,-7297.25,18825.0,,
624,fair_1,fair,1,4,2688.75,20.0,60.0,6.0,0.1,-14.0,54.0,-7311.25,29550.45,,
624,max_1,max,1,4,2668.75,20.0,60.0,0.0,0.0,-20.0,60.0,-7331.25,31351.8,,
624,rnd_1,random,1,4,2663.75,20.0,60.0,15.0,0.25,-5.0,45.0,-7336.25,18870.0,,
625,fair_1,fair,1,4,2649.75,20.0,60.0,6.0,0.1,-14.0,54.0,-7350.25,29604.45,,
625,max_1,max,1,4,2629.75,20.0,60.0,0.0,0.0,-20.0,60.0,-7370.25,31411.8,,
625,rnd_1,random,1,4,2609.75,20.0,60.0,0.0,0.0,-20.0,60.0,-7390.25,18930.0,,
626,fair_1,fair,1,4,2595.75,20.0,60.0,6.0,0.1,-14.0,54.0,-7404.25,29658.45,,
626,max_1,max,1,4,2581.75,20.0,60.0,6.0,0.1,-14.0,54.0,-7418.25,31465.8,,
626,rnd_1,random,1,4,2591.75,20.0,60.0,30.0,0.5,10.0,30.0,-7408.25,18960.0,,
627,fair_1,fair,1,4,2577.75,20.0,60.0,6.0,0.1,-14.0,54.0,-7422.25,29712.45,,
627,max_1,max,1,4,2563.75,20.0,60.0,6.0,0.1,-14.0,54.0,-7436.25,31519.8,,
627,rnd_1,random,1,4,2588.75,20.0,60.0,45.0,0.75,25.0,15.0,-7411.25,18975.0,,
628,fair_1,fair,1,4,2574.75,20.0,60.0,6.0,0.1,-14.0,54.0,-7425.25,29766.45,,
628,max_1,max,1,4,2554.75,20.0,60.0,0.0,0.0,-20.0,60.0,-7445.25,31579.8,,
628,rnd_1,random,1,4,2564.75,20.0,60.0,30.0,0.5,10.0,30.0,-7435.25,19005.0,,
629,fair_1,fair,1,4,2550.75,20.0,60.0,6.0,0.1,-14.0,54.0,-7449.25,29820.45,,
629,max_1,max,1,4,2530.75,20.0,60.0,0.0,0.0,-20.0,60.0,-7469.25,31639.8,,
629,rnd_1,random,1,4,2525.75,20.0,60.0,15.0,0.25,-5.0,45.0,-7474.25,19050.0,,
630,fair_1,fair,1,4,2511.75,20.0,60.0,6.0,0.1,-14.0,54.0,-7488.25,29874.45,,
630,max_1,max,1,4,2497.75,20.0,60.0,6.0,0.1,-14.0,54.0,-7502.25,31693.8,,
630,rnd_1,random,1,4,2522.75,20.0,60.0,45.0,0.75,25.0,15.0,-7477.25,19065.0,,
631,fair_1,fair,1,4,2508.75,20.0,60.0,6.0,0.1,-14.0,54.0,-7491.25,29928.45,,
631,max_1,max,1,4,2494.75,20.0,60.0,6.0,0.1,-14.0,54.0,-7505.25,31747.8,,
631,rnd_1,random,1,4,2504.75,20.0,60.0,30.0,0.5,10.0,30.0,-7495.25,19095.0,,
632,fair_1,fair,1,4,2490.75,20.0,60.0,6.0,0.1,-14.0,54.0,-7509.25,29982.45,,
632,max_1,max,1,4,2470.75,20.0,60.0,0.0,0.0,-20.0,60.0,-7529.25,31807.8,,
632,rnd_1,random,1,4,2480.75,20.0,60.0,30.0,0.5,10.0,30.0,-7519.25,19125.0,,
633,fair_1,fair,1,4,2466.75,20.0,60.0,6.0,0.1,-14.0,54.0,-7533.25,30036.45,,
633,max_1,max,1,4,2446.75,20.0,60.0,0.0,0.0,-20.0,60.0,-7553.25,31867.8,,
633,rnd_1,random,1,4,2471.75,20.0,60.0,45.0,0.75,25.0,15.0,-7528.25,19140.0,,
634,fair_1,fair,1,4,2457.75,20.0,60.0,6.0,0.1,-14.0,54.0,-7542.25,30090.45,,
634,max_1,max,1,4,2443.75,20.0,60.0,6.0,0.1,-14.0,54.0,-7556.25,31921.8,,
634,rnd_1,random,1,4,2453.75,20.0,60.0,30.0,0.5,10.0,30.0,-7546.25,19170.0,,
635,fair_1,fair,1,4,2439.75,20.0,60.0,6.0,0.1,-14.0,54.0,-7560.25,30144.45,,
635,max_1,max,1,4,2425.75,20.0,60.0,6.0,0.1,-14.0,54.0,-7574.25,31975.8,,
635,rnd_1,random,1,4,2450.75,20.0,60.0,45.0,0.75,25.0,15.0,-7549.25,19185.0,,
636,fair_1,fair,1,4,2436.75,20.0,60.0,6.0,0.1,-14.0,54.0,-7563.25,30198.45,,
636,max_1,max,1,4,2416.75,20.0,60.0,0.0,0.0,-20.0,60.0,-7583.25,32035.8,,
636,rnd_1,random,1,4,2426.75,20.0,60.0,30.0,0.5,10.0,30.0,-7573.25,19215.0,,
637,fair_1,fair,1,4,2412.75,20.0,60.0,6.0,0.1,-14.0,54.0,-7587.25,30252.45,,
637,max_1,max,1,4,2392.75,20.0,60.0,0.0,0.0,-20.0,60.0,-7607.25,32095.8,,
637,rnd_1,random,1,4,2372.75,20.0,60.0,0.0,0.0,-20.0,60.0,-7627.25,19275.0,,
638,fair_1,fair,1,4,2358.75,20.0,60.0,6.0,0.1,-14.0,54.0,-7641.25,30306.45,,
638,max_1,max,1,4,2344.75,20.0,60.0,6.0,0.1,-14.0,54.0,-7655.25,32149.8,,
638,rnd_1,random,1,4,2369.75,20.0,60.0,45.0,0.75,25.0,15.0,-7630.25,19290.0,,
639,fair_1,fair,1,4,2355.75,20.0,60.0,6.0,0.1,-14.0,54.0,-7644.25,30360.45,,
639,max_1,max,1,4,2341.75,20.0,60.0,6.0,0.1,-14.0,54.0,-7658.25,32203.8,,
639,rnd_1,random,1,4,2321.75,20.0,60.0,0.0,0.0,-20.0,60.0,-7678.25,19350.0,,
640,fair_1,fair,1,4,2307.75,20.0,60.0,6.0,0.1,-14.0,54.0,-7692.25,30414.45,,
640,max_1,max,1,4,2287.75,20.0,60.0,0.0,0.0,-20.0,60.0,-7712.25,32263.8,,
640,rnd_1,random,1,4,2327.75,20.0,60.0,60.0,1.0,40.0,0.0,-7672.25,19350.0,,
641,fair_1,fair,1,4,2367.75,20.0,60.0,60.0,1.0,40.0,0.0,-7632.25,30414.45,,
641,max_1,max,1,4,2353.75,20.0,60.0,6.0,0.1,-14.0,54.0,-7646.25,32317.8,,
641,rnd_1,random,1,4,2333.75,20.0,60.0,0.0,0.0,-20.0,60.0,-7666.25,19410.0,,
642,fair_1,fair,1,4,2319.75,20.0,60.0,6.0,0.1,-14.0,54.0,-7680.25,30468.45,,
642,max_1,max,1,4,2305.75,20.0,60.0,6.0,0.1,-14.0,54.0,-7694.25,32371.8,,
642,rnd_1,random,1,4,2315.75,20.0,60.0,30.0,0.5,10.0,30.0,-7684.25,19440.0,,
643,fair_1,fair,1,4,2301.75,20.0,60.0,6.0,0.1,-14.0,54.0,-7698.25,30522.45,,
643,max_1,max,1,4,2281.75,20.0,60.0,0.0,0.0,-20.0,60.0,-7718.25,32431.8,,
643,rnd_1,random,1,4,2276.75,20.0,60.0,15.0,0.25,-5.0,45.0,-7723.25,19485.0,,
644,fair_1,fair,1,4,2262.75,20.0,60.0,6.0,0.1,-14.0,54.0,-7737.25,30576.45,,
644,max_1,max,1,4,2242.75,20.0,60.0,0.0,0.0,-20.0,60.0,-7757.25,32491.8,,
644,rnd_1,random,1,4,2222.75,20.0,60.0,0.0,0.0,-20.0,60.0,-7777.25,19545.0,,
645,fair_1,fair,1,4,2208.75,20.0,60.0,6.0,0.1,-14.0,54.0,-7791.25,30630.45,,
645,max_1,max,1,4,2194.75,20.0,60.0,6.0,0.1,-14.0,54.0,-7805.25,32545.8,,
645,rnd_1,random,1,4,2174.75,20.0,60.0,0.0,0.0,-20.0,60.0,-7825.25,19605.0,,
646,fair_1,fair,1,4,2160.75,20.0,60.0,6.0,0.1,-14.0,54.0,-7839.25,30684.45,,
646,max_1,max,1,4,2146.75,20.0,60.0,6.0,0.1,-14.0,54.0,-7853.25,32599.8,,
646,rnd_1,random,1,4,2126.75,20.0,60.0,0.0,0.0,-20.0,60.0,-7873.25,19665.0,,
647,fair_1,fair,1,4,2112.75,20.0,60.0,6.0,0.1,-14.0,54.0,-7887.25,30738.45,,
647,max_1,max,1,4,2092.75,20.0,60.0,0.0,0.0,-20.0,60.0,-7907.25,32659.8,,
647,rnd_1,random,1,4,2087.75,20.0,60.0,15.0,0.25,-5.0,45.0,-7912.25,19710.0,,
648,fair_1,fair,1,4,2073.75,20.0,60.0,6.0,0.1,-14.0,54.0,-7926.25,30792.45,,
648,max_1,max,1,4,2053.75,20.0,60.0,0.0,0.0,-20.0,60.0,-7946.25,32719.8,,
648,rnd_1,random,1,4,2048.75,20.0,60.0,15.0,0.25,-5.0,45.0,-7951.25,19755.0,,
649,fair_1,fair,1,4,2034.75,20.0,60.0,6.0,0.1,-14.0,54.0,-7965.25,30846.45,,
649,max_1,max,1,4,2020.75,20.0,60.0,6.0,0.1,-14.0,54.0,-7979.25,32773.8,,
649,rnd_1,random,1,4,2000.75,20.0,60.0,0.0,0.0,-20.0,60.0,-7999.25,19815.0,,
650,fair_1,fair,1,4,1986.75,20.0,60.0,6.0,0.1,-14.0,54.0,-8013.25,30900.45,,
650,max_1,max,1,4,1972.75,20.0,60.0,6.0,0.1,-14.0,54.0,-8027.25,32827.8,,
650,rnd_1,random,1,4,2012.75,20.0,60.0,60.0,1.0,40.0,0.0,-7987.25,19815.0,,
651,fair_1,fair,1,4,2052.75,20.0,60.0,60.0,1.0,40.0,0.0,-7947.25,30900.45,,
651,max_1,max,1,4,2038.75,20.0,60.0,6.0,0.1,-14.0,54.0,-7961.25,32881.8,,
651,rnd_1,random,1,4,2033.75,20.0,60.0,15.0,0.25,-5.0,45.0,-7966.25,19860.0,,
652,fair_1,fair,1,4,2019.75,20.0,60.0,6.0,0.1,-14.0,54.0,-7980.25,30954.45,,
652,max_1,max,1,4,1999.75,20.0,60.0,0.0,0.0,-20.0,60.0,-8000.25,32941.8,,
652,rnd_1,random,1,4,1994.75,20.0,60.0,15.0,0.25,-5.0,45.0,-8005.25,19905.0,,
653,fair_1,fair,1,4,1980.75,20.0,60.0,6.0,0.1,-14.0,54.0,-8019.25,31008.45,,
653,max_1,max,1,4,1960.75,20.0,60.0,0.0,0.0,-20.0,60.0,-8039.25,33001.8,,
653,rnd_1,random,1,4,1955.75,20.0,60.0,15.0,0.25,-5.0,45.0,-8044.25,19950.0,,
654,fair_1,fair,1,4,1941.75,20.0,60.0,6.0,0.1,-14.0,54.0,-8058.25,31062.45,,
654,max_1,max,1,4,1927.75,20.0,60.0,6.0,0.1,-14.0,54.0,-8072.25,33055.8,,
654,rnd_1,random,1,4,1952.75,20.0,60.0,45.0,0.75,25.0,15.0,-8047.25,19965.0,,
655,fair_1,fair,1,4,1947.75,20.0,60.0,15.0,0.25,-5.0,45.0,-8052.25,31107.45,,
655,max_1,max,1,4,1933.75,20.0,60.0,6.0,0.1,-14.0,54.0,-8066.25,33109.8,,
655,rnd_1,random,1,4,1913.75,20.0,60.0,0.0,0.0,-20.0,60.0,-8086.25,20025.0,,
656,fair_1,fair,1,4,1899.75,20.0,60.0,6.0,0.1,-14.0,54.0,-8100.25,31161.45,,
656,max_1,max,1,4,1879.75,20.0,60.0,0.0,0.0,-20.0,60.0,-8120.25,33169.8,,
656,rnd_1,random,1,4,1919.75,20.0,60.0,60.0,1.0,40.0,0.0,-8080.25,20025.0,,
657,fair_1,fair,1,4,1905.75,20.0,60.0,6.0,0.1,-14.0,54.0,-8094.25,31215.45,,
657,max_1,max,1,4,1891.75,20.0,60.0,6.0,0.1,-14.0,54.0,-8108.25,33223.8,,
657,rnd_1,random,1,4,1886.75,20.0,60.0,15.0,0.25,-5.0,45.0,-8113.25,20070.0,,
658,fair_1,fair,1,4,1872.75,20.0,60.0,6.0,0.1,-14.0,54.0,-8127.25,31269.45,,
658,max_1,max,1,4,1858.75,20.0,60.0,6.0,0.1,-14.0,54.0,-8141.25,33277.8,,
658,rnd_1,random,1,4,1883.75,20.0,60.0,45.0,0.75,25.0,15.0,-8116.25,20085.0,,
659,fair_1,fair,1,4,1869.75,20.0,60.0,6.0,0.1,-14.0,54.0,-8130.25,31323.45,,
659,max_1,max,1,4,1849.75,20.0,60.0,0.0,0.0,-20.0,60.0,-8150.25,33337.8,,
659,rnd_1,random,1,4,1859.75,20.0,60.0,30.0,0.5,10.0,30.0,-8140.25,20115.0,,
660,fair_1,fair,1,4,1845.75,20.0,60.0,6.0,0.1,-14.0,54.0,-8154.25,31377.45,,
660,max_1,max,1,4,1825.75,20.0,60.0,0.0,0.0,-20.0,60.0,-8174.25,33397.8,,
660,rnd_1,random,1,4,1835.75,20.0,60.0,30.0,0.5,10.0,30.0,-8164.25,20145.0,,
661,fair_1,fair,1,4,1821.75,20.0,60.0,6.0,0.1,-14.0,54.0,-8178.25,31431.45,,
661,max_1,max,1,4,1807.75,20.0,60.0,6.0,0.1,-14.0,54.0,-8192.25,33451.8,,
661,rnd_1,random,1,4,1802.75,20.0,60.0,15.0,0.25,-5.0,45.0,-8197.25,20190.0,,
662,fair_1,fair,1,4,1788.75,20.0,60.0,6.0,0.1,-14.0,54.0,-8211.25,31485.45,,
662,max_1,max,1,4,1774.75,20.0,60.0,6.0,0.1,-14.0,54.0,-8225.25,33505.8,,
662,rnd_1,random,1,4,1814.75,20.0,60.0,60.0,1.0,40.0,0.0,-8185.25,20190.0,,
663,fair_1,fair,1,4,1854.75,20.0,60.0,60.0,1.0,40.0,0.0,-8145.25,31485.45,,
663,max_1,max,1,4,1840.75,20.0,60.0,6.0,0.1,-14.0,54.0,-8159.25,33559.8,,
663,rnd_1,random,1,4,1880.75,20.0,60.0,60.0,1.0,40.0,0.0,-8119.25,20190.0,,
664,fair_1,fair,1,4,1866.75,20.0,60.0,6.0,0.1,-14.0,54.0,-8133.25,31539.45,,
664,max_1,max,1,4,1846.75,20.0,60.0,0.0,0.0,-20.0,60.0,-8153.25,33619.8,,
664,rnd_1,random,1,4,1826.75,20.0,60.0,0.0,0.0,-20.0,60.0,-8173.25,20250.0,,
665,fair_1,fair,1,4,1812.75,20.0,60.0,6.0,0.1,-14.0,54.0,-8187.25,31593.45,,
665,max_1,max,1,4,1792.75,20.0,60.0,0.0,0.0,-20.0,60.0,-8207.25,33679.8,,
665,rnd_1,random,1,4,1787.75,20.0,60.0,15.0,0.25,-5.0,45.0,-8212.25,20295.0,,
666,fair_1,fair,1,4,1773.75,20.0,60.0,6.0,0.1,-14.0,54.0,-8226.25,31647.45,,
666,max_1,max,1,4,1759.75,20.0,60.0,6.0,0.1,-14.0,54.0,-8240.25,33733.8,,
666,rnd_1,random,1,4,1769.75,20.0,60.0,30.0,0.5,10.0,30.0,-8230.25,20325.0,,
667,fair_1,fair,1,4,1764.75,20.0,60.0,15.0,0.25,-5.0,45.0,-8235.25,31692.45,,
667,max_1,max,1,4,1750.75,20.0,60.0,6.0,0.1,-14.0,54.0,-8249.25,33787.8,,
667,rnd_1,random,1,4,1730.75,20.0,60.0,0.0,0.0,-20.0,60.0,-8269.25,20385.0,,
668,fair_1,fair,1,4,1716.75,20.0,60.0,6.0,0.1,-14.0,54.0,-8283.25,31746.45,,
668,max_1,max,1,4,1696.75,20.0,60.0,0.0,0.0,-20.0,60.0,-8303.25,33847.8,,
668,rnd_1,random,1,4,1736.75,20.0,60.0,60.0,1.0,40.0,0.0,-8263.25,20385.0,,
669,fair_1,fair,1,4,1722.75,20.0,60.0,6.0,0.1,-14.0,54.0,-8277.25,31800.45,,
669,max_1,max,1,4,1708.75,20.0,60.0,6.0,0.1,-14.0,54.0,-8291.25,33901.8,,
669,rnd_1,random,1,4,1688.75,20.0,60.0,0.0,0.0,-20.0,60.0,-8311.25,20445.0,,
670,fair_1,fair,1,4,1674.75,20.0,60.0,6.0,0.1,-14.0,54.0,-8325.25,31854.45,,
670,max_1,max,1,4,1660.75,20.0,60.0,6.0,0.1,-14.0,54.0,-8339.25,33955.8,,
670,rnd_1,random,1,4,1670.75,20.0,60.0,30.0,0.5,10.0,30.0,-8329.25,20475.0,,
671,fair_1,fair,1,4,1656.75,20.0,60.0,6.0,0.1,-14.0,54.0,-8343.25,31908.45,,
671,max_1,max,1,4,1636.75,20.0,60.0,0.0,0.0,-20.0,60.0,-8363.25,34015.8,,
671,rnd_1,random,1,4,1676.75,20.0,60.0,60.0,1.0,40.0,0.0,-8323.25,20475.0,,
672,fair_1,fair,1,4,1716.75,20.0,60.0,60.0,1.0,40.0,0.0,-8283.25,31908.45,,
672,max_1,max,1,4,1702.75,20.0,60.0,6.0,0.1,-14.0,54.0,-8297.25,34069.8,,
672,rnd_1,random,1,4,1727.75,20.0,60.0,45.0,0.75,25.0,15.0,-8272.25,20490.0,,
673,fair_1,fair,1,4,1713.75,20.0,60.0,6.0,0.1,-14.0,54.0,-8286.25,31962.45,,
673,max_1,max,1,4,1699.75,20.0,60.0,6.0,0.1,-14.0,54.0,-8300.25,34123.8,,
673,rnd_1,random,1,4,1724.75,20.0,60.0,45.0,0.75,25.0,15.0,-8275.25,20505.0,,
674,fair_1,fair,1,4,1710.75,20.0,60.0,6.0,0.1,-14.0,54.0,-8289.25,32016.45,,
674,max_1,max,1,4,1690.75,20.0,60.0,0.0,0.0,-20.0,60.0,-8309.25,34183.8,,
674,rnd_1,random,1,4,1685.75,20.0,60.0,15.0,0.25,-5.0,45.0,-8314.25,20550.0,,
675,fair_1,fair,1,4,1671.75,20.0,60.0,6.0,0.1,-14.0,54.0,-8328.25,32070.45,,
675,max_1,max,1,4,1651.75,20.0,60.0,0.0,0.0,-20.0,60.0,-8348.25,34243.8,,
675,rnd_1,random,1,4,1631.75,20.0,60.0,0.0,0.0,-20.0,60.0,-8368.25,20610.0,,
676,fair_1,fair,1,4,1617.75,20.0,60.0,6.0,0.1,-14.0,54.0,-8382.25,32124.45,,
676,max_1,max,1,4,1603.75,20.0,60.0,6.0,0.1,-14.0,54.0,-8396.25,34297.8,,
676,rnd_1,random,1,4,1643.75,20.0,60.0,60.0,1.0,40.0,0.0,-8356.25,20610.0,,
677,fair_1,fair,1,4,1683.75,20.0,60.0,60.0,1.0,40.0,0.0,-8316.25,32124.45,,
677,max_1,max,1,4,1669.75,20.0,60.0,6.0,0.1,-14.0,54.0,-8330.25,34351.8,,
677,rnd_1,random,1,4,1664.75,20.0,60.0,15.0,0.25,-5.0,45.0,-8335.25,20655.0,,
678,fair_1,fair,1,4,1650.75,20.0,60.0,6.0,0.1,-14.0,54.0,-8349.25,32178.45,,
678,max_1,max,1,4,1630.75,20.0,60.0,0.0,0.0,-20.0,60.0,-8369.25,34411.8,,
678,rnd_1,random,1,4,1610.75,20.0,60.0,0.0,0.0,-20.0,60.0,-8389.25,20715.0,,
679,fair_1,fair,1,4,1596.75,20.0,60.0,6.0,0.1,-14.0,54.0,-8403.25,32232.45,,
679,max_1,max,1,4,1576.75,20.0,60.0,0.0,0.0,-20.0,60.0,-8423.25,34471.8,,
679,rnd_1,random,1,4,1586.75,20.0,60.0,30.0,0.5,10.0,30.0,-8413.25,20745.0,,
680,fair_1,fair,1,4,1572.75,20.0,60.0,6.0,0.1,-14.0,54.0,-8427.25,32286.45,,
680,max_1,max,1,4,1558.75,20.0,60.0,6.0,0.1,-14.0,54.0,-8441.25,34525.8,,
680,rnd_1,random,1,4,1598.75,20.0,60.0,60.0,1.0,40.0,0.0,-8401.25,20745.0,,
681,fair_1,fair,1,4,1593.75,20.0,60.0,15.0,0.25,-5.0,45.0,-8406.25,32331.45,,
681,max_1,max,1,4,1579.75,20.0,60.0,6.0,0.1,-14.0,54.0,-8420.25,34579.8,,
681,rnd_1,random,1,4,1559.75,20.0,60.0,0.0,0.0,-20.0,60.0,-8440.25,20805.0,,
682,fair_1,fair,1,4,1545.75,20.0,60.0,6.0,0.1,-14.0,54.0,-8454.25,32385.45,,
682,max_1,max,1,4,1525.75,20.0,60.0,0.0,0.0,-20.0,60.0,-8474.25,34639.8,,
682,rnd_1,random,1,4,1565.75,20.0,60.0,60.0,1.0,40.0,0.0,-8434.25,20805.0,,
683,fair_1,fair,1,4,1551.75,20.0,60.0,6.0,0.1,-14.0,54.0,-8448.25,32439.45,,
683,max_1,max,1,4,1537.75,20.0,60.0,6.0,0.1,-14.0,54.0,-8462.25,34693.8,,
683,rnd_1,random,1,4,1517.75,20.0,60.0,0.0,0.0,-20.0,60.0,-8482.25,20865.0,,
684,fair_1,fair,1,4,1503.75,20.0,60.0,6.0,0.1,-14.0,54.0,-8496.25,32493.45,,
684,max_1,max,1,4,1489.75,20.0,60.0,6.0,0.1,-14.0,54.0,-8510.25,34747.8,,
684,rnd_1,random,1,4,1499.75,20.0,60.0,30.0,0.5,10.0,30.0,-8500.25,20895.0,,
685,fair_1,fair,1,4,1485.75,20.0,60.0,6.0,0.1,-14.0,54.0,-8514.25,32547.45,,
685,max_1,max,1,4,1465.75,20.0,60.0,0.0,0.0,-20.0,60.0,-8534.25,34807.8,,
685,rnd_1,random,1,4,1505.75,20.0,60.0,60.0,1.0,40.0,0.0,-8494.25,20895.0,,
686,fair_1,fair,1,4,1545.75,20.0,60.0,60.0,1.0,40.0,0.0,-8454.25,32547.45,,
686,max_1,max,1,4,1531.75,20.0,60.0,6.0,0.1,-14.0,54.0,-8468.25,34861.8,,
686,rnd_1,random,1,4,1556.75,20.0,60.0,45.0,0.75,25.0,15.0,-8443.25,20910.0,,
687,fair_1,fair,1,4,1542.75,20.0,60.0,6.0,0.1,-14.0,54.0,-8457.25,32601.45,,
687,max_1,max,1,4,1528.75,20.0,60.0,6.0,0.1,-14.0,54.0,-8471.25,34915.8,,
687,rnd_1,random,1,4,1538.75,20.0,60.0,30.0,0.5,10.0,30.0,-8461.25,20940.0,,
688,fair_1,fair,1,4,1524.75,20.0,60.0,6.0,0.1,-14.0,54.0,-8475.25,32655.45,,
688,max_1,max,1,4,1504.75,20.0,60.0,0.0,0.0,-20.0,60.0,-8495.25,34975.8,,
688,rnd_1,random,1,4,1484.75,20.0,60.0,0.0,0.0,-20.0,60.0,-8515.25,21000.0,,
689,fair_1,fair,1,4,1470.75,20.0,60.0,6.0,0.1,-14.0,54.0,-8529.25,32709.45,,
689,max_1,max,1,4,1450.75,20.0,60.0,0.0,0.0,-20.0,60.0,-8549.25,35035.8,,
689,rnd_1,random,1,4,1490.75,20.0,60.0,60.0,1.0,40.0,0.0,-8509.25,21000.0,,
690,fair_1,fair,1,4,1485.75,20.0,60.0,15.0,0.25,-5.0,45.0,-8514.25,32754.45,,
690,max_1,max,1,4,1471.75,20.0,60.0,6.0,0.1,-14.0,54.0,-8528.25,35089.8,,
690,rnd_1,random,1,4,1481.75,20.0,60.0,30.0,0.5,10.0,30.0,-8518.25,21030.0,,
691,fair_1,fair,1,4,1467.75,20.0,60.0,6.0,0.1,-14.0,54.0,-8532.25,32808.45,,
691,max_1,max,1,4,1453.75,20.0,60.0,6.0,0.1,-14.0,54.0,-8546.25,35143.8,,
691,rnd_1,random,1,4,1433.75,20.0,60.0,0.0,0.0,-20.0,60.0,-8566.25,21090.0,,
692,fair_1,fair,1,4,1419.75,20.0,60.0,6.0,0.1,-14.0,54.0,-8580.25,32862.45,,
692,max_1,max,1,4,1399.75,20.0,60.0,0.0,0.0,-20.0,60.0,-8600.25,35203.8,,
692,rnd_1,random,1,4,1424.75,20.0,60.0,45.0,0.75,25.0,15.0,-8575.25,21105.0,,
693,fair_1,fair,1,4,1410.75,20.0,60.0,6.0,0.1,-14.0,54.0,-8589.25,32916.45,,
693,max_1,max,1,4,1390.75,20.0,60.0,0.0,0.0,-20.0,60.0,-8609.25,35263.8,,
693,rnd_1,random,1,4,1415.75,20.0,60.0,45.0,0.75,25.0,15.0,-8584.25,21120.0,,
694,fair_1,fair,1,4,1401.75,20.0,60.0,6.0,0.1,-14.0,54.0,-8598.25,32970.45,,
694,max_1,max,1,4,1387.75,20.0,60.0,6.0,0.1,-14.0,54.0,-8612.25,35317.8,,
694,rnd_1,random,1,4,1367.75,20.0,60.0,0.0,0.0,-20.0,60.0,-8632.25,21180.0,,
695,fair_1,fair,1,4,1353.75,20.0,60.0,6.0,0.1,-14.0,54.0,-8646.25,33024.45,,
695,max_1,max,1,4,1339.75,20.0,60.0,6.0,0.1,-14.0,54.0,-8660.25,35371.8,,
695,rnd_1,random,1,4,1364.75,20.0,60.0,45.0,0.75,25.0,15.0,-8635.25,21195.0,,
696,fair_1,fair,1,4,1350.75,20.0,60.0,6.0,0.1,-14.0,54.0,-8649.25,33078.45,,
696,max_1,max,1,4,1330.75,20.0,60.0,0.0,0.0,-20.0,60.0,-8669.25,35431.8,,
696,rnd_1,random,1,4,1340.75,20.0,60.0,30.0,0.5,10.0,30.0,-8659.25,21225.0,,
697,fair_1,fair,1,4,1326.75,20.0,60.0,6.0,0.1,-14.0,54.0,-8673.25,33132.45,,
697,max_1,max,1,4,1306.75,20.0,60.0,0.0,0.0,-20.0,60.0,-8693.25,35491.8,,
697,rnd_1,random,1,4,1331.75,20.0,60.0,45.0,0.75,25.0,15.0,-8668.25,21240.0,,
698,fair_1,fair,1,4,1317.75,20.0,60.0,6.0,0.1,-14.0,54.0,-8682.25,33186.45,,
698,max_1,max,1,4,1303.75,20.0,60.0,6.0,0.1,-14.0,54.0,-8696.25,35545.8,,
698,rnd_1,random,1,4,1298.75,20.0,60.0,15.0,0.25,-5.0,45.0,-8701.25,21285.0,,
699,fair_1,fair,1,4,1284.75,20.0,60.0,6.0,0.1,-14.0,54.0,-8715.25,33240.45,,
699,max_1,max,1,4,1270.75,20.0,60.0,6.0,0.1,-14.0,54.0,-8729.25,35599.8,,
699,rnd_1,random,1,4,1295.75,20.0,60.0,45.0,0.75,25.0,15.0,-8704.25,21300.0,,
700,fair_1,fair,1,4,1281.75,20.0,60.0,6.0,0.1,-14.0,54.0,-8718.25,33294.45,"[-0.19053718447685242, 0.390908807516098, -0.46123069524765015, 0.1931934356689453, -0.11970427632331848, -0.2313043177127838, -0.5459418296813965, -0.053238652646541595, 0.2414984405040741, 0.08179374784231186, -0.743954062461853, -0.2305351346731186, 0.5051525235176086, -0.23999205231666565, 0.673575758934021, 0.6707607507705688, -0.12040922790765762, 0.9291281700134277, -0.5111475586891174, 0.24284453690052032, -0.24094271659851074, 0.4286372661590576, -0.3983232378959656, -0.7553514838218689, 0.2811867892742157, 0.23727478086948395, -0.1440831869840622, -0.40930262207984924, -0.03337901085615158, -0.9934085607528687, -0.15168409049510956, -0.006092295981943607, -0.7890656590461731, -0.4820978343486786, -0.14279164373874664, 0.22658194601535797, -0.5376167297363281, 0.9975013136863708, 0.17952552437782288, 0.9853606224060059, -0.20212239027023315, -0.10497387498617172, -0.25169438123703003, -0.009254202246665955, -0.09413328766822815, -0.12245234847068787, -0.3827662169933319, 0.9263376593589783, 0.25827959179878235, -0.4589627981185913, 0.18840128183364868, -0.1292579621076584, -0.45078253746032715, -0.20360295474529266, 0.46917247772216797, 0.019371122121810913, -0.2797705829143524, -0.6969940662384033, 0.12196147441864014, -0.09903838485479355, 0.4233153462409973, -0.3934512734413147, 0.9840865135192871, 0.29119348526000977]","{""own"": [20.0, 6.0, 20.0, 6.0, 20.0, 6.0, 20.0, 6.0], ""others"": [20.0, 6.0, 20.0, 45.0]}"
700,max_1,max,1,4,1261.75,20.0,60.0,0.0,0.0,-20.0,60.0,-8738.25,35659.8,"[-0.14462120831012726, 0.39475008845329285, -0.4688512682914734, 0.328885018825531, -0.1324535310268402, -0.24205753207206726, -0.5837459564208984, -0.10397830605506897, 0.2528162896633148, 0.08165071904659271, -0.7767179608345032, -0.22565621137619019, 0.541974663734436, -0.2122221142053604, 0.6839410066604614, 0.6622397303581238, -0.11609712988138199, 0.9499911665916443, -0.5227727293968201, 0.2473796308040619, -0.23726707696914673, 0.45575571060180664, -0.41150006651878357, -0.7588186860084534, 0.2955518066883087, 0.25724470615386963, -0.14421911537647247, -0.40537717938423157, -0.055921681225299835, -0.99612957239151, -0.21536526083946228, 0.014620031230151653, -0.8069302439689636, -0.5424889922142029, -0.14134785532951355, 0.2002970576286316, -0.5345273017883301, 0.9981172680854797, 0.1726413071155548, 0.9845348000526428, -0.15690909326076508, -0.10117018967866898, -0.24522849917411804, 0.0015019336715340614, -0.07066309452056885, -0.12319136410951614, -0.3899022936820984, 0.924874484539032, 0.3402753472328186, -0.4847361743450165, 0.2804960310459137, -0.12452785670757294, -0.49725449085235596, -0.22569282352924347, 0.4719858765602112, -0.00443907780572772, -0.2836727499961853, -0.6331307291984558, 0.12826070189476013, -0.10619710385799408, 0.4315401315689087, -0.38071781396865845, 0.9850684404373169, 0.34243133664131165]","{""own"": [20.0, 0.0, 20.0, 0.0, 20.0, 6.0, 20.0, 6.0], ""others"": [20.0, 6.0, 20.0, 45.0]}"
700,rnd_1,random,1,4,1256.75,20.0,60.0,15.0,0.25,-5.0,45.0,-8743.25,21345.0,"[-0.29513829946517944, 0.13179746270179749, -0.22344836592674255, 0.01593117043375969, -0.16511808335781097, -0.10755729675292969, -0.44003617763519287, 0.2631514370441437, 0.2571640908718109, 0.13487298786640167, -0.8319782614707947, -0.23537331819534302, 0.3990454375743866, -0.37051820755004883, 0.14178466796875, 0.7227747440338135, -0.10933570563793182, 0.6173129677772522, -0.605139970779419, 0.39704471826553345, -0.29845672845840454, 0.15147186815738678, -0.375568151473999, -0.7493888735771179, -0.044501256197690964, 0.19120796024799347, -0.0680631771683693, -0.41241905093193054, 0.17097094655036926, -0.9576604962348938, 0.4543769657611847, -0.08550582826137543, -0.8159879446029663, -0.18195128440856934, -0.5613902807235718, 0.22598060965538025, -0.6003260612487793, 0.9963446855545044, 0.24705862998962402, 0.9890613555908203, -0.34666135907173157, -0.007581772282719612, -0.3072570860385895, -0.041193947196006775, -0.052919648587703705, 0.10050641000270844, -0.08151377737522125, 0.9010499715805054, 0.18629072606563568, -0.33925920724868774, -0.028556525707244873, -0.4574481248855591, -0.34728628396987915, -0.2349218726158142, -0.15507526695728302, 0.16906680166721344, -0.27149373292922974, -0.6671814918518066, 0.11365366727113724, 0.023488692939281464, 0.36055201292037964, -0.4330631494522095, 0.9825534820556641, 0.1542443186044693]","{""own"": [20.0, 30.0, 20.0, 45.0, 20.0, 15.0, 20.0, 45.0], ""others"": [20.0, 6.0, 20.0, 0.0]}"
701,fair_1,fair,1,4,1242.75,20.0,60.0,6.0,0.1,-14.0,54.0,-8757.25,33348.45,,
701,max_1,max,1,4,1222.75,20.0,60.0,0.0,0.0,-20.0,60.0,-8777.25,35719.8,,
701,rnd_1,random,1,4,1262.75,20.0,60.0,60.0,1.0,40.0,0.0,-8737.25,21345.0,,
702,fair_1,fair,1,4,1302.75,20.0,60.0,60.0,1.0,40.0,0.0,-8697.25,33348.45,,
702,max_1,max,1,4,1288.75,20.0,60.0,6.0,0.1,-14.0,54.0,-8711.25,35773.8,,
702,rnd_1,random,1,4,1298.75,20.0,60.0,30.0,0.5,10.0,30.0,-8701.25,21375.0,,
703,fair_1,fair,1,4,1284.75,20.0,60.0,6.0,0.1,-14.0,54.0,-8715.25,33402.45,,
703,max_1,max,1,4,1270.75,20.0,60.0,6.0,0.1,-14.0,54.0,-8729.25,35827.8,,
703,rnd_1,random,1,4,1310.75,20.0,60.0,60.0,1.0,40.0,0.0,-8689.25,21375.0,,
704,fair_1,fair,1,4,1296.75,20.0,60.0,6.0,0.1,-14.0,54.0,-8703.25,33456.45,,
704,max_1,max,1,4,1276.75,20.0,60.0,0.0,0.0,-20.0,60.0,-8723.25,35887.8,,
704,rnd_1,random,1,4,1316.75,20.0,60.0,60.0,1.0,40.0,0.0,-8683.25,21375.0,,
705,fair_1,fair,1,4,1302.75,20.0,60.0,6.0,0.1,-14.0,54.0,-8697.25,33510.45,,
705,max_1,max,1,4,1288.75,20.0,60.0,6.0,0.1,-14.0,54.0,-8711.25,35941.8,,
705,rnd_1,random,1,4,1313.75,20.0,60.0,45.0,0.75,25.0,15.0,-8686.25,21390.0,,
706,fair_1,fair,1,4,1308.75,20.0,60.0,15.0,0.25,-5.0,45.0,-8691.25,33555.45,,
706,max_1,max,1,4,1294.75,20.0,60.0,6.0,0.1,-14.0,54.0,-8705.25,35995.8,,
706,rnd_1,random,1,4,1319.75,20.0,60.0,45.0,0.75,25.0,15.0,-8680.25,21405.0,,
707,fair_1,fair,1,4,1305.75,20.0,60.0,6.0,0.1,-14.0,54.0,-8694.25,33609.45,,
707,max_1,max,1,4,1285.75,20.0,60.0,0.0,0.0,-20.0,60.0,-8714.25,36055.8,,
707,rnd_1,random,1,4,1310.75,20.0,60.0,45.0,0.75,25.0,15.0,-8689.25,21420.0,,
708,fair_1,fair,1,4,1296.75,20.0,60.0,6.0,0.1,-14.0,54.0,-8703.25,33663.45,,
708,max_1,max,1,4,1276.75,20.0,60.0,0.0,0.0,-20.0,60.0,-8723.25,36115.8,,
708,rnd_1,random,1,4,1316.75,20.0,60.0,60.0,1.0,40.0,0.0,-8683.25,21420.0,,
709,fair_1,fair,1,4,1356.75,20.0,60.0,60.0,1.0,40.0,0.0,-8643.25,33663.45,,
709,max_1,max,1,4,1342.75,20.0,60.0,6.0,0.1,-14.0,54.0,-8657.25,36169.8,,
709,rnd_1,random,1,4,1352.75,20.0,60.0,30.0,0.5,10.0,30.0,-8647.25,21450.0,,
710,fair_1,fair,1,4,1338.75,20.0,60.0,6.0,0.1,-14.0,54.0,-8661.25,33717.45,,
710,max_1,max,1,4,1324.75,20.0,60.0,6.0,0.1,-14.0,54.0,-8675.25,36223.8,,
710,rnd_1,random,1,4,1334.75,20.0,60.0,30.0,0.5,10.0,30.0,-8665.25,21480.0,,
711,fair_1,fair,1,4,1320.75,20.0,60.0,6.0,0.1,-14.0,54.0,-8679.25,33771.45,,
711,max_1,max,1,4,1300.75,20.0,60.0,0.0,0.0,-20.0,60.0,-8699.25,36283.8,,
711,rnd_1,random,1,4,1295.75,20.0,60.0,15.0,0.25,-5.0,45.0,-8704.25,21525.0,,
712,fair_1,fair,1,4,1281.75,20.0,60.0,6.0,0.1,-14.0,54.0,-8718.25,33825.45,,
712,max_1,max,1,4,1261.75,20.0,60.0,0.0,0.0,-20.0,60.0,-8738.25,36343.8,,
712,rnd_1,random,1,4,1241.75,20.0,60.0,0.0,0.0,-20.0,60.0,-8758.25,21585.0,,
713,fair_1,fair,1,4,1227.75,20.0,60.0,6.0,0.1,-14.0,54.0,-8772.25,33879.45,,
713,max_1,max,1,4,1213.75,20.0,60.0,6.0,0.1,-14.0,54.0,-8786.25,36397.8,,
713,rnd_1,random,1,4,1223.75,20.0,60.0,30.0,0.5,10.0,30.0,-8776.25,21615.0,,
714,fair_1,fair,1,4,1209.75,20.0,60.0,6.0,0.1,-14.0,54.0,-8790.25,33933.45,,
714,max_1,max,1,4,1195.75,20.0,60.0,6.0,0.1,-14.0,54.0,-8804.25,36451.8,,
714,rnd_1,random,1,4,1220.75,20.0,60.0,45.0,0.75,25.0,15.0,-8779.25,21630.0,,
715,fair_1,fair,1,4,1206.75,20.0,60.0,6.0,0.1,-14.0,54.0,-8793.25,33987.45,,
715,max_1,max,1,4,1186.75,20.0,60.0,0.0,0.0,-20.0,60.0,-8813.25,36511.8,,
715,rnd_1,random,1,4,1181.75,20.0,60.0,15.0,0.25,-5.0,45.0,-8818.25,21675.0,,
716,fair_1,fair,1,4,1167.75,20.0,60.0,6.0,0.1,-14.0,54.0,-8832.25,34041.45,,
716,max_1,max,1,4,1147.75,20.0,60.0,0.0,0.0,-20.0,60.0,-8852.25,36571.8,,
716,rnd_1,random,1,4,1172.75,20.0,60.0,45.0,0.75,25.0,15.0,-8827.25,21690.0,,
717,fair_1,fair,1,4,1158.75,20.0,60.0,6.0,0.1,-14.0,54.0,-8841.25,34095.45,,
717,max_1,max,1,4,1144.75,20.0,60.0,6.0,0.1,-14.0,54.0,-8855.25,36625.8,,
717,rnd_1,random,1,4,1184.75,20.0,60.0,60.0,1.0,40.0,0.0,-8815.25,21690.0,,
718,fair_1,fair,1,4,1224.75,20.0,60.0,60.0,1.0,40.0,0.0,-8775.25,34095.45,,
718,max_1,max,1,4,1210.75,20.0,60.0,6.0,0.1,-14.0,54.0,-8789.25,36679.8,,
718,rnd_1,random,1,4,1250.75,20.0,60.0,60.0,1.0,40.0,0.0,-8749.25,21690.0,,
719,fair_1,fair,1,4,1236.75,20.0,60.0,6.0,0.1,-14.0,54.0,-8763.25,34149.45,,
719,max_1,max,1,4,1216.75,20.0,60.0,0.0,0.0,-20.0,60.0,-8783.25,36739.8,,
719,rnd_1,random,1,4,1241.75,20.0,60.0,45.0,0.75,25.0,15.0,-8758.25,21705.0,,
720,fair_1,fair,1,4,1227.75,20.0,60.0,6.0,0.1,-14.0,54.0,-8772.25,34203.45,,
720,max_1,max,1,4,1207.75,20.0,60.0,0.0,0.0,-20.0,60.0,-8792.25,36799.8,,
720,rnd_1,random,1,4,1217.75,20.0,60.0,30.0,0.5,10.0,30.0,-8782.25,21735.0,,
721,fair_1,fair,1,4,1203.75,20.0,60.0,6.0,0.1,-14.0,54.0,-8796.25,34257.45,,
721,max_1,max,1,4,1189.75,20.0,60.0,6.0,0.1,-14.0,54.0,-8810.25,36853.8,,
721,rnd_1,random,1,4,1169.75,20.0,60.0,0.0,0.0,-20.0,60.0,-8830.25,21795.0,,
722,fair_1,fair,1,4,1155.75,20.0,60.0,6.0,0.1,-14.0,54.0,-8844.25,34311.45,,
722,max_1,max,1,4,1141.75,20.0,60.0,6.0,0.1,-14.0,54.0,-8858.25,36907.8,,
722,rnd_1,random,1,4,1166.75,20.0,60.0,45.0,0.75,25.0,15.0,-8833.25,21810.0,,
723,fair_1,fair,1,4,1152.75,20.0,60.0,6.0,0.1,-14.0,54.0,-8847.25,34365.45,,
723,max_1,max,1,4,1132.75,20.0,60.0,0.0,0.0,-20.0,60.0,-8867.25,36967.8,,
723,rnd_1,random,1,4,1142.75,20.0,60.0,30.0,0.5,10.0,30.0,-8857.25,21840.0,,
724,fair_1,fair,1,4,1128.75,20.0,60.0,6.0,0.1,-14.0,54.0,-8871.25,34419.45,,
724,max_1,max,1,4,1108.75,20.0,60.0,0.0,0.0,-20.0,60.0,-8891.25,37027.8,,
724,rnd_1,random,1,4,1103.75,20.0,60.0,15.0,0.25,-5.0,45.0,-8896.25,21885.0,,
725,fair_1,fair,1,4,1089.75,20.0,60.0,6.0,0.1,-14.0,54.0,-8910.25,34473.45,,
725,max_1,max,1,4,1075.75,20.0,60.0,6.0,0.1,-14.0,54.0,-8924.25,37081.8,,
725,rnd_1,random,1,4,1100.75,20.0,60.0,45.0,0.75,25.0,15.0,-8899.25,21900.0,,
726,fair_1,fair,1,4,1086.75,20.0,60.0,6.0,0.1,-14.0,54.0,-8913.25,34527.45,,
726,max_1,max,1,4,1072.75,20.0,60.0,6.0,0.1,-14.0,54.0,-8927.25,37135.8,,
726,rnd_1,random,1,4,1067.75,20.0,60.0,15.0,0.25,-5.0,45.0,-8932.25,21945.0,,
727,fair_1,fair,1,4,1053.75,20.0,60.0,6.0,0.1,-14.0,54.0,-8946.25,34581.45,,
727,max_1,max,1,4,1033.75,20.0,60.0,0.0,0.0,-20.0,60.0,-8966.25,37195.8,,
727,rnd_1,random,1,4,1043.75,20.0,60.0,30.0,0.5,10.0,30.0,-8956.25,21975.0,,
728,fair_1,fair,1,4,1029.75,20.0,60.0,6.0,0.1,-14.0,54.0,-8970.25,34635.45,,
728,max_1,max,1,4,1009.75,20.0,60.0,0.0,0.0,-20.0,60.0,-8990.25,37255.8,,
728,rnd_1,random,1,4,1019.75,20.0,60.0,30.0,0.5,10.0,30.0,-8980.25,22005.0,,
729,fair_1,fair,1,4,1005.75,20.0,60.0,6.0,0.1,-14.0,54.0,-8994.25,34689.45,,
729,max_1,max,1,4,991.75,20.0,60.0,6.0,0.1,-14.0,54.0,-9008.25,37309.8,,
729,rnd_1,random,1,4,1001.75,20.0,60.0,30.0,0.5,10.0,30.0,-8998.25,22035.0,,
730,fair_1,fair,1,4,987.75,20.0,60.0,6.0,0.1,-14.0,54.0,-9012.25,34743.45,,
730,max_1,max,1,4,973.75,20.0,60.0,6.0,0.1,-14.0,54.0,-9026.25,37363.8,,
730,rnd_1,random,1,4,983.75,20.0,60.0,30.0,0.5,10.0,30.0,-9016.25,22065.0,,
731,fair_1,fair,1,4,969.75,20.0,60.0,6.0,0.1,-14.0,54.0,-9030.25,34797.45,,
731,max_1,max,1,4,949.75,20.0,60.0,0.0,0.0,-20.0,60.0,-9050.25,37423.8,,
731,rnd_1,random,1,4,989.75,20.0,60.0,60.0,1.0,40.0,0.0,-9010.25,22065.0,,
732,fair_1,fair,1,4,1029.75,20.0,60.0,60.0,1.0,40.0,0.0,-8970.25,34797.45,,
732,max_1,max,1,4,1015.75,20.0,60.0,6.0,0.1,-14.0,54.0,-8984.25,37477.8,,
732,rnd_1,random,1,4,1025.75,20.0,60.0,30.0,0.5,10.0,30.0,-8974.25,22095.0,,
733,fair_1,fair,1,4,1011.75,20.0,60.0,6.0,0.1,-14.0,54.0,-8988.25,34851.45,,
733,max_1,max,1,4,997.75,20.0,60.0,6.0,0.1,-14.0,54.0,-9002.25,37531.8,,
733,rnd_1,random,1,4,1037.75,20.0,60.0,60.0,1.0,40.0,0.0,-8962.25,22095.0,,
734,fair_1,fair,1,4,1023.75,20.0,60.0,6.0,0.1,-14.0,54.0,-8976.25,34905.45,,
734,max_1,max,1,4,1003.75,20.0,60.0,0.0,0.0,-20.0,60.0,-8996.25,37591.8,,
734,rnd_1,random,1,4,983.75,20.0,60.0,0.0,0.0,-20.0,60.0,-9016.25,22155.0,,
735,fair_1,fair,1,4,969.75,20.0,60.0,6.0,0.1,-14.0,54.0,-9030.25,34959.45,,
735,max_1,max,1,4,949.75,20.0,60.0,0.0,0.0,-20.0,60.0,-9050.25,37651.8,,
735,rnd_1,random,1,4,989.75,20.0,60.0,60.0,1.0,40.0,0.0,-9010.25,22155.0,,
736,fair_1,fair,1,4,984.75,20.0,60.0,15.0,0.25,-5.0,45.0,-9015.25,35004.45,,
736,max_1,max,1,4,970.75,20.0,60.0,6.0,0.1,-14.0,54.0,-9029.25,37705.8,,
736,rnd_1,random,1,4,965.75,20.0,60.0,15.0,0.25,-5.0,45.0,-9034.25,22200.0,,
737,fair_1,fair,1,4,951.75,20.0,60.0,6.0,0.1,-14.0,54.0,-9048.25,35058.45,,
737,max_1,max,1,4,937.75,20.0,60.0,6.0,0.1,-14.0,54.0,-9062.25,37759.8,,
737,rnd_1,random,1,4,917.75,20.0,60.0,0.0,0.0,-20.0,60.0,-9082.25,22260.0,,
738,fair_1,fair,1,4,903.75,20.0,60.0,6.0,0.1,-14.0,54.0,-9096.25,35112.45,,
738,max_1,max,1,4,883.75,20.0,60.0,0.0,0.0,-20.0,60.0,-9116.25,37819.8,,
738,rnd_1,random,1,4,878.75,20.0,60.0,15.0,0.25,-5.0,45.0,-9121.25,22305.0,,
739,fair_1,fair,1,4,864.75,20.0,60.0,6.0,0.1,-14.0,54.0,-9135.25,35166.45,,
739,max_1,max,1,4,844.75,20.0,60.0,0.0,0.0,-20.0,60.0,-9155.25,37879.8,,
739,rnd_1,random,1,4,869.75,20.0,60.0,45.0,0.75,25.0,15.0,-9130.25,22320.0,,
740,fair_1,fair,1,4,855.75,20.0,60.0,6.0,0.1,-14.0,54.0,-9144.25,35220.45,,
740,max_1,max,1,4,841.75,20.0,60.0,6.0,0.1,-14.0,54.0,-9158.25,37933.8,,
740,rnd_1,random,1,4,866.75,20.0,60.0,45.0,0.75,25.0,15.0,-9133.25,22335.0,,
741,fair_1,fair,1,4,852.75,20.0,60.0,6.0,0.1,-14.0,54.0,-9147.25,35274.45,,
741,max_1,max,1,4,838.75,20.0,60.0,6.0,0.1,-14.0,54.0,-9161.25,37987.8,,
741,rnd_1,random,1,4,878.75,20.0,60.0,60.0,1.0,40.0,0.0,-9121.25,22335.0,,
742,fair_1,fair,1,4,918.75,20.0,60.0,60.0,1.0,40.0,0.0,-9081.25,35274.45,,
742,max_1,max,1,4,904.75,20.0,60.0,6.0,0.1,-14.0,54.0,-9095.25,38041.8,,
742,rnd_1,random,1,4,899.75,20.0,60.0,15.0,0.25,-5.0,45.0,-9100.25,22380.0,,
743,fair_1,fair,1,4,885.75,20.0,60.0,6.0,0.1,-14.0,54.0,-9114.25,35328.45,,
743,max_1,max,1,4,865.75,20.0,60.0,0.0,0.0,-20.0,60.0,-9134.25,38101.8,,
743,rnd_1,random,1,4,890.75,20.0,60.0,45.0,0.75,25.0,15.0,-9109.25,22395.0,,
744,fair_1,fair,1,4,876.75,20.0,60.0,6.0,0.1,-14.0,54.0,-9123.25,35382.45,,
744,max_1,max,1,4,856.75,20.0,60.0,0.0,0.0,-20.0,60.0,-9143.25,38161.8,,
744,rnd_1,random,1,4,881.75,20.0,60.0,45.0,0.75,25.0,15.0,-9118.25,22410.0,,
745,fair_1,fair,1,4,867.75,20.0,60.0,6.0,0.1,-14.0,54.0,-9132.25,35436.45,,
745,max_1,max,1,4,853.75,20.0,60.0,6.0,0.1,-14.0,54.0,-9146.25,38215.8,,
745,rnd_1,random,1,4,878.75,20.0,60.0,45.0,0.75,25.0,15.0,-9121.25,22425.0,,
746,fair_1,fair,1,4,873.75,20.0,60.0,15.0,0.25,-5.0,45.0,-9126.25,35481.45,,
746,max_1,max,1,4,859.75,20.0,60.0,6.0,0.1,-14.0,54.0,-9140.25,38269.8,,
746,rnd_1,random,1,4,839.75,20.0,60.0,0.0,0.0,-20.0,60.0,-9160.25,22485.0,,
747,fair_1,fair,1,4,825.75,20.0,60.0,6.0,0.1,-14.0,54.0,-9174.25,35535.45,,
747,max_1,max,1,4,805.75,20.0,60.0,0.0,0.0,-20.0,60.0,-9194.25,38329.8,,
747,rnd_1,random,1,4,785.75,20.0,60.0,0.0,0.0,-20.0,60.0,-9214.25,22545.0,,
748,fair_1,fair,1,4,771.75,20.0,60.0,6.0,0.1,-14.0,54.0,-9228.25,35589.45,,
748,max_1,max,1,4,751.75,20.0,60.0,0.0,0.0,-20.0,60.0,-9248.25,38389.8,,
748,rnd_1,random,1,4,761.75,20.0,60.0,30.0,0.5,10.0,30.0,-9238.25,22575.0,,
749,fair_1,fair,1,4,747.75,20.0,60.0,6.0,0.1,-14.0,54.0,-9252.25,35643.45,,
749,max_1,max,1,4,733.75,20.0,60.0,6.0,0.1,-14.0,54.0,-9266.25,38443.8,,
749,rnd_1,random,1,4,728.75,20.0,60.0,15.0,0.25,-5.0,45.0,-9271.25,22620.0,,
750,fair_1,fair,1,4,714.75,20.0,60.0,6.0,0.1,-14.0,54.0,-9285.25,35697.45,,
750,max_1,max,1,4,700.75,20.0,60.0,6.0,0.1,-14.0,54.0,-9299.25,38497.8,,
750,rnd_1,random,1,4,725.75,20.0,60.0,45.0,0.75,25.0,15.0,-9274.25,22635.0,,
751,fair_1,fair,1,4,711.75,20.0,60.0,6.0,0.1,-14.0,54.0,-9288.25,35751.45,,
751,max_1,max,1,4,691.75,20.0,60.0,0.0,0.0,-20.0,60.0,-9308.25,38557.8,,
751,rnd_1,random,1,4,686.75,20.0,60.0,15.0,0.25,-5.0,45.0,-9313.25,22680.0,,
752,fair_1,fair,1,4,672.75,20.0,60.0,6.0,0.1,-14.0,54.0,-9327.25,35805.45,,
752,max_1,max,1,4,652.75,20.0,60.0,0.0,0.0,-20.0,60.0,-9347.25,38617.8,,
752,rnd_1,random,1,4,662.75,20.0,60.0,30.0,0.5,10.0,30.0,-9337.25,22710.0,,
753,fair_1,fair,1,4,648.75,20.0,60.0,6.0,0.1,-14.0,54.0,-9351.25,35859.45,,
753,max_1,max,1,4,634.75,20.0,60.0,6.0,0.1,-14.0,54.0,-9365.25,38671.8,,
753,rnd_1,random,1,4,674.75,20.0,60.0,60.0,1.0,40.0,0.0,-9325.25,22710.0,,
754,fair_1,fair,1,4,714.75,20.0,60.0,60.0,1.0,40.0,0.0,-9285.25,35859.45,,
754,max_1,max,1,4,700.75,20.0,60.0,6.0,0.1,-14.0,54.0,-9299.25,38725.8,,
754,rnd_1,random,1,4,710.75,20.0,60.0,30.0,0.5,10.0,30.0,-9289.25,22740.0,,
755,fair_1,fair,1,4,696.75,20.0,60.0,6.0,0.1,-14.0,54.0,-9303.25,35913.45,,
755,max_1,max,1,4,676.75,20.0,60.0,0.0,0.0,-20.0,60.0,-9323.25,38785.8,,
755,rnd_1,random,1,4,701.75,20.0,60.0,45.0,0.75,25.0,15.0,-9298.25,22755.0,,
756,fair_1,fair,1,4,687.75,20.0,60.0,6.0,0.1,-14.0,54.0,-9312.25,35967.45,,
756,max_1,max,1,4,667.75,20.0,60.0,0.0,0.0,-20.0,60.0,-9332.25,38845.8,,
756,rnd_1,random,1,4,707.75,20.0,60.0,60.0,1.0,40.0,0.0,-9292.25,22755.0,,
757,fair_1,fair,1,4,693.75,20.0,60.0,6.0,0.1,-14.0,54.0,-9306.25,36021.45,,
757,max_1,max,1,4,679.75,20.0,60.0,6.0,0.1,-14.0,54.0,-9320.25,38899.8,,
757,rnd_1,random,1,4,719.75,20.0,60.0,60.0,1.0,40.0,0.0,-9280.25,22755.0,,
758,fair_1,fair,1,4,714.75,20.0,60.0,15.0,0.25,-5.0,45.0,-9285.25,36066.45,,
758,max_1,max,1,4,700.75,20.0,60.0,6.0,0.1,-14.0,54.0,-9299.25,38953.8,,
758,rnd_1,random,1,4,710.75,20.0,60.0,30.0,0.5,10.0,30.0,-9289.25,22785.0,,
759,fair_1,fair,1,4,696.75,20.0,60.0,6.0,0.1,-14.0,54.0,-9303.25,36120.45,,
759,max_1,max,1,4,676.75,20.0,60.0,0.0,0.0,-20.0,60.0,-9323.25,39013.8,,
759,rnd_1,random,1,4,701.75,20.0,60.0,45.0,0.75,25.0,15.0,-9298.25,22800.0,,
760,fair_1,fair,1,4,687.75,20.0,60.0,6.0,0.1,-14.0,54.0,-9312.25,36174.45,,
760,max_1,max,1,4,667.75,20.0,60.0,0.0,0.0,-20.0,60.0,-9332.25,39073.8,,
760,rnd_1,random,1,4,707.75,20.0,60.0,60.0,1.0,40.0,0.0,-9292.25,22800.0,,
761,fair_1,fair,1,4,747.75,20.0,60.0,60.0,1.0,40.0,0.0,-9252.25,36174.45,,
761,max_1,max,1,4,733.75,20.0,60.0,6.0,0.1,-14.0,54.0,-9266.25,39127.8,,
761,rnd_1,random,1,4,743.75,20.0,60.0,30.0,0.5,10.0,30.0,-9256.25,22830.0,,
762,fair_1,fair,1,4,729.75,20.0,60.0,6.0,0.1,-14.0,54.0,-9270.25,36228.45,,
762,max_1,max,1,4,715.75,20.0,60.0,6.0,0.1,-14.0,54.0,-9284.25,39181.8,,
762,rnd_1,random,1,4,725.75,20.0,60.0,30.0,0.5,10.0,30.0,-9274.25,22860.0,,
763,fair_1,fair,1,4,711.75,20.0,60.0,6.0,0.1,-14.0,54.0,-9288.25,36282.45,,
763,max_1,max,1,4,691.75,20.0,60.0,0.0,0.0,-20.0,60.0,-9308.25,39241.8,,
763,rnd_1,random,1,4,716.75,20.0,60.0,45.0,0.75,25.0,15.0,-9283.25,22875.0,,
764,fair_1,fair,1,4,702.75,20.0,60.0,6.0,0.1,-14.0,54.0,-9297.25,36336.45,,
764,max_1,max,1,4,682.75,20.0,60.0,0.0,0.0,-20.0,60.0,-9317.25,39301.8,,
764,rnd_1,random,1,4,692.75,20.0,60.0,30.0,0.5,10.0,30.0,-9307.25,22905.0,,
765,fair_1,fair,1,4,687.75,20.0,60.0,15.0,0.25,-5.0,45.0,-9312.25,36381.45,,
765,max_1,max,1,4,673.75,20.0,60.0,6.0,0.1,-14.0,54.0,-9326.25,39355.8,,
765,rnd_1,random,1,4,683.75,20.0,60.0,30.0,0.5,10.0,30.0,-9316.25,22935.0,,
766,fair_1,fair,1,4,669.75,20.0,60.0,6.0,0.1,-14.0,54.0,-9330.25,36435.45,,
766,max_1,max,1,4,655.75,20.0,60.0,6.0,0.1,-14.0,54.0,-9344.25,39409.8,,
766,rnd_1,random,1,4,665.75,20.0,60.0,30.0,0.5,10.0,30.0,-9334.25,22965.0,,
767,fair_1,fair,1,4,651.75,20.0,60.0,6.0,0.1,-14.0,54.0,-9348.25,36489.45,,
767,max_1,max,1,4,631.75,20.0,60.0,0.0,0.0,-20.0,60.0,-9368.25,39469.8,,
767,rnd_1,random,1,4,626.75,20.0,60.0,15.0,0.25,-5.0,45.0,-9373.25,23010.0,,
768,fair_1,fair,1,4,612.75,20.0,60.0,6.0,0.1,-14.0,54.0,-9387.25,36543.45,,
768,max_1,max,1,4,592.75,20.0,60.0,0.0,0.0,-20.0,60.0,-9407.25,39529.8,,
768,rnd_1,random,1,4,572.75,20.0,60.0,0.0,0.0,-20.0,60.0,-9427.25,23070.0,,
769,fair_1,fair,1,4,558.75,20.0,60.0,6.0,0.1,-14.0,54.0,-9441.25,36597.45,,
769,max_1,max,1,4,544.75,20.0,60.0,6.0,0.1,-14.0,54.0,-9455.25,39583.8,,
769,rnd_1,random,1,4,539.75,20.0,60.0,15.0,0.25,-5.0,45.0,-9460.25,23115.0,,
770,fair_1,fair,1,4,525.75,20.0,60.0,6.0,0.1,-14.0,54.0,-9474.25,36651.45,,
770,max_1,max,1,4,511.75,20.0,60.0,6.0,0.1,-14.0,54.0,-9488.25,39637.8,,
770,rnd_1,random,1,4,521.75,20.0,60.0,30.0,0.5,10.0,30.0,-9478.25,23145.0,,
771,fair_1,fair,1,4,507.75,20.0,60.0,6.0,0.1,-14.0,54.0,-9492.25,36705.45,,
771,max_1,max,1,4,487.75,20.0,60.0,0.0,0.0,-20.0,60.0,-9512.25,39697.8,,
771,rnd_1,random,1,4,467.75,20.0,60.0,0.0,0.0,-20.0,60.0,-9532.25,23205.0,,
772,fair_1,fair,1,4,453.75,20.0,60.0,6.0,0.1,-14.0,54.0,-9546.25,36759.45,,
772,max_1,max,1,4,433.75,20.0,60.0,0.0,0.0,-20.0,60.0,-9566.25,39757.8,,
772,rnd_1,random,1,4,473.75,20.0,60.0,60.0,1.0,40.0,0.0,-9526.25,23205.0,,
773,fair_1,fair,1,4,513.75,20.0,60.0,60.0,1.0,40.0,0.0,-9486.25,36759.45,,
773,max_1,max,1,4,499.75,20.0,60.0,6.0,0.1,-14.0,54.0,-9500.25,39811.8,,
773,rnd_1,random,1,4,494.75,20.0,60.0,15.0,0.25,-5.0,45.0,-9505.25,23250.0,,
774,fair_1,fair,1,4,480.75,20.0,60.0,6.0,0.1,-14.0,54.0,-9519.25,36813.45,,
774,max_1,max,1,4,466.75,20.0,60.0,6.0,0.1,-14.0,54.0,-9533.25,39865.8,,
774,rnd_1,random,1,4,461.75,20.0,60.0,15.0,0.25,-5.0,45.0,-9538.25,23295.0,,
775,fair_1,fair,1,4,447.75,20.0,60.0,6.0,0.1,-14.0,54.0,-9552.25,36867.45,,
775,max_1,max,1,4,427.75,20.0,60.0,0.0,0.0,-20.0,60.0,-9572.25,39925.8,,
775,rnd_1,random,1,4,422.75,20.0,60.0,15.0,0.25,-5.0,45.0,-9577.25,23340.0,,
776,fair_1,fair,1,4,408.75,20.0,60.0,6.0,0.1,-14.0,54.0,-9591.25,36921.45,,
776,max_1,max,1,4,388.75,20.0,60.0,0.0,0.0,-20.0,60.0,-9611.25,39985.8,,
776,rnd_1,random,1,4,413.75,20.0,60.0,45.0,0.75,25.0,15.0,-9586.25,23355.0,,
777,fair_1,fair,1,4,408.75,20.0,60.0,15.0,0.25,-5.0,45.0,-9591.25,36966.45,,
777,max_1,max,1,4,394.75,20.0,60.0,6.0,0.1,-14.0,54.0,-9605.25,40039.8,,
777,rnd_1,random,1,4,404.75,20.0,60.0,30.0,0.5,10.0,30.0,-9595.25,23385.0,,
778,fair_1,fair,1,4,390.75,20.0,60.0,6.0,0.1,-14.0,54.0,-9609.25,37020.45,,
778,max_1,max,1,4,376.75,20.0,60.0,6.0,0.1,-14.0,54.0,-9623.25,40093.8,,
778,rnd_1,random,1,4,416.75,20.0,60.0,60.0,1.0,40.0,0.0,-9583.25,23385.0,,
779,fair_1,fair,1,4,402.75,20.0,60.0,6.0,0.1,-14.0,54.0,-9597.25,37074.45,,
779,max_1,max,1,4,382.75,20.0,60.0,0.0,0.0,-20.0,60.0,-9617.25,40153.8,,
779,rnd_1,random,1,4,422.75,20.0,60.0,60.0,1.0,40.0,0.0,-9577.25,23385.0,,
780,fair_1,fair,1,4,462.75,20.0,60.0,60.0,1.0,40.0,0.0,-9537.25,37074.45,,
780,max_1,max,1,4,448.75,20.0,60.0,6.0,0.1,-14.0,54.0,-9551.25,40207.8,,
780,rnd_1,random,1,4,488.75,20.0,60.0,60.0,1.0,40.0,0.0,-9511.25,23385.0,,
781,fair_1,fair,1,4,474.75,20.0,60.0,6.0,0.1,-14.0,54.0,-9525.25,37128.45,,
781,max_1,max,1,4,460.75,20.0,60.0,6.0,0.1,-14.0,54.0,-9539.25,40261.8,,
781,rnd_1,random,1,4,470.75,20.0,60.0,30.0,0.5,10.0,30.0,-9529.25,23415.0,,
782,fair_1,fair,1,4,456.75,20.0,60.0,6.0,0.1,-14.0,54.0,-9543.25,37182.45,,
782,max_1,max,1,4,436.75,20.0,60.0,0.0,0.0,-20.0,60.0,-9563.25,40321.8,,
782,rnd_1,random,1,4,416.75,20.0,60.0,0.0,0.0,-20.0,60.0,-9583.25,23475.0,,
783,fair_1,fair,1,4,402.75,20.0,60.0,6.0,0.1,-14.0,54.0,-9597.25,37236.45,,
783,max_1,max,1,4,382.75,20.0,60.0,0.0,0.0,-20.0,60.0,-9617.25,40381.8,,
783,rnd_1,random,1,4,377.75,20.0,60.0,15.0,0.25,-5.0,45.0,-9622.25,23520.0,,
784,fair_1,fair,1,4,363.75,20.0,60.0,6.0,0.1,-14.0,54.0,-9636.25,37290.45,,
784,max_1,max,1,4,349.75,20.0,60.0,6.0,0.1,-14.0,54.0,-9650.25,40435.8,,
784,rnd_1,random,1,4,359.75,20.0,60.0,30.0,0.5,10.0,30.0,-9640.25,23550.0,,
785,fair_1,fair,1,4,345.75,20.0,60.0,6.0,0.1,-14.0,54.0,-9654.25,37344.45,,
785,max_1,max,1,4,331.75,20.0,60.0,6.0,0.1,-14.0,54.0,-9668.25,40489.8,,
785,rnd_1,random,1,4,326.75,20.0,60.0,15.0,0.25,-5.0,45.0,-9673.25,23595.0,,
786,fair_1,fair,1,4,312.75,20.0,60.0,6.0,0.1,-14.0,54.0,-9687.25,37398.45,,
786,max_1,max,1,4,292.75,20.0,60.0,0.0,0.0,-20.0,60.0,-9707.25,40549.8,,
786,rnd_1,random,1,4,302.75,20.0,60.0,30.0,0.5,10.0,30.0,-9697.25,23625.0,,
787,fair_1,fair,1,4,288.75,20.0,60.0,6.0,0.1,-14.0,54.0,-9711.25,37452.45,,
787,max_1,max,1,4,268.75,20.0,60.0,0.0,0.0,-20.0,60.0,-9731.25,40609.8,,
787,rnd_1,random,1,4,263.75,20.0,60.0,15.0,0.25,-5.0,45.0,-9736.25,23670.0,,
788,fair_1,fair,1,4,249.75,20.0,60.0,6.0,0.1,-14.0,54.0,-9750.25,37506.45,,
788,max_1,max,1,4,235.75,20.0,60.0,6.0,0.1,-14.0,54.0,-9764.25,40663.8,,
788,rnd_1,random,1,4,245.75,20.0,60.0,30.0,0.5,10.0,30.0,-9754.25,23700.0,,
789,fair_1,fair,1,4,231.75,20.0,60.0,6.0,0.1,-14.0,54.0,-9768.25,37560.45,,
789,max_1,max,1,4,217.75,20.0,60.0,6.0,0.1,-14.0,54.0,-9782.25,40717.8,,
789,rnd_1,random,1,4,197.75,20.0,60.0,0.0,0.0,-20.0,60.0,-9802.25,23760.0,,
790,fair_1,fair,1,4,183.75,20.0,60.0,6.0,0.1,-14.0,54.0,-9816.25,37614.45,,
790,max_1,max,1,4,163.75,20.0,60.0,0.0,0.0,-20.0,60.0,-9836.25,40777.8,,
790,rnd_1,random,1,4,203.75,20.0,60.0,60.0,1.0,40.0,0.0,-9796.25,23760.0,,
791,fair_1,fair,1,4,243.75,20.0,60.0,60.0,1.0,40.0,0.0,-9756.25,37614.45,,
791,max_1,max,1,4,229.75,20.0,60.0,6.0,0.1,-14.0,54.0,-9770.25,40831.8,,
791,rnd_1,random,1,4,224.75,20.0,60.0,15.0,0.25,-5.0,45.0,-9775.25,23805.0,,
792,fair_1,fair,1,4,210.75,20.0,60.0,6.0,0.1,-14.0,54.0,-9789.25,37668.45,,
792,max_1,max,1,4,196.75,20.0,60.0,6.0,0.1,-14.0,54.0,-9803.25,40885.8,,
792,rnd_1,random,1,4,206.75,20.0,60.0,30.0,0.5,10.0,30.0,-9793.25,23835.0,,
793,fair_1,fair,1,4,192.75,20.0,60.0,6.0,0.1,-14.0,54.0,-9807.25,37722.45,,
793,max_1,max,1,4,172.75,20.0,60.0,0.0,0.0,-20.0,60.0,-9827.25,40945.8,,
793,rnd_1,random,1,4,152.75,20.0,60.0,0.0,0.0,-20.0,60.0,-9847.25,23895.0,,
794,fair_1,fair,1,4,138.75,20.0,60.0,6.0,0.1,-14.0,54.0,-9861.25,37776.45,,
794,max_1,max,1,4,118.75,20.0,60.0,0.0,0.0,-20.0,60.0,-9881.25,41005.8,,
794,rnd_1,random,1,4,98.75,20.0,60.0,0.0,0.0,-20.0,60.0,-9901.25,23955.0,,
795,fair_1,fair,1,4,84.75,20.0,60.0,6.0,0.1,-14.0,54.0,-9915.25,37830.45,,
795,max_1,max,1,4,70.75,20.0,60.0,6.0,0.1,-14.0,54.0,-9929.25,41059.8,,
795,rnd_1,random,1,4,110.75,20.0,60.0,60.0,1.0,40.0,0.0,-9889.25,23955.0,,
796,fair_1,fair,1,4,150.75,20.0,60.0,60.0,1.0,40.0,0.0,-9849.25,37830.45,,
796,max_1,max,1,4,136.75,20.0,60.0,6.0,0.1,-14.0,54.0,-9863.25,41113.8,,
796,rnd_1,random,1,4,146.75,20.0,60.0,30.0,0.5,10.0,30.0,-9853.25,23985.0,,
797,fair_1,fair,1,4,132.75,20.0,60.0,6.0,0.1,-14.0,54.0,-9867.25,37884.45,,
797,max_1,max,1,4,112.75,20.0,60.0,0.0,0.0,-20.0,60.0,-9887.25,41173.8,,
797,rnd_1,random,1,4,107.75,20.0,60.0,15.0,0.25,-5.0,45.0,-9892.25,24030.0,,
798,fair_1,fair,1,4,93.75,20.0,60.0,6.0,0.1,-14.0,54.0,-9906.25,37938.45,,
798,max_1,max,1,4,73.75,20.0,60.0,0.0,0.0,-20.0,60.0,-9926.25,41233.8,,
798,rnd_1,random,1,4,98.75,20.0,60.0,45.0,0.75,25.0,15.0,-9901.25,24045.0,,
799,fair_1,fair,1,4,84.75,20.0,60.0,6.0,0.1,-14.0,54.0,-9915.25,37992.45,,
799,max_1,max,1,4,70.75,20.0,60.0,6.0,0.1,-14.0,54.0,-9929.25,41287.8,,
799,rnd_1,random,1,4,50.75,20.0,60.0,0.0,0.0,-20.0,60.0,-9949.25,24105.0,,
800,fair_1,fair,1,4,36.75,20.0,60.0,6.0,0.1,-14.0,54.0,-9963.25,38046.45,"[-0.19681091606616974, 0.38467860221862793, -0.41152656078338623, 0.1744656264781952, -0.07831655442714691, -0.1897120624780655, -0.48030394315719604, 0.03547116369009018, 0.21646380424499512, 0.07359495759010315, -0.6913387775421143, -0.24926331639289856, 0.5000500679016113, -0.2734924554824829, 0.6584199666976929, 0.6962428092956543, -0.12638449668884277, 0.8690861463546753, -0.5532242655754089, 0.21204215288162231, -0.24480383098125458, 0.3161104917526245, -0.3760726749897003, -0.7534371018409729, 0.2564821243286133, 0.23161354660987854, -0.1542517989873886, -0.41861245036125183, 0.030663110315799713, -0.9830196499824524, -0.0481765978038311, -0.015656346455216408, -0.7613582611083984, -0.34876033663749695, -0.15329201519489288, 0.2292005717754364, -0.5695047378540039, 0.9972233772277832, 0.2049413025379181, 0.9876524806022644, -0.23222187161445618, -0.08397777378559113, -0.26742422580718994, -0.01006251946091652, -0.17553366720676422, -0.12388402968645096, -0.3465156853199005, 0.9247398972511292, 0.23744535446166992, -0.4405480623245239, 0.09289851784706116, -0.13245855271816254, -0.4187147617340088, -0.20074830949306488, 0.4392462372779846, 0.03506931662559509, -0.28073766827583313, -0.7364802956581116, 0.12575264275074005, -0.07924588024616241, 0.41102251410484314, -0.39641034603118896, 0.9834615588188171, 0.2801600694656372]","{""own"": [20.0, 60.0, 20.0, 6.0, 20.0, 6.0, 20.0, 6.0], ""others"": [20.0, 6.0, 20.0, 0.0]}"
800,max_1,max,1,4,22.75,20.0,60.0,6.0,0.1,-14.0,54.0,-9977.25,41341.8,"[-0.14376533031463623, 0.4007217586040497, -0.48145589232444763, 0.33021998405456543, -0.13066641986370087, -0.25628867745399475, -0.5880514979362488, -0.1113138347864151, 0.2521372437477112, 0.08059607446193695, -0.7749525308609009, -0.2182454913854599, 0.5443416833877563, -0.20331381261348724, 0.7110928297042847, 0.6430767774581909, -0.11338412761688232, 0.9552993774414062, -0.5250943303108215, 0.2416638731956482, -0.23371729254722595, 0.5040805339813232, -0.4112451374530792, -0.7589088082313538, 0.30784910917282104, 0.25748226046562195, -0.14574837684631348, -0.4048224687576294, -0.08059237897396088, -0.996879518032074, -0.2817975580692291, 0.017158597707748413, -0.845808207988739, -0.5834563970565796, -0.13568122684955597, 0.19522009789943695, -0.5324403643608093, 0.9986100792884827, 0.1723269522190094, 0.9855892658233643, -0.08234284818172455, -0.09362035244703293, -0.2460159957408905, 0.0017790049314498901, -0.07732372730970383, -0.12603795528411865, -0.39869871735572815, 0.9275280237197876, 0.34179651737213135, -0.48749545216560364, 0.2827502191066742, -0.11384294182062149, -0.49491849541664124, -0.22542870044708252, 0.5007791519165039, -0.007229828275740147, -0.28495916724205017, -0.6465718150138855, 0.12942209839820862, -0.10960574448108673, 0.4327065944671631, -0.38078364729881287, 0.9878865480422974, 0.3451974391937256]","{""own"": [20.0, 6.0, 20.0, 0.0, 20.0, 0.0, 20.0, 6.0], ""others"": [20.0, 6.0, 20.0, 0.0]}"
800,rnd_1,random,1,4,2.75,20.0,60.0,0.0,0.0,-20.0,60.0,-9997.25,24165.0,"[-0.2564219832420349, 0.3376207947731018, -0.29734742641448975, 0.03220408409833908, -0.08457112312316895, -0.05749613046646118, -0.48378393054008484, 0.07784147560596466, 0.2153039276599884, 0.10742485523223877, -0.7199509143829346, -0.26693958044052124, 0.3958784341812134, -0.293944776058197, 0.48008328676223755, 0.7653157711029053, -0.1276666820049286, 0.8286902904510498, -0.5944425463676453, 0.258381187915802, -0.2793666124343872, 0.16935832798480988, -0.37416979670524597, -0.7520280480384827, 0.15217286348342896, 0.2012200653553009, -0.12851014733314514, -0.4575578272342682, 0.09555335342884064, -0.9123554825782776, 0.24441365897655487, -0.08149509876966476, -0.28661707043647766, -0.20148137211799622, -0.3592531383037567, 0.23674499988555908, -0.6011852025985718, 0.9783581495285034, 0.22008267045021057, 0.9910918474197388, -0.7506492137908936, -0.10245443880558014, -0.3114561438560486, -0.04576787352561951, -0.1537504643201828, -0.10386483371257782, -0.19331297278404236, 0.9477348923683167, 0.1974940299987793, -0.36726856231689453, 0.0013841396430507302, -0.11504023522138596, -0.3920629620552063, -0.22462332248687744, 0.3768640160560608, 0.07926641404628754, -0.2772507965564728, -0.6750478148460388, 0.13057610392570496, -0.039100103080272675, 0.3755645453929901, -0.43386101722717285, 0.9756714105606079, 0.14761418104171753]","{""own"": [20.0, 30.0, 20.0, 15.0, 20.0, 45.0, 20.0, 0.0], ""others"": [20.0, 6.0, 20.0, 6.0]}"
801,fair_1,fair,1,4,0.83,2.75,8.25,0.83,0.1,-1.92,7.42,-9999.17,38053.88,,
